version 2
JvmtiExport can_access_local_variables 0
JvmtiExport can_hotswap_or_post_breakpoint 1
JvmtiExport can_post_on_exceptions 0
# 415 ciObject found
instanceKlass java/time/zone/ZoneRules
ciInstanceKlass java/lang/Cloneable 1 0 7 100 1 100 1 1 1
instanceKlass sun/net/www/http/HttpCapture
instanceKlass sun/net/www/http/KeepAliveKey
instanceKlass sun/net/www/http/Hurryable
instanceKlass sun/net/NetworkClient
instanceKlass java/net/ResponseCache
instanceKlass java/net/CookieHandler
instanceKlass sun/net/util/ProxyUtil
instanceKlass  @bci sun/net/www/protocol/http/AuthCacheImpl getAuthCacheFor (Ljava/net/Authenticator;)Lsun/net/www/protocol/http/AuthCacheImpl; 4 <appendix> argL0 ; # sun/net/www/protocol/http/AuthCacheImpl$$Lambda+0x0000000026341ec0
instanceKlass sun/net/www/protocol/http/AuthCacheImpl
instanceKlass sun/net/www/protocol/http/AuthCache
instanceKlass sun/net/www/protocol/http/AuthCacheValue
instanceKlass java/util/concurrent/FutureTask$WaitNode
instanceKlass java/util/concurrent/FutureTask
instanceKlass  @bci org/openqa/selenium/net/UrlChecker waitUntilAvailable (JLjava/util/concurrent/TimeUnit;[Ljava/net/URL;)V 27 <appendix> member <vmtarget> ; # org/openqa/selenium/net/UrlChecker$$Lambda+0x000000002630d480
instanceKlass  @bci org/openqa/selenium/net/UrlChecker <clinit> ()V 22 <appendix> argL0 ; # org/openqa/selenium/net/UrlChecker$$Lambda+0x000000002630d258
instanceKlass org/openqa/selenium/net/UrlChecker
instanceKlass  @bci org/openqa/selenium/remote/service/DriverService start ()V 167 <appendix> member <vmtarget> ; # org/openqa/selenium/remote/service/DriverService$$Lambda+0x000000002630ce08
instanceKlass  @bci org/openqa/selenium/remote/service/DriverService start ()V 153 <appendix> member <vmtarget> ; # org/openqa/selenium/remote/service/DriverService$$Lambda+0x000000002630cbd8
instanceKlass  @bci org/openqa/selenium/os/ExternalProcess$Builder start ()Lorg/openqa/selenium/os/ExternalProcess; 68 <appendix> member <vmtarget> ; # org/openqa/selenium/os/ExternalProcess$Builder$$Lambda+0x000000002630c758
instanceKlass  @bci java/lang/ProcessHandleImpl initReaper ()Ljava/util/concurrent/Executor; 45 <appendix> member <vmtarget> ; # java/lang/ProcessHandleImpl$$Lambda+0x00000000262be3e8
instanceKlass  @cpi java/lang/ProcessHandleImpl 358 form vmentry <vmtarget> ; # java/lang/invoke/LambdaForm$DMH+0x0000000026309800
# instanceKlass java/lang/invoke/LambdaForm$DMH+0x0000000026309400
instanceKlass java/lang/ProcessHandleImpl
instanceKlass  @bci java/lang/ProcessHandleImpl initReaper ()Ljava/util/concurrent/Executor; 45 <appendix> form vmentry <vmtarget> ; # java/lang/invoke/LambdaForm$DMH+0x0000000026309000
instanceKlass  @bci java/lang/ProcessImpl <init> ([Ljava/lang/String;Ljava/lang/String;Ljava/lang/String;[JZZ)V 251 <appendix> member <vmtarget> ; # java/lang/ProcessImpl$$Lambda+0x00000000262bd7d8
instanceKlass  @cpi java/lang/ProcessImpl 633 form vmentry <vmtarget> ; # java/lang/invoke/LambdaForm$DMH+0x0000000026308c00
instanceKlass java/lang/ProcessHandle
instanceKlass java/lang/Process
instanceKlass  @bci org/openqa/selenium/remote/service/DriverService start ()V 134 <appendix> member <vmtarget> ; # org/openqa/selenium/remote/service/DriverService$$Lambda+0x000000002630c518
instanceKlass  @cpi org/openqa/selenium/remote/service/DriverService 477 form vmentry <vmtarget> ; # java/lang/invoke/LambdaForm$DMH+0x0000000026308800
instanceKlass java/lang/ProcessBuilder
instanceKlass org/openqa/selenium/os/ExternalProcess$Builder
instanceKlass org/openqa/selenium/os/ExternalProcess
instanceKlass org/openqa/selenium/remote/Command
instanceKlass org/openqa/selenium/remote/CommandPayload
instanceKlass org/openqa/selenium/remote/DriverCommand
instanceKlass  @bci java/util/function/Predicate or (Ljava/util/function/Predicate;)Ljava/util/function/Predicate; 7 <appendix> member <vmtarget> ; # java/util/function/Predicate$$Lambda+0x00000000262bc198
instanceKlass  @cpi java/util/function/Predicate 78 form vmentry <vmtarget> ; # java/lang/invoke/LambdaForm$DMH+0x0000000026308400
instanceKlass  @bci java/util/regex/Pattern asPredicate ()Ljava/util/function/Predicate; 1 <appendix> member <vmtarget> ; # java/util/regex/Pattern$$Lambda+0x00000000262bbf38
instanceKlass  @bci java/util/regex/CharPredicates ASCII_WORD ()Ljava/util/regex/Pattern$BmpCharPredicate; 0 <appendix> argL0 ; # java/util/regex/CharPredicates$$Lambda+0x00000000262bbca0
instanceKlass  @bci org/openqa/selenium/AcceptedW3CCapabilityKeys <clinit> ()V 99 <appendix> argL0 ; # org/openqa/selenium/AcceptedW3CCapabilityKeys$$Lambda+0x0000000026306d90
instanceKlass  @cpi org/openqa/selenium/AcceptedW3CCapabilityKeys 113 form vmentry <vmtarget> ; # java/lang/invoke/LambdaForm$DMH+0x0000000026308000
instanceKlass  @bci org/openqa/selenium/AcceptedW3CCapabilityKeys <clinit> ()V 94 <appendix> argL0 ; # org/openqa/selenium/AcceptedW3CCapabilityKeys$$Lambda+0x0000000026306b38
instanceKlass  @bci org/openqa/selenium/AcceptedW3CCapabilityKeys <clinit> ()V 84 <appendix> argL0 ; # org/openqa/selenium/AcceptedW3CCapabilityKeys$$Lambda+0x00000000263068f0
instanceKlass  @bci org/openqa/selenium/AcceptedW3CCapabilityKeys <clinit> ()V 74 <appendix> argL0 ; # org/openqa/selenium/AcceptedW3CCapabilityKeys$$Lambda+0x00000000263066a8
instanceKlass org/openqa/selenium/AcceptedW3CCapabilityKeys
instanceKlass  @bci org/openqa/selenium/remote/RemoteWebDriver checkNonW3CCapabilities (Lorg/openqa/selenium/Capabilities;)V 16 <appendix> argL0 ; # org/openqa/selenium/remote/RemoteWebDriver$$Lambda+0x00000000263061e8
instanceKlass java/util/TreeMap$TreeMapSpliterator
instanceKlass  @bci java/util/stream/StreamSpliterators$WrappingSpliterator forEachRemaining (Ljava/util/function/Consumer;)V 33 <appendix> member <vmtarget> ; # java/util/stream/StreamSpliterators$WrappingSpliterator$$Lambda+0x00000000262bafa8
instanceKlass java/util/stream/StreamSpliterators
instanceKlass java/util/stream/StreamSpliterators$AbstractWrappingSpliterator
instanceKlass  @bci java/util/stream/AbstractPipeline spliterator ()Ljava/util/Spliterator; 103 <appendix> member <vmtarget> ; # java/util/stream/AbstractPipeline$$Lambda+0x00000000262ba628
instanceKlass  @bci org/openqa/selenium/chromium/ChromiumOptions getExtraCapability (Ljava/lang/String;)Ljava/lang/Object; 87 <appendix> argL0 ; # org/openqa/selenium/chromium/ChromiumOptions$$Lambda+0x0000000026305fa0
instanceKlass  @bci org/openqa/selenium/remote/AbstractDriverOptions asMap ()Ljava/util/Map; 18 <appendix> member <vmtarget> ; # org/openqa/selenium/remote/AbstractDriverOptions$$Lambda+0x0000000026305d60
instanceKlass java/util/Collections$UnmodifiableMap$UnmodifiableEntrySet$1
instanceKlass org/openqa/selenium/remote/RemoteLogs
instanceKlass org/openqa/selenium/remote/RemoteExecuteMethod
instanceKlass org/openqa/selenium/WrapsDriver
instanceKlass org/openqa/selenium/remote/JsonToWebElementConverter
instanceKlass java/util/logging/ErrorManager
instanceKlass org/openqa/selenium/remote/UselessFileDetector
instanceKlass  @bci org/openqa/selenium/remote/ErrorCodes <clinit> ()V 730 <appendix> argL0 ; # org/openqa/selenium/remote/ErrorCodes$$Lambda+0x0000000026304fc8
instanceKlass org/openqa/selenium/remote/ErrorCodes$KnownError
instanceKlass org/openqa/selenium/remote/ErrorCodes
instanceKlass org/openqa/selenium/remote/ErrorHandler
instanceKlass org/openqa/selenium/WebElement
instanceKlass org/openqa/selenium/By$Remotable$Parameters
instanceKlass org/openqa/selenium/internal/Require$ArgumentChecker
instanceKlass org/openqa/selenium/By$Remotable
instanceKlass org/openqa/selenium/By
instanceKlass org/openqa/selenium/remote/ElementLocation
instanceKlass jdk/internal/net/http/common/Log
instanceKlass  @bci org/openqa/selenium/remote/service/DriverCommandExecutor <init> (Lorg/openqa/selenium/remote/service/DriverService;Ljava/util/Map;Lorg/openqa/selenium/remote/http/ClientConfig;)V 16 <appendix> argL0 ; # org/openqa/selenium/remote/service/DriverCommandExecutor$$Lambda+0x000000002629f138
instanceKlass jdk/internal/net/http/RedirectFilter
instanceKlass jdk/internal/net/http/AuthenticationFilter
instanceKlass jdk/internal/net/http/HeaderFilter
instanceKlass jdk/internal/net/http/FilterFactory
instanceKlass java/nio/BufferMismatch
instanceKlass sun/nio/ch/UnixDomainSocketsUtil
instanceKlass sun/nio/ch/UnixDomainSockets
instanceKlass sun/nio/ch/PipeImpl$Initializer$LoopbackConnector
instanceKlass sun/nio/ch/PipeImpl$Initializer
instanceKlass sun/nio/ch/WEPoll
instanceKlass sun/nio/ch/Util$2
instanceKlass java/nio/channels/spi/AbstractSelector$1
instanceKlass java/nio/channels/SelectionKey
instanceKlass java/nio/channels/Pipe
instanceKlass java/nio/channels/MulticastChannel
instanceKlass sun/nio/ch/DefaultSelectorProvider
instanceKlass java/nio/channels/spi/SelectorProvider$Holder
instanceKlass java/nio/channels/spi/SelectorProvider
instanceKlass java/nio/channels/Selector
instanceKlass jdk/internal/net/http/ConnectionPool$ExpiryList
instanceKlass  @bci jdk/internal/net/http/ConnectionPool <init> (Ljava/lang/String;Ljdk/internal/net/http/common/TimeLine;)V 6 <appendix> member <vmtarget> ; # jdk/internal/net/http/ConnectionPool$$Lambda+0x00000000262aba68
instanceKlass jdk/internal/net/http/common/TimeSource$NanoSource
instanceKlass jdk/internal/net/http/common/TimeSource
instanceKlass jdk/internal/net/http/common/FlowTube$TubePublisher
instanceKlass jdk/internal/net/http/common/FlowTube$TubeSubscriber
instanceKlass jdk/internal/net/http/common/TimeLine
instanceKlass jdk/internal/net/http/ConnectionPool
instanceKlass sun/security/ssl/SSLConfiguration$1
instanceKlass javax/net/ssl/SSLParameters
instanceKlass sun/security/ssl/DTLSRecord
instanceKlass sun/security/ssl/SessionId
instanceKlass java/security/spec/MGF1ParameterSpec
instanceKlass sun/security/ec/ParametersMap$1
instanceKlass  @bci sun/security/ec/ed/EdDSAParameters <clinit> ()V 268 <appendix> argL0 ; # sun/security/ec/ed/EdDSAParameters$$Lambda+0x00000000262ffa78
instanceKlass sun/security/ec/ed/EdDSAParameters$SHAKE256DigesterFactory
instanceKlass sun/security/ec/point/ProjectivePoint
instanceKlass  @bci sun/security/ec/ed/EdDSAParameters <clinit> ()V 117 <appendix> argL0 ; # sun/security/ec/ed/EdDSAParameters$$Lambda+0x00000000262fe9b0
instanceKlass sun/security/ec/ed/EdDSAParameters$Digester
instanceKlass sun/security/ec/ed/EdDSAParameters$SHA512DigesterFactory
instanceKlass sun/security/util/math/IntegerMontgomeryFieldModuloP
instanceKlass sun/security/ec/point/ExtendedHomogeneousPoint
instanceKlass sun/security/ec/point/AffinePoint
instanceKlass sun/security/util/math/intpoly/IntegerPolynomial$Limb
instanceKlass sun/security/ec/point/MutablePoint
instanceKlass sun/security/ec/point/ImmutablePoint
instanceKlass sun/security/ec/point/Point
instanceKlass sun/security/util/math/MutableIntegerModuloP
instanceKlass sun/security/util/math/intpoly/IntegerPolynomial$Element
instanceKlass sun/security/util/math/SmallValue
instanceKlass sun/security/util/math/ImmutableIntegerModuloP
instanceKlass sun/security/util/math/IntegerModuloP
instanceKlass sun/security/util/math/intpoly/IntegerPolynomial
instanceKlass sun/security/ec/ParametersMap
instanceKlass sun/security/ec/ed/EdECOperations
instanceKlass sun/security/ec/ed/EdDSAParameters$DigesterFactory
instanceKlass sun/security/util/math/IntegerFieldModuloP
instanceKlass sun/security/ec/ed/EdDSAParameters
instanceKlass  @bci sun/security/ec/ed/EdDSASignature <init> (Ljava/security/spec/NamedParameterSpec;)V 27 <appendix> argL0 ; # sun/security/ec/ed/EdDSASignature$$Lambda+0x00000000262fa780
instanceKlass java/security/spec/EdDSAParameterSpec
instanceKlass sun/security/ec/ed/EdDSASignature$MessageAccumulator
instanceKlass javax/net/ssl/SNIServerName
instanceKlass javax/net/ssl/ExtendedSSLSession
instanceKlass javax/crypto/spec/DHParameterSpec
instanceKlass sun/security/ssl/PredefinedDHParameterSpecs
instanceKlass  @bci sun/security/pkcs11/SunPKCS11 register (Lsun/security/pkcs11/SunPKCS11$Descriptor;)V 27 <appendix> argL0 ; # sun/security/pkcs11/SunPKCS11$$Lambda+0x00000000262af2a0
instanceKlass sun/security/pkcs11/SunPKCS11$Descriptor
instanceKlass javax/security/auth/Subject
instanceKlass javax/security/auth/callback/CallbackHandler
instanceKlass sun/security/smartcardio/SunPCSC$1
instanceKlass org/jcp/xml/dsig/internal/dom/XMLDSigRI$2
instanceKlass org/jcp/xml/dsig/internal/dom/XMLDSigRI$1
instanceKlass sun/security/jca/ProviderConfig$ProviderLoader
instanceKlass sun/security/ssl/NamedGroup$SupportedGroups
instanceKlass sun/security/ssl/SSLConfiguration$CustomizedClientSignatureSchemes
instanceKlass javax/crypto/KeyGeneratorSpi
instanceKlass javax/crypto/KeyGenerator
instanceKlass sun/security/ssl/SSLConfiguration
instanceKlass sun/security/ssl/KeyUpdate$KeyUpdateProducer
instanceKlass sun/security/ssl/KeyUpdate$KeyUpdateConsumer
instanceKlass sun/security/ssl/KeyUpdate$KeyUpdateKickstartProducer
instanceKlass sun/security/ssl/KeyUpdate
instanceKlass sun/security/ssl/CertificateStatus$CertificateStatusAbsence
instanceKlass sun/security/ssl/CertificateStatus$CertificateStatusProducer
instanceKlass sun/security/ssl/CertificateStatus$CertificateStatusConsumer
instanceKlass sun/security/ssl/HandshakeAbsence
instanceKlass sun/security/ssl/CertificateStatus
instanceKlass sun/security/ssl/Finished$T13FinishedProducer
instanceKlass sun/security/ssl/Finished$T13FinishedConsumer
instanceKlass sun/security/ssl/Finished$T12FinishedProducer
instanceKlass sun/security/ssl/Finished$T12FinishedConsumer
instanceKlass sun/security/ssl/Finished
instanceKlass sun/security/ssl/ClientKeyExchange$ClientKeyExchangeProducer
instanceKlass sun/security/ssl/ClientKeyExchange$ClientKeyExchangeConsumer
instanceKlass sun/security/ssl/ClientKeyExchange
instanceKlass sun/security/ssl/CertificateVerify$T13CertificateVerifyProducer
instanceKlass sun/security/ssl/CertificateVerify$T13CertificateVerifyConsumer
instanceKlass sun/security/ssl/CertificateVerify$T12CertificateVerifyProducer
instanceKlass sun/security/ssl/CertificateVerify$T12CertificateVerifyConsumer
instanceKlass sun/security/ssl/CertificateVerify$T10CertificateVerifyProducer
instanceKlass sun/security/ssl/CertificateVerify$T10CertificateVerifyConsumer
instanceKlass sun/security/ssl/CertificateVerify$S30CertificateVerifyProducer
instanceKlass sun/security/ssl/CertificateVerify$S30CertificateVerifyConsumer
instanceKlass sun/security/ssl/CertificateVerify
instanceKlass sun/security/ssl/ServerHelloDone$ServerHelloDoneProducer
instanceKlass sun/security/ssl/ServerHelloDone$ServerHelloDoneConsumer
instanceKlass sun/security/ssl/ServerHelloDone
instanceKlass sun/security/ssl/CertificateRequest$T13CertificateRequestProducer
instanceKlass sun/security/ssl/CertificateRequest$T13CertificateRequestConsumer
instanceKlass sun/security/ssl/CertificateRequest$T12CertificateRequestProducer
instanceKlass sun/security/ssl/CertificateRequest$T12CertificateRequestConsumer
instanceKlass sun/security/ssl/CertificateRequest$T10CertificateRequestProducer
instanceKlass sun/security/ssl/CertificateRequest$T10CertificateRequestConsumer
instanceKlass sun/security/ssl/CertificateRequest
instanceKlass sun/security/ssl/ServerKeyExchange$ServerKeyExchangeProducer
instanceKlass sun/security/ssl/ServerKeyExchange$ServerKeyExchangeConsumer
instanceKlass sun/security/ssl/ServerKeyExchange
instanceKlass sun/security/ssl/CertificateMessage$T13CertificateProducer
instanceKlass sun/security/ssl/CertificateMessage$T13CertificateConsumer
instanceKlass sun/security/ssl/CertificateMessage$T12CertificateProducer
instanceKlass sun/security/ssl/CertificateMessage$T12CertificateConsumer
instanceKlass sun/security/ssl/CertificateMessage
instanceKlass sun/security/ssl/EncryptedExtensions$EncryptedExtensionsConsumer
instanceKlass sun/security/ssl/EncryptedExtensions$EncryptedExtensionsProducer
instanceKlass sun/security/ssl/EncryptedExtensions
instanceKlass sun/security/ssl/NewSessionTicket$T12NewSessionTicketProducer
instanceKlass sun/security/ssl/NewSessionTicket$T13NewSessionTicketProducer
instanceKlass sun/security/ssl/NewSessionTicket$T12NewSessionTicketConsumer
instanceKlass sun/security/ssl/NewSessionTicket$T13NewSessionTicketConsumer
instanceKlass sun/security/ssl/NewSessionTicket
instanceKlass sun/security/ssl/HelloVerifyRequest$HelloVerifyRequestProducer
instanceKlass sun/security/ssl/HelloVerifyRequest$HelloVerifyRequestConsumer
instanceKlass sun/security/ssl/HelloVerifyRequest
instanceKlass sun/security/ssl/ServerHello$T13HelloRetryRequestConsumer
instanceKlass sun/security/ssl/ServerHello$T13ServerHelloConsumer
instanceKlass sun/security/ssl/ServerHello$T12ServerHelloConsumer
instanceKlass sun/security/ssl/ServerHello$T13HelloRetryRequestReproducer
instanceKlass sun/security/ssl/ServerHello$T13HelloRetryRequestProducer
instanceKlass sun/security/ssl/ServerHello$T13ServerHelloProducer
instanceKlass sun/security/ssl/ServerHello$T12ServerHelloProducer
instanceKlass sun/security/ssl/ServerHello$ServerHelloConsumer
instanceKlass sun/security/ssl/SSLKeyDerivation
instanceKlass sun/security/ssl/ServerHello
instanceKlass sun/security/ssl/ClientHello$D13ClientHelloConsumer
instanceKlass sun/security/ssl/ClientHello$D12ClientHelloConsumer
instanceKlass sun/security/ssl/ClientHello$T13ClientHelloConsumer
instanceKlass sun/security/ssl/ClientHello$T12ClientHelloConsumer
instanceKlass sun/security/ssl/ClientHello$ClientHelloProducer
instanceKlass sun/security/ssl/ClientHello$ClientHelloConsumer
instanceKlass sun/security/ssl/ClientHello$ClientHelloKickstartProducer
instanceKlass sun/security/ssl/HandshakeConsumer
instanceKlass sun/security/ssl/ClientHello
instanceKlass sun/security/ssl/HelloRequest$HelloRequestProducer
instanceKlass sun/security/ssl/SSLHandshake$HandshakeMessage
instanceKlass sun/security/ssl/HelloRequest$HelloRequestConsumer
instanceKlass sun/security/ssl/HelloRequest$HelloRequestKickstartProducer
instanceKlass sun/security/ssl/SSLProducer
instanceKlass sun/security/ssl/HelloRequest
instanceKlass sun/security/ssl/HandshakeProducer
instanceKlass sun/security/ssl/SSLConsumer
instanceKlass sun/security/ssl/Authenticator$MacImpl
instanceKlass sun/security/ssl/Authenticator$MAC
instanceKlass sun/security/ssl/Authenticator
instanceKlass sun/security/ssl/HandshakeContext
instanceKlass sun/security/ssl/TransportContext
instanceKlass sun/security/ssl/HandshakeHash$CacheOnlyHash
instanceKlass sun/security/ssl/HandshakeHash$TranscriptHash
instanceKlass sun/security/ssl/HandshakeHash
instanceKlass sun/security/ssl/ConnectionContext
instanceKlass sun/security/ssl/InputRecord
instanceKlass sun/security/ssl/SSLRecord
instanceKlass sun/security/ssl/Record
instanceKlass  @bci jdk/internal/net/http/HttpClientImpl <init> (Ljdk/internal/net/http/HttpClientBuilderImpl;Ljdk/internal/net/http/HttpClientImpl$SingleFacadeFactory;)V 449 <appendix> argL0 ; # jdk/internal/net/http/HttpClientImpl$$Lambda+0x00000000262acbd8
instanceKlass  @bci jdk/internal/net/http/Http2ClientImpl <clinit> ()V 3 <appendix> member <vmtarget> ; # jdk/internal/net/http/Http2ClientImpl$$Lambda+0x00000000262ac9a8
instanceKlass jdk/internal/net/http/Http2ClientImpl
instanceKlass  @bci jdk/internal/net/http/HttpClientFacade <init> (Ljdk/internal/net/http/HttpClientImpl;)V 19 <appendix> member <vmtarget> ; # jdk/internal/net/http/HttpClientFacade$$Lambda+0x00000000262a7c28
instanceKlass  @bci jdk/internal/net/http/HttpClientImpl <init> (Ljdk/internal/net/http/HttpClientBuilderImpl;Ljdk/internal/net/http/HttpClientImpl$SingleFacadeFactory;)V 345 <appendix> member <vmtarget> ; # jdk/internal/net/http/HttpClientImpl$$Lambda+0x00000000262a79e8
instanceKlass  @bci jdk/internal/net/http/HttpClientImpl <init> (Ljdk/internal/net/http/HttpClientBuilderImpl;Ljdk/internal/net/http/HttpClientImpl$SingleFacadeFactory;)V 338 <appendix> member <vmtarget> ; # jdk/internal/net/http/HttpClientImpl$$Lambda+0x00000000262a77b8
instanceKlass java/util/function/BooleanSupplier
instanceKlass jdk/internal/net/http/HttpClientImpl$DelegatingExecutor
instanceKlass javax/net/ssl/KeyManagerFactorySpi
instanceKlass sun/security/ssl/SSLContextImpl$DefaultManagersHolder
instanceKlass  @bci jdk/internal/net/http/ConnectionPool <init> (JLjdk/internal/net/http/common/TimeLine;)V 2 <appendix> form vmentry <vmtarget> ; # java/lang/invoke/LambdaForm$MH+0x00000000262a8000
instanceKlass jdk/internal/net/http/common/HttpBodySubscriberWrapper$1
instanceKlass  @bci jdk/internal/net/http/common/HttpBodySubscriberWrapper <clinit> ()V 16 <appendix> argL0 ; # jdk/internal/net/http/common/HttpBodySubscriberWrapper$$Lambda+0x00000000262a7100
instanceKlass java/util/concurrent/Flow$Subscription
instanceKlass jdk/internal/net/http/common/HttpBodySubscriberWrapper
instanceKlass jdk/internal/net/http/ResponseSubscribers$TrustedSubscriber
instanceKlass java/net/http/HttpResponse$BodySubscriber
instanceKlass java/util/concurrent/Flow$Subscriber
instanceKlass  @bci jdk/internal/net/http/HttpConnection <clinit> ()V 51 <appendix> argL0 ; # jdk/internal/net/http/HttpConnection$$Lambda+0x00000000262a67a8
instanceKlass  @bci jdk/internal/net/http/HttpConnection <clinit> ()V 30 <appendix> argL0 ; # jdk/internal/net/http/HttpConnection$$Lambda+0x00000000262a6560
instanceKlass  @bci jdk/internal/net/http/HttpConnection <clinit> ()V 16 <appendix> argL0 ; # jdk/internal/net/http/HttpConnection$$Lambda+0x00000000262a6338
instanceKlass jdk/internal/net/http/HttpClientImpl$SSLDirectBufferSupplier
instanceKlass  @bci jdk/internal/net/http/HttpClientImpl <init> (Ljdk/internal/net/http/HttpClientBuilderImpl;Ljdk/internal/net/http/HttpClientImpl$SingleFacadeFactory;)V 38 <appendix> member <vmtarget> ; # jdk/internal/net/http/HttpClientImpl$$Lambda+0x00000000262a2c60
instanceKlass  @bci jdk/internal/net/http/HttpClientImpl <init> (Ljdk/internal/net/http/HttpClientBuilderImpl;Ljdk/internal/net/http/HttpClientImpl$SingleFacadeFactory;)V 22 <appendix> member <vmtarget> ; # jdk/internal/net/http/HttpClientImpl$$Lambda+0x00000000262a2a30
instanceKlass  @bci jdk/internal/net/http/common/DebugLogger <clinit> ()V 79 <appendix> member <vmtarget> ; # jdk/internal/net/http/common/DebugLogger$$Lambda+0x00000000262a2800
instanceKlass  @bci jdk/internal/net/http/common/DebugLogger <clinit> ()V 56 <appendix> member <vmtarget> ; # jdk/internal/net/http/common/DebugLogger$$Lambda+0x00000000262a25d0
# instanceKlass java/lang/invoke/LambdaForm$MH+0x00000000262a5c00
instanceKlass  @bci jdk/internal/net/http/common/DebugLogger$LoggerConfig equals (Ljava/lang/Object;)Z 2 <appendix> form vmentry <vmtarget> ; # java/lang/invoke/LambdaForm$MH+0x00000000262a5800
instanceKlass java/lang/classfile/CodeBuilder$1
instanceKlass  @bci jdk/internal/net/http/common/DebugLogger$LoggerConfig equals (Ljava/lang/Object;)Z 2 <appendix> argL1 form vmentry <vmtarget> ; # java/lang/invoke/LambdaForm$MH+0x00000000262a5400
instanceKlass java/lang/invoke/MethodHandleImpl$Makers$2
instanceKlass java/lang/invoke/MethodHandleImpl$Makers$1
instanceKlass java/lang/invoke/MethodHandleImpl$Makers
instanceKlass java/lang/invoke/MethodHandleImpl$CasesHolder
instanceKlass java/lang/invoke/MethodHandleImpl$LoopClauses
# instanceKlass java/lang/invoke/LambdaForm$MH+0x00000000262a5000
instanceKlass java/lang/invoke/LambdaFormEditor$1
# instanceKlass java/lang/invoke/LambdaForm$MH+0x00000000262a4c00
# instanceKlass java/lang/invoke/LambdaForm$MH+0x00000000262a4800
# instanceKlass java/lang/invoke/LambdaForm$MH+0x00000000262a4400
instanceKlass  @bci java/lang/runtime/ObjectMethods bootstrap (Ljava/lang/invoke/MethodHandles$Lookup;Ljava/lang/String;Ljava/lang/invoke/TypeDescriptor;Ljava/lang/Class;Ljava/lang/String;[Ljava/lang/invoke/MethodHandle;)Ljava/lang/Object; 37 <appendix> argL0 ; # java/lang/runtime/ObjectMethods$$Lambda+0x00000000262ddb28
instanceKlass sun/invoke/util/ValueConversions$WrapperCache
instanceKlass java/lang/invoke/MethodHandleImpl$2
instanceKlass java/lang/runtime/ObjectMethods
instanceKlass  @bci jdk/internal/net/http/common/DebugLogger <clinit> ()V 33 <appendix> member <vmtarget> ; # jdk/internal/net/http/common/DebugLogger$$Lambda+0x00000000262a23a0
instanceKlass jdk/internal/net/http/common/DebugLogger
instanceKlass  @bci jdk/internal/net/http/HttpClientImpl <init> (Ljdk/internal/net/http/HttpClientBuilderImpl;Ljdk/internal/net/http/HttpClientImpl$SingleFacadeFactory;)V 6 <appendix> member <vmtarget> ; # jdk/internal/net/http/HttpClientImpl$$Lambda+0x00000000262a1e30
instanceKlass jdk/internal/net/http/HttpClientImpl$SingleFacadeFactory
instanceKlass java/util/concurrent/CompletableFuture$AltResult
instanceKlass java/util/concurrent/CompletableFuture$AsynchronousCompletionTask
instanceKlass java/util/concurrent/CompletableFuture
instanceKlass java/util/concurrent/CompletionStage
instanceKlass  @bci jdk/internal/net/http/common/Utils <clinit> ()V 337 <appendix> argL0 ; # jdk/internal/net/http/common/Utils$$Lambda+0x00000000262a19c0
instanceKlass  @bci jdk/internal/net/http/common/Utils <clinit> ()V 329 <appendix> argL0 ; # jdk/internal/net/http/common/Utils$$Lambda+0x00000000262a1768
instanceKlass  @bci jdk/internal/net/http/common/Utils <clinit> ()V 321 <appendix> argL0 ; # jdk/internal/net/http/common/Utils$$Lambda+0x00000000262a1510
instanceKlass  @bci java/util/stream/Collectors toUnmodifiableSet ()Ljava/util/stream/Collector; 19 <appendix> argL0 ; # java/util/stream/Collectors$$Lambda+0x00000000262d7748
instanceKlass  @bci java/util/stream/Collectors toUnmodifiableSet ()Ljava/util/stream/Collector; 14 <appendix> argL0 ; # java/util/stream/Collectors$$Lambda+0x00000000262d74f8
instanceKlass  @bci java/util/stream/Collectors toUnmodifiableSet ()Ljava/util/stream/Collector; 9 <appendix> argL0 ; # java/util/stream/Collectors$$Lambda+0x00000000262d72c0
instanceKlass  @bci java/util/stream/Collectors toUnmodifiableSet ()Ljava/util/stream/Collector; 4 <appendix> argL0 ; # java/util/stream/Collectors$$Lambda+0x00000000262d7098
instanceKlass  @bci jdk/internal/net/http/common/Utils <clinit> ()V 297 <appendix> argL0 ; # jdk/internal/net/http/common/Utils$$Lambda+0x00000000262a12b8
instanceKlass  @bci jdk/internal/net/http/common/Utils <clinit> ()V 287 <appendix> argL0 ; # jdk/internal/net/http/common/Utils$$Lambda+0x00000000262a1070
instanceKlass  @bci jdk/internal/net/http/common/Utils <clinit> ()V 193 <appendix> argL0 ; # jdk/internal/net/http/common/Utils$$Lambda+0x00000000262a0e18
instanceKlass  @bci java/util/function/Predicate negate ()Ljava/util/function/Predicate; 1 <appendix> member <vmtarget> ; # java/util/function/Predicate$$Lambda+0x00000000262d6e38
instanceKlass  @cpi java/util/function/Predicate 75 form vmentry <vmtarget> ; # java/lang/invoke/LambdaForm$DMH+0x00000000262a4000
instanceKlass  @bci jdk/internal/net/http/common/Utils <clinit> ()V 174 <appendix> argL0 ; # jdk/internal/net/http/common/Utils$$Lambda+0x00000000262a0bc0
instanceKlass  @bci jdk/internal/net/http/common/Utils <clinit> ()V 166 <appendix> member <vmtarget> ; # jdk/internal/net/http/common/Utils$$Lambda+0x00000000262a0960
instanceKlass  @bci jdk/internal/net/http/common/Utils <clinit> ()V 156 <appendix> argL0 ; # jdk/internal/net/http/common/Utils$$Lambda+0x00000000262a0708
instanceKlass  @bci jdk/internal/net/http/common/Utils <clinit> ()V 148 <appendix> argL0 ; # jdk/internal/net/http/common/Utils$$Lambda+0x00000000262a04b0
instanceKlass  @bci jdk/internal/net/http/common/Utils <clinit> ()V 134 <appendix> argL0 ; # jdk/internal/net/http/common/Utils$$Lambda+0x00000000262a0258
instanceKlass  @bci jdk/internal/net/http/common/Utils <clinit> ()V 120 <appendix> argL0 ; # jdk/internal/net/http/common/Utils$$Lambda+0x00000000262a0000
instanceKlass jdk/internal/net/http/common/Logger
instanceKlass jdk/internal/net/http/common/Utils
instanceKlass jdk/internal/net/http/websocket/WebSocketRequest
instanceKlass java/net/http/HttpRequest
instanceKlass jdk/internal/net/http/common/OperationTrackers$Tracker
instanceKlass java/net/http/WebSocket$Builder
instanceKlass jdk/internal/net/http/common/BufferSupplier
instanceKlass jdk/internal/net/http/HttpConnection
instanceKlass jdk/internal/net/http/common/OperationTrackers$Trackable
instanceKlass jdk/internal/net/http/HttpClientBuilderImpl
instanceKlass java/net/http/HttpClient$Builder
instanceKlass java/net/http/HttpClient
instanceKlass java/util/concurrent/LinkedTransferQueue$DualNode
instanceKlass java/util/concurrent/TransferQueue
instanceKlass java/util/concurrent/SynchronousQueue$WaitQueue
instanceKlass  @bci org/openqa/selenium/remote/http/jdk/JdkHttpClient <init> (Lorg/openqa/selenium/remote/http/ClientConfig;)V 93 <appendix> member <vmtarget> ; # org/openqa/selenium/remote/http/jdk/JdkHttpClient$$Lambda+0x000000002629ef08
instanceKlass  @bci org/openqa/selenium/remote/http/Filter andFinally (Lorg/openqa/selenium/remote/http/HttpHandler;)Lorg/openqa/selenium/remote/http/HttpHandler; 9 <appendix> member <vmtarget> ; # org/openqa/selenium/remote/http/Filter$$Lambda+0x000000002629ecc8
instanceKlass  @bci org/openqa/selenium/remote/http/jdk/JdkHttpClient <init> (Lorg/openqa/selenium/remote/http/ClientConfig;)V 56 <appendix> member <vmtarget> ; # org/openqa/selenium/remote/http/jdk/JdkHttpClient$$Lambda+0x000000002629ea88
instanceKlass org/openqa/selenium/remote/http/HttpMessage
instanceKlass java/util/concurrent/Flow$Publisher
instanceKlass org/openqa/selenium/remote/http/jdk/JdkHttpMessages
instanceKlass org/openqa/selenium/remote/http/WebSocket
instanceKlass java/net/http/WebSocket$Listener
instanceKlass java/net/Authenticator
instanceKlass org/openqa/selenium/remote/http/jdk/JdkHttpClient
instanceKlass org/openqa/selenium/logging/LocalLogs
instanceKlass org/openqa/selenium/remote/http/HttpClientName
instanceKlass org/openqa/selenium/remote/http/jdk/JdkHttpClient$Factory
instanceKlass  @bci org/openqa/selenium/remote/http/HttpClient$Factory create (Ljava/lang/String;)Lorg/openqa/selenium/remote/http/HttpClient$Factory; 30 <appendix> member <vmtarget> ; # org/openqa/selenium/remote/http/HttpClient$Factory$$Lambda+0x0000000026297d68
instanceKlass  @bci org/openqa/selenium/remote/http/HttpClient$Factory create (Ljava/lang/String;)Lorg/openqa/selenium/remote/http/HttpClient$Factory; 19 <appendix> argL0 ; # org/openqa/selenium/remote/http/HttpClient$Factory$$Lambda+0x0000000026297b10
instanceKlass org/openqa/selenium/remote/http/HttpClient
instanceKlass org/openqa/selenium/remote/HttpCommandExecutor$DefaultClientFactoryHolder
instanceKlass  @bci org/openqa/selenium/chromium/ChromiumDriverCommandExecutor getExtraCommands (Ljava/util/Map;)Ljava/util/Map; 65 <appendix> argL0 ; # org/openqa/selenium/chromium/ChromiumDriverCommandExecutor$$Lambda+0x00000000262974b0
instanceKlass  @bci org/openqa/selenium/chromium/ChromiumDriverCommandExecutor getExtraCommands (Ljava/util/Map;)Ljava/util/Map; 60 <appendix> argL0 ; # org/openqa/selenium/chromium/ChromiumDriverCommandExecutor$$Lambda+0x0000000026297268
instanceKlass  @bci org/openqa/selenium/chromium/ChromiumDriverCommandExecutor getExtraCommands (Ljava/util/Map;)Ljava/util/Map; 50 <appendix> argL0 ; # org/openqa/selenium/chromium/ChromiumDriverCommandExecutor$$Lambda+0x0000000026297020
instanceKlass org/openqa/selenium/chromium/AddHasLaunchApp
instanceKlass org/openqa/selenium/chromium/AddHasPermissions
instanceKlass org/openqa/selenium/chromium/AddHasNetworkConditions
instanceKlass  @bci java/util/function/Function andThen (Ljava/util/function/Function;)Ljava/util/function/Function; 7 <appendix> member <vmtarget> ; # java/util/function/Function$$Lambda+0x00000000262d45e8
instanceKlass  @cpi org/openqa/selenium/remote/http/Filter 77 form vmentry <vmtarget> ; # java/lang/invoke/LambdaForm$DMH+0x0000000026298000
instanceKlass  @bci java/util/stream/Collectors toUnmodifiableMap (Ljava/util/function/Function;Ljava/util/function/Function;)Ljava/util/stream/Collector; 21 <appendix> argL0 ; # java/util/stream/Collectors$$Lambda+0x00000000262d43a0
instanceKlass  @bci org/openqa/selenium/chrome/ChromeDriver$ChromeDriverCommandExecutor getExtraCommands ()Ljava/util/Map; 48 <appendix> argL0 ; # org/openqa/selenium/chrome/ChromeDriver$ChromeDriverCommandExecutor$$Lambda+0x0000000026296670
instanceKlass  @bci org/openqa/selenium/chrome/ChromeDriver$ChromeDriverCommandExecutor getExtraCommands ()Ljava/util/Map; 43 <appendix> argL0 ; # org/openqa/selenium/chrome/ChromeDriver$ChromeDriverCommandExecutor$$Lambda+0x0000000026296428
instanceKlass  @bci org/openqa/selenium/chrome/ChromeDriver$ChromeDriverCommandExecutor getExtraCommands ()Ljava/util/Map; 33 <appendix> argL0 ; # org/openqa/selenium/chrome/ChromeDriver$ChromeDriverCommandExecutor$$Lambda+0x00000000262961e0
instanceKlass org/openqa/selenium/chromium/AddHasCdp
instanceKlass org/openqa/selenium/remote/CommandInfo
instanceKlass org/openqa/selenium/chromium/AddHasCasting
instanceKlass org/openqa/selenium/remote/AdditionalHttpCommands
instanceKlass org/openqa/selenium/remote/AugmenterProvider
instanceKlass org/openqa/selenium/logging/LogEntry
instanceKlass org/openqa/selenium/remote/HttpCommandExecutor
instanceKlass org/openqa/selenium/logging/NeedsLocalLogs
instanceKlass sun/nio/fs/WindowsSecurity
instanceKlass sun/nio/fs/AbstractAclFileAttributeView
instanceKlass org/openqa/selenium/internal/Require$PathStateChecker
instanceKlass org/openqa/selenium/manager/SeleniumManagerOutput$Result
instanceKlass java/lang/Thread$ThreadNumbering
instanceKlass  @bci org/openqa/selenium/manager/SeleniumManager <init> ()V 94 <appendix> member <vmtarget> ; # org/openqa/selenium/manager/SeleniumManager$$Lambda+0x0000000026292e48
instanceKlass org/openqa/selenium/manager/SeleniumManager
instanceKlass org/openqa/selenium/remote/service/DriverFinder
instanceKlass org/openqa/selenium/BuildInfo
instanceKlass org/openqa/selenium/remote/http/AddSeleniumUserAgent
instanceKlass  @bci org/openqa/selenium/internal/Debug <clinit> ()V 13 <appendix> argL0 ; # org/openqa/selenium/internal/Debug$$Lambda+0x0000000026291da0
instanceKlass  @bci sun/management/spi/PlatformMBeanProvider$PlatformComponent getMBeans (Ljava/lang/Class;)Ljava/util/List; 63 <appendix> member <vmtarget> ; # sun/management/spi/PlatformMBeanProvider$PlatformComponent$$Lambda+0x00000000262d33f0
instanceKlass  @bci sun/management/spi/PlatformMBeanProvider$PlatformComponent getMBeans (Ljava/lang/Class;)Ljava/util/List; 47 <appendix> member <vmtarget> ; # sun/management/spi/PlatformMBeanProvider$PlatformComponent$$Lambda+0x00000000262d3190
instanceKlass sun/management/RuntimeImpl
instanceKlass  @bci java/lang/management/ManagementFactory$PlatformMBeanFinder findSingleton (Ljava/lang/Class;)Lsun/management/spi/PlatformMBeanProvider$PlatformComponent; 30 <appendix> member <vmtarget> ; # java/lang/management/ManagementFactory$PlatformMBeanFinder$$Lambda+0x00000000262d2bd8
instanceKlass  @bci java/lang/management/ManagementFactory$PlatformMBeanFinder findSingleton (Ljava/lang/Class;)Lsun/management/spi/PlatformMBeanProvider$PlatformComponent; 19 <appendix> member <vmtarget> ; # java/lang/management/ManagementFactory$PlatformMBeanFinder$$Lambda+0x00000000262d2978
instanceKlass jdk/management/jfr/internal/FlightRecorderMXBeanProvider$SingleMBeanComponent
instanceKlass jdk/management/jfr/FlightRecorderMXBean
instanceKlass java/lang/management/DefaultPlatformMBeanProvider$11
instanceKlass java/lang/management/DefaultPlatformMBeanProvider$10
instanceKlass java/lang/management/DefaultPlatformMBeanProvider$9
instanceKlass sun/management/ManagementFactoryHelper$LoggingMXBeanAccess
instanceKlass java/lang/management/DefaultPlatformMBeanProvider$8
instanceKlass java/lang/management/DefaultPlatformMBeanProvider$7
instanceKlass java/lang/management/DefaultPlatformMBeanProvider$6
instanceKlass java/lang/management/DefaultPlatformMBeanProvider$5
instanceKlass java/lang/management/DefaultPlatformMBeanProvider$4
instanceKlass java/lang/management/DefaultPlatformMBeanProvider$3
instanceKlass java/lang/management/DefaultPlatformMBeanProvider$2
instanceKlass java/lang/management/DefaultPlatformMBeanProvider$1
instanceKlass com/sun/management/internal/PlatformMBeanProviderImpl$6
instanceKlass sun/management/VMManagementImpl
instanceKlass java/lang/management/BufferPoolMXBean
instanceKlass sun/management/HotspotCompilationMBean
instanceKlass sun/management/HotspotThreadMBean
instanceKlass sun/management/HotspotRuntimeMBean
instanceKlass sun/management/HotspotMemoryMBean
instanceKlass sun/management/HotspotClassLoadingMBean
instanceKlass java/lang/management/CompilationMXBean
instanceKlass java/lang/management/MemoryMXBean
instanceKlass java/lang/management/ClassLoadingMXBean
instanceKlass java/lang/management/GarbageCollectorMXBean
instanceKlass java/lang/management/MemoryManagerMXBean
instanceKlass java/lang/management/MemoryPoolMXBean
instanceKlass sun/management/VMManagement
instanceKlass sun/management/ManagementFactoryHelper
instanceKlass javax/management/Descriptor
instanceKlass sun/management/NotificationEmitterSupport
instanceKlass javax/management/NotificationEmitter
instanceKlass javax/management/NotificationBroadcaster
instanceKlass com/sun/management/DiagnosticCommandMBean
instanceKlass com/sun/management/internal/PlatformMBeanProviderImpl$5
instanceKlass com/sun/management/internal/PlatformMBeanProviderImpl$4
instanceKlass jdk/management/VirtualThreadSchedulerMXBean
instanceKlass com/sun/management/internal/PlatformMBeanProviderImpl$3
instanceKlass com/sun/management/ThreadMXBean
instanceKlass java/lang/management/ThreadMXBean
instanceKlass com/sun/management/internal/PlatformMBeanProviderImpl$2
instanceKlass com/sun/management/internal/PlatformMBeanProviderImpl$1
instanceKlass sun/management/spi/PlatformMBeanProvider$PlatformComponent
instanceKlass com/sun/management/HotSpotDiagnosticMXBean
instanceKlass java/lang/management/OperatingSystemMXBean
instanceKlass sun/management/spi/PlatformMBeanProvider
instanceKlass java/lang/management/ManagementFactory$PlatformMBeanFinder
instanceKlass java/lang/management/RuntimeMXBean
instanceKlass java/lang/management/PlatformManagedObject
instanceKlass javax/management/DynamicMBean
instanceKlass java/lang/management/ManagementFactory
instanceKlass org/openqa/selenium/internal/Debug
instanceKlass org/openqa/selenium/remote/http/Routable
instanceKlass org/openqa/selenium/remote/http/HttpHandler
instanceKlass org/openqa/selenium/remote/http/RetryRequest
instanceKlass org/openqa/selenium/remote/http/Filter
instanceKlass org/openqa/selenium/remote/http/ClientConfig
instanceKlass org/openqa/selenium/SharedCapabilitiesMethods
instanceKlass  @bci org/openqa/selenium/remote/Browser <clinit> ()V 62 <appendix> argL0 ; # org/openqa/selenium/remote/Browser$$Lambda+0x0000000026290bc0
instanceKlass org/openqa/selenium/remote/Browser$3
instanceKlass  @bci org/openqa/selenium/remote/Browser <clinit> ()V 44 <appendix> argL0 ; # org/openqa/selenium/remote/Browser$$Lambda+0x0000000026290708
instanceKlass  @bci org/openqa/selenium/remote/Browser <clinit> ()V 36 <appendix> argL0 ; # org/openqa/selenium/remote/Browser$$Lambda+0x00000000262904b0
instanceKlass  @bci org/openqa/selenium/remote/Browser <clinit> ()V 28 <appendix> argL0 ; # org/openqa/selenium/remote/Browser$$Lambda+0x0000000026290258
instanceKlass  @bci org/openqa/selenium/remote/Browser <clinit> ()V 20 <appendix> argL0 ; # org/openqa/selenium/remote/Browser$$Lambda+0x0000000026290000
instanceKlass org/openqa/selenium/remote/Browser$2
instanceKlass org/openqa/selenium/remote/Browser$1
instanceKlass org/openqa/selenium/remote/Browser
instanceKlass org/openqa/selenium/MutableCapabilities
instanceKlass org/openqa/selenium/internal/Require
instanceKlass java/util/concurrent/ThreadPoolExecutor$AbortPolicy
instanceKlass java/util/concurrent/Executors
instanceKlass  @bci org/openqa/selenium/remote/service/DriverService <init> (Ljava/io/File;ILjava/time/Duration;Ljava/util/List;Ljava/util/Map;)V 6 <appendix> argL0 ; # org/openqa/selenium/remote/service/DriverService$$Lambda+0x000000002628e6a8
instanceKlass java/util/concurrent/ThreadLocalRandom$Access$1
instanceKlass jdk/internal/access/JavaUtilConcurrentTLRAccess
instanceKlass java/util/concurrent/ThreadLocalRandom$Access
instanceKlass sun/net/InetAddressCachePolicy
instanceKlass  @bci java/net/InetAddress getAddressesFromNameService (Ljava/lang/String;)[Ljava/net/InetAddress; 94 <appendix> argL0 ; # java/net/InetAddress$$Lambda+0x00000000262c7c48
instanceKlass  @bci java/net/InetAddress loadResolver ()Ljava/net/spi/InetAddressResolver; 8 <appendix> argL0 ; # java/net/InetAddress$$Lambda+0x00000000262c7a00
instanceKlass java/net/spi/InetAddressResolverProvider
instanceKlass java/net/InetAddress$CachedLookup
instanceKlass java/net/InetAddress$NameServiceAddresses
instanceKlass java/util/concurrent/ConcurrentSkipListMap$Iter
instanceKlass java/net/ServerSocket
instanceKlass org/openqa/selenium/net/FixedIANAPortRange
instanceKlass org/openqa/selenium/net/EphemeralPortRangeDetector
instanceKlass org/openqa/selenium/net/PortProber
instanceKlass org/openqa/selenium/remote/service/DriverService$Builder
instanceKlass  @bci org/openqa/selenium/chromium/ChromiumDriver <clinit> ()V 0 <appendix> argL0 ; # org/openqa/selenium/chromium/ChromiumDriver$$Lambda+0x0000000026288c78
instanceKlass java/util/logging/Logger$SystemLoggerHelper
instanceKlass jdk/internal/logger/BootstrapLogger$BootstrapExecutors
instanceKlass jdk/internal/logger/LoggerFinderLoader
instanceKlass java/util/stream/Stream$Builder
instanceKlass java/util/stream/Streams$AbstractStreamBuilderImpl
instanceKlass  @bci java/util/logging/Level$KnownLevel findByName (Ljava/lang/String;Ljava/util/function/Function;)Ljava/util/Optional; 29 <appendix> argL0 ; # java/util/logging/Level$KnownLevel$$Lambda+0x00000000262c4bd8
instanceKlass  @bci java/util/logging/Level findLevel (Ljava/lang/String;)Ljava/util/logging/Level; 13 <appendix> argL0 ; # java/util/logging/Level$$Lambda+0x00000000262c4990
instanceKlass java/util/Hashtable$Enumerator
instanceKlass java/util/logging/LogManager$VisitedLoggers
instanceKlass java/util/logging/LogManager$LoggingProviderAccess
instanceKlass java/lang/Shutdown$Lock
instanceKlass java/lang/Shutdown
instanceKlass java/lang/ApplicationShutdownHooks$1
instanceKlass java/lang/ApplicationShutdownHooks
instanceKlass java/util/logging/LogManager$LogNode
instanceKlass java/util/logging/LoggingMXBean
instanceKlass java/util/logging/LogManager$LoggerContext
instanceKlass java/util/logging/LogManager
instanceKlass java/util/logging/Logger$ConfigurationData
instanceKlass java/util/logging/Logger$LoggerBundle
instanceKlass  @bci java/util/logging/Level$KnownLevel add (Ljava/util/logging/Level;)V 49 <appendix> argL0 ; # java/util/logging/Level$KnownLevel$$Lambda+0x00000000262c1a40
instanceKlass  @bci java/util/logging/Level$KnownLevel add (Ljava/util/logging/Level;)V 19 <appendix> argL0 ; # java/util/logging/Level$KnownLevel$$Lambda+0x00000000262c17f8
instanceKlass java/util/logging/Level
instanceKlass java/util/logging/Logger
instanceKlass org/openqa/selenium/remote/service/DriverService
instanceKlass org/openqa/selenium/devtools/CdpInfo
instanceKlass org/openqa/selenium/federatedcredentialmanagement/FederatedCredentialManagementDialog
instanceKlass org/openqa/selenium/virtualauthenticator/VirtualAuthenticator
instanceKlass org/openqa/selenium/remote/CommandExecutor
instanceKlass org/openqa/selenium/remote/http/HttpClient$Factory
instanceKlass org/openqa/selenium/remote/tracing/Tracer
instanceKlass org/openqa/selenium/remote/Network
instanceKlass org/openqa/selenium/WebDriver$TargetLocator
instanceKlass org/openqa/selenium/WebDriver$Navigation
instanceKlass org/openqa/selenium/WebDriver$Options
instanceKlass org/openqa/selenium/remote/Script
instanceKlass org/openqa/selenium/logging/Logs
instanceKlass org/openqa/selenium/remote/ExecuteMethod
instanceKlass java/util/logging/Handler
instanceKlass org/openqa/selenium/remote/FileDetector
instanceKlass org/openqa/selenium/ScriptKey
instanceKlass org/openqa/selenium/remote/RemoteWebDriver
instanceKlass org/openqa/selenium/TakesScreenshot
instanceKlass org/openqa/selenium/PrintsPage
instanceKlass org/openqa/selenium/interactions/Interactive
instanceKlass org/openqa/selenium/virtualauthenticator/HasVirtualAuthenticator
instanceKlass org/openqa/selenium/federatedcredentialmanagement/HasFederatedCredentialManagement
instanceKlass org/openqa/selenium/HasDownloads
instanceKlass org/openqa/selenium/HasCapabilities
instanceKlass org/openqa/selenium/JavascriptExecutor
instanceKlass org/openqa/selenium/chromium/HasPermissions
instanceKlass org/openqa/selenium/chromium/HasNetworkConditions
instanceKlass org/openqa/selenium/logging/HasLogEvents
instanceKlass org/openqa/selenium/chromium/HasLaunchApp
instanceKlass org/openqa/selenium/devtools/HasDevTools
instanceKlass org/openqa/selenium/chromium/HasCdp
instanceKlass org/openqa/selenium/chromium/HasCasting
instanceKlass org/openqa/selenium/bidi/HasBiDi
instanceKlass org/openqa/selenium/HasAuthentication
instanceKlass  @bci io/github/bonigarcia/wdm/config/Architecture filterArm64 (Ljava/util/List;)Ljava/util/List; 13 <appendix> argL0 ; # io/github/bonigarcia/wdm/config/Architecture$$Lambda+0x0000000026284260
instanceKlass  @bci io/github/bonigarcia/wdm/cache/CacheHandler filterCacheBy (Ljava/util/List;Ljava/lang/String;Z)Ljava/util/List; 49 <appendix> member <vmtarget> ; # io/github/bonigarcia/wdm/cache/CacheHandler$$Lambda+0x0000000026284000
instanceKlass java/util/ComparableTimSort
instanceKlass  @bci org/apache/commons/io/FileUtils listFiles (Ljava/io/File;Ljava/util/List;ZLjava/io/FilenameFilter;)V 57 <appendix> member <vmtarget> ; # org/apache/commons/io/FileUtils$$Lambda+0x0000000026237db8
instanceKlass  @bci org/apache/commons/io/FileUtils listFiles (Ljava/io/File;Ljava/util/List;ZLjava/io/FilenameFilter;)V 39 <appendix> member <vmtarget> ; # org/apache/commons/io/FileUtils$$Lambda+0x0000000026237b78
instanceKlass org/apache/commons/io/filefilter/TrueFileFilter
instanceKlass java/nio/file/FileVisitor
instanceKlass org/apache/commons/io/filefilter/IOFileFilter
instanceKlass org/apache/commons/io/file/PathFilter
instanceKlass java/io/FileFilter
instanceKlass java/io/FilenameFilter
instanceKlass org/apache/commons/io/FileUtils
instanceKlass  @bci io/github/bonigarcia/wdm/WebDriverManager getVersionDetector ()Lio/github/bonigarcia/wdm/versions/VersionDetector; 8 <appendix> member <vmtarget> ; # io/github/bonigarcia/wdm/WebDriverManager$$Lambda+0x0000000026236dd0
instanceKlass io/github/bonigarcia/wdm/config/DriverManagerType$1
instanceKlass sun/util/resources/provider/NonBaseLocaleDataMetaInfo
instanceKlass sun/util/locale/provider/BaseLocaleDataMetaInfo
instanceKlass sun/util/locale/provider/TimeZoneNameUtility$TimeZoneNameGetter
instanceKlass java/text/DontCareFieldPosition$1
instanceKlass  @bci sun/util/cldr/CLDRTimeZoneNameProviderImpl$AVAILABLE_IDS <clinit> ()V 8 <appendix> argL0 ; # sun/util/cldr/CLDRTimeZoneNameProviderImpl$AVAILABLE_IDS$$Lambda+0x000000002623ed08
instanceKlass  @cpi sun/util/cldr/CLDRTimeZoneNameProviderImpl$AVAILABLE_IDS 53 form vmentry <vmtarget> ; # java/lang/invoke/LambdaForm$DMH+0x0000000026280c00
instanceKlass java/util/stream/Streams$2
instanceKlass java/util/stream/Streams
instanceKlass java/util/stream/Streams$ConcatSpliterator
instanceKlass sun/util/cldr/CLDRTimeZoneNameProviderImpl$AVAILABLE_IDS
instanceKlass java/util/Formatter$FormatSpecifierParser
instanceKlass  @bci sun/util/cldr/CLDRTimeZoneNameProviderImpl toGMTFormat (Ljava/lang/String;ZLjava/util/Locale;)Ljava/lang/String; 115 <appendix> argL0 ; # sun/util/cldr/CLDRTimeZoneNameProviderImpl$$Lambda+0x000000002623d628
instanceKlass  @bci sun/util/cldr/CLDRTimeZoneNameProviderImpl toGMTFormat (Ljava/lang/String;ZLjava/util/Locale;)Ljava/lang/String; 107 <appendix> argL0 ; # sun/util/cldr/CLDRTimeZoneNameProviderImpl$$Lambda+0x000000002623d3e0
instanceKlass  @cpi jdk/internal/net/http/common/HttpBodySubscriberWrapper 227 form vmentry <vmtarget> ; # java/lang/invoke/LambdaForm$DMH+0x0000000026280800
instanceKlass  @bci sun/util/cldr/CLDRTimeZoneNameProviderImpl toGMTFormat (Ljava/lang/String;ZLjava/util/Locale;)Ljava/lang/String; 99 <appendix> member <vmtarget> ; # sun/util/cldr/CLDRTimeZoneNameProviderImpl$$Lambda+0x000000002623d190
instanceKlass java/util/Collections$UnmodifiableList$1
instanceKlass java/util/ReverseOrderListView$DescendingIterator
instanceKlass  @bci sun/util/cldr/CLDRTimeZoneNameProviderImpl toGMTFormat (Ljava/lang/String;ZLjava/util/Locale;)Ljava/lang/String; 82 <appendix> member <vmtarget> ; # sun/util/cldr/CLDRTimeZoneNameProviderImpl$$Lambda+0x000000002623c400
instanceKlass java/util/stream/WhileOps$DropWhileSink
instanceKlass java/util/stream/WhileOps$DropWhileOp
instanceKlass java/util/stream/WhileOps
instanceKlass  @bci sun/util/cldr/CLDRTimeZoneNameProviderImpl toGMTFormat (Ljava/lang/String;ZLjava/util/Locale;)Ljava/lang/String; 70 <appendix> member <vmtarget> ; # sun/util/cldr/CLDRTimeZoneNameProviderImpl$$Lambda+0x000000002623b620
instanceKlass java/util/ReverseOrderListView
instanceKlass  @bci sun/util/cldr/CLDRTimeZoneNameProviderImpl deriveFallbackName ([Ljava/lang/String;ILjava/util/Locale;Z)V 176 <adapter> ; # java/lang/invoke/LambdaForm$MH+0x0000000026280400
instanceKlass  @bci sun/util/cldr/CLDRTimeZoneNameProviderImpl deriveFallbackName ([Ljava/lang/String;ILjava/util/Locale;Z)V 176 <appendix> form vmentry <vmtarget> ; # java/lang/invoke/LambdaForm$DMH+0x0000000026280000
instanceKlass  @bci sun/util/cldr/CLDRTimeZoneNameProviderImpl deriveFallbackName ([Ljava/lang/String;ILjava/util/Locale;Z)V 176 <appendix> member <vmtarget> ; # sun/util/cldr/CLDRTimeZoneNameProviderImpl$$Lambda+0x000000002623a528
instanceKlass  @bci java/time/format/DateTimeFormatter <clinit> ()V 1075 <appendix> argL0 ; # java/time/format/DateTimeFormatter$$Lambda+0x000000002623a300
instanceKlass  @bci java/time/format/DateTimeFormatter <clinit> ()V 1067 <appendix> argL0 ; # java/time/format/DateTimeFormatter$$Lambda+0x000000002623a0d8
instanceKlass java/time/Period
instanceKlass java/time/format/DateTimeFormatterBuilder$TextPrinterParser
instanceKlass java/time/format/DateTimeTextProvider$1
instanceKlass java/time/format/DateTimeTextProvider$LocaleStore
instanceKlass java/time/format/DateTimeFormatterBuilder$InstantPrinterParser
instanceKlass java/time/format/DateTimeFormatterBuilder$StringLiteralPrinterParser
instanceKlass java/time/format/DateTimeFormatterBuilder$ZoneIdPrinterParser
instanceKlass java/time/format/DateTimeFormatterBuilder$OffsetIdPrinterParser
instanceKlass java/time/format/DecimalStyle
instanceKlass java/time/format/DateTimeFormatterBuilder$CharLiteralPrinterParser
instanceKlass java/time/format/DateTimeFormatter
instanceKlass java/time/format/DateTimeFormatterBuilder$CompositePrinterParser
instanceKlass java/time/temporal/JulianFields
instanceKlass java/time/temporal/IsoFields
instanceKlass  @bci java/time/format/DateTimeFormatterBuilder <clinit> ()V 0 <appendix> argL0 ; # java/time/format/DateTimeFormatterBuilder$$Lambda+0x000000002627c520
instanceKlass java/time/temporal/TemporalQuery
instanceKlass java/time/format/DateTimeTextProvider
instanceKlass java/time/format/DateTimeFormatterBuilder$NumberPrinterParser
instanceKlass java/time/format/DateTimeFormatterBuilder$DateTimePrinterParser
instanceKlass java/time/format/DateTimeFormatterBuilder
instanceKlass java/time/Year
instanceKlass java/time/chrono/AbstractChronology
instanceKlass java/time/zone/Ser
instanceKlass java/time/zone/ZoneRulesProvider
instanceKlass sun/util/cldr/CLDRBaseLocaleDataMetaInfo$CLDRMapHolder
instanceKlass  @bci sun/util/locale/provider/LocaleResources getZoneStrings ()[[Ljava/lang/String; 136 <appendix> member <vmtarget> ; # sun/util/locale/provider/LocaleResources$$Lambda+0x00000000260fd7b0
instanceKlass  @bci sun/util/locale/provider/LocaleResources getZoneStrings ()[[Ljava/lang/String; 123 <appendix> argL0 ; # sun/util/locale/provider/LocaleResources$$Lambda+0x0000000026278c40
instanceKlass java/util/AbstractMap$KeyIterator
instanceKlass sun/util/locale/provider/TimeZoneNameUtility
instanceKlass java/text/CalendarBuilder
instanceKlass  @bci io/github/bonigarcia/wdm/WebDriverManager getResolutionCache ()Lio/github/bonigarcia/wdm/cache/ResolutionCache; 8 <appendix> member <vmtarget> ; # io/github/bonigarcia/wdm/WebDriverManager$$Lambda+0x0000000026236528
instanceKlass io/github/bonigarcia/wdm/cache/ResolutionCache
instanceKlass  @bci io/github/bonigarcia/wdm/WebDriverManager resolveDriverVersion (Ljava/lang/String;)Ljava/lang/String; 12 <appendix> argL0 ; # io/github/bonigarcia/wdm/WebDriverManager$$Lambda+0x0000000026236090
instanceKlass  @bci io/github/bonigarcia/wdm/WebDriverManager setup ()V 44 <appendix> member <vmtarget> ; # io/github/bonigarcia/wdm/WebDriverManager$$Lambda+0x00000000262359f0
instanceKlass io/github/bonigarcia/wdm/online/Downloader
instanceKlass org/apache/hc/client5/http/config/RequestConfig$Builder
instanceKlass org/apache/hc/client5/http/config/RequestConfig
instanceKlass  @bci org/apache/hc/client5/http/impl/classic/HttpClientBuilder contextAdaptor ()Ljava/util/function/Function; 0 <appendix> argL0 ; # org/apache/hc/client5/http/impl/classic/HttpClientBuilder$$Lambda+0x00000000262349b0
instanceKlass org/apache/hc/core5/http/protocol/HttpCoreContext
instanceKlass org/apache/hc/client5/http/classic/ExecRuntime
instanceKlass org/apache/hc/client5/http/impl/auth/BasicCredentialsProvider
instanceKlass org/apache/hc/client5/http/impl/auth/SystemDefaultCredentialsProvider
instanceKlass org/apache/hc/client5/http/auth/CredentialsStore
instanceKlass org/apache/hc/client5/http/cookie/CookieIdentityComparator
instanceKlass org/apache/hc/client5/http/cookie/BasicCookieStore
instanceKlass org/apache/hc/client5/http/impl/cookie/IgnoreCookieSpecFactory
instanceKlass org/apache/hc/client5/http/cookie/CookieSpec
instanceKlass org/apache/hc/client5/http/cookie/CommonCookieAttributeHandler
instanceKlass org/apache/hc/client5/http/cookie/CookieAttributeHandler
instanceKlass org/apache/hc/client5/http/impl/cookie/RFC6265CookieSpecFactory
instanceKlass org/apache/hc/client5/http/cookie/CookieSpecFactory
instanceKlass org/apache/hc/client5/http/psl/PublicSuffixMatcher
instanceKlass org/apache/hc/client5/http/psl/PublicSuffixList
instanceKlass org/apache/hc/client5/http/psl/PublicSuffixListParser
instanceKlass org/apache/hc/client5/http/psl/PublicSuffixMatcherLoader
instanceKlass org/apache/hc/client5/http/impl/CookieSpecSupport
instanceKlass org/apache/hc/client5/http/impl/auth/BearerSchemeFactory
instanceKlass org/apache/hc/client5/http/impl/auth/DigestSchemeFactory
instanceKlass org/apache/hc/client5/http/auth/AuthScheme
instanceKlass org/apache/hc/client5/http/impl/auth/BasicSchemeFactory
instanceKlass org/apache/hc/client5/http/auth/AuthSchemeFactory
instanceKlass org/apache/hc/client5/http/impl/classic/ExecChainElement
instanceKlass org/apache/hc/client5/http/impl/classic/RedirectExec
instanceKlass org/apache/hc/client5/http/impl/DefaultRedirectStrategy
instanceKlass org/apache/hc/client5/http/impl/routing/DefaultRoutePlanner
instanceKlass  @bci org/apache/hc/client5/http/impl/classic/HttpClientBuilder build ()Lorg/apache/hc/client5/http/impl/classic/CloseableHttpClient; 1061 <appendix> argL0 ; # org/apache/hc/client5/http/impl/classic/HttpClientBuilder$$Lambda+0x000000002622d000
instanceKlass org/apache/hc/client5/http/impl/classic/HttpRequestRetryExec
instanceKlass org/apache/hc/client5/http/impl/DefaultHttpRequestRetryStrategy
instanceKlass org/apache/hc/core5/http/message/BufferedHeader
instanceKlass org/apache/hc/core5/http/FormattedHeader
instanceKlass org/apache/hc/core5/util/CharArrayBuffer
instanceKlass org/apache/hc/core5/http/message/MessageSupport
instanceKlass org/apache/hc/core5/http/io/entity/HttpEntityWrapper
instanceKlass org/apache/hc/client5/http/impl/classic/ContentCompressionExec
instanceKlass org/apache/hc/client5/http/impl/classic/ProtocolExec
instanceKlass org/apache/hc/client5/http/impl/routing/BasicRouteDirector
instanceKlass org/apache/hc/client5/http/auth/AuthCache
instanceKlass org/apache/hc/client5/http/impl/auth/AuthCacheKeeper
instanceKlass  @bci org/apache/hc/core5/util/Tokenizer delimiters (CCC)Lorg/apache/hc/core5/util/Tokenizer$Delimiter; 3 <adapter> ; # java/lang/invoke/LambdaForm$MH+0x000000002622cc00
# instanceKlass java/lang/invoke/LambdaForm$DMH+0x000000002622c800
instanceKlass  @bci org/apache/hc/core5/util/Tokenizer delimiters (CCC)Lorg/apache/hc/core5/util/Tokenizer$Delimiter; 3 <appendix> form vmentry <vmtarget> ; # java/lang/invoke/LambdaForm$DMH+0x000000002622c400
instanceKlass  @bci org/apache/hc/core5/util/Tokenizer delimiters (CCC)Lorg/apache/hc/core5/util/Tokenizer$Delimiter; 3 <appendix> member <vmtarget> ; # org/apache/hc/core5/util/Tokenizer$$Lambda+0x000000002622ae30
instanceKlass  @cpi org/apache/hc/core5/util/Tokenizer 161 form vmentry <vmtarget> ; # java/lang/invoke/LambdaForm$DMH+0x000000002622c000
instanceKlass org/apache/hc/client5/http/impl/auth/AuthChallengeParser
instanceKlass org/apache/hc/client5/http/impl/auth/HttpAuthenticator
instanceKlass org/apache/hc/core5/http/HttpEntity
instanceKlass org/apache/hc/client5/http/routing/HttpRouteDirector
instanceKlass org/apache/hc/client5/http/impl/classic/ConnectExec
instanceKlass org/apache/hc/client5/http/impl/ProtocolSwitchStrategy
instanceKlass org/apache/hc/client5/http/impl/classic/MainClientExec
instanceKlass org/apache/hc/client5/http/classic/ExecChainHandler
instanceKlass org/apache/hc/core5/http/config/NamedElementChain$Node
instanceKlass org/apache/hc/core5/http/config/NamedElementChain
instanceKlass org/apache/hc/core5/http/protocol/DefaultHttpProcessor
instanceKlass org/apache/hc/client5/http/protocol/ResponseProcessCookies
instanceKlass org/apache/hc/client5/http/protocol/RequestAddCookies
instanceKlass org/apache/hc/core5/http/protocol/ChainBuilder
instanceKlass org/apache/hc/client5/http/protocol/RequestUpgrade
instanceKlass org/apache/hc/client5/http/protocol/RequestExpectContinue
instanceKlass org/apache/hc/core5/http/protocol/RequestUserAgent
instanceKlass org/apache/hc/client5/http/protocol/RequestClientConnControl
instanceKlass org/apache/hc/core5/http/protocol/RequestContent
instanceKlass org/apache/hc/client5/http/protocol/RequestDefaultHeaders
instanceKlass org/apache/hc/client5/http/protocol/RequestValidateTrace
instanceKlass org/apache/hc/core5/http/protocol/RequestTargetHost
instanceKlass org/apache/hc/core5/http/protocol/HttpProcessorBuilder
instanceKlass org/apache/hc/core5/util/VersionInfo
instanceKlass org/apache/hc/client5/http/impl/DefaultUserTokenHandler
instanceKlass org/apache/hc/client5/http/impl/DefaultAuthenticationStrategy
instanceKlass org/apache/hc/client5/http/impl/DefaultConnectionKeepAliveStrategy
instanceKlass org/apache/hc/core5/http/impl/DefaultConnectionReuseStrategy
instanceKlass org/apache/hc/core5/http/EntityDetails
instanceKlass org/apache/hc/core5/http/impl/io/HttpRequestExecutor
instanceKlass org/apache/hc/client5/http/entity/DeflateInputStreamFactory
instanceKlass org/apache/hc/client5/http/entity/GZIPInputStreamFactory
instanceKlass io/github/bonigarcia/wdm/online/HttpClient$2
instanceKlass org/apache/hc/client5/http/entity/InputStreamFactory
instanceKlass  @bci org/apache/hc/client5/http/impl/io/PoolingHttpClientConnectionManager setDefaultConnectionConfig (Lorg/apache/hc/client5/http/config/ConnectionConfig;)V 2 <appendix> member <vmtarget> ; # org/apache/hc/client5/http/impl/io/PoolingHttpClientConnectionManager$$Lambda+0x0000000026224370
instanceKlass org/apache/hc/client5/http/HttpRoute
instanceKlass org/apache/hc/client5/http/RouteInfo
instanceKlass org/apache/hc/core5/function/Resolver
instanceKlass org/apache/hc/client5/http/config/ConnectionConfig$Builder
instanceKlass org/apache/hc/client5/http/config/ConnectionConfig
instanceKlass org/apache/hc/core5/http/impl/io/NoResponseOutOfOrderStrategy
instanceKlass org/apache/hc/core5/http/impl/DefaultContentLengthStrategy
instanceKlass org/apache/hc/core5/http/impl/EnglishReasonPhraseCatalog
instanceKlass org/apache/hc/core5/http/ClassicHttpResponse
instanceKlass org/apache/hc/core5/http/HttpResponse
instanceKlass org/apache/hc/core5/http/ReasonPhraseCatalog
instanceKlass org/apache/hc/core5/http/impl/io/DefaultClassicHttpResponseFactory
instanceKlass  @bci org/apache/hc/core5/util/Tokenizer delimiters (C)Lorg/apache/hc/core5/util/Tokenizer$Delimiter; 1 <appendix> member <vmtarget> ; # org/apache/hc/core5/util/Tokenizer$$Lambda+0x00000000262224b8
instanceKlass  @bci org/apache/hc/core5/util/Tokenizer delimiters (CC)Lorg/apache/hc/core5/util/Tokenizer$Delimiter; 2 <appendix> member <vmtarget> ; # org/apache/hc/core5/util/Tokenizer$$Lambda+0x0000000026222290
instanceKlass org/apache/hc/core5/util/Tokenizer$Delimiter
instanceKlass org/apache/hc/core5/util/Tokenizer
instanceKlass org/apache/hc/core5/http/Header
instanceKlass org/apache/hc/core5/http/NameValuePair
instanceKlass org/apache/hc/core5/util/Tokenizer$Cursor
instanceKlass org/apache/hc/core5/http/message/BasicLineParser
instanceKlass org/apache/hc/core5/http/io/HttpMessageParser
instanceKlass org/apache/hc/core5/http/HttpResponseFactory
instanceKlass org/apache/hc/core5/http/message/LineParser
instanceKlass org/apache/hc/client5/http/impl/io/DefaultHttpResponseParserFactory
instanceKlass org/apache/hc/core5/http/message/BasicLineFormatter
instanceKlass org/apache/hc/core5/http/io/HttpMessageWriter
instanceKlass org/apache/hc/core5/http/message/LineFormatter
instanceKlass org/apache/hc/core5/http/impl/io/DefaultHttpRequestWriterFactory
instanceKlass org/apache/hc/core5/http/config/CharCodingConfig$Builder
instanceKlass org/apache/hc/core5/http/config/CharCodingConfig
instanceKlass org/apache/hc/core5/http/ProtocolVersion
instanceKlass org/apache/hc/core5/http/config/Http1Config$Builder
instanceKlass org/apache/hc/core5/http/config/Http1Config
instanceKlass org/apache/hc/client5/http/io/ManagedHttpClientConnection
instanceKlass org/apache/hc/core5/http/io/HttpClientConnection
instanceKlass org/apache/hc/core5/http/io/BHttpConnection
instanceKlass org/apache/hc/core5/http/HttpConnection
instanceKlass org/apache/hc/core5/http/SocketModalCloseable
instanceKlass org/apache/hc/core5/http/io/ResponseOutOfOrderStrategy
instanceKlass org/apache/hc/core5/http/ContentLengthStrategy
instanceKlass org/apache/hc/core5/http/io/HttpMessageParserFactory
instanceKlass org/apache/hc/core5/http/io/HttpMessageWriterFactory
instanceKlass org/apache/hc/client5/http/impl/io/ManagedHttpClientConnectionFactory
instanceKlass org/apache/hc/core5/concurrent/BasicFuture
instanceKlass org/apache/hc/core5/pool/StrictConnPool
instanceKlass org/apache/hc/client5/http/impl/io/PoolingHttpClientConnectionManager$4
instanceKlass org/apache/hc/client5/http/SystemDefaultDnsResolver
instanceKlass org/apache/hc/client5/http/impl/DefaultSchemePortResolver
instanceKlass org/apache/hc/core5/http/config/Registry
instanceKlass org/apache/hc/core5/util/TextUtils
instanceKlass org/apache/hc/core5/http/config/RegistryBuilder
instanceKlass  @bci org/apache/hc/client5/http/impl/io/DefaultHttpClientConnectionOperator <clinit> ()V 8 <appendix> argL0 ; # org/apache/hc/client5/http/impl/io/DefaultHttpClientConnectionOperator$$Lambda+0x000000002621a798
instanceKlass org/apache/hc/client5/http/io/DetachedSocketFactory
instanceKlass org/apache/hc/client5/http/DnsResolver
instanceKlass org/apache/hc/core5/util/TimeValue
instanceKlass org/apache/hc/client5/http/impl/io/DefaultHttpClientConnectionOperator
instanceKlass org/apache/hc/client5/http/impl/PrefixedIncrementingId
instanceKlass org/apache/hc/client5/http/io/LeaseRequest
instanceKlass org/apache/hc/core5/concurrent/Cancellable
instanceKlass org/apache/hc/core5/http/io/HttpConnectionFactory
instanceKlass org/apache/hc/core5/pool/ManagedConnPool
instanceKlass org/apache/hc/core5/pool/ConnPool
instanceKlass org/apache/hc/client5/http/impl/io/PoolingHttpClientConnectionManager
instanceKlass org/apache/hc/core5/pool/ConnPoolControl
instanceKlass org/apache/hc/core5/pool/ConnPoolStats
instanceKlass org/apache/hc/client5/http/io/HttpClientConnectionOperator
instanceKlass org/apache/hc/client5/http/impl/io/PoolingHttpClientConnectionManagerBuilder
instanceKlass org/apache/hc/core5/util/Args
instanceKlass org/apache/hc/core5/net/NamedEndpoint
instanceKlass org/apache/hc/client5/http/ssl/AbstractClientTlsStrategy
instanceKlass org/apache/hc/core5/http/nio/ssl/TlsStrategy
instanceKlass  @bci sun/security/ssl/SSLContextImpl engineInit ([Ljavax/net/ssl/KeyManager;[Ljavax/net/ssl/TrustManager;Ljava/security/SecureRandom;)V 57 <appendix> argL0 ; # sun/security/ssl/SSLContextImpl$$Lambda+0x0000000026276678
instanceKlass sun/security/util/Cache$CacheVisitor
instanceKlass sun/security/ssl/SSLSessionContextImpl
instanceKlass sun/security/ssl/EphemeralKeyManager$EphemeralKeyPair
instanceKlass sun/security/ssl/EphemeralKeyManager
instanceKlass sun/security/ssl/SSLContextImpl$CustomizedSSLProtocols
instanceKlass java/security/spec/NamedParameterSpec
instanceKlass sun/security/util/ECKeySizeParameterSpec
instanceKlass java/security/KeyPairGeneratorSpi
instanceKlass javax/crypto/KeyAgreement
instanceKlass java/security/Signature$1
instanceKlass jdk/internal/access/JavaSecuritySignatureAccess
instanceKlass sun/security/ssl/JsseJce$EcAvailability
instanceKlass sun/security/ssl/SSLAlgorithmDecomposer$1
instanceKlass sun/security/ssl/Utilities
instanceKlass sun/security/ssl/JsseJce
instanceKlass sun/security/ssl/NamedGroup$XDHScheme
instanceKlass sun/security/ssl/NamedGroup$FFDHEScheme
instanceKlass sun/security/ssl/SSLPossession
instanceKlass sun/security/ssl/SSLCredentials
instanceKlass sun/security/ssl/NamedGroup$ECDHEScheme
instanceKlass sun/security/ssl/NamedGroup$NamedGroupScheme
instanceKlass com/sun/crypto/provider/ChaCha20Cipher$ChaChaEngine
instanceKlass sun/security/ssl/SSLCipher$T13CC20P1305WriteCipherGenerator
instanceKlass sun/security/ssl/SSLCipher$T12CC20P1305WriteCipherGenerator
instanceKlass sun/security/ssl/SSLCipher$T13CC20P1305ReadCipherGenerator
instanceKlass sun/security/ssl/SSLCipher$T12CC20P1305ReadCipherGenerator
instanceKlass sun/security/ssl/SSLCipher$T13GcmWriteCipherGenerator
instanceKlass sun/security/ssl/SSLCipher$T13GcmReadCipherGenerator
instanceKlass com/sun/crypto/provider/GaloisCounterMode$GCMEngine
instanceKlass sun/security/ssl/SSLCipher$T12GcmWriteCipherGenerator
instanceKlass sun/security/ssl/SSLCipher$T12GcmReadCipherGenerator
instanceKlass com/sun/crypto/provider/AESConstants
instanceKlass java/util/Vector$1
instanceKlass javax/crypto/JceSecurityManager
instanceKlass sun/security/ssl/SSLCipher$T11BlockWriteCipherGenerator
instanceKlass sun/security/ssl/SSLCipher$T11BlockReadCipherGenerator
instanceKlass com/sun/crypto/provider/PKCS5Padding
instanceKlass com/sun/crypto/provider/Padding
instanceKlass com/sun/crypto/provider/FeedbackCipher
instanceKlass com/sun/crypto/provider/CipherCore
instanceKlass com/sun/crypto/provider/DESConstants
instanceKlass com/sun/crypto/provider/SymmetricCipher
instanceKlass sun/security/ssl/SSLCipher$T10BlockWriteCipherGenerator
instanceKlass sun/security/ssl/SSLCipher$T10BlockReadCipherGenerator
instanceKlass javax/crypto/CipherSpi
instanceKlass javax/crypto/ProviderVerifier
instanceKlass java/lang/Class$Holder
instanceKlass javax/crypto/JceSecurity$1
instanceKlass java/util/Vector$Itr
instanceKlass javax/crypto/CryptoPolicyParser$CryptoPermissionEntry
instanceKlass javax/crypto/CryptoPolicyParser$GrantEntry
instanceKlass java/io/StreamTokenizer
instanceKlass javax/crypto/CryptoPolicyParser
instanceKlass java/nio/file/Files$1
instanceKlass sun/nio/fs/WindowsFileSystem$1
instanceKlass  @bci java/util/regex/Pattern negate (Ljava/util/regex/Pattern$CharPredicate;)Ljava/util/regex/Pattern$CharPredicate; 1 <appendix> member <vmtarget> ; # java/util/regex/Pattern$$Lambda+0x0000000026264410
instanceKlass sun/nio/fs/Globs
instanceKlass sun/nio/fs/WindowsFileSystemProvider$1
instanceKlass javax/crypto/JceSecurity
instanceKlass sun/security/jca/ServiceId
instanceKlass javax/crypto/Cipher$Transform
instanceKlass javax/crypto/Cipher
instanceKlass sun/security/ssl/SSLCipher$StreamWriteCipherGenerator
instanceKlass sun/security/ssl/SSLCipher$StreamReadCipherGenerator
instanceKlass sun/security/ssl/SSLCipher$SSLWriteCipher
instanceKlass sun/security/ssl/SSLCipher$NullWriteCipherGenerator
instanceKlass sun/security/ssl/SSLCipher$WriteCipherGenerator
instanceKlass sun/security/ssl/SSLCipher$SSLReadCipher
instanceKlass sun/security/ssl/SSLCipher$NullReadCipherGenerator
instanceKlass sun/security/ssl/SSLCipher$ReadCipherGenerator
instanceKlass java/util/AbstractMap$SimpleImmutableEntry
instanceKlass  @bci sun/security/util/DisabledAlgorithmConstraints checkDisabledPatterns (Ljava/lang/String;)Z 17 <appendix> member <vmtarget> ; # sun/security/util/DisabledAlgorithmConstraints$$Lambda+0x0000000026260368
instanceKlass java/time/zone/ZoneOffsetTransition
instanceKlass java/time/LocalTime
instanceKlass java/time/chrono/Chronology
instanceKlass java/time/chrono/Era
instanceKlass java/time/chrono/ChronoPeriod
instanceKlass java/time/LocalDate
instanceKlass java/time/chrono/ChronoLocalDate
instanceKlass java/time/ZonedDateTime
instanceKlass java/time/chrono/ChronoZonedDateTime
instanceKlass java/time/LocalDateTime
instanceKlass java/time/zone/ZoneOffsetTransitionRule
instanceKlass java/time/chrono/ChronoLocalDateTime
instanceKlass java/time/zone/ZoneRules
instanceKlass  @bci java/util/regex/CharPredicates ASCII_SPACE ()Ljava/util/regex/Pattern$BmpCharPredicate; 0 <appendix> argL0 ; # java/util/regex/CharPredicates$$Lambda+0x000000002625caf8
instanceKlass sun/security/util/DisabledAlgorithmConstraints$Constraints$Holder
instanceKlass java/util/StringTokenizer
instanceKlass sun/security/util/DisabledAlgorithmConstraints$Constraint
instanceKlass sun/security/util/DisabledAlgorithmConstraints$Constraints
instanceKlass  @bci java/util/regex/Pattern DOT ()Ljava/util/regex/Pattern$CharPredicate; 0 <appendix> argL0 ; # java/util/regex/Pattern$$Lambda+0x000000002625ab88
instanceKlass java/security/cert/CertPathValidatorException$Reason
instanceKlass sun/security/util/AbstractAlgorithmConstraints
instanceKlass sun/security/util/AlgorithmDecomposer
instanceKlass sun/security/ssl/SSLAlgorithmConstraints
instanceKlass sun/security/ssl/SSLTransport
instanceKlass javax/net/ssl/SSLEngine
instanceKlass javax/net/ssl/X509ExtendedKeyManager
instanceKlass javax/net/ssl/X509KeyManager
instanceKlass javax/net/ssl/SSLSessionContext
instanceKlass javax/net/ServerSocketFactory
instanceKlass javax/net/SocketFactory
instanceKlass javax/net/ssl/SSLContextSpi
instanceKlass javax/net/ssl/SSLContext
instanceKlass org/apache/hc/core5/ssl/SSLContextBuilder$TrustManagerDelegate
instanceKlass java/security/AlgorithmConstraints
instanceKlass javax/net/ssl/X509ExtendedTrustManager
instanceKlass java/util/Collections$3
instanceKlass sun/security/validator/TrustStoreUtil
instanceKlass sun/security/x509/AccessDescription
instanceKlass sun/security/x509/DNSName
instanceKlass sun/security/x509/URIName
instanceKlass sun/security/x509/DistributionPoint
instanceKlass sun/security/x509/NetscapeCertTypeExtension$MapEntry
instanceKlass java/security/cert/PolicyQualifierInfo
instanceKlass sun/security/x509/CertificatePolicyId
instanceKlass sun/security/x509/PolicyInformation
instanceKlass sun/security/util/ECUtil
instanceKlass java/security/interfaces/ECPublicKey
instanceKlass  @bci sun/security/ec/ECKeyFactory implGeneratePublic (Ljava/security/spec/KeySpec;)Ljava/security/PublicKey; 6 <appendix> member <vmtarget> ; # sun/security/ec/ECKeyFactory$$TypeSwitch+0x00000000262522b0
instanceKlass java/security/spec/ECPublicKeySpec
instanceKlass java/security/interfaces/ECPrivateKey
instanceKlass java/security/interfaces/ECKey
instanceKlass sun/security/pkcs/PKCS8Key
instanceKlass sun/security/util/InternalPrivateKey
instanceKlass java/security/AlgorithmParametersSpi
instanceKlass java/security/AlgorithmParameters
instanceKlass sun/security/x509/GeneralName
instanceKlass  @bci java/util/regex/Pattern union (Ljava/util/regex/Pattern$CharPredicate;Ljava/util/regex/Pattern$CharPredicate;Z)Ljava/util/regex/Pattern$CharPredicate; 6 <appendix> member <vmtarget> ; # java/util/regex/Pattern$$Lambda+0x00000000262505e0
instanceKlass  @bci java/util/regex/Pattern Range (II)Ljava/util/regex/Pattern$CharPredicate; 23 <appendix> member <vmtarget> ; # java/util/regex/Pattern$$Lambda+0x0000000026250348
instanceKlass java/security/PKCS12Attribute
instanceKlass java/security/KeyStore$Entry$Attribute
instanceKlass sun/util/logging/PlatformLogger
instanceKlass sun/util/logging/PlatformLogger$ConfigurableBridge$LoggerConfiguration
instanceKlass jdk/internal/logger/BootstrapLogger$RedirectedLoggers
instanceKlass jdk/internal/logger/LazyLoggers$LazyLoggerAccessor
instanceKlass jdk/internal/logger/LazyLoggers$LoggerAccessor
instanceKlass jdk/internal/logger/AbstractLoggerWrapper
instanceKlass sun/util/logging/internal/LoggingProviderImpl$LogManagerAccess
instanceKlass jdk/internal/logger/BootstrapLogger$DetectBackend
instanceKlass jdk/internal/logger/BootstrapLogger
instanceKlass sun/util/logging/PlatformLogger$ConfigurableBridge
instanceKlass sun/util/logging/PlatformLogger$Bridge
instanceKlass java/lang/System$LoggerFinder
instanceKlass jdk/internal/logger/LazyLoggers$LazyLoggerFactories
instanceKlass jdk/internal/logger/LazyLoggers$1
instanceKlass jdk/internal/logger/LazyLoggers
instanceKlass jdk/internal/event/EventHelper$ThreadTrackHolder
instanceKlass java/util/jar/JarFile$ThreadTrackHolder
instanceKlass jdk/internal/event/EventHelper
instanceKlass sun/security/jca/JCAUtil
instanceKlass sun/security/x509/GeneralNames
instanceKlass sun/security/x509/KeyIdentifier
# instanceKlass java/lang/invoke/LambdaForm$MH+0x0000000026210800
instanceKlass sun/security/x509/OIDMap$OIDInfo
instanceKlass sun/security/x509/PKIXExtensions
instanceKlass sun/security/x509/OIDMap
instanceKlass sun/security/x509/Extension
instanceKlass java/security/cert/Extension
instanceKlass sun/security/x509/CertificateExtensions
instanceKlass sun/security/rsa/RSAUtil
instanceKlass java/security/interfaces/RSAPublicKey
instanceKlass java/security/interfaces/RSAKey
instanceKlass  @bci sun/security/rsa/RSAKeyFactory generatePublic (Ljava/security/spec/KeySpec;)Ljava/security/PublicKey; 6 <appendix> member <vmtarget> ; # sun/security/rsa/RSAKeyFactory$$TypeSwitch+0x0000000026247e98
instanceKlass java/lang/classfile/CodeModel
instanceKlass java/lang/classfile/MethodModel
instanceKlass java/lang/classfile/FieldModel
instanceKlass  @bci jdk/internal/classfile/impl/ClassFileImpl attributeMapper ()Ljava/util/function/Function; 7 <appendix> argL0 ; # jdk/internal/classfile/impl/ClassFileImpl$$Lambda+0x80000004b
instanceKlass java/lang/classfile/ClassModel
instanceKlass java/lang/classfile/AttributedElement
instanceKlass java/lang/classfile/CompoundElement
instanceKlass java/lang/classfile/instruction/SwitchCase
instanceKlass  @bci java/lang/runtime/SwitchBootstraps generateTypeSwitchSkeleton (Ljava/lang/Class;[Ljava/lang/Object;Ljava/util/List;Ljava/util/List;)Ljava/util/function/Consumer; 45 <appendix> member <vmtarget> ; # java/lang/runtime/SwitchBootstraps$$Lambda+0x0000000026244708
instanceKlass java/lang/classfile/AccessFlags
instanceKlass  @bci java/lang/runtime/SwitchBootstraps generateTypeSwitch (Ljava/lang/invoke/MethodHandles$Lookup;Ljava/lang/Class;[Ljava/lang/Object;)Ljava/lang/invoke/MethodHandle; 70 <appendix> member <vmtarget> ; # java/lang/runtime/SwitchBootstraps$$Lambda+0x0000000026244028
instanceKlass java/lang/invoke/DirectMethodHandle$1
instanceKlass jdk/internal/misc/PreviewFeatures
instanceKlass java/lang/runtime/SwitchBootstraps
instanceKlass java/security/spec/PSSParameterSpec
instanceKlass java/security/spec/RSAPrivateKeySpec
instanceKlass java/security/spec/RSAPublicKeySpec
instanceKlass java/security/PrivateKey
instanceKlass java/security/KeyFactorySpi
instanceKlass sun/security/jca/ProviderList$ServiceIterator
instanceKlass java/security/KeyFactory
instanceKlass  @bci java/security/spec/EncodedKeySpec <clinit> ()V 0 <appendix> argL0 ; # java/security/spec/EncodedKeySpec$$Lambda+0x0000000026241d20
instanceKlass jdk/internal/access/JavaSecuritySpecAccess
instanceKlass sun/security/util/BitArray
instanceKlass java/io/ObjectStreamConstants
instanceKlass java/io/ObjectInput
instanceKlass sun/security/x509/X509Key
instanceKlass java/security/PublicKey
instanceKlass java/security/AsymmetricKey
instanceKlass sun/security/x509/CertificateX509Key
instanceKlass sun/security/x509/CertificateValidity
instanceKlass sun/security/x509/AVA
instanceKlass sun/security/x509/RDN
instanceKlass sun/security/x509/X500Name
instanceKlass sun/security/x509/GeneralNameInterface
instanceKlass sun/security/x509/CertificateAlgorithmId
instanceKlass sun/security/x509/SerialNumber
instanceKlass sun/security/x509/CertificateSerialNumber
instanceKlass sun/security/x509/CertificateVersion
instanceKlass sun/security/x509/X509CertInfo
instanceKlass sun/security/x509/AlgorithmId
instanceKlass sun/security/util/Cache$EqualByteArray
instanceKlass sun/security/util/MemoryCache$CacheEntry
instanceKlass sun/security/util/Cache
instanceKlass java/security/cert/CRL
instanceKlass java/security/cert/CertPath
instanceKlass java/security/cert/CertificateFactorySpi
instanceKlass java/security/cert/CertificateFactory
instanceKlass sun/security/pkcs/ContentInfo
instanceKlass sun/security/util/IOUtils
instanceKlass sun/security/util/DerInputStream
instanceKlass sun/security/util/DerValue
instanceKlass javax/crypto/SecretKey
instanceKlass javax/security/auth/Destroyable
instanceKlass java/security/spec/EncodedKeySpec
instanceKlass java/security/spec/KeySpec
instanceKlass sun/security/pkcs12/PKCS12KeyStore$Entry
instanceKlass java/security/DEREncodable
instanceKlass java/security/cert/X509Extension
instanceKlass java/security/Key
instanceKlass java/security/KeyStore$Entry
instanceKlass java/security/KeyStoreSpi
instanceKlass java/lang/System$Logger
instanceKlass sun/security/ssl/SSLLogger
instanceKlass sun/security/util/FilePaths
instanceKlass sun/security/ssl/TrustStoreManager$TrustStoreDescriptor
instanceKlass sun/security/ssl/TrustStoreManager$TrustAnchorManager
instanceKlass sun/security/ssl/TrustStoreManager
instanceKlass javax/net/ssl/X509TrustManager
instanceKlass java/security/spec/ECFieldF2m
instanceKlass sun/security/util/ObjectIdentifier
instanceKlass sun/security/util/ByteArrayTagOrder
instanceKlass sun/security/util/ByteArrayLexOrder
instanceKlass sun/security/util/DerEncoder
instanceKlass java/security/spec/ECPoint
instanceKlass java/security/spec/EllipticCurve
instanceKlass java/security/spec/ECFieldFp
instanceKlass java/security/spec/ECParameterSpec
instanceKlass java/security/spec/AlgorithmParameterSpec
instanceKlass java/security/spec/ECField
instanceKlass sun/security/util/CurveDB
instanceKlass java/security/SignatureSpi
instanceKlass sun/security/rsa/SunRsaSignEntries
instanceKlass javax/net/ssl/TrustManagerFactorySpi
instanceKlass io/github/bonigarcia/wdm/online/HttpClient$1
instanceKlass javax/net/ssl/TrustManagerFactory
instanceKlass java/security/KeyStore
instanceKlass javax/net/ssl/KeyManagerFactory
instanceKlass javax/net/ssl/TrustManager
instanceKlass javax/net/ssl/KeyManager
instanceKlass org/apache/hc/core5/ssl/SSLContextBuilder
instanceKlass org/apache/hc/core5/ssl/SSLContexts
instanceKlass  @bci io/github/bonigarcia/wdm/online/HttpClient <init> (Lio/github/bonigarcia/wdm/config/Config;)V 35 <appendix> argL0 ; # io/github/bonigarcia/wdm/online/HttpClient$$Lambda+0x0000000026212a98
instanceKlass javax/net/ssl/SSLSession
instanceKlass javax/net/ssl/HostnameVerifier
instanceKlass org/apache/hc/client5/http/config/Configurable
instanceKlass org/apache/hc/client5/http/impl/classic/CloseableHttpClient
instanceKlass org/apache/hc/client5/http/classic/HttpClient
instanceKlass org/apache/hc/client5/http/auth/CredentialsProvider
instanceKlass org/apache/hc/client5/http/cookie/CookieStore
instanceKlass org/apache/hc/client5/http/protocol/RedirectStrategy
instanceKlass org/apache/hc/client5/http/routing/HttpRoutePlanner
instanceKlass org/apache/hc/client5/http/HttpRequestRetryStrategy
instanceKlass org/apache/hc/core5/http/config/Lookup
instanceKlass org/apache/hc/core5/http/protocol/HttpProcessor
instanceKlass org/apache/hc/client5/http/SchemePortResolver
instanceKlass org/apache/hc/core5/http/HttpResponseInterceptor
instanceKlass org/apache/hc/core5/http/HttpRequestInterceptor
instanceKlass org/apache/hc/client5/http/UserTokenHandler
instanceKlass org/apache/hc/client5/http/AuthenticationStrategy
instanceKlass org/apache/hc/client5/http/ConnectionKeepAliveStrategy
instanceKlass org/apache/hc/core5/http/ConnectionReuseStrategy
instanceKlass org/apache/hc/client5/http/impl/classic/HttpClientBuilder
instanceKlass org/apache/hc/client5/http/auth/Credentials
instanceKlass org/apache/hc/core5/http/protocol/HttpContext
instanceKlass org/apache/hc/client5/http/io/HttpClientConnectionManager
instanceKlass org/apache/hc/core5/io/ModalCloseable
instanceKlass org/apache/hc/client5/http/ssl/TlsSocketStrategy
instanceKlass org/apache/hc/core5/ssl/TrustStrategy
instanceKlass io/github/bonigarcia/wdm/online/HttpClient
instanceKlass io/github/bonigarcia/wdm/cache/CacheHandler
instanceKlass org/apache/commons/lang3/CharSequenceUtils
instanceKlass org/apache/commons/lang3/Strings
instanceKlass  @bci org/apache/commons/lang3/SystemUtils <clinit> ()V 222 <appendix> argL0 ; # org/apache/commons/lang3/SystemUtils$$Lambda+0x000000002620fd00
instanceKlass jdk/internal/math/ToDecimal
instanceKlass org/apache/commons/lang3/math/NumberUtils
instanceKlass  @bci org/apache/commons/lang3/SystemProperties getProperty (Ljava/lang/String;Ljava/lang/String;)Ljava/lang/String; 2 <appendix> member <vmtarget> ; # org/apache/commons/lang3/SystemProperties$$Lambda+0x000000002620f6c0
instanceKlass  @bci java/util/regex/CharPredicates forUnicodeBlock (Ljava/lang/String;)Ljava/util/regex/Pattern$CharPredicate; 6 <appendix> member <vmtarget> ; # java/util/regex/CharPredicates$$Lambda+0x00000000261ec468
instanceKlass java/lang/Character$Subset
instanceKlass org/apache/commons/lang3/StringUtils
instanceKlass  @bci org/apache/commons/lang3/function/Suppliers <clinit> ()V 0 <appendix> argL0 ; # org/apache/commons/lang3/function/Suppliers$$Lambda+0x000000002620f038
instanceKlass org/apache/commons/lang3/function/Suppliers
instanceKlass org/apache/commons/lang3/SystemProperties
instanceKlass org/apache/commons/lang3/SystemUtils
instanceKlass  @bci io/github/bonigarcia/wdm/config/Architecture matchString (Ljava/lang/String;)Z 10 <appendix> member <vmtarget> ; # io/github/bonigarcia/wdm/config/Architecture$$Lambda+0x000000002620e7a8
instanceKlass io/github/bonigarcia/wdm/config/ConfigKey
instanceKlass io/github/bonigarcia/wdm/config/Config
instanceKlass sun/nio/fs/WindowsUriSupport
instanceKlass java/util/AbstractMap$SimpleEntry
instanceKlass jdk/internal/jimage/ImageBufferCache$2
instanceKlass jdk/internal/jimage/ImageBufferCache
instanceKlass java/nio/channels/AsynchronousFileChannel
instanceKlass java/nio/channels/AsynchronousChannel
instanceKlass io/github/bonigarcia/wdm/versions/VersionDetector
instanceKlass io/github/bonigarcia/wdm/online/S3NamespaceContext
instanceKlass org/apache/hc/core5/http/ClassicHttpRequest
instanceKlass org/apache/hc/core5/http/HttpEntityContainer
instanceKlass org/apache/hc/core5/http/HttpRequest
instanceKlass org/apache/hc/core5/http/HttpMessage
instanceKlass org/apache/hc/core5/http/MessageHeaders
instanceKlass org/openqa/selenium/Capabilities
instanceKlass javax/xml/namespace/NamespaceContext
instanceKlass io/github/bonigarcia/wdm/WebDriverManager
instanceKlass QAcart/Testing_UI/Base/DriverSetup
instanceKlass java/util/concurrent/Callable
instanceKlass org/testng/IHookCallBack
instanceKlass org/testng/IConfigureCallBack
instanceKlass org/testng/internal/invokers/MethodInvocationHelper
instanceKlass org/testng/Reporter
instanceKlass com/intellij/rt/execution/junit/MapSerializerUtil$1
instanceKlass com/intellij/rt/execution/junit/MapSerializerUtil$EscapeInfoProvider
instanceKlass com/intellij/rt/execution/junit/MapSerializerUtil
instanceKlass com/intellij/rt/testng/IDEATestNGRemoteListener$DelegatedResult
instanceKlass  @bci io/qameta/allure/listener/LifecycleNotifier afterFixtureStart (Lio/qameta/allure/model/FixtureResult;)V 5 <appendix> argL0 ; # io/qameta/allure/listener/LifecycleNotifier$$Lambda+0x00000000262073c0
instanceKlass  @bci io/qameta/allure/listener/LifecycleNotifier beforeFixtureStart (Lio/qameta/allure/model/FixtureResult;)V 5 <appendix> argL0 ; # io/qameta/allure/listener/LifecycleNotifier$$Lambda+0x0000000026207188
instanceKlass  @bci io/qameta/allure/AllureLifecycle startPrepareFixture (Ljava/lang/String;Ljava/lang/String;Lio/qameta/allure/model/FixtureResult;)V 10 <appendix> member <vmtarget> ; # io/qameta/allure/AllureLifecycle$$Lambda+0x0000000026206f48
instanceKlass io/qameta/allure/Description
instanceKlass  @bci io/qameta/allure/testng/AllureTestNg getFixtureResult (Lorg/testng/ITestNGMethod;)Lio/qameta/allure/model/FixtureResult; 73 <appendix> member <vmtarget> ; # io/qameta/allure/testng/AllureTestNg$$Lambda+0x0000000026206b00
instanceKlass  @bci io/qameta/allure/testng/AllureTestNg getFixtureResult (Lorg/testng/ITestNGMethod;)Lio/qameta/allure/model/FixtureResult; 62 <appendix> member <vmtarget> ; # io/qameta/allure/testng/AllureTestNg$$Lambda+0x00000000262068c0
instanceKlass  @cpi io/github/bonigarcia/wdm/WebDriverManager 2512 form vmentry <vmtarget> ; # java/lang/invoke/LambdaForm$DMH+0x0000000026204400
instanceKlass  @bci io/qameta/allure/util/ResultsUtils firstNonEmpty ([Ljava/lang/String;)Ljava/util/Optional; 14 <appendix> argL0 ; # io/qameta/allure/util/ResultsUtils$$Lambda+0x0000000026206468
instanceKlass  @bci io/qameta/allure/util/ResultsUtils firstNonEmpty ([Ljava/lang/String;)Ljava/util/Optional; 4 <appendix> argL0 ; # io/qameta/allure/util/ResultsUtils$$Lambda+0x0000000026206210
instanceKlass io/qameta/allure/util/ResultsUtils
instanceKlass io/qameta/allure/model/FixtureResult
instanceKlass io/qameta/allure/model/ExecutableItem
instanceKlass io/qameta/allure/model/WithSteps
instanceKlass io/qameta/allure/model/WithStatusDetails
instanceKlass io/qameta/allure/model/WithStatus
instanceKlass io/qameta/allure/model/WithParameters
instanceKlass io/qameta/allure/model/WithAttachments
instanceKlass org/testng/internal/invokers/InvokedMethodListenerInvoker
instanceKlass org/testng/internal/invokers/InvokedMethod
instanceKlass java/util/AbstractList$RandomAccessSpliterator
instanceKlass  @bci java/util/stream/Collectors toUnmodifiableList ()Ljava/util/stream/Collector; 19 <appendix> argL0 ; # java/util/stream/Collectors$$Lambda+0x00000000261e89b8
instanceKlass  @bci java/util/stream/Collectors toUnmodifiableList ()Ljava/util/stream/Collector; 14 <appendix> argL0 ; # java/util/stream/Collectors$$Lambda+0x00000000261e8768
instanceKlass  @bci java/util/stream/Collectors toUnmodifiableList ()Ljava/util/stream/Collector; 9 <appendix> argL0 ; # java/util/stream/Collectors$$Lambda+0x00000000261e8530
instanceKlass  @bci java/util/stream/Collectors toUnmodifiableList ()Ljava/util/stream/Collector; 4 <appendix> argL0 ; # java/util/stream/Collectors$$Lambda+0x00000000261e8308
instanceKlass  @bci org/testng/TestRunner getConfigurationListeners ()Ljava/util/List; 24 <appendix> argL0 ; # org/testng/TestRunner$$Lambda+0x0000000026201f10
instanceKlass  @bci org/testng/TestRunner getConfigurationListeners ()Ljava/util/List; 9 <appendix> argL0 ; # org/testng/TestRunner$$Lambda+0x0000000026201cc8
instanceKlass org/testng/internal/ClassBasedWrapper
instanceKlass  @bci org/testng/internal/Parameters retrieveConfigAnnotation (Ljava/lang/reflect/Method;)Ljava/lang/Class; 9 <appendix> member <vmtarget> ; # org/testng/internal/Parameters$$Lambda+0x0000000026201850
instanceKlass  @bci org/testng/internal/invokers/ConfigInvoker classConfigurationFailed (Ljava/lang/Class;Ljava/lang/Object;)Z 17 <appendix> member <vmtarget> ; # org/testng/internal/invokers/ConfigInvoker$$Lambda+0x00000000262015f0
instanceKlass  @cpi org/testng/internal/invokers/ConfigInvoker 995 form vmentry <vmtarget> ; # java/lang/invoke/LambdaForm$DMH+0x0000000026204000
instanceKlass  @bci org/testng/internal/invokers/ConfigInvoker canIgnoreConfigFailure (Lorg/testng/IClass;Lorg/testng/ITestNGMethod;)Z 143 <appendix> argL0 ; # org/testng/internal/invokers/ConfigInvoker$$Lambda+0x0000000026201398
instanceKlass org/testng/internal/invokers/GroupConfigMethodArguments$Builder
instanceKlass org/testng/internal/TestResult
instanceKlass org/testng/internal/thread/ThreadUtil
instanceKlass org/testng/internal/reflect/ReflectionRecipes$ListBackedImmutableQueue
instanceKlass org/testng/internal/reflect/InjectableParameter$Assistant
instanceKlass org/testng/internal/reflect/AbstractMethodMatcher
instanceKlass org/testng/internal/reflect/ReflectionRecipes
instanceKlass org/testng/internal/reflect/MethodMatcherContext
instanceKlass  @bci org/testng/collections/CollectionUtils asIterable (Ljava/util/Iterator;)Ljava/lang/Iterable; 1 <appendix> member <vmtarget> ; # org/testng/collections/CollectionUtils$$Lambda+0x00000000261dd450
instanceKlass org/testng/collections/CollectionUtils
instanceKlass org/testng/internal/invokers/MethodRunner
instanceKlass org/testng/internal/invokers/ParameterHandler$ParameterBag
instanceKlass org/testng/internal/invokers/ParameterHolder
instanceKlass org/testng/internal/collections/ArrayIterator
instanceKlass org/testng/IDataProviderMethod
instanceKlass org/testng/internal/reflect/MethodMatcher
instanceKlass org/testng/internal/Parameters
instanceKlass org/testng/internal/Parameters$MethodParameters
instanceKlass org/testng/internal/invokers/ParameterHandler
instanceKlass org/testng/internal/invokers/ITestInvoker$FailureContext
instanceKlass org/testng/internal/invokers/TestInvoker$MethodInvocationAgent
instanceKlass org/testng/internal/invokers/TestMethodArguments$Builder
instanceKlass  @bci org/testng/internal/invokers/TestNgMethodUtils isSameInstance (Lorg/testng/ITestNGMethod;Ljava/lang/Object;)Z 10 <appendix> argL0 ; # org/testng/internal/invokers/TestNgMethodUtils$$Lambda+0x00000000261dbb68
instanceKlass org/testng/internal/invokers/TestNgMethodUtils
instanceKlass org/testng/internal/invokers/Arguments
instanceKlass org/testng/internal/invokers/ConfigMethodArguments$Builder
instanceKlass java/util/LinkedList$ListItr
instanceKlass  @bci org/testng/internal/invokers/TestMethodWorker invokeBeforeClassMethods (Lorg/testng/ITestClass;Lorg/testng/IMethodInstance;)V 10 <appendix> argL0 ; # org/testng/internal/invokers/TestMethodWorker$$Lambda+0x00000000261dade0
instanceKlass  @bci org/testng/internal/KeyAwareAutoCloseableLock$AutoReleasable <init> (Lorg/testng/internal/AutoCloseableLock;Ljava/lang/Runnable;)V 26 <appendix> argL0 ; # org/testng/internal/KeyAwareAutoCloseableLock$AutoReleasable$$Lambda+0x00000000261dabb8
instanceKlass  @bci org/testng/internal/KeyAwareAutoCloseableLock lockForObject (Ljava/lang/Object;)Lorg/testng/internal/KeyAwareAutoCloseableLock$AutoReleasable; 32 <appendix> member <vmtarget> ; # org/testng/internal/KeyAwareAutoCloseableLock$$Lambda+0x00000000261da988
instanceKlass org/testng/internal/KeyAwareAutoCloseableLock$AutoReleasable
instanceKlass  @bci org/testng/internal/KeyAwareAutoCloseableLock lockForObject (Ljava/lang/Object;)Lorg/testng/internal/KeyAwareAutoCloseableLock$AutoReleasable; 8 <appendix> argL0 ; # org/testng/internal/KeyAwareAutoCloseableLock$$Lambda+0x00000000261da508
instanceKlass  @bci org/testng/internal/BaseTestMethod getInstanceId ()Ljava/util/UUID; 7 <appendix> argL0 ; # org/testng/internal/BaseTestMethod$$Lambda+0x00000000261da2c0
instanceKlass  @bci org/testng/TestRunner privateRun (Lorg/testng/xml/XmlTest;)V 366 <appendix> argL0 ; # org/testng/TestRunner$$Lambda+0x00000000261da088
instanceKlass  @cpi org/testng/TestRunner 1568 form vmentry <vmtarget> ; # java/lang/invoke/LambdaForm$DMH+0x00000000261dc000
instanceKlass  @bci org/testng/TestRunner createWorkers (Ljava/util/List;)Ljava/util/List; 97 <appendix> argL0 ; # org/testng/TestRunner$$Lambda+0x00000000261d9e30
instanceKlass  @bci org/testng/TestRunner createWorkers (Ljava/util/List;)Ljava/util/List; 87 <appendix> argL0 ; # org/testng/TestRunner$$Lambda+0x00000000261d9be8
instanceKlass  @bci org/testng/internal/invokers/ClassBasedParallelWorker findClasses (Ljava/util/List;Ljava/lang/Class;)Ljava/util/List; 7 <appendix> member <vmtarget> ; # org/testng/internal/invokers/ClassBasedParallelWorker$$Lambda+0x00000000261d9988
instanceKlass org/testng/internal/KeyAwareAutoCloseableLock
instanceKlass org/testng/internal/invokers/TestMethodWorker
instanceKlass  @bci org/testng/internal/invokers/ClassBasedParallelWorker shouldRunSequentially (Ljava/lang/Class;Ljava/util/Set;)Z 17 <appendix> member <vmtarget> ; # org/testng/internal/invokers/ClassBasedParallelWorker$$Lambda+0x00000000261d91f8
instanceKlass org/testng/internal/XmlTestUtils
instanceKlass  @bci org/testng/internal/invokers/ClassBasedParallelWorker methodsToMultipleMethodInstances ([Lorg/testng/ITestNGMethod;)Ljava/util/List; 4 <appendix> argL0 ; # org/testng/internal/invokers/ClassBasedParallelWorker$$Lambda+0x00000000261d8da0
instanceKlass java/util/ArrayList$SubList$1
instanceKlass org/testng/internal/invokers/AbstractParallelWorker
instanceKlass org/testng/internal/invokers/AbstractParallelWorker$Arguments
instanceKlass org/testng/internal/invokers/AbstractParallelWorker$Arguments$Builder
instanceKlass org/testng/internal/TestMethodComparator
instanceKlass  @bci org/testng/TestRunner privateRun (Lorg/testng/xml/XmlTest;)V 192 <appendix> argL0 ; # org/testng/TestRunner$$Lambda+0x00000000261d7ba8
instanceKlass  @bci org/testng/internal/DynamicGraph dependencies (Ljava/util/Map;)Ljava/util/List; 4 <appendix> argL0 ; # org/testng/internal/DynamicGraph$$Lambda+0x00000000261d7960
instanceKlass  @bci org/testng/internal/DynamicGraphHelper classComparator ()Ljava/util/Comparator; 0 <appendix> argL0 ; # org/testng/internal/DynamicGraphHelper$$Lambda+0x00000000261d7738
instanceKlass  @bci org/testng/internal/DynamicGraphHelper createClassDependencies ([Lorg/testng/ITestNGMethod;Lorg/testng/xml/XmlTest;)Lorg/testng/collections/ListMultiMap; 75 <appendix> member <vmtarget> ; # org/testng/internal/DynamicGraphHelper$$Lambda+0x00000000261d74d8
instanceKlass  @bci org/testng/internal/DynamicGraphHelper lambda$createDynamicGraph$3 (Lorg/testng/internal/DynamicGraph;Lorg/testng/DependencyMap;Ljava/util/concurrent/atomic/AtomicReference;Lorg/testng/ITestNGMethod;)V 97 <appendix> member <vmtarget> ; # org/testng/internal/DynamicGraphHelper$$Lambda+0x00000000261d7298
instanceKlass  @bci org/testng/internal/DynamicGraphHelper lambda$createDynamicGraph$3 (Lorg/testng/internal/DynamicGraph;Lorg/testng/DependencyMap;Ljava/util/concurrent/atomic/AtomicReference;Lorg/testng/ITestNGMethod;)V 49 <appendix> member <vmtarget> ; # org/testng/internal/DynamicGraphHelper$$Lambda+0x00000000261d7058
instanceKlass  @bci org/testng/internal/DynamicGraphHelper createDynamicGraph ([Lorg/testng/ITestNGMethod;Lorg/testng/xml/XmlTest;)Lorg/testng/internal/DynamicGraph; 38 <appendix> member <vmtarget> ; # org/testng/internal/DynamicGraphHelper$$Lambda+0x00000000261d6e18
instanceKlass  @bci org/testng/collections/MultiMap put (Ljava/lang/Object;Ljava/lang/Object;)Z 16 <appendix> member <vmtarget> ; # org/testng/collections/MultiMap$$Lambda+0x00000000261d6bc8
instanceKlass org/testng/DependencyMap
instanceKlass org/testng/internal/DynamicGraph$Edges
instanceKlass org/testng/internal/DynamicGraph
instanceKlass org/testng/internal/DynamicGraphHelper
instanceKlass  @bci org/testng/TestRunner privateRun (Lorg/testng/xml/XmlTest;)V 33 <appendix> member <vmtarget> ; # org/testng/TestRunner$$Lambda+0x00000000261d6000
instanceKlass  @bci org/testng/internal/MethodHelper methodInstancesToMethods (Ljava/util/List;)Ljava/util/List; 6 <appendix> argL0 ; # org/testng/internal/MethodHelper$$Lambda+0x00000000261d3c00
instanceKlass  @bci java/util/stream/SortedOps$RefSortingSink end ()V 48 <appendix> member <vmtarget> ; # java/util/stream/SortedOps$RefSortingSink$$Lambda+0x00000000261e66c8
instanceKlass io/qameta/allure/testfilter/TestPlanV1_0
instanceKlass  @bci java/util/Comparator comparing (Ljava/util/function/Function;Ljava/util/Comparator;)Ljava/util/Comparator; 12 <appendix> member <vmtarget> ; # java/util/Comparator$$Lambda+0x00000000261e6158
instanceKlass  @cpi java/util/Comparator 256 form vmentry <vmtarget> ; # java/lang/invoke/LambdaForm$DMH+0x00000000261d5c00
instanceKlass java/util/Comparators$NullComparator
instanceKlass  @bci io/qameta/allure/testng/AllureTestNgTestFilter intercept (Ljava/util/List;Lorg/testng/ITestContext;)Ljava/util/List; 22 <appendix> argL0 ; # io/qameta/allure/testng/AllureTestNgTestFilter$$Lambda+0x00000000261d37a8
instanceKlass  @bci io/qameta/allure/testng/AllureTestNgTestFilter intercept (Ljava/util/List;Lorg/testng/ITestContext;)Ljava/util/List; 17 <appendix> argL0 ; # io/qameta/allure/testng/AllureTestNgTestFilter$$Lambda+0x00000000261d3560
instanceKlass  @bci io/qameta/allure/testng/AllureTestNgTestFilter intercept (Ljava/util/List;Lorg/testng/ITestContext;)Ljava/util/List; 7 <appendix> member <vmtarget> ; # io/qameta/allure/testng/AllureTestNgTestFilter$$Lambda+0x00000000261d3300
instanceKlass org/testng/internal/MethodInstance$1
instanceKlass  @bci org/testng/internal/MethodHelper methodsToMethodInstances (Ljava/util/List;)Ljava/util/List; 6 <appendix> argL0 ; # org/testng/internal/MethodHelper$$Lambda+0x00000000261d2e08
instanceKlass org/testng/internal/MethodInstance
instanceKlass  @bci io/qameta/allure/testng/AllureTestNg onStart (Lorg/testng/ITestContext;)V 155 <appendix> member <vmtarget> ; # io/qameta/allure/testng/AllureTestNg$$Lambda+0x00000000261d2980
instanceKlass  @bci io/qameta/allure/testng/AllureTestNg onStart (Lorg/testng/ITestContext;)V 143 <appendix> member <vmtarget> ; # io/qameta/allure/testng/AllureTestNg$$Lambda+0x00000000261d2720
instanceKlass  @cpi io/qameta/allure/testng/AllureTestNgTestFilter 206 form vmentry <vmtarget> ; # java/lang/invoke/LambdaForm$DMH+0x00000000261d5800
instanceKlass  @bci io/qameta/allure/testng/AllureTestNg onStart (Lorg/testng/ITestContext;)V 124 <appendix> argL0 ; # io/qameta/allure/testng/AllureTestNg$$Lambda+0x00000000261d24c8
instanceKlass  @bci io/qameta/allure/testng/AllureTestNg onStart (Lorg/testng/ITestContext;)V 114 <appendix> argL0 ; # io/qameta/allure/testng/AllureTestNg$$Lambda+0x00000000261d2270
instanceKlass  @bci io/qameta/allure/testng/AllureTestNg onStart (Lorg/testng/ITestContext;)V 83 <appendix> member <vmtarget> ; # io/qameta/allure/testng/AllureTestNg$$Lambda+0x00000000261d2030
instanceKlass  @bci io/qameta/allure/testng/AllureTestNg onStart (Lorg/testng/ITestContext;)V 67 <appendix> argL0 ; # io/qameta/allure/testng/AllureTestNg$$Lambda+0x00000000261d1de8
instanceKlass  @bci io/qameta/allure/AllureLifecycle startTestContainer (Ljava/lang/String;Lio/qameta/allure/model/TestResultContainer;)V 10 <appendix> member <vmtarget> ; # io/qameta/allure/AllureLifecycle$$Lambda+0x00000000261d1ba8
instanceKlass  @bci io/qameta/allure/internal/AllureStorage get (Ljava/lang/String;Ljava/lang/Class;)Ljava/util/Optional; 54 <appendix> member <vmtarget> ; # io/qameta/allure/internal/AllureStorage$$Lambda+0x00000000261d1958
instanceKlass  @bci io/qameta/allure/internal/AllureStorage get (Ljava/lang/String;Ljava/lang/Class;)Ljava/util/Optional; 40 <appendix> member <vmtarget> ; # io/qameta/allure/internal/AllureStorage$$Lambda+0x00000000261d16f8
instanceKlass  @bci org/testng/TestRunner logStart ()V 33 <appendix> form vmentry <vmtarget> ; # java/lang/invoke/LambdaForm$MH+0x00000000261d5400
# instanceKlass java/lang/invoke/LambdaForm$BMH+0x00000000261d5000
instanceKlass  @bci org/testng/TestRunner logStart ()V 33 <appendix> form names 7 function resolvedHandle form vmentry <vmtarget> ; # java/lang/invoke/LambdaForm$DMH+0x00000000261d4c00
instanceKlass  @bci org/testng/util/Strings valueOf (Ljava/util/Map;)Ljava/lang/String; 11 <appendix> argL0 ; # org/testng/util/Strings$$Lambda+0x00000000261d14b0
instanceKlass  @bci org/testng/SuiteRunner runTest (Lorg/testng/TestRunner;)V 10 <appendix> member <vmtarget> ; # org/testng/SuiteRunner$$Lambda+0x00000000261d1270
instanceKlass  @bci org/openqa/selenium/net/UrlChecker lambda$static$0 (Ljava/lang/Runnable;)Ljava/lang/Thread; 11 <appendix> form vmentry <vmtarget> ; # java/lang/invoke/LambdaForm$MH+0x00000000261d4400
instanceKlass  @bci org/testng/SuiteRunner privateRun ()V 73 <appendix> member <vmtarget> ; # org/testng/SuiteRunner$$Lambda+0x00000000261d1030
instanceKlass  @bci org/testng/SuiteRunner getAllMethods ()Ljava/util/List; 9 <appendix> argL0 ; # org/testng/SuiteRunner$$Lambda+0x00000000261d0de8
instanceKlass  @bci io/qameta/allure/listener/LifecycleNotifier afterContainerStart (Lio/qameta/allure/model/TestResultContainer;)V 5 <appendix> argL0 ; # io/qameta/allure/listener/LifecycleNotifier$$Lambda+0x00000000261d0bb0
instanceKlass  @bci io/qameta/allure/listener/LifecycleNotifier runSafely (Ljava/util/List;Ljava/util/function/BiConsumer;Ljava/lang/Object;)V 3 <appendix> member <vmtarget> ; # io/qameta/allure/listener/LifecycleNotifier$$Lambda+0x00000000261d0970
instanceKlass  @bci io/qameta/allure/listener/LifecycleNotifier beforeContainerStart (Lio/qameta/allure/model/TestResultContainer;)V 5 <appendix> argL0 ; # io/qameta/allure/listener/LifecycleNotifier$$Lambda+0x00000000261d0738
instanceKlass  @cpi java/util/stream/StreamSpliterators$WrappingSpliterator 151 form vmentry <vmtarget> ; # java/lang/invoke/LambdaForm$DMH+0x00000000261d4000
instanceKlass io/qameta/allure/model/TestResultContainer
instanceKlass io/qameta/allure/model/WithLinks
instanceKlass  @bci org/testng/internal/ListenerOrderDeterminer lambda$static$2 (Ljava/lang/Class;)Z 9 <appendix> member <vmtarget> ; # org/testng/internal/ListenerOrderDeterminer$$Lambda+0x00000000261d0000
instanceKlass org/testng/SuiteRunnerWorker
instanceKlass org/testng/thread/IWorker
instanceKlass  @bci org/testng/TestNG createSuiteRunner (Lorg/testng/xml/XmlSuite;)Lorg/testng/SuiteRunner; 273 <appendix> member <vmtarget> ; # org/testng/TestNG$$Lambda+0x00000000261c9a60
instanceKlass  @bci org/testng/TestRunner addTestListener (Lorg/testng/ITestListener;)V 10 <appendix> member <vmtarget> ; # org/testng/TestRunner$$Lambda+0x00000000261c9800
instanceKlass  @bci org/testng/TestRunner addConfigurationListener (Lorg/testng/IConfigurationListener;)V 10 <appendix> member <vmtarget> ; # org/testng/TestRunner$$Lambda+0x00000000261cbb68
instanceKlass org/testng/internal/DefaultListenerFactory
instanceKlass  @bci org/testng/internal/TestListenerHelper findAllListeners (Ljava/lang/Class;Lorg/testng/internal/annotations/IAnnotationFinder;)Lorg/testng/internal/TestListenerHelper$ListenerHolder; 75 <appendix> member <vmtarget> ; # org/testng/internal/TestListenerHelper$$Lambda+0x00000000261cb6f8
instanceKlass  @bci org/testng/internal/TestListenerHelper findAllListeners (Ljava/lang/Class;Lorg/testng/internal/annotations/IAnnotationFinder;)Lorg/testng/internal/TestListenerHelper$ListenerHolder; 59 <appendix> argL0 ; # org/testng/internal/TestListenerHelper$$Lambda+0x00000000261cb4b0
instanceKlass  @bci org/testng/internal/TestListenerHelper findAllListeners (Ljava/lang/Class;Lorg/testng/internal/annotations/IAnnotationFinder;)Lorg/testng/internal/TestListenerHelper$ListenerHolder; 45 <appendix> member <vmtarget> ; # org/testng/internal/TestListenerHelper$$Lambda+0x00000000261cb270
instanceKlass org/testng/internal/TestListenerHelper$ListenerHolder
instanceKlass org/testng/internal/TestListenerHelper
instanceKlass org/testng/internal/ConfigurationGroupMethods
instanceKlass  @bci org/testng/ClassMethodMap <init> (Ljava/util/List;Lorg/testng/internal/XmlMethodSelector;)V 85 <appendix> argL0 ; # org/testng/ClassMethodMap$$Lambda+0x00000000261ca738
instanceKlass  @bci org/testng/internal/MethodSorting$2 compare (Lorg/testng/ITestNGMethod;Lorg/testng/ITestNGMethod;)I 49 <appendix> member <vmtarget> ; # org/testng/internal/MethodSorting$2$$Lambda+0x00000000261ca490
instanceKlass  @bci org/testng/internal/MethodSorting$2 compare (Lorg/testng/ITestNGMethod;Lorg/testng/ITestNGMethod;)I 38 <appendix> argL0 ; # org/testng/internal/MethodSorting$2$$Lambda+0x00000000261ca248
instanceKlass  @bci org/testng/internal/MethodSorting$2 compare (Lorg/testng/ITestNGMethod;Lorg/testng/ITestNGMethod;)I 28 <appendix> argL0 ; # org/testng/internal/MethodSorting$2$$Lambda+0x00000000261ca000
instanceKlass  @bci org/testng/internal/MethodSorting$2 compare (Lorg/testng/ITestNGMethod;Lorg/testng/ITestNGMethod;)I 18 <appendix> argL0 ; # org/testng/internal/MethodSorting$2$$Lambda+0x00000000261cfc88
instanceKlass  @bci java/util/Comparator thenComparing (Ljava/util/Comparator;)Ljava/util/Comparator; 7 <appendix> member <vmtarget> ; # java/util/Comparator$$Lambda+0x00000000261e5628
instanceKlass  @cpi java/util/Comparator 251 form vmentry <vmtarget> ; # java/lang/invoke/LambdaForm$DMH+0x00000000261c9000
instanceKlass  @bci java/util/Comparator comparing (Ljava/util/function/Function;)Ljava/util/Comparator; 6 <appendix> member <vmtarget> ; # java/util/Comparator$$Lambda+0x00000000261e5380
instanceKlass  @bci org/testng/internal/MethodSorting$2 compare (Lorg/testng/ITestNGMethod;Lorg/testng/ITestNGMethod;)I 8 <appendix> argL0 ; # org/testng/internal/MethodSorting$2$$Lambda+0x00000000261cfa40
instanceKlass  @bci org/testng/internal/MethodSorting$2 compare (Lorg/testng/ITestNGMethod;Lorg/testng/ITestNGMethod;)I 0 <appendix> argL0 ; # org/testng/internal/MethodSorting$2$$Lambda+0x00000000261cf818
instanceKlass  @cpi org/testng/internal/invokers/ConfigInvoker 1017 form vmentry <vmtarget> ; # java/lang/invoke/LambdaForm$DMH+0x00000000261c8c00
instanceKlass jdk/internal/util/random/RandomSupport
instanceKlass com/intellij/rt/debugger/agent/CaptureStorage$ExceptionCapturedStack
instanceKlass com/intellij/rt/debugger/agent/CaptureStorage$CapturedStack
instanceKlass com/intellij/rt/debugger/agent/CaptureStorage$3
instanceKlass org/testng/ClassMethodMap
instanceKlass  @bci org/testng/internal/NoOpTestClass getAfterTestConfigurationMethods ()[Lorg/testng/ITestNGMethod; 4 <appendix> argL0 ; # org/testng/internal/NoOpTestClass$$Lambda+0x00000000261cf3b8
instanceKlass  @bci org/testng/internal/NoOpTestClass getBeforeTestConfigurationMethods ()[Lorg/testng/ITestNGMethod; 4 <appendix> argL0 ; # org/testng/internal/NoOpTestClass$$Lambda+0x00000000261cf190
instanceKlass  @bci org/testng/internal/NoOpTestClass getAfterSuiteMethods ()[Lorg/testng/ITestNGMethod; 4 <appendix> argL0 ; # org/testng/internal/NoOpTestClass$$Lambda+0x00000000261cef68
instanceKlass  @bci org/testng/internal/NoOpTestClass getBeforeSuiteMethods ()[Lorg/testng/ITestNGMethod; 4 <appendix> argL0 ; # org/testng/internal/NoOpTestClass$$Lambda+0x00000000261ced40
instanceKlass  @bci org/testng/TestRunner afterClassConfigMethods (Lorg/testng/ITestClass;)[Lorg/testng/ITestNGMethod; 4 <appendix> argL0 ; # org/testng/TestRunner$$Lambda+0x00000000261ceb18
instanceKlass  @bci org/testng/internal/NoOpTestClass getAfterTestMethods ()[Lorg/testng/ITestNGMethod; 4 <appendix> argL0 ; # org/testng/internal/NoOpTestClass$$Lambda+0x00000000261ce8f0
instanceKlass  @bci org/testng/internal/NoOpTestClass getBeforeTestMethods ()[Lorg/testng/ITestNGMethod; 4 <appendix> argL0 ; # org/testng/internal/NoOpTestClass$$Lambda+0x00000000261ce6c8
instanceKlass  @bci org/testng/TestRunner beforeClassConfigMethods (Lorg/testng/ITestClass;)[Lorg/testng/ITestNGMethod; 4 <appendix> argL0 ; # org/testng/TestRunner$$Lambda+0x00000000261ce4a0
instanceKlass java/util/stream/ReduceOps$2ReducingSink
instanceKlass  @bci org/testng/TestClass getAllClassLevelConfigs (Ljava/util/IdentityHashMap;)Ljava/util/List; 9 <appendix> argL0 ; # org/testng/TestClass$$Lambda+0x00000000261ce250
instanceKlass java/util/IdentityHashMap$IdentityHashMapSpliterator
instanceKlass  @bci org/testng/internal/NoOpTestClass getAfterGroupsMethods ()[Lorg/testng/ITestNGMethod; 4 <appendix> argL0 ; # org/testng/internal/NoOpTestClass$$Lambda+0x00000000261ce028
instanceKlass  @bci java/util/stream/Nodes$CollectorTask$OfRef <init> (Ljava/util/stream/PipelineHelper;Ljava/util/function/IntFunction;Ljava/util/Spliterator;)V 9 <appendix> argL0 ; # java/util/stream/Nodes$CollectorTask$OfRef$$Lambda+0x00000000261e3878
instanceKlass  @bci java/util/stream/Nodes$CollectorTask$OfRef <init> (Ljava/util/stream/PipelineHelper;Ljava/util/function/IntFunction;Ljava/util/Spliterator;)V 4 <appendix> member <vmtarget> ; # java/util/stream/Nodes$CollectorTask$OfRef$$Lambda+0x00000000261e3648
instanceKlass  @cpi java/util/stream/Nodes$CollectorTask$OfRef 63 form vmentry <vmtarget> ; # java/lang/invoke/LambdaForm$DMH+0x00000000261c8800
instanceKlass java/util/function/LongFunction
instanceKlass  @bci java/util/stream/Nodes castingArray ()Ljava/util/function/IntFunction; 0 <appendix> argL0 ; # java/util/stream/Nodes$$Lambda+0x00000000261e2b98
instanceKlass  @bci org/testng/internal/Graph topologicalSort ()V 36 <appendix> argL0 ; # org/testng/internal/Graph$$Lambda+0x00000000261cdde0
instanceKlass  @bci org/testng/internal/Graph topologicalSort ()V 26 <appendix> member <vmtarget> ; # org/testng/internal/Graph$$Lambda+0x00000000261cdb80
instanceKlass  @bci java/util/stream/Collectors toMap (Ljava/util/function/Function;Ljava/util/function/Function;Ljava/util/function/BinaryOperator;Ljava/util/function/Supplier;)Ljava/util/stream/Collector; 3 <appendix> member <vmtarget> ; # java/util/stream/Collectors$$Lambda+0x00000000261e2958
instanceKlass  @bci org/testng/internal/Graph initializeIndependentNodes ()V 48 <appendix> argL0 ; # org/testng/internal/Graph$$Lambda+0x00000000261cd958
instanceKlass  @bci org/testng/internal/Graph initializeIndependentNodes ()V 43 <appendix> argL0 ; # org/testng/internal/Graph$$Lambda+0x00000000261cd708
instanceKlass  @bci java/util/function/Function identity ()Ljava/util/function/Function; 0 <appendix> argL0 ; # java/util/function/Function$$Lambda+0x00000000261e2710
instanceKlass  @bci org/testng/internal/Graph initializeIndependentNodes ()V 35 <appendix> argL0 ; # org/testng/internal/Graph$$Lambda+0x00000000261cd4c0
instanceKlass  @bci org/testng/internal/Graph log (Ljava/lang/String;)V 1 <appendix> member <vmtarget> ; # org/testng/internal/Graph$$Lambda+0x00000000261cd290
instanceKlass  @bci org/testng/internal/Graph addNode (Ljava/lang/Object;)V 1 <appendix> member <vmtarget> ; # org/testng/internal/Graph$$Lambda+0x00000000261cd060
instanceKlass  @bci org/testng/internal/MethodHelper sortMethodsByInstance ([Lorg/testng/ITestNGMethod;)Ljava/util/Map; 22 <appendix> argL0 ; # org/testng/internal/MethodHelper$$Lambda+0x00000000261cce18
instanceKlass  @bci org/testng/internal/MethodHelper sortMethodsByInstance ([Lorg/testng/ITestNGMethod;)Ljava/util/Map; 12 <appendix> argL0 ; # org/testng/internal/MethodHelper$$Lambda+0x00000000261ccbc0
instanceKlass java/util/stream/Nodes$ArrayNode
instanceKlass  @bci org/testng/internal/MethodHelper sortMethods (ZLjava/util/List;Ljava/util/Comparator;)Ljava/util/List; 107 <appendix> argL0 ; # org/testng/internal/MethodHelper$$Lambda+0x00000000261cc998
instanceKlass java/util/stream/DoubleStream
instanceKlass java/util/stream/IntStream
instanceKlass java/util/stream/LongStream
instanceKlass java/util/stream/SortedOps
instanceKlass  @bci org/testng/internal/MethodHelper bubbleUpIndependentMethodsFirst ()Ljava/util/Comparator; 0 <appendix> argL0 ; # org/testng/internal/MethodHelper$$Lambda+0x00000000261cc6f8
instanceKlass  @bci org/testng/internal/MethodInheritance fixMethodInheritance ([Lorg/testng/ITestNGMethod;Z)V 177 <appendix> member <vmtarget> ; # org/testng/internal/MethodInheritance$$Lambda+0x00000000261cc4b8
instanceKlass  @cpi org/testng/internal/MethodInheritance 342 form vmentry <vmtarget> ; # java/lang/invoke/LambdaForm$DMH+0x00000000261c8400
instanceKlass  @bci org/testng/internal/MethodInheritance fixMethodInheritance ([Lorg/testng/ITestNGMethod;Z)V 165 <appendix> argL0 ; # org/testng/internal/MethodInheritance$$Lambda+0x00000000261cc260
instanceKlass  @bci org/testng/internal/MethodInheritance findSubClass (Ljava/util/Map;Ljava/lang/Class;)Ljava/lang/Class; 25 <appendix> member <vmtarget> ; # org/testng/internal/MethodInheritance$$Lambda+0x00000000261cc000
instanceKlass  @bci org/testng/internal/MethodInheritance findMethodListSuperClass (Ljava/util/Map;Ljava/lang/Class;)Ljava/util/List; 30 <appendix> argL0 ; # org/testng/internal/MethodInheritance$$Lambda+0x00000000261c3c18
instanceKlass  @bci org/testng/internal/MethodInheritance findMethodListSuperClass (Ljava/util/Map;Ljava/lang/Class;)Ljava/util/List; 20 <appendix> member <vmtarget> ; # org/testng/internal/MethodInheritance$$Lambda+0x00000000261c39b8
instanceKlass  @bci org/testng/internal/MethodInheritance <clinit> ()V 0 <appendix> argL0 ; # org/testng/internal/MethodInheritance$$Lambda+0x00000000261c3718
instanceKlass org/testng/internal/MethodInheritance
instanceKlass  @bci org/testng/internal/XmlMethodSelector logInclusion (Ljava/lang/String;Ljava/lang/String;Ljava/lang/String;)V 16 <appendix> form vmentry <vmtarget> ; # java/lang/invoke/LambdaForm$MH+0x00000000261c8000
instanceKlass  @bci org/testng/collections/MultiMap get (Ljava/lang/Object;)Ljava/util/Collection; 6 <appendix> member <vmtarget> ; # org/testng/collections/MultiMap$$Lambda+0x00000000261c32b8
instanceKlass  @bci org/testng/internal/MethodGroupsHelper findGroupTransitiveClosure (Ljava/util/List;Ljava/util/List;[Ljava/lang/String;Ljava/util/Set;Ljava/util/Set;)V 38 <appendix> argL0 ; # org/testng/internal/MethodGroupsHelper$$Lambda+0x00000000261c3070
instanceKlass  @bci org/testng/internal/MethodGroupsHelper findGroupTransitiveClosure (Ljava/util/List;Ljava/util/List;[Ljava/lang/String;Ljava/util/Set;Ljava/util/Set;)V 33 <appendix> argL0 ; # org/testng/internal/MethodGroupsHelper$$Lambda+0x00000000261c2e28
instanceKlass  @bci org/testng/internal/MethodGroupsHelper findGroupTransitiveClosure (Ljava/util/List;Ljava/util/List;[Ljava/lang/String;Ljava/util/Set;Ljava/util/Set;)V 11 <appendix> argL0 ; # org/testng/internal/MethodGroupsHelper$$Lambda+0x00000000261c2be0
instanceKlass  @bci org/testng/internal/MethodGroupsHelper findGroupTransitiveClosure (Ljava/util/List;Ljava/util/List;[Ljava/lang/String;Ljava/util/Set;Ljava/util/Set;)V 6 <appendix> argL0 ; # org/testng/internal/MethodGroupsHelper$$Lambda+0x00000000261c2998
instanceKlass org/testng/internal/DefaultMethodSelectorContext
instanceKlass  @bci org/testng/internal/ConfigurationMethod <init> (Lorg/testng/ITestObjectFactory;Lorg/testng/internal/ConstructorOrMethod;Lorg/testng/internal/annotations/IAnnotationFinder;ZZZZZZZZZ[Ljava/lang/String;[Ljava/lang/String;ZLorg/testng/internal/IObject$IdentifiableObject;)V 41 <appendix> argL0 ; # org/testng/internal/ConfigurationMethod$$Lambda+0x00000000261c24e8
instanceKlass  @bci org/testng/internal/ConfigurationMethod <init> (Lorg/testng/ITestObjectFactory;Lorg/testng/internal/ConstructorOrMethod;Lorg/testng/internal/annotations/IAnnotationFinder;ZZZZZZZZZ[Ljava/lang/String;[Ljava/lang/String;ZLorg/testng/internal/IObject$IdentifiableObject;)V 33 <appendix> argL0 ; # org/testng/internal/ConfigurationMethod$$Lambda+0x00000000261c22a0
instanceKlass com/intellij/rt/debugger/agent/CaptureStorage$6
instanceKlass com/intellij/rt/debugger/agent/CaptureStorage$5
instanceKlass jdk/internal/vm/ThreadContainers
instanceKlass java/util/concurrent/ForkJoinPool$DefaultForkJoinWorkerThreadFactory
instanceKlass java/util/concurrent/ForkJoinPool$1
instanceKlass java/util/concurrent/ForkJoinPool$WorkQueue
instanceKlass jdk/internal/vm/StackableScope
instanceKlass java/util/concurrent/CountDownLatch
instanceKlass java/util/concurrent/ScheduledFuture
instanceKlass java/util/concurrent/Delayed
instanceKlass java/util/concurrent/ForkJoinPool$ForkJoinWorkerThreadFactory
instanceKlass jdk/internal/access/JavaUtilConcurrentFJPAccess
instanceKlass java/util/concurrent/ScheduledExecutorService
instanceKlass java/util/concurrent/ForkJoinTask$Aux
instanceKlass java/util/concurrent/ForkJoinTask
instanceKlass  @bci org/testng/internal/ConfigurationMethod createAfterConfigurationMethods (Lorg/testng/ITestObjectFactory;[Lorg/testng/ITestNGMethod;Lorg/testng/internal/annotations/IAnnotationFinder;ZLorg/testng/internal/IObject$IdentifiableObject;)Ljava/util/List; 17 <adapter> ; # java/lang/invoke/LambdaForm$MH+0x00000000261c7800
instanceKlass  @bci org/testng/internal/ConfigurationMethod createAfterConfigurationMethods (Lorg/testng/ITestObjectFactory;[Lorg/testng/ITestNGMethod;Lorg/testng/internal/annotations/IAnnotationFinder;ZLorg/testng/internal/IObject$IdentifiableObject;)Ljava/util/List; 17 <appendix> form vmentry <vmtarget> ; # java/lang/invoke/LambdaForm$DMH+0x00000000261c7400
instanceKlass  @bci org/testng/internal/ConfigurationMethod createAfterConfigurationMethods (Lorg/testng/ITestObjectFactory;[Lorg/testng/ITestNGMethod;Lorg/testng/internal/annotations/IAnnotationFinder;ZLorg/testng/internal/IObject$IdentifiableObject;)Ljava/util/List; 17 <appendix> member <vmtarget> ; # org/testng/internal/ConfigurationMethod$$Lambda+0x00000000261c2050
instanceKlass  @cpi org/testng/internal/ConfigurationMethod 578 form vmentry <vmtarget> ; # java/lang/invoke/LambdaForm$DMH+0x00000000261c7000
instanceKlass  @bci org/testng/internal/MethodHelper topologicalSort ([Lorg/testng/ITestNGMethod;Ljava/util/List;Ljava/util/List;Ljava/util/Comparator;)Lorg/testng/internal/Graph; 5 <appendix> member <vmtarget> ; # org/testng/internal/MethodHelper$$Lambda+0x00000000261c15b8
instanceKlass org/testng/internal/Graph$Node
instanceKlass org/testng/internal/Graph
instanceKlass  @bci org/testng/internal/MethodHelper collectAndOrderMethods (Ljava/util/List;ZLorg/testng/internal/RunInfo;Lorg/testng/internal/annotations/IAnnotationFinder;ZLjava/util/List;Ljava/util/Comparator;)[Lorg/testng/ITestNGMethod; 43 <adapter> ; # java/lang/invoke/LambdaForm$MH+0x00000000261c6c00
instanceKlass  @bci org/testng/TestRunner logStart ()V 33 <appendix> argL0 form vmentry <vmtarget> ; # java/lang/invoke/LambdaForm$DMH+0x00000000261c6800
instanceKlass  @bci org/testng/internal/MethodHelper collectAndOrderMethods (Ljava/util/List;ZLorg/testng/internal/RunInfo;Lorg/testng/internal/annotations/IAnnotationFinder;ZLjava/util/List;Ljava/util/Comparator;)[Lorg/testng/ITestNGMethod; 43 <appendix> form vmentry <vmtarget> ; # java/lang/invoke/LambdaForm$DMH+0x00000000261c6400
instanceKlass  @bci org/testng/internal/MethodHelper collectAndOrderMethods (Ljava/util/List;ZLorg/testng/internal/RunInfo;Lorg/testng/internal/annotations/IAnnotationFinder;ZLjava/util/List;Ljava/util/Comparator;)[Lorg/testng/ITestNGMethod; 43 <appendix> member <vmtarget> ; # org/testng/internal/MethodHelper$$Lambda+0x00000000261c0ee8
instanceKlass  @cpi org/testng/internal/MethodHelper 915 form vmentry <vmtarget> ; # java/lang/invoke/LambdaForm$DMH+0x00000000261c6000
instanceKlass  @bci org/testng/util/TimeUtils computeAndShowTime (Ljava/lang/String;Lorg/testng/util/TimeUtils$Task;)V 27 <adapter> ; # java/lang/invoke/LambdaForm$MH+0x00000000261c5c00
instanceKlass  @bci org/testng/util/TimeUtils computeAndShowTime (Ljava/lang/String;Lorg/testng/util/TimeUtils$Task;)V 27 <appendix> form vmentry <vmtarget> ; # java/lang/invoke/LambdaForm$MH+0x00000000261c5800
instanceKlass  @bci org/testng/util/TimeUtils computeAndShowTime (Ljava/lang/String;Lorg/testng/util/TimeUtils$Task;)V 27 <appendix> form names 5 function resolvedHandle form vmentry <vmtarget> ; # java/lang/invoke/LambdaForm$DMH+0x00000000261c5400
instanceKlass java/time/temporal/ValueRange
instanceKlass java/time/Instant$1
instanceKlass java/time/temporal/TemporalUnit
instanceKlass java/time/Duration
instanceKlass java/time/temporal/TemporalAmount
instanceKlass org/testng/internal/MethodGroupsHelper
instanceKlass java/time/Clock
instanceKlass java/time/InstantSource
instanceKlass java/time/Instant
instanceKlass java/time/temporal/Temporal
instanceKlass org/testng/util/TimeUtils
instanceKlass  @bci org/testng/internal/MethodHelper collectAndOrderMethods (Ljava/util/List;ZLorg/testng/internal/RunInfo;Lorg/testng/internal/annotations/IAnnotationFinder;ZLjava/util/List;Ljava/util/Comparator;)[Lorg/testng/ITestNGMethod; 26 <adapter> ; # java/lang/invoke/LambdaForm$MH+0x00000000261c4c00
# instanceKlass java/lang/invoke/LambdaForm$DMH+0x00000000261c4800
instanceKlass  @bci org/testng/internal/MethodHelper collectAndOrderMethods (Ljava/util/List;ZLorg/testng/internal/RunInfo;Lorg/testng/internal/annotations/IAnnotationFinder;ZLjava/util/List;Ljava/util/Comparator;)[Lorg/testng/ITestNGMethod; 26 <appendix> form vmentry <vmtarget> ; # java/lang/invoke/LambdaForm$DMH+0x00000000261c4400
instanceKlass  @bci org/testng/internal/MethodHelper collectAndOrderMethods (Ljava/util/List;ZLorg/testng/internal/RunInfo;Lorg/testng/internal/annotations/IAnnotationFinder;ZLjava/util/List;Ljava/util/Comparator;)[Lorg/testng/ITestNGMethod; 26 <appendix> member <vmtarget> ; # org/testng/internal/MethodHelper$$Lambda+0x00000000261c0898
instanceKlass  @cpi org/testng/internal/MethodHelper 912 form vmentry <vmtarget> ; # java/lang/invoke/LambdaForm$DMH+0x00000000261c4000
instanceKlass org/testng/util/TimeUtils$Task
instanceKlass org/testng/internal/MethodHelper
instanceKlass  @bci org/testng/internal/ClassHelper getAvailableMethodsExcludingDefaults (Ljava/lang/Class;)Ljava/util/Set; 68 <appendix> argL0 ; # org/testng/internal/ClassHelper$$Lambda+0x00000000261c0238
instanceKlass  @bci org/testng/internal/ClassHelper getAvailableMethodsExcludingDefaults (Ljava/lang/Class;)Ljava/util/Set; 47 <appendix> argL0 ; # org/testng/internal/ClassHelper$$Lambda+0x00000000261c0000
instanceKlass  @bci org/testng/internal/ClassHelper getAvailableMethodsExcludingDefaults (Ljava/lang/Class;)Ljava/util/Set; 37 <appendix> argL0 ; # org/testng/internal/ClassHelper$$Lambda+0x00000000261bcc00
instanceKlass  @bci java/util/stream/Collectors lambda$groupingBy$0 (Ljava/util/function/Function;Ljava/util/function/Supplier;Ljava/util/function/BiConsumer;Ljava/util/Map;Ljava/lang/Object;)V 20 <appendix> member <vmtarget> ; # java/util/stream/Collectors$$Lambda+0x0000000026135248
instanceKlass  @bci java/util/stream/Collectors mapMerger (Ljava/util/function/BinaryOperator;)Ljava/util/function/BinaryOperator; 1 <appendix> member <vmtarget> ; # java/util/stream/Collectors$$Lambda+0x0000000026134ff0
instanceKlass  @bci java/util/stream/Collectors groupingBy (Ljava/util/function/Function;Ljava/util/function/Supplier;Ljava/util/stream/Collector;)Ljava/util/stream/Collector; 19 <appendix> member <vmtarget> ; # java/util/stream/Collectors$$Lambda+0x0000000026134db0
instanceKlass  @cpi java/util/stream/Collectors 1304 form vmentry <vmtarget> ; # java/lang/invoke/LambdaForm$DMH+0x00000000261bc800
instanceKlass  @bci java/util/stream/Collectors groupingBy (Ljava/util/function/Function;Ljava/util/stream/Collector;)Ljava/util/stream/Collector; 1 <appendix> argL0 ; # java/util/stream/Collectors$$Lambda+0x0000000026134b88
instanceKlass  @bci org/testng/internal/ClassHelper getAvailableMethodsExcludingDefaults (Ljava/lang/Class;)Ljava/util/Set; 9 <appendix> argL0 ; # org/testng/internal/ClassHelper$$Lambda+0x00000000261bdd98
instanceKlass  @bci org/testng/internal/Utils stringifyTypes ([Ljava/lang/Class;)Ljava/lang/String; 4 <appendix> argL0 ; # org/testng/internal/Utils$$Lambda+0x00000000261bd700
instanceKlass  @bci org/testng/internal/TestNGMethod findDescription (Lorg/testng/annotations/ITestAnnotation;Lorg/testng/xml/XmlTest;)Ljava/lang/String; 68 <appendix> argL0 ; # org/testng/internal/TestNGMethod$$Lambda+0x00000000261bd4a8
instanceKlass  @bci org/testng/internal/TestNGMethod findDescription (Lorg/testng/annotations/ITestAnnotation;Lorg/testng/xml/XmlTest;)Ljava/lang/String; 58 <appendix> argL0 ; # org/testng/internal/TestNGMethod$$Lambda+0x00000000261bd260
instanceKlass  @bci org/testng/internal/TestNGMethod findDescription (Lorg/testng/annotations/ITestAnnotation;Lorg/testng/xml/XmlTest;)Ljava/lang/String; 48 <appendix> member <vmtarget> ; # org/testng/internal/TestNGMethod$$Lambda+0x00000000261bd000
instanceKlass org/testng/xml/XmlInclude
instanceKlass  @bci org/testng/internal/TestNGMethod findDescription (Lorg/testng/annotations/ITestAnnotation;Lorg/testng/xml/XmlTest;)Ljava/lang/String; 37 <appendix> argL0 ; # org/testng/internal/TestNGMethod$$Lambda+0x00000000261bf8f8
instanceKlass  @bci org/testng/internal/TestNGMethod findDescription (Lorg/testng/annotations/ITestAnnotation;Lorg/testng/xml/XmlTest;)Ljava/lang/String; 27 <appendix> member <vmtarget> ; # org/testng/internal/TestNGMethod$$Lambda+0x00000000261bf698
instanceKlass  @bci org/testng/internal/BaseTestMethod getInstance ()Ljava/lang/Object; 15 <appendix> argL0 ; # org/testng/internal/BaseTestMethod$$Lambda+0x00000000261bf450
instanceKlass  @bci org/testng/internal/BaseTestMethod getInstance ()Ljava/lang/Object; 7 <appendix> argL0 ; # org/testng/internal/BaseTestMethod$$Lambda+0x00000000261bf208
instanceKlass org/testng/internal/ConstructorOrMethod
instanceKlass org/testng/internal/BaseTestMethod
instanceKlass org/testng/internal/IInstanceIdentity
instanceKlass org/testng/internal/invokers/IInvocationStatus
instanceKlass  @bci org/testng/internal/annotations/AnnotationHelper findMethodsWithAnnotation (Lorg/testng/ITestObjectFactory;Ljava/lang/Class;Ljava/lang/Class;Lorg/testng/internal/annotations/IAnnotationFinder;Lorg/testng/xml/XmlTest;)[Lorg/testng/ITestNGMethod; 302 <appendix> form vmentry <vmtarget> ; # java/lang/invoke/LambdaForm$DMH+0x00000000261bc400
instanceKlass  @bci org/testng/internal/annotations/AnnotationHelper findMethodsWithAnnotation (Lorg/testng/ITestObjectFactory;Ljava/lang/Class;Ljava/lang/Class;Lorg/testng/internal/annotations/IAnnotationFinder;Lorg/testng/xml/XmlTest;)[Lorg/testng/ITestNGMethod; 302 <appendix> member <vmtarget> ; # org/testng/internal/annotations/AnnotationHelper$$Lambda+0x00000000261bb530
instanceKlass  @bci java/util/stream/MatchOps makeRef (Ljava/util/function/Predicate;Ljava/util/stream/MatchOps$MatchKind;)Ljava/util/stream/TerminalOp; 20 <appendix> member <vmtarget> ; # java/util/stream/MatchOps$$Lambda+0x0000000026134958
instanceKlass java/util/stream/MatchOps$MatchOp
instanceKlass java/util/stream/MatchOps$BooleanTerminalSink
instanceKlass java/util/stream/MatchOps
instanceKlass  @bci org/testng/internal/annotations/AnnotationHelper findMethodsWithAnnotation (Lorg/testng/ITestObjectFactory;Ljava/lang/Class;Ljava/lang/Class;Lorg/testng/internal/annotations/IAnnotationFinder;Lorg/testng/xml/XmlTest;)[Lorg/testng/ITestNGMethod; 253 <appendix> argL0 ; # org/testng/internal/annotations/AnnotationHelper$$Lambda+0x00000000261bb2d8
instanceKlass  @bci org/testng/internal/annotations/AnnotationHelper findMethodsWithAnnotation (Lorg/testng/ITestObjectFactory;Ljava/lang/Class;Ljava/lang/Class;Lorg/testng/internal/annotations/IAnnotationFinder;Lorg/testng/xml/XmlTest;)[Lorg/testng/ITestNGMethod; 13 <appendix> argL0 ; # org/testng/internal/annotations/AnnotationHelper$$Lambda+0x00000000261bb080
instanceKlass  @bci org/testng/TestClass initTestClassesAndInstances ()V 50 <appendix> member <vmtarget> ; # org/testng/TestClass$$Lambda+0x00000000261bae40
instanceKlass org/testng/ITest
instanceKlass  @bci org/testng/TestClass initTestClassesAndInstances ()V 34 <appendix> argL0 ; # org/testng/TestClass$$Lambda+0x00000000261ba9e0
instanceKlass  @bci org/testng/TestClass initTestClassesAndInstances ()V 24 <appendix> argL0 ; # org/testng/TestClass$$Lambda+0x00000000261ba798
instanceKlass org/testng/internal/IParameterInfo
instanceKlass  @bci org/testng/TestClass initTestClassesAndInstances ()V 14 <appendix> argL0 ; # org/testng/TestClass$$Lambda+0x00000000261ba348
instanceKlass org/testng/internal/objects/InstanceCreator
instanceKlass org/testng/annotations/Guice
instanceKlass org/testng/internal/objects/pojo/CreationAttributes
instanceKlass org/testng/internal/objects/pojo/DetailedAttributes
instanceKlass org/testng/internal/objects/pojo/BasicAttributes
instanceKlass  @bci org/testng/internal/MethodInheritance fixMethodInheritance ([Lorg/testng/ITestNGMethod;Z)V 177 <appendix> form vmentry <vmtarget> ; # java/lang/invoke/LambdaForm$DMH+0x00000000261bc000
instanceKlass  @bci org/testng/internal/IObject objects (Ljava/lang/Object;ZLjava/lang/String;)[Lorg/testng/internal/IObject$IdentifiableObject; 6 <appendix> member <vmtarget> ; # org/testng/internal/IObject$$Lambda+0x00000000261b9608
instanceKlass org/testng/internal/NoOpTestClass
instanceKlass org/testng/internal/ITestClassConfigInfo
instanceKlass org/testng/ITestClass
instanceKlass java/util/TreeMap$PrivateEntryIterator
instanceKlass  @bci org/testng/internal/TestNGMethodFinder <clinit> ()V 0 <appendix> argL0 ; # org/testng/internal/TestNGMethodFinder$$Lambda+0x00000000261b82d8
instanceKlass org/testng/internal/TestNGMethodFinder
instanceKlass  @bci org/testng/internal/ClassHelper findDeclaredFactoryMethods (Ljava/lang/Class;Lorg/testng/internal/annotations/IAnnotationFinder;)Ljava/util/List; 9 <appendix> member <vmtarget> ; # org/testng/internal/ClassHelper$$Lambda+0x00000000261b5cf8
instanceKlass org/testng/internal/ClassImpl
instanceKlass org/testng/internal/IObject
instanceKlass  @bci org/testng/internal/BaseClassFinder findOrCreateIClass (Lorg/testng/ITestContext;Ljava/lang/Class;Lorg/testng/xml/XmlClass;Lorg/testng/internal/IObject$IdentifiableObject;Lorg/testng/internal/annotations/IAnnotationFinder;Lorg/testng/ITestObjectFactory;)Lorg/testng/IClass; 14 <appendix> form vmentry <vmtarget> ; # java/lang/invoke/LambdaForm$DMH+0x00000000261b5400
instanceKlass  @bci org/testng/internal/BaseClassFinder findOrCreateIClass (Lorg/testng/ITestContext;Ljava/lang/Class;Lorg/testng/xml/XmlClass;Lorg/testng/internal/IObject$IdentifiableObject;Lorg/testng/internal/annotations/IAnnotationFinder;Lorg/testng/ITestObjectFactory;)Lorg/testng/IClass; 14 <appendix> member <vmtarget> ; # org/testng/internal/BaseClassFinder$$Lambda+0x00000000261b7d68
instanceKlass org/testng/internal/IObject$IdentifiableObject
instanceKlass jdk/internal/vm/annotation/IntrinsicCandidate
instanceKlass java/lang/Package$1PackageInfoProxy
instanceKlass org/testng/internal/annotations/BaseAnnotation
instanceKlass  @bci org/testng/internal/annotations/JDK15AnnotationFinder findAnnotation (Ljava/lang/Class;Ljava/lang/annotation/Annotation;Ljava/lang/Class;Ljava/lang/Class;Ljava/lang/reflect/Constructor;Ljava/lang/reflect/Method;Lorg/testng/internal/collections/Pair;Ljava/lang/Class;)Lorg/testng/annotations/IAnnotation; 27 <appendix> form vmentry <vmtarget> ; # java/lang/invoke/LambdaForm$DMH+0x00000000261b5000
instanceKlass  @bci org/testng/internal/annotations/JDK15AnnotationFinder findAnnotation (Ljava/lang/Class;Ljava/lang/annotation/Annotation;Ljava/lang/Class;Ljava/lang/Class;Ljava/lang/reflect/Constructor;Ljava/lang/reflect/Method;Lorg/testng/internal/collections/Pair;Ljava/lang/Class;)Lorg/testng/annotations/IAnnotation; 27 <appendix> member <vmtarget> ; # org/testng/internal/annotations/JDK15AnnotationFinder$$Lambda+0x00000000261b6228
instanceKlass  @bci java/lang/reflect/Executable sharedToString (IZ[Ljava/lang/Class;[Ljava/lang/Class;)Ljava/lang/String; 29 <appendix> argL0 ; # java/lang/reflect/Executable$$Lambda+0x0000000026131a70
instanceKlass  @bci sun/reflect/annotation/AnnotationInvocationHandler memberValueToString (Ljava/lang/Object;)Ljava/lang/String; 407 <appendix> argL0 ; # sun/reflect/annotation/AnnotationInvocationHandler$$Lambda+0x0000000026131828
instanceKlass  @bci sun/reflect/annotation/AnnotationInvocationHandler memberValueToString (Ljava/lang/Object;)Ljava/lang/String; 355 <appendix> argL0 ; # sun/reflect/annotation/AnnotationInvocationHandler$$Lambda+0x00000000261315e0
instanceKlass  @bci java/util/stream/Collectors joining (Ljava/lang/CharSequence;Ljava/lang/CharSequence;Ljava/lang/CharSequence;)Ljava/util/stream/Collector; 22 <appendix> argL0 ; # java/util/stream/Collectors$$Lambda+0x0000000026131398
instanceKlass  @bci java/util/stream/Collectors joining (Ljava/lang/CharSequence;Ljava/lang/CharSequence;Ljava/lang/CharSequence;)Ljava/util/stream/Collector; 17 <appendix> argL0 ; # java/util/stream/Collectors$$Lambda+0x0000000026131148
instanceKlass  @bci java/util/stream/Collectors joining (Ljava/lang/CharSequence;Ljava/lang/CharSequence;Ljava/lang/CharSequence;)Ljava/util/stream/Collector; 12 <appendix> argL0 ; # java/util/stream/Collectors$$Lambda+0x0000000026130f10
instanceKlass  @bci java/util/stream/Collectors joining (Ljava/lang/CharSequence;Ljava/lang/CharSequence;Ljava/lang/CharSequence;)Ljava/util/stream/Collector; 7 <appendix> member <vmtarget> ; # java/util/stream/Collectors$$Lambda+0x800000046
instanceKlass  @bci sun/reflect/annotation/AnnotationInvocationHandler memberValueToString (Ljava/lang/Object;)Ljava/lang/String; 327 <appendix> argL0 ; # sun/reflect/annotation/AnnotationInvocationHandler$$Lambda+0x0000000026130cc8
instanceKlass org/testng/collections/Objects$ValueHolder
instanceKlass org/testng/collections/Objects$ToStringHelper
instanceKlass org/testng/collections/Objects
instanceKlass  @bci org/testng/internal/ClassHelper appendMethod (Ljava/util/Map;Ljava/lang/reflect/Method;)V 5 <appendix> argL0 ; # org/testng/internal/ClassHelper$$Lambda+0x00000000261b3820
instanceKlass java/util/stream/ReferencePipeline$7$1FlatMap
instanceKlass  @bci org/testng/internal/reflect/ReflectionHelper getDefaultMethods (Ljava/lang/Class;)Ljava/util/List; 19 <appendix> argL0 ; # org/testng/internal/reflect/ReflectionHelper$$Lambda+0x00000000261b35c8
instanceKlass  @bci org/testng/internal/reflect/ReflectionHelper getDefaultMethods (Ljava/lang/Class;)Ljava/util/List; 9 <appendix> argL0 ; # org/testng/internal/reflect/ReflectionHelper$$Lambda+0x00000000261b3380
instanceKlass java/util/LinkedList$Node
instanceKlass org/testng/internal/reflect/ReflectionHelper
instanceKlass java/util/Arrays$ArrayItr
instanceKlass java/lang/annotation/Documented
instanceKlass jdk/jfr/MetadataDefinition
instanceKlass jdk/jfr/Description
instanceKlass org/testng/internal/annotations/DisabledRetryAnalyzer
instanceKlass org/testng/IRetryAnalyzer
instanceKlass  @bci sun/reflect/annotation/AnnotationParser parseAnnotationArray (ILjava/lang/Class;Ljava/nio/ByteBuffer;Ljdk/internal/reflect/ConstantPool;Ljava/lang/Class;)Ljava/lang/Object; 15 <appendix> member <vmtarget> ; # sun/reflect/annotation/AnnotationParser$$Lambda+0x000000002612edf0
instanceKlass org/testng/annotations/CustomAttribute
instanceKlass org/testng/annotations/IConfigurationAnnotation
instanceKlass org/testng/internal/annotations/AnnotationHelper
instanceKlass  @bci org/testng/internal/TestNGClassFinder createObjectFactory (Ljava/util/Set;Lorg/testng/ITestObjectFactory;)Lorg/testng/ITestObjectFactory; 113 <appendix> argL0 ; # org/testng/internal/TestNGClassFinder$$Lambda+0x00000000261b1a80
instanceKlass  @bci org/testng/internal/TestNGClassFinder createObjectFactory (Ljava/util/Set;Lorg/testng/ITestObjectFactory;)Lorg/testng/ITestObjectFactory; 103 <appendix> member <vmtarget> ; # org/testng/internal/TestNGClassFinder$$Lambda+0x00000000261b1820
instanceKlass org/openqa/selenium/WebDriver
instanceKlass org/openqa/selenium/SearchContext
instanceKlass org/testng/internal/BaseClassFinder
instanceKlass org/testng/ITestClassFinder
instanceKlass org/testng/internal/ClassInfoMap
instanceKlass org/testng/internal/MethodSelectorDescriptor
instanceKlass  @bci org/testng/internal/thread/ThreadUtil currentThreadInfo ()Ljava/lang/String; 12 <appendix> form vmentry <vmtarget> ; # java/lang/invoke/LambdaForm$MH+0x00000000261b4c00
instanceKlass  @bci org/testng/internal/GroupsHelper createGroups (Ljava/util/Map;Ljava/util/List;)Ljava/util/Map; 16 <appendix> argL0 ; # org/testng/internal/GroupsHelper$$Lambda+0x00000000261b0660
instanceKlass  @bci org/testng/internal/GroupsHelper createGroups (Ljava/util/Map;Ljava/util/List;)Ljava/util/Map; 11 <appendix> argL0 ; # org/testng/internal/GroupsHelper$$Lambda+0x00000000261b0418
instanceKlass org/testng/internal/GroupsHelper
instanceKlass  @bci org/testng/internal/MethodHelper calculateMethodCanonicalName (Ljava/lang/reflect/Method;)Ljava/lang/String; 30 <appendix> form vmentry <vmtarget> ; # java/lang/invoke/LambdaForm$MH+0x00000000261b4400
instanceKlass org/testng/IMethodInstance
instanceKlass org/testng/IExpectedExceptionsHolder
instanceKlass org/testng/internal/invokers/IMethodRunner
instanceKlass org/testng/IInvokedMethod
instanceKlass org/testng/internal/invokers/BaseInvoker
instanceKlass  @bci org/testng/internal/invokers/Invoker <clinit> ()V 8 <appendix> argL0 ; # org/testng/internal/invokers/Invoker$$Lambda+0x00000000261aa460
instanceKlass  @bci org/testng/internal/invokers/Invoker <clinit> ()V 0 <appendix> argL0 ; # org/testng/internal/invokers/Invoker$$Lambda+0x00000000261aa208
instanceKlass java/util/function/BiPredicate
instanceKlass org/testng/internal/invokers/ITestInvoker
instanceKlass org/testng/internal/invokers/IConfigInvoker
instanceKlass org/testng/internal/invokers/Invoker
instanceKlass org/testng/PreserveOrderMethodInterceptor
instanceKlass  @bci org/testng/TestRunner <init> (Lorg/testng/internal/IConfiguration;Lorg/testng/ISuite;Lorg/testng/xml/XmlTest;Ljava/lang/String;Lorg/testng/internal/annotations/IAnnotationFinder;ZLjava/util/Collection;Ljava/util/List;Ljava/util/Comparator;Lorg/testng/DataProviderHolder;Lorg/testng/ISuiteRunnerListener;)V 217 <appendix> member <vmtarget> ; # org/testng/TestRunner$$Lambda+0x00000000261af598
instanceKlass org/testng/IMethodSelectorContext
instanceKlass org/testng/internal/RunInfo
instanceKlass org/testng/internal/ResultMap
instanceKlass org/testng/collections/MultiMap
instanceKlass org/testng/internal/XmlMethodSelector
instanceKlass  @bci org/testng/TestRunner <init> (Lorg/testng/internal/IConfiguration;Lorg/testng/ISuite;Lorg/testng/xml/XmlTest;Ljava/lang/String;Lorg/testng/internal/annotations/IAnnotationFinder;ZLjava/util/Collection;Ljava/util/List;Ljava/util/Comparator;Lorg/testng/DataProviderHolder;Lorg/testng/ISuiteRunnerListener;)V 81 <appendix> member <vmtarget> ; # org/testng/TestRunner$$Lambda+0x00000000261ae510
instanceKlass org/testng/ITestNGMethod
instanceKlass org/testng/internal/TestMethodContainer
instanceKlass org/testng/TestRunner$ConfigurationListener
instanceKlass  @bci org/testng/SuiteRunner getOutputDirectory ()Ljava/lang/String; 11 <adapter> ; # java/lang/invoke/LambdaForm$MH+0x00000000261a9800
instanceKlass  @bci org/testng/SuiteRunner getOutputDirectory ()Ljava/lang/String; 11 <appendix> form vmentry <vmtarget> ; # java/lang/invoke/LambdaForm$MH+0x00000000261a9400
instanceKlass  @bci org/testng/SuiteRunner getOutputDirectory ()Ljava/lang/String; 11 <appendix> form names 6 function resolvedHandle form vmentry <vmtarget> ; # java/lang/invoke/LambdaForm$DMH+0x00000000261a9000
instanceKlass java/lang/StringConcatHelper$StringConcatBase
instanceKlass java/lang/invoke/StringConcatFactory$InlineHiddenClassStrategy$6
instanceKlass java/lang/invoke/StringConcatFactory$InlineHiddenClassStrategy$3$4
instanceKlass java/lang/invoke/StringConcatFactory$InlineHiddenClassStrategy$4
instanceKlass java/lang/invoke/StringConcatFactory$InlineHiddenClassStrategy$3$1
instanceKlass java/lang/invoke/StringConcatFactory$InlineHiddenClassStrategy$7
instanceKlass java/lang/invoke/StringConcatFactory$InlineHiddenClassStrategy$3$2
instanceKlass java/lang/invoke/StringConcatFactory$InlineHiddenClassStrategy$5
instanceKlass java/lang/invoke/StringConcatFactory$InlineHiddenClassStrategy$3$3
instanceKlass java/lang/invoke/StringConcatFactory$InlineHiddenClassStrategy$3
instanceKlass java/lang/invoke/StringConcatFactory$InlineHiddenClassStrategy$2
instanceKlass java/lang/invoke/StringConcatFactory$InlineHiddenClassStrategy$1
instanceKlass java/lang/invoke/StringConcatFactory$InlineHiddenClassStrategy
instanceKlass org/testng/ITestMethodFinder
instanceKlass org/testng/IMethodSelector
instanceKlass org/testng/internal/invokers/IInvoker
instanceKlass org/testng/IResultMap
instanceKlass org/testng/internal/IContainer
instanceKlass org/testng/TestRunner
instanceKlass org/testng/internal/IConfigEavesdropper
instanceKlass org/testng/internal/ITestResultNotifier
instanceKlass  @bci java/util/Comparator comparingInt (Ljava/util/function/ToIntFunction;)Ljava/util/Comparator; 6 <appendix> member <vmtarget> ; # java/util/Comparator$$Lambda+0x000000002612bee0
instanceKlass java/lang/classfile/constantpool/IntegerEntry
instanceKlass sun/invoke/util/BytecodeDescriptor
instanceKlass java/lang/invoke/InnerClassLambdaMetafactory$4
instanceKlass java/lang/invoke/InnerClassLambdaMetafactory$SerializationSupport
instanceKlass  @cpi io/github/bonigarcia/wdm/cache/CacheHandler 245 form vmentry <vmtarget> ; # java/lang/invoke/LambdaForm$DMH+0x00000000261a8800
instanceKlass  @bci org/testng/SuiteRunner <init> (Lorg/testng/internal/IConfiguration;Lorg/testng/xml/XmlSuite;Ljava/lang/String;Lorg/testng/ITestRunnerFactory;ZLjava/util/List;Ljava/util/Collection;Lorg/testng/SuiteRunner$TestListenersContainer;Ljava/util/Collection;Lorg/testng/DataProviderHolder;Ljava/util/Comparator;)V 490 <appendix> argL0 ; # org/testng/SuiteRunner$$Lambda+0x00000000261ac400
instanceKlass  @cpi org/testng/internal/DynamicGraphHelper 408 form vmentry <vmtarget> ; # java/lang/invoke/LambdaForm$DMH+0x00000000261a8400
instanceKlass java/util/function/ToIntFunction
instanceKlass org/testng/SuiteRunner$DefaultTestRunnerFactory
instanceKlass java/util/Collections$SynchronizedMap
instanceKlass org/testng/internal/Attributes
instanceKlass org/testng/SuiteRunState
instanceKlass  @bci org/testng/internal/MethodSorting parse (Ljava/lang/String;)Lorg/testng/internal/MethodSorting; 20 <appendix> member <vmtarget> ; # org/testng/internal/MethodSorting$$Lambda+0x00000000261a7680
instanceKlass org/testng/ITestRunnerFactory
instanceKlass org/testng/ISuiteResult
instanceKlass  @bci org/testng/SuiteRunner$TestListenersContainer <init> (Ljava/util/List;Lorg/testng/ITestListener;)V 25 <appendix> member <vmtarget> ; # org/testng/SuiteRunner$TestListenersContainer$$Lambda+0x00000000261a62a0
instanceKlass org/testng/SuiteRunner
instanceKlass org/testng/ISuiteRunnerListener
instanceKlass org/testng/SuiteRunner$TestListenersContainer
instanceKlass  @bci org/testng/DataProviderHolder addInterceptors (Ljava/util/Collection;)V 2 <appendix> member <vmtarget> ; # org/testng/DataProviderHolder$$Lambda+0x00000000261a5808
instanceKlass  @bci org/testng/DataProviderHolder addListeners (Ljava/util/Collection;)V 2 <appendix> member <vmtarget> ; # org/testng/DataProviderHolder$$Lambda+0x00000000261a55c8
instanceKlass org/testng/DataProviderHolder
instanceKlass org/testng/internal/invokers/SuiteRunnerMap
instanceKlass org/testng/internal/collections/Pair
instanceKlass java/util/stream/ForEachOps$ForEachOp
instanceKlass java/util/stream/ForEachOps
instanceKlass  @bci org/testng/internal/ListenerOrderDeterminer arrange (Ljava/util/Collection;)Lorg/testng/internal/collections/Pair; 34 <appendix> member <vmtarget> ; # org/testng/internal/ListenerOrderDeterminer$$Lambda+0x00000000261a4ce0
instanceKlass  @cpi org/apache/commons/io/FileUtils 1692 form vmentry <vmtarget> ; # java/lang/invoke/LambdaForm$DMH+0x00000000261a8000
instanceKlass  @bci org/testng/internal/ListenerOrderDeterminer arrange (Ljava/util/Collection;)Lorg/testng/internal/collections/Pair; 22 <appendix> argL0 ; # org/testng/internal/ListenerOrderDeterminer$$Lambda+0x00000000261a4a88
instanceKlass java/util/ArrayList$ArrayListSpliterator
instanceKlass  @bci org/testng/internal/ListenerOrderDeterminer <clinit> ()V 32 <appendix> argL0 ; # org/testng/internal/ListenerOrderDeterminer$$Lambda+0x00000000261a4830
instanceKlass  @bci java/util/stream/Collectors toList ()Ljava/util/stream/Collector; 14 <appendix> argL0 ; # java/util/stream/Collectors$$Lambda+0x0000000026129948
instanceKlass  @bci java/util/stream/Collectors toList ()Ljava/util/stream/Collector; 9 <appendix> argL0 ; # java/util/stream/Collectors$$Lambda+0x0000000026129710
instanceKlass  @bci java/util/stream/Collectors toList ()Ljava/util/stream/Collector; 4 <appendix> argL0 ; # java/util/stream/Collectors$$Lambda+0x00000000261294e8
instanceKlass  @bci org/testng/internal/ListenerOrderDeterminer <clinit> ()V 8 <appendix> argL0 ; # org/testng/internal/ListenerOrderDeterminer$$Lambda+0x00000000261a45e8
instanceKlass org/testng/internal/ListenerOrderDeterminer
instanceKlass org/testng/xml/internal/XmlSuiteUtils
instanceKlass org/testng/internal/invokers/objects/GuiceContext
instanceKlass org/testng/internal/objects/SimpleObjectDispenser
instanceKlass org/testng/internal/objects/GuiceBasedObjectDispenser
instanceKlass org/testng/internal/objects/IObjectDispenser
instanceKlass org/testng/internal/objects/Dispenser
instanceKlass io/qameta/allure/testng/config/AllureTestNgConfig
instanceKlass  @bci io/qameta/allure/testng/AllureTestNg <init> (Lio/qameta/allure/AllureLifecycle;Lio/qameta/allure/testng/AllureTestNgTestFilter;)V 29 <appendix> argL0 ; # io/qameta/allure/testng/AllureTestNg$$Lambda+0x00000000261a3290
instanceKlass  @bci io/qameta/allure/testng/AllureTestNg <init> (Lio/qameta/allure/AllureLifecycle;Lio/qameta/allure/testng/AllureTestNgTestFilter;)V 17 <appendix> argL0 ; # io/qameta/allure/testng/AllureTestNg$$Lambda+0x00000000261a3068
instanceKlass  @bci io/qameta/allure/testng/AllureTestNg <init> (Lio/qameta/allure/AllureLifecycle;Lio/qameta/allure/testng/AllureTestNgTestFilter;)V 5 <appendix> argL0 ; # io/qameta/allure/testng/AllureTestNg$$Lambda+0x00000000261a2e40
instanceKlass io/qameta/allure/testng/AllureTestNg$Current
instanceKlass io/qameta/allure/testfilter/TestPlanUnknown
instanceKlass io/qameta/allure/testfilter/TestPlan
instanceKlass  @bci io/qameta/allure/testfilter/FileTestPlanSupplier supply ()Ljava/util/Optional; 69 <appendix> member <vmtarget> ; # io/qameta/allure/testfilter/FileTestPlanSupplier$$Lambda+0x00000000261a2598
instanceKlass  @bci io/qameta/allure/testfilter/FileTestPlanSupplier supply ()Ljava/util/Optional; 60 <appendix> argL0 ; # io/qameta/allure/testfilter/FileTestPlanSupplier$$Lambda+0x00000000261a2340
instanceKlass  @bci io/qameta/allure/testfilter/FileTestPlanSupplier supply ()Ljava/util/Optional; 52 <appendix> argL0 ; # io/qameta/allure/testfilter/FileTestPlanSupplier$$Lambda+0x00000000261a20e8
instanceKlass  @bci io/qameta/allure/testfilter/FileTestPlanSupplier supply ()Ljava/util/Optional; 44 <appendix> member <vmtarget> ; # io/qameta/allure/testfilter/FileTestPlanSupplier$$Lambda+0x00000000261a1e98
instanceKlass java/util/TreeMap$Entry
instanceKlass java/lang/ProcessEnvironment$CheckedEntry
instanceKlass java/lang/ProcessEnvironment$CheckedEntrySet$1
instanceKlass java/lang/ProcessEnvironment$EntryComparator
instanceKlass java/lang/ProcessEnvironment$NameComparator
instanceKlass  @bci io/qameta/allure/testfilter/FileTestPlanSupplier supply ()Ljava/util/Optional; 26 <appendix> argL0 ; # io/qameta/allure/testfilter/FileTestPlanSupplier$$Lambda+0x00000000261a1c40
instanceKlass  @bci io/qameta/allure/testfilter/FileTestPlanSupplier supply ()Ljava/util/Optional; 16 <appendix> argL0 ; # io/qameta/allure/testfilter/FileTestPlanSupplier$$Lambda+0x00000000261a19e8
instanceKlass  @bci io/qameta/allure/testfilter/FileTestPlanSupplier supply ()Ljava/util/Optional; 6 <appendix> argL0 ; # io/qameta/allure/testfilter/FileTestPlanSupplier$$Lambda+0x00000000261a17a0
instanceKlass io/qameta/allure/testfilter/FileTestPlanSupplier
instanceKlass io/qameta/allure/testfilter/TestPlanSupplier
instanceKlass io/qameta/allure/internal/AllureThreadContext
instanceKlass java/util/concurrent/locks/ReentrantReadWriteLock$WriteLock
instanceKlass java/util/concurrent/locks/ReentrantReadWriteLock$ReadLock
instanceKlass java/util/concurrent/locks/AbstractQueuedLongSynchronizer$Node
instanceKlass java/util/concurrent/locks/ReentrantReadWriteLock
instanceKlass io/qameta/allure/internal/AllureStorage
instanceKlass jdk/internal/foreign/MemorySessionImpl
instanceKlass java/lang/foreign/MemorySegment$Scope
instanceKlass io/qameta/allure/util/ServiceLoaderUtils
instanceKlass io/qameta/allure/listener/LifecycleNotifier
instanceKlass io/qameta/allure/listener/StepLifecycleListener
instanceKlass io/qameta/allure/listener/FixtureLifecycleListener
instanceKlass io/qameta/allure/listener/TestLifecycleListener
instanceKlass io/qameta/allure/listener/ContainerLifecycleListener
instanceKlass io/qameta/allure/listener/LifecycleListener
instanceKlass io/qameta/allure/internal/shadowed/jackson/databind/util/ArrayBuilders
instanceKlass io/qameta/allure/internal/shadowed/jackson/databind/ObjectMapper$1
instanceKlass io/qameta/allure/internal/shadowed/jackson/databind/type/ClassKey
instanceKlass io/qameta/allure/internal/shadowed/jackson/databind/ser/Serializers$Base
instanceKlass io/qameta/allure/internal/shadowed/jackson/core/Version
instanceKlass io/qameta/allure/internal/shadowed/jackson/databind/ser/BeanSerializerModifier
instanceKlass io/qameta/allure/internal/shadowed/jackson/databind/ser/Serializers
instanceKlass io/qameta/allure/internal/shadowed/jackson/databind/cfg/SerializerFactoryConfig
instanceKlass java/util/concurrent/atomic/AtomicBoolean
instanceKlass java/util/Currency
instanceKlass io/qameta/allure/internal/shadowed/jackson/databind/ser/std/StdJdkSerializers
instanceKlass io/qameta/allure/internal/shadowed/jackson/databind/ser/std/NumberSerializers
instanceKlass io/qameta/allure/internal/shadowed/jackson/databind/deser/DeserializerCache
instanceKlass io/qameta/allure/internal/shadowed/jackson/databind/KeyDeserializer
instanceKlass io/qameta/allure/internal/shadowed/jackson/databind/deser/std/StdKeyDeserializers
instanceKlass io/qameta/allure/internal/shadowed/jackson/databind/deser/KeyDeserializers
instanceKlass io/qameta/allure/internal/shadowed/jackson/databind/deser/ValueInstantiators
instanceKlass io/qameta/allure/internal/shadowed/jackson/databind/AbstractTypeResolver
instanceKlass io/qameta/allure/internal/shadowed/jackson/databind/deser/BeanDeserializerModifier
instanceKlass io/qameta/allure/internal/shadowed/jackson/databind/cfg/DeserializerFactoryConfig
instanceKlass io/qameta/allure/internal/shadowed/jackson/databind/deser/Deserializers
instanceKlass io/qameta/allure/internal/shadowed/jackson/annotation/ObjectIdGenerator
instanceKlass io/qameta/allure/internal/shadowed/jackson/databind/deser/ResolvableDeserializer
instanceKlass io/qameta/allure/internal/shadowed/jackson/databind/deser/ValueInstantiator$Gettable
instanceKlass io/qameta/allure/internal/shadowed/jackson/databind/deser/ContextualDeserializer
instanceKlass io/qameta/allure/internal/shadowed/jackson/databind/JsonDeserializer
instanceKlass io/qameta/allure/internal/shadowed/jackson/databind/deser/NullValueProvider
instanceKlass io/qameta/allure/internal/shadowed/jackson/databind/ser/SerializerCache
instanceKlass io/qameta/allure/internal/shadowed/jackson/databind/ser/ResolvableSerializer
instanceKlass io/qameta/allure/internal/shadowed/jackson/databind/ser/ContextualSerializer
instanceKlass io/qameta/allure/internal/shadowed/jackson/databind/node/JsonNodeFactory
instanceKlass io/qameta/allure/internal/shadowed/jackson/databind/node/JsonNodeCreator
instanceKlass io/qameta/allure/internal/shadowed/jackson/databind/cfg/ContextAttributes
instanceKlass io/qameta/allure/internal/shadowed/jackson/databind/cfg/DatatypeFeature
instanceKlass io/qameta/allure/internal/shadowed/jackson/databind/cfg/DatatypeFeatures$DefaultHolder
instanceKlass io/qameta/allure/internal/shadowed/jackson/databind/cfg/DatatypeFeatures
instanceKlass io/qameta/allure/internal/shadowed/jackson/core/util/DefaultPrettyPrinter$NopIndenter
instanceKlass io/qameta/allure/internal/shadowed/jackson/core/util/Separators
instanceKlass io/qameta/allure/internal/shadowed/jackson/core/util/DefaultPrettyPrinter$Indenter
instanceKlass io/qameta/allure/internal/shadowed/jackson/core/util/DefaultPrettyPrinter
instanceKlass io/qameta/allure/internal/shadowed/jackson/core/util/Instantiatable
instanceKlass io/qameta/allure/internal/shadowed/jackson/databind/cfg/ConfigFeature
instanceKlass io/qameta/allure/internal/shadowed/jackson/databind/cfg/ConfigOverride
instanceKlass io/qameta/allure/internal/shadowed/jackson/annotation/JsonFormat$Features
instanceKlass io/qameta/allure/internal/shadowed/jackson/annotation/JsonFormat$Value
instanceKlass io/qameta/allure/internal/shadowed/jackson/core/PrettyPrinter
instanceKlass io/qameta/allure/internal/shadowed/jackson/databind/cfg/CoercionConfig
instanceKlass io/qameta/allure/internal/shadowed/jackson/databind/cfg/CoercionConfigs
instanceKlass io/qameta/allure/internal/shadowed/jackson/databind/introspect/VisibilityChecker$Std
instanceKlass io/qameta/allure/internal/shadowed/jackson/annotation/JsonSetter$Value
instanceKlass io/qameta/allure/internal/shadowed/jackson/annotation/JsonInclude$Value
instanceKlass io/qameta/allure/internal/shadowed/jackson/annotation/JacksonAnnotationValue
instanceKlass io/qameta/allure/internal/shadowed/jackson/databind/cfg/ConfigOverrides
instanceKlass io/qameta/allure/internal/shadowed/jackson/databind/introspect/AnnotatedClass$Creators
instanceKlass io/qameta/allure/internal/shadowed/jackson/databind/introspect/AnnotationCollector$NoAnnotations
instanceKlass io/qameta/allure/internal/shadowed/jackson/databind/util/Annotations
instanceKlass io/qameta/allure/internal/shadowed/jackson/databind/introspect/AnnotationCollector
instanceKlass io/qameta/allure/internal/shadowed/jackson/databind/introspect/AnnotatedClassResolver
instanceKlass io/qameta/allure/internal/shadowed/jackson/databind/BeanDescription
instanceKlass io/qameta/allure/internal/shadowed/jackson/databind/cfg/MapperConfig
instanceKlass io/qameta/allure/internal/shadowed/jackson/databind/introspect/SimpleMixInResolver
instanceKlass io/qameta/allure/internal/shadowed/jackson/databind/introspect/ClassIntrospector$MixInResolver
instanceKlass io/qameta/allure/internal/shadowed/jackson/databind/util/RootNameLookup
instanceKlass io/qameta/allure/internal/shadowed/jackson/core/sym/CharsToNameCanonicalizer$Bucket
instanceKlass io/qameta/allure/internal/shadowed/jackson/core/sym/CharsToNameCanonicalizer$TableInfo
instanceKlass io/qameta/allure/internal/shadowed/jackson/core/sym/CharsToNameCanonicalizer
instanceKlass io/qameta/allure/internal/shadowed/jackson/core/ErrorReportConfiguration
instanceKlass io/qameta/allure/internal/shadowed/jackson/core/StreamWriteConstraints
instanceKlass io/qameta/allure/internal/shadowed/jackson/core/StreamReadConstraints
instanceKlass io/qameta/allure/internal/shadowed/jackson/core/util/RecyclerPool$WithPool
instanceKlass io/qameta/allure/internal/shadowed/jackson/core/util/RecyclerPool$ThreadLocalPoolBase
instanceKlass io/qameta/allure/internal/shadowed/jackson/core/util/RecyclerPool
instanceKlass io/qameta/allure/internal/shadowed/jackson/core/util/JsonRecyclerPools
instanceKlass io/qameta/allure/internal/shadowed/jackson/core/sym/ByteQuadsCanonicalizer$TableInfo
instanceKlass io/qameta/allure/internal/shadowed/jackson/core/sym/ByteQuadsCanonicalizer
instanceKlass io/qameta/allure/internal/shadowed/jackson/core/io/CharTypes
instanceKlass io/qameta/allure/internal/shadowed/jackson/core/io/JsonStringEncoder
instanceKlass io/qameta/allure/internal/shadowed/jackson/core/io/SerializedString
instanceKlass io/qameta/allure/internal/shadowed/jackson/core/util/JacksonFeature
instanceKlass io/qameta/allure/internal/shadowed/jackson/core/async/ByteBufferFeeder
instanceKlass io/qameta/allure/internal/shadowed/jackson/core/async/ByteArrayFeeder
instanceKlass io/qameta/allure/internal/shadowed/jackson/core/async/NonBlockingInputFeeder
instanceKlass io/qameta/allure/internal/shadowed/jackson/core/TSFBuilder
instanceKlass io/qameta/allure/internal/shadowed/jackson/core/SerializableString
instanceKlass io/qameta/allure/internal/shadowed/jackson/databind/cfg/MapperBuilder
instanceKlass io/qameta/allure/internal/shadowed/jackson/databind/cfg/DefaultCacheProvider
instanceKlass io/qameta/allure/internal/shadowed/jackson/databind/cfg/CacheProvider
instanceKlass io/qameta/allure/internal/shadowed/jackson/databind/introspect/AccessorNamingStrategy
instanceKlass io/qameta/allure/internal/shadowed/jackson/core/Base64Variant
instanceKlass io/qameta/allure/internal/shadowed/jackson/core/Base64Variants
instanceKlass java/text/DigitList
instanceKlass java/text/DecimalFormatSymbols
instanceKlass java/text/DateFormatSymbols
instanceKlass sun/util/resources/Bundles$CacheKeyReference
instanceKlass  @bci sun/util/cldr/CLDRLocaleProviderAdapter applyAliases (Ljava/util/Locale;)Ljava/util/Locale; 4 <appendix> argL0 ; # sun/util/cldr/CLDRLocaleProviderAdapter$$Lambda+0x0000000026121fe8
instanceKlass sun/util/resources/Bundles$CacheKey
instanceKlass sun/util/resources/Bundles
instanceKlass sun/util/resources/LocaleData$LocaleDataStrategy
instanceKlass sun/util/resources/Bundles$Strategy
instanceKlass sun/util/resources/LocaleData
instanceKlass java/util/regex/ASCII
instanceKlass sun/util/locale/provider/LocaleResources
instanceKlass java/util/stream/AbstractSpinedBuffer
instanceKlass java/util/stream/Nodes$EmptyNode
instanceKlass java/util/stream/Nodes$AbstractConcNode
instanceKlass java/util/stream/Node$Builder$OfLong
instanceKlass java/util/stream/Sink$OfLong
instanceKlass java/util/function/LongConsumer
instanceKlass java/util/stream/Node$Builder$OfInt
instanceKlass java/util/stream/Sink$OfInt
instanceKlass java/util/function/IntConsumer
instanceKlass java/util/stream/Node$Builder$OfDouble
instanceKlass java/util/stream/Sink$OfDouble
instanceKlass java/util/function/DoubleConsumer
instanceKlass java/util/stream/Node$Builder
instanceKlass java/util/stream/Node$OfDouble
instanceKlass java/util/stream/Node$OfLong
instanceKlass java/util/stream/Node$OfInt
instanceKlass java/util/stream/Node$OfPrimitive
instanceKlass java/util/stream/Node
instanceKlass java/util/stream/Nodes
instanceKlass  @bci sun/util/locale/provider/LocaleProviderAdapter toLocaleArray (Ljava/util/Set;)[Ljava/util/Locale; 21 <appendix> argL0 ; # sun/util/locale/provider/LocaleProviderAdapter$$Lambda+0x000000002611b8e8
instanceKlass java/util/stream/DistinctOps
instanceKlass  @bci sun/util/locale/provider/LocaleProviderAdapter toLocaleArray (Ljava/util/Set;)[Ljava/util/Locale; 6 <appendix> argL0 ; # sun/util/locale/provider/LocaleProviderAdapter$$Lambda+0x000000002611a820
instanceKlass sun/util/locale/provider/CalendarDataUtility$CalendarWeekParameterGetter
instanceKlass sun/util/locale/provider/LocaleServiceProviderPool
instanceKlass java/util/Locale$Builder
instanceKlass sun/util/locale/provider/CalendarDataUtility
instanceKlass sun/util/calendar/CalendarSystem$GregorianHolder
instanceKlass sun/util/calendar/CalendarSystem
instanceKlass java/util/Calendar$Builder
instanceKlass java/util/regex/IntHashSet
instanceKlass java/util/regex/Matcher
instanceKlass java/util/regex/MatchResult
instanceKlass sun/util/resources/cldr/provider/CLDRLocaleDataMetaInfo
instanceKlass jdk/internal/module/ModulePatcher$PatchedModuleReader
instanceKlass java/util/Locale$LocaleCache
instanceKlass jdk/internal/util/ReferencedKeyMap$1
instanceKlass sun/util/locale/BaseLocale$1InterningCache
instanceKlass sun/util/locale/InternalLocaleBuilder$CaseInsensitiveChar
instanceKlass sun/util/locale/InternalLocaleBuilder
instanceKlass sun/util/locale/StringTokenIterator
instanceKlass java/text/ParsePosition
instanceKlass sun/util/cldr/CLDRBaseLocaleDataMetaInfo
instanceKlass sun/util/locale/provider/LocaleDataMetaInfo
instanceKlass sun/util/locale/provider/AvailableLanguageTags
instanceKlass sun/util/locale/provider/ResourceBundleBasedAdapter
instanceKlass sun/util/locale/provider/LocaleProviderAdapter
instanceKlass java/util/spi/LocaleServiceProvider
instanceKlass sun/util/calendar/CalendarUtils
instanceKlass  @bci java/util/regex/Pattern Single (I)Ljava/util/regex/Pattern$BmpCharPredicate; 1 <appendix> member <vmtarget> ; # java/util/regex/Pattern$$Lambda+0x000000002610d990
instanceKlass java/util/regex/Pattern$TreeInfo
instanceKlass java/util/regex/Pattern$BitClass
instanceKlass  @bci java/util/regex/CharPredicates ASCII_DIGIT ()Ljava/util/regex/Pattern$BmpCharPredicate; 0 <appendix> argL0 ; # java/util/regex/CharPredicates$$Lambda+0x000000002610cbd0
instanceKlass java/util/regex/Pattern$BmpCharPredicate
instanceKlass java/util/regex/CharPredicates
instanceKlass java/util/regex/Pattern$Node
instanceKlass java/util/regex/Pattern$CharPredicate
instanceKlass java/util/regex/Pattern
instanceKlass java/util/Calendar
instanceKlass io/qameta/allure/internal/shadowed/jackson/databind/type/TypeBindings
instanceKlass io/qameta/allure/internal/shadowed/jackson/databind/type/TypeParser
instanceKlass io/qameta/allure/internal/shadowed/jackson/databind/type/TypeFactory
instanceKlass sun/util/calendar/ZoneInfoFile$ZoneOffsetTransitionRule
instanceKlass jdk/internal/util/ByteArray
instanceKlass sun/util/calendar/ZoneInfoFile
instanceKlass sun/util/calendar/CalendarDate
instanceKlass java/time/temporal/TemporalAdjuster
instanceKlass java/time/ZoneId
instanceKlass java/util/TimeZone
instanceKlass io/qameta/allure/internal/shadowed/jackson/databind/cfg/BaseSettings
instanceKlass java/util/concurrent/atomic/AtomicReferenceArray
instanceKlass java/util/concurrent/atomic/AtomicLongArray
instanceKlass java/util/concurrent/atomic/AtomicReference
instanceKlass java/util/concurrent/ConcurrentLinkedQueue$Node
instanceKlass io/qameta/allure/internal/shadowed/jackson/databind/util/internal/Linked
instanceKlass io/qameta/allure/internal/shadowed/jackson/databind/util/internal/PrivateMaxEntriesMap$Builder
instanceKlass io/qameta/allure/internal/shadowed/jackson/databind/util/LRUMap
instanceKlass io/qameta/allure/internal/shadowed/jackson/databind/util/LookupCache
instanceKlass java/beans/ConstructorProperties
instanceKlass java/beans/Transient
instanceKlass java/lang/reflect/AnnotatedType
instanceKlass io/qameta/allure/internal/shadowed/jackson/databind/util/ClassUtil$Ctor
instanceKlass io/qameta/allure/internal/shadowed/jackson/databind/util/ClassUtil
instanceKlass io/qameta/allure/internal/shadowed/jackson/databind/ext/Java7Support
instanceKlass io/qameta/allure/internal/shadowed/jackson/annotation/JsonMerge
instanceKlass io/qameta/allure/internal/shadowed/jackson/databind/annotation/JsonDeserialize
instanceKlass io/qameta/allure/internal/shadowed/jackson/annotation/JsonManagedReference
instanceKlass io/qameta/allure/internal/shadowed/jackson/annotation/JsonBackReference
instanceKlass io/qameta/allure/internal/shadowed/jackson/annotation/JsonUnwrapped
instanceKlass io/qameta/allure/internal/shadowed/jackson/annotation/JsonRawValue
instanceKlass io/qameta/allure/internal/shadowed/jackson/annotation/JsonTypeInfo
instanceKlass io/qameta/allure/internal/shadowed/jackson/annotation/JsonFormat
instanceKlass io/qameta/allure/internal/shadowed/jackson/annotation/JsonView
instanceKlass io/qameta/allure/internal/shadowed/jackson/databind/annotation/JsonSerialize
instanceKlass io/qameta/allure/internal/shadowed/jackson/databind/introspect/ConcreteBeanPropertyBase
instanceKlass io/qameta/allure/internal/shadowed/jackson/databind/BeanProperty
instanceKlass io/qameta/allure/internal/shadowed/jackson/databind/introspect/BeanPropertyDefinition
instanceKlass io/qameta/allure/internal/shadowed/jackson/databind/util/Named
instanceKlass io/qameta/allure/internal/shadowed/jackson/databind/introspect/TypeResolutionContext
instanceKlass io/qameta/allure/internal/shadowed/jackson/databind/introspect/Annotated
instanceKlass io/qameta/allure/internal/shadowed/jackson/core/JsonParser
instanceKlass io/qameta/allure/internal/shadowed/jackson/core/util/BufferRecycler$Gettable
instanceKlass io/qameta/allure/internal/shadowed/jackson/core/type/ResolvedType
instanceKlass io/qameta/allure/internal/shadowed/jackson/databind/introspect/VisibilityChecker
instanceKlass io/qameta/allure/internal/shadowed/jackson/databind/jsontype/TypeResolverBuilder
instanceKlass io/qameta/allure/internal/shadowed/jackson/databind/Module$SetupContext
instanceKlass io/qameta/allure/internal/shadowed/jackson/databind/introspect/ClassIntrospector
instanceKlass io/qameta/allure/internal/shadowed/jackson/databind/JsonSerializable$Base
instanceKlass io/qameta/allure/internal/shadowed/jackson/databind/JsonSerializable
instanceKlass io/qameta/allure/internal/shadowed/jackson/core/TreeNode
instanceKlass io/qameta/allure/internal/shadowed/jackson/core/JsonGenerator
instanceKlass io/qameta/allure/internal/shadowed/jackson/databind/jsontype/PolymorphicTypeValidator
instanceKlass io/qameta/allure/internal/shadowed/jackson/databind/introspect/AccessorNamingStrategy$Provider
instanceKlass io/qameta/allure/internal/shadowed/jackson/databind/AnnotationIntrospector
instanceKlass io/qameta/allure/internal/shadowed/jackson/databind/ser/SerializerFactory
instanceKlass io/qameta/allure/internal/shadowed/jackson/databind/deser/DeserializerFactory
instanceKlass io/qameta/allure/internal/shadowed/jackson/databind/DatabindContext
instanceKlass io/qameta/allure/internal/shadowed/jackson/databind/jsontype/SubtypeResolver
instanceKlass io/qameta/allure/internal/shadowed/jackson/core/TokenStreamFactory
instanceKlass io/qameta/allure/internal/shadowed/jackson/core/TreeCodec
instanceKlass io/qameta/allure/internal/shadowed/jackson/databind/Module
instanceKlass io/qameta/allure/internal/shadowed/jackson/core/Versioned
instanceKlass io/qameta/allure/internal/shadowed/jackson/databind/jsonschema/SchemaAware
instanceKlass io/qameta/allure/internal/shadowed/jackson/databind/JsonSerializer
instanceKlass io/qameta/allure/internal/shadowed/jackson/databind/jsonFormatVisitors/JsonFormatVisitable
instanceKlass io/qameta/allure/internal/Allure2ModelJackson
instanceKlass io/qameta/allure/FileSystemResultsWriter
instanceKlass io/qameta/allure/util/PropertiesUtils
instanceKlass io/qameta/allure/AllureResultsWriter
instanceKlass io/qameta/allure/Allure
instanceKlass org/testng/ITestContext
instanceKlass io/qameta/allure/testng/AllureTestNgTestFilter
instanceKlass io/qameta/allure/AllureLifecycle
instanceKlass org/testng/IClass
instanceKlass java/util/concurrent/locks/ReadWriteLock
instanceKlass io/qameta/allure/testng/AllureTestNg
# instanceKlass java/lang/invoke/LambdaForm$MH+0x0000000026141000
# instanceKlass java/lang/invoke/LambdaForm$MH+0x0000000026140c00
instanceKlass  @cpi java/security/spec/EncodedKeySpec 79 form vmentry <vmtarget> ; # java/lang/invoke/LambdaForm$DMH+0x0000000026140800
instanceKlass org/testng/ITestResult
instanceKlass com/intellij/rt/testng/IDEATestNGInvokedMethodListener
instanceKlass com/intellij/rt/testng/IDEATestNGConfigurationListener
instanceKlass com/intellij/rt/testng/IDEATestNGTestListener
instanceKlass org/testng/IDataProviderInterceptor
instanceKlass org/testng/IDataProviderListener
instanceKlass org/testng/IAlterSuiteListener
instanceKlass org/testng/IConfigurationListener
instanceKlass org/testng/IConfigurable
instanceKlass org/testng/IHookable
instanceKlass org/testng/IInvokedMethodListener
instanceKlass org/testng/IMethodInterceptor
instanceKlass org/testng/IClassListener
instanceKlass org/testng/IExecutionVisualiser
instanceKlass com/intellij/rt/testng/IDEATestNGSuiteListener
instanceKlass org/testng/ISuiteListener
instanceKlass com/intellij/rt/testng/IDEATestNGRemoteListener$ExposedTestResult
instanceKlass com/intellij/rt/testng/IDEATestNGRemoteListener
instanceKlass  @bci org/testng/TestNG processParallelModeCommandLineArgs (Lorg/testng/xml/XmlSuite;)V 42 <appendix> member <vmtarget> ; # org/testng/TestNG$$Lambda+0x00000000260ddee8
instanceKlass QAcart/Testing_UI/Base/BaseTest
instanceKlass org/testng/xml/XmlClass
instanceKlass jdk/internal/util/ByteArrayLittleEndian
instanceKlass org/testng/xml/XmlTest
instanceKlass  @bci org/testng/xml/TestNGContentHandler xmlSuite (ZLorg/xml/sax/Attributes;)V 421 <appendix> member <vmtarget> ; # org/testng/xml/TestNGContentHandler$$Lambda+0x00000000260dd180
instanceKlass  @bci org/testng/xml/TestNGContentHandler xmlSuite (ZLorg/xml/sax/Attributes;)V 394 <appendix> member <vmtarget> ; # org/testng/xml/TestNGContentHandler$$Lambda+0x00000000260dcf40
instanceKlass sun/security/provider/AbstractDrbg$NonceProvider
instanceKlass  @bci sun/security/provider/AbstractDrbg$SeederHolder <clinit> ()V 42 <appendix> member <vmtarget> ; # sun/security/provider/AbstractDrbg$SeederHolder$$Lambda+0x0000000026100a08
instanceKlass  @cpi sun/security/provider/AbstractDrbg$SeederHolder 91 form vmentry <vmtarget> ; # java/lang/invoke/LambdaForm$DMH+0x0000000026140400
# instanceKlass java/lang/invoke/LambdaForm$DMH+0x0000000026140000
instanceKlass sun/nio/fs/WindowsDirectoryStream$WindowsDirectoryIterator
instanceKlass sun/nio/fs/WindowsDirectoryStream
instanceKlass java/nio/file/Files$AcceptAllFilter
instanceKlass java/net/NetworkInterface$1
instanceKlass java/net/DefaultInterface
instanceKlass java/net/InterfaceAddress
instanceKlass sun/security/provider/ByteArrayAccess$BE
instanceKlass sun/security/provider/ByteArrayAccess
instanceKlass sun/security/jca/GetInstance$Instance
instanceKlass sun/security/jca/GetInstance
instanceKlass sun/security/util/MessageDigestSpi2
instanceKlass java/security/MessageDigestSpi
instanceKlass sun/security/provider/SeedGenerator
instanceKlass sun/security/provider/AbstractDrbg$SeederHolder
instanceKlass java/security/DrbgParameters$NextBytes
instanceKlass  @bci sun/security/provider/AbstractDrbg <clinit> ()V 12 <appendix> argL0 ; # sun/security/provider/AbstractDrbg$$Lambda+0x00000000260ff920
instanceKlass  @cpi sun/security/provider/AbstractDrbg 383 form vmentry <vmtarget> ; # java/lang/invoke/LambdaForm$DMH+0x00000000260d8c00
# instanceKlass java/lang/invoke/LambdaForm$DMH+0x00000000260d8800
instanceKlass sun/security/provider/EntropySource
instanceKlass java/security/DrbgParameters$Instantiation
instanceKlass java/security/DrbgParameters
instanceKlass sun/security/provider/MoreDrbgParameters
instanceKlass sun/security/provider/AbstractDrbg
instanceKlass sun/security/util/SecurityProviderConstants
instanceKlass java/security/Provider$UString
instanceKlass java/security/Provider$Service
instanceKlass sun/security/provider/NativePRNG$NonBlocking
instanceKlass sun/security/provider/NativePRNG$Blocking
instanceKlass sun/security/provider/NativePRNG
instanceKlass sun/security/provider/SunEntries
instanceKlass sun/security/util/SecurityConstants
instanceKlass java/util/AbstractList$Itr
instanceKlass jdk/internal/math/FloatingDecimal$ASCIIToBinaryBuffer
instanceKlass jdk/internal/math/MathUtils
instanceKlass jdk/internal/math/FloatingDecimal$PreparedASCIIToBinaryBuffer
instanceKlass jdk/internal/math/FloatingDecimal$BinaryToASCIIBuffer
instanceKlass jdk/internal/math/FloatingDecimal$ExceptionalBinaryToASCIIBuffer
instanceKlass jdk/internal/math/FloatingDecimal$ASCIIToBinaryConverter
instanceKlass jdk/internal/math/FloatingDecimal$BinaryToASCIIConverter
instanceKlass jdk/internal/math/FloatingDecimal
instanceKlass javax/security/auth/login/Configuration$Parameters
instanceKlass java/security/Policy$Parameters
instanceKlass javax/crypto/KDFParameters
instanceKlass java/security/cert/CertStoreParameters
instanceKlass java/security/SecureRandomParameters
instanceKlass java/security/Provider$EngineDescription
instanceKlass  @bci java/security/Provider <clinit> ()V 28 <appendix> argL0 ; # java/security/Provider$$Lambda+0x00000000260f80d8
instanceKlass java/security/Provider$ServiceKey
instanceKlass sun/security/jca/ProviderConfig
instanceKlass sun/security/jca/ProviderList
instanceKlass sun/security/jca/Providers
instanceKlass java/security/SecureRandomSpi
instanceKlass java/util/Random
instanceKlass java/util/random/RandomGenerator
instanceKlass java/util/UUID$Holder
instanceKlass java/util/UUID
instanceKlass com/sun/org/apache/xerces/internal/impl/Constants$ArrayEnumeration
instanceKlass com/sun/org/apache/xerces/internal/impl/Constants
instanceKlass com/sun/xml/internal/stream/StaxXMLInputSource
instanceKlass java/net/spi/URLStreamHandlerProvider
instanceKlass jdk/internal/misc/ThreadTracker
instanceKlass java/net/URL$ThreadTrackHolder
instanceKlass org/testng/xml/TestNGURLs
instanceKlass org/testng/util/Strings
instanceKlass com/sun/org/apache/xerces/internal/impl/XMLDocumentScannerImpl$DTDDriver
instanceKlass com/sun/org/apache/xerces/internal/impl/dtd/XMLContentSpec
instanceKlass com/sun/org/apache/xerces/internal/impl/dtd/models/CMNode
instanceKlass com/sun/org/apache/xerces/internal/impl/dtd/models/ContentModelValidator
instanceKlass com/sun/org/apache/xerces/internal/util/URI
instanceKlass com/sun/org/apache/xerces/internal/parsers/AbstractSAXParser$LocatorProxy
instanceKlass org/xml/sax/ext/Locator2
instanceKlass com/sun/org/apache/xerces/internal/util/XMLSymbols
instanceKlass com/sun/org/apache/xerces/internal/util/XMLChar
instanceKlass com/sun/xml/internal/stream/util/BufferAllocator
instanceKlass com/sun/xml/internal/stream/util/ThreadLocalBufferAllocator
instanceKlass com/sun/org/apache/xerces/internal/impl/XMLEntityManager$EncodingInfo
instanceKlass jdk/xml/internal/XMLLimitAnalyzer
instanceKlass com/sun/org/apache/xerces/internal/xni/parser/XMLInputSource
instanceKlass com/sun/org/apache/xerces/internal/util/ErrorHandlerWrapper
instanceKlass com/sun/org/apache/xerces/internal/impl/ExternalSubsetResolver
instanceKlass com/sun/org/apache/xerces/internal/util/EntityResolverWrapper
instanceKlass org/xml/sax/ext/EntityResolver2
instanceKlass  @bci org/testng/xml/TestNGContentHandler <init> (Ljava/lang/String;Z)V 83 <appendix> member <vmtarget> ; # org/testng/xml/TestNGContentHandler$$Lambda+0x00000000260dc4a0
instanceKlass org/xml/sax/InputSource
instanceKlass java/util/ServiceLoader$ProviderImpl
instanceKlass org/testng/internal/YamlParser
instanceKlass sun/net/www/MessageHeader
instanceKlass sun/net/www/protocol/jar/JarFileFactory
instanceKlass sun/net/www/protocol/jar/URLJarFile$URLJarFileCloseController
instanceKlass java/net/FileNameMap
instanceKlass java/security/Permission
instanceKlass java/security/Guard
instanceKlass java/net/URLConnection
instanceKlass org/testng/internal/AutoCloseableLock
instanceKlass java/text/Format$FieldDelegate
instanceKlass java/text/FieldPosition
instanceKlass java/text/StringBufFactory$StringBuilderImpl
instanceKlass java/text/Format$StringBuf
instanceKlass java/text/StringBufFactory
instanceKlass java/text/AttributedCharacterIterator$Attribute
instanceKlass java/text/CharacterIterator
instanceKlass java/text/Format
instanceKlass  @bci jdk/internal/module/SystemModuleFinders$SystemModuleReader open (Ljava/lang/String;)Ljava/util/Optional; 6 <appendix> member <vmtarget> ; # jdk/internal/module/SystemModuleFinders$SystemModuleReader$$Lambda+0x00000000260e49d0
instanceKlass java/util/ResourceBundle$ResourceBundleProviderHelper
instanceKlass  @bci java/util/ResourceBundle$Control getCandidateLocales (Ljava/lang/String;Ljava/util/Locale;)Ljava/util/List; 23 <appendix> argL0 ; # java/util/ResourceBundle$Control$$Lambda+0x00000000260e4300
instanceKlass java/util/ResourceBundle$CacheKeyReference
instanceKlass java/util/ResourceBundle$CacheKey
instanceKlass  @bci java/util/ResourceBundle$Control <clinit> ()V 39 <appendix> argL0 ; # java/util/ResourceBundle$Control$$Lambda+0x00000000260e3a38
instanceKlass java/util/ResourceBundle$Control
instanceKlass java/util/ResourceBundle$1
instanceKlass jdk/internal/access/JavaUtilResourceBundleAccess
instanceKlass java/util/ResourceBundle
instanceKlass com/sun/org/apache/xerces/internal/util/SAXMessageFormatter
instanceKlass com/sun/org/apache/xerces/internal/parsers/AbstractSAXParser$AttributesProxy
instanceKlass org/xml/sax/ext/Attributes2
instanceKlass com/sun/org/apache/xerces/internal/util/FeatureState
instanceKlass com/sun/org/apache/xerces/internal/util/PropertyState
instanceKlass com/sun/org/apache/xerces/internal/impl/msg/XMLMessageFormatter
instanceKlass com/sun/org/apache/xerces/internal/impl/XMLVersionDetector
instanceKlass com/sun/org/apache/xerces/internal/impl/validation/ValidationManager
instanceKlass com/sun/org/apache/xerces/internal/impl/dv/dtd/NMTOKENDatatypeValidator
instanceKlass com/sun/org/apache/xerces/internal/impl/dv/dtd/NOTATIONDatatypeValidator
instanceKlass com/sun/org/apache/xerces/internal/impl/dv/dtd/ENTITYDatatypeValidator
instanceKlass com/sun/org/apache/xerces/internal/impl/dv/dtd/ListDatatypeValidator
instanceKlass com/sun/org/apache/xerces/internal/impl/dv/dtd/IDREFDatatypeValidator
instanceKlass com/sun/org/apache/xerces/internal/impl/dv/dtd/IDDatatypeValidator
instanceKlass com/sun/org/apache/xerces/internal/impl/dv/dtd/StringDatatypeValidator
instanceKlass com/sun/org/apache/xerces/internal/impl/dv/DatatypeValidator
instanceKlass com/sun/org/apache/xerces/internal/impl/dv/DTDDVFactory
instanceKlass com/sun/org/apache/xerces/internal/impl/dtd/DTDGrammarBucket
instanceKlass com/sun/org/apache/xerces/internal/impl/dtd/XMLAttributeDecl
instanceKlass com/sun/org/apache/xerces/internal/impl/dtd/XMLSimpleType
instanceKlass com/sun/org/apache/xerces/internal/impl/dtd/XMLElementDecl
instanceKlass com/sun/org/apache/xerces/internal/impl/validation/ValidationState
instanceKlass com/sun/org/apache/xerces/internal/impl/dv/ValidationContext
instanceKlass com/sun/org/apache/xerces/internal/impl/dtd/DTDGrammar
instanceKlass com/sun/org/apache/xerces/internal/xni/grammars/Grammar
instanceKlass com/sun/org/apache/xerces/internal/impl/validation/EntityState
instanceKlass com/sun/org/apache/xerces/internal/impl/dtd/XMLEntityDecl
instanceKlass com/sun/org/apache/xerces/internal/impl/dtd/XMLDTDProcessor
instanceKlass com/sun/org/apache/xerces/internal/xni/parser/XMLDTDContentModelFilter
instanceKlass com/sun/org/apache/xerces/internal/xni/parser/XMLDTDFilter
instanceKlass com/sun/org/apache/xerces/internal/impl/XMLDocumentScannerImpl$TrailingMiscDriver
instanceKlass com/sun/org/apache/xerces/internal/impl/XMLDocumentScannerImpl$PrologDriver
instanceKlass com/sun/org/apache/xerces/internal/impl/XMLDocumentScannerImpl$XMLDeclDriver
instanceKlass com/sun/org/apache/xerces/internal/util/NamespaceSupport
instanceKlass com/sun/org/apache/xerces/internal/util/XMLAttributesImpl$Attribute
instanceKlass com/sun/org/apache/xerces/internal/impl/XMLDocumentFragmentScannerImpl$FragmentContentDriver
instanceKlass com/sun/org/apache/xerces/internal/impl/XMLDocumentFragmentScannerImpl$ElementStack2
instanceKlass com/sun/org/apache/xerces/internal/xni/QName
instanceKlass com/sun/org/apache/xerces/internal/impl/XMLDocumentFragmentScannerImpl$ElementStack
instanceKlass com/sun/org/apache/xerces/internal/util/XMLAttributesImpl
instanceKlass com/sun/org/apache/xerces/internal/xni/grammars/XMLDTDDescription
instanceKlass com/sun/org/apache/xerces/internal/xni/grammars/XMLGrammarDescription
instanceKlass com/sun/org/apache/xerces/internal/impl/XMLDocumentFragmentScannerImpl$Driver
instanceKlass com/sun/org/apache/xerces/internal/xni/XMLAttributes
instanceKlass com/sun/org/apache/xerces/internal/impl/XMLScanner
instanceKlass com/sun/xml/internal/stream/XMLBufferListener
instanceKlass com/sun/org/apache/xerces/internal/impl/XMLEntityHandler
instanceKlass com/sun/org/apache/xerces/internal/xni/parser/XMLErrorHandler
instanceKlass com/sun/org/apache/xerces/internal/impl/XMLErrorReporter
instanceKlass com/sun/org/apache/xerces/internal/xni/XMLString
instanceKlass com/sun/xml/internal/stream/XMLEntityStorage
instanceKlass com/sun/org/apache/xerces/internal/util/AugmentationsImpl$AugmentationsItemsContainer
instanceKlass com/sun/org/apache/xerces/internal/util/AugmentationsImpl
instanceKlass com/sun/org/apache/xerces/internal/util/XMLResourceIdentifierImpl
instanceKlass com/sun/org/apache/xerces/internal/impl/XMLEntityScanner
instanceKlass com/sun/xml/internal/stream/Entity
instanceKlass com/sun/org/apache/xerces/internal/xni/XMLResourceIdentifier
instanceKlass com/sun/org/apache/xerces/internal/xni/Augmentations
instanceKlass com/sun/org/apache/xerces/internal/impl/XMLEntityManager
instanceKlass com/sun/org/apache/xerces/internal/xni/parser/XMLEntityResolver
instanceKlass com/sun/org/apache/xerces/internal/util/SymbolTable$Entry
instanceKlass com/sun/org/apache/xerces/internal/util/SymbolTable
instanceKlass jdk/xml/internal/JdkConstants
instanceKlass  @bci javax/xml/catalog/CatalogFeatures setProperties (Ljavax/xml/catalog/CatalogFeatures$Builder;)V 5 <appendix> member <vmtarget> ; # javax/xml/catalog/CatalogFeatures$$Lambda+0x00000000260b1680
instanceKlass  @bci java/util/logging/LogManager$LoggerContext addLocalLogger (Ljava/util/logging/Logger;Z)Z 95 <appendix> form vmentry <vmtarget> ; # java/lang/invoke/LambdaForm$MH+0x00000000260d8400
instanceKlass java/lang/invoke/StringConcatFactory
instanceKlass javax/xml/catalog/CatalogMessages
instanceKlass javax/xml/catalog/Util
instanceKlass javax/xml/catalog/CatalogFeatures$Builder
instanceKlass javax/xml/catalog/CatalogFeatures
instanceKlass com/sun/org/apache/xalan/internal/xsltc/compiler/SourceLoader
instanceKlass javax/xml/transform/TransformerFactory
instanceKlass javax/xml/parsers/DocumentBuilderFactory
instanceKlass jdk/xml/internal/JdkXmlUtils
instanceKlass com/sun/org/apache/xerces/internal/xni/NamespaceContext
instanceKlass com/sun/org/apache/xerces/internal/xni/parser/XMLDocumentScanner
instanceKlass com/sun/org/apache/xerces/internal/util/MessageFormatter
instanceKlass com/sun/org/apache/xerces/internal/impl/dtd/XMLDTDValidator
instanceKlass com/sun/org/apache/xerces/internal/impl/RevalidationHandler
instanceKlass com/sun/org/apache/xerces/internal/impl/dtd/XMLDTDValidatorFilter
instanceKlass com/sun/org/apache/xerces/internal/xni/parser/XMLDocumentFilter
instanceKlass com/sun/org/apache/xerces/internal/xni/parser/XMLDocumentSource
instanceKlass com/sun/org/apache/xerces/internal/xni/parser/XMLDTDScanner
instanceKlass com/sun/org/apache/xerces/internal/xni/parser/XMLDTDContentModelSource
instanceKlass com/sun/org/apache/xerces/internal/xni/XMLLocator
instanceKlass com/sun/org/apache/xerces/internal/util/ParserConfigurationSettings
instanceKlass com/sun/org/apache/xerces/internal/parsers/XML11Configurable
instanceKlass com/sun/org/apache/xerces/internal/xni/parser/XMLPullParserConfiguration
instanceKlass com/sun/org/apache/xerces/internal/xni/parser/XMLParserConfiguration
instanceKlass org/xml/sax/Attributes
instanceKlass org/xml/sax/AttributeList
instanceKlass org/xml/sax/helpers/LocatorImpl
instanceKlass org/xml/sax/Locator
instanceKlass com/sun/org/apache/xerces/internal/parsers/XMLParser
instanceKlass com/sun/org/apache/xerces/internal/xni/XMLDTDContentModelHandler
instanceKlass org/xml/sax/Parser
instanceKlass org/xml/sax/XMLReader
instanceKlass com/sun/org/apache/xerces/internal/xni/XMLDocumentHandler
instanceKlass com/sun/org/apache/xerces/internal/xni/parser/XMLComponent
instanceKlass com/sun/org/apache/xerces/internal/xni/parser/XMLComponentManager
instanceKlass com/sun/org/apache/xerces/internal/xni/parser/XMLDTDSource
instanceKlass com/sun/org/apache/xerces/internal/xni/XMLDTDHandler
instanceKlass org/xml/sax/DocumentHandler
instanceKlass  @bci javax/xml/parsers/FactoryFinder newInstance (Ljava/lang/Class;Ljava/lang/String;Ljava/lang/ClassLoader;ZZ)Ljava/lang/Object; 80 <appendix> member <vmtarget> ; # javax/xml/parsers/FactoryFinder$$Lambda+0x00000000260a6938
instanceKlass com/sun/org/apache/xerces/internal/xs/PSVIProvider
instanceKlass com/sun/org/apache/xerces/internal/jaxp/JAXPConstants
instanceKlass javax/xml/parsers/SAXParser
instanceKlass  @bci javax/xml/parsers/FactoryFinder find (Ljava/lang/Class;Ljava/lang/String;)Ljava/lang/Object; 93 <appendix> member <vmtarget> ; # javax/xml/parsers/FactoryFinder$$Lambda+0x00000000260a5880
instanceKlass jdk/xml/internal/JdkXmlFeatures
instanceKlass jdk/xml/internal/FeaturePropertyBase
instanceKlass java/util/Collections$UnmodifiableMap$UnmodifiableEntrySet$UnmodifiableEntry
instanceKlass  @bci java/util/Collections$UnmodifiableMap$UnmodifiableEntrySet entryConsumer (Ljava/util/function/Consumer;)Ljava/util/function/Consumer; 1 <appendix> member <vmtarget> ; # java/util/Collections$UnmodifiableMap$UnmodifiableEntrySet$$Lambda+0x00000000260a3098
instanceKlass  @bci java/util/stream/Collectors uniqKeysMapMerger ()Ljava/util/function/BinaryOperator; 0 <appendix> argL0 ; # java/util/stream/Collectors$$Lambda+0x00000000260a2e48
instanceKlass  @bci java/util/stream/Collectors uniqKeysMapAccumulator (Ljava/util/function/Function;Ljava/util/function/Function;)Ljava/util/function/BiConsumer; 2 <appendix> member <vmtarget> ; # java/util/stream/Collectors$$Lambda+0x00000000260a2c08
instanceKlass  @bci java/util/stream/Collectors toMap (Ljava/util/function/Function;Ljava/util/function/Function;)Ljava/util/stream/Collector; 4 <appendix> argL0 ; # java/util/stream/Collectors$$Lambda+0x00000000260a29e0
instanceKlass  @bci jdk/xml/internal/XMLSecurityManager$StringMapper <init> (Ljava/util/Map;)V 30 <appendix> argL0 ; # jdk/xml/internal/XMLSecurityManager$StringMapper$$Lambda+0x00000000260a2798
instanceKlass  @bci jdk/xml/internal/XMLSecurityManager$StringMapper <init> (Ljava/util/Map;)V 25 <appendix> argL0 ; # jdk/xml/internal/XMLSecurityManager$StringMapper$$Lambda+0x00000000260a2550
instanceKlass  @cpi org/openqa/selenium/chromium/ChromiumDriverCommandExecutor 107 form vmentry <vmtarget> ; # java/lang/invoke/LambdaForm$DMH+0x00000000260d8000
instanceKlass java/util/HashMap$HashMapSpliterator
instanceKlass java/util/Collections$UnmodifiableMap$UnmodifiableEntrySet$UnmodifiableEntrySetSpliterator
instanceKlass jdk/xml/internal/XMLSecurityManager$ValueMapper
instanceKlass jdk/xml/internal/XMLSecurityManager
instanceKlass java/nio/file/Paths
instanceKlass jdk/xml/internal/JdkXmlConfig
instanceKlass jdk/xml/internal/SecuritySupport
instanceKlass  @bci javax/xml/parsers/FactoryFinder find (Ljava/lang/Class;Ljava/lang/String;)Ljava/lang/Object; 6 <appendix> member <vmtarget> ; # javax/xml/parsers/FactoryFinder$$Lambda+0x00000000260a0480
instanceKlass javax/xml/parsers/FactoryFinder
instanceKlass javax/xml/parsers/SAXParserFactory
instanceKlass org/xml/sax/helpers/DefaultHandler
instanceKlass org/xml/sax/ErrorHandler
instanceKlass org/xml/sax/ContentHandler
instanceKlass org/xml/sax/DTDHandler
instanceKlass org/xml/sax/EntityResolver
instanceKlass org/testng/xml/XMLParser
instanceKlass org/testng/xml/ISuiteParser
instanceKlass org/testng/xml/IFileParser
instanceKlass org/testng/xml/internal/Parser
instanceKlass org/testng/internal/OverrideProcessor
instanceKlass org/testng/internal/ReporterConfig
instanceKlass java/util/Formatter$Flags
instanceKlass java/util/Formattable
instanceKlass java/time/temporal/TemporalField
instanceKlass java/util/Formatter$FormatSpecifier
instanceKlass java/util/Formatter$Conversion
instanceKlass java/util/Formatter$FormatString
instanceKlass java/util/Formatter
instanceKlass  @bci org/testng/TestNG configure (Lorg/testng/CommandLineArgs;)V 311 <appendix> member <vmtarget> ; # org/testng/TestNG$$Lambda+0x00000000260d79c8
instanceKlass  @bci org/testng/TestNG configure (Lorg/testng/CommandLineArgs;)V 302 <appendix> argL0 ; # org/testng/TestNG$$Lambda+0x00000000260d7780
instanceKlass  @bci org/testng/TestNG configure (Lorg/testng/CommandLineArgs;)V 294 <appendix> member <vmtarget> ; # org/testng/TestNG$$Lambda+0x00000000260d7530
instanceKlass  @bci org/testng/TestNG configure (Lorg/testng/CommandLineArgs;)V 285 <appendix> member <vmtarget> ; # org/testng/TestNG$$Lambda+0x00000000260d72d0
instanceKlass  @bci org/testng/TestNG configure (Lorg/testng/CommandLineArgs;)V 269 <appendix> argL0 ; # org/testng/TestNG$$Lambda+0x00000000260d7088
instanceKlass  @bci org/testng/TestNG configure (Lorg/testng/CommandLineArgs;)V 181 <appendix> member <vmtarget> ; # org/testng/TestNG$$Lambda+0x00000000260d6e48
instanceKlass  @bci org/testng/TestNG configure (Lorg/testng/CommandLineArgs;)V 172 <appendix> argL0 ; # org/testng/TestNG$$Lambda+0x00000000260d6c00
instanceKlass  @bci org/testng/TestNG configure (Lorg/testng/CommandLineArgs;)V 164 <appendix> member <vmtarget> ; # org/testng/TestNG$$Lambda+0x00000000260d69b0
instanceKlass  @bci org/testng/TestNG configure (Lorg/testng/CommandLineArgs;)V 155 <appendix> member <vmtarget> ; # org/testng/TestNG$$Lambda+0x00000000260d6750
instanceKlass org/testng/ListenerComparator
instanceKlass  @bci org/testng/TestNG configure (Lorg/testng/CommandLineArgs;)V 139 <appendix> argL0 ; # org/testng/TestNG$$Lambda+0x00000000260d6300
instanceKlass  @bci org/testng/TestNG configure (Lorg/testng/CommandLineArgs;)V 124 <appendix> member <vmtarget> ; # org/testng/TestNG$$Lambda+0x00000000260d60c0
instanceKlass  @bci org/testng/TestNG configure (Lorg/testng/CommandLineArgs;)V 108 <appendix> member <vmtarget> ; # org/testng/TestNG$$Lambda+0x00000000260d5e80
instanceKlass  @bci org/testng/TestNG configure (Lorg/testng/CommandLineArgs;)V 99 <appendix> argL0 ; # org/testng/TestNG$$Lambda+0x00000000260d5c38
instanceKlass  @bci org/testng/TestNG configure (Lorg/testng/CommandLineArgs;)V 91 <appendix> member <vmtarget> ; # org/testng/TestNG$$Lambda+0x00000000260d59e8
instanceKlass  @bci org/testng/TestNG configure (Lorg/testng/CommandLineArgs;)V 82 <appendix> member <vmtarget> ; # org/testng/TestNG$$Lambda+0x00000000260d5788
instanceKlass  @bci org/testng/TestNG configure (Lorg/testng/CommandLineArgs;)V 66 <appendix> argL0 ; # org/testng/TestNG$$Lambda+0x00000000260d5540
instanceKlass org/testng/internal/ClassHelper
instanceKlass  @bci org/testng/TestNG configure (Lorg/testng/CommandLineArgs;)V 40 <appendix> member <vmtarget> ; # org/testng/TestNG$$Lambda+0x00000000260d50f0
instanceKlass  @bci org/testng/TestNG configure (Lorg/testng/CommandLineArgs;)V 24 <appendix> member <vmtarget> ; # org/testng/TestNG$$Lambda+0x00000000260d4eb0
instanceKlass  @bci org/testng/TestNG configure (Lorg/testng/CommandLineArgs;)V 8 <appendix> member <vmtarget> ; # org/testng/TestNG$$Lambda+0x00000000260d4c70
instanceKlass java/lang/invoke/TypeConvertingMethodAdapter$BoxHolder
instanceKlass java/lang/invoke/TypeConvertingMethodAdapter$1
instanceKlass  @cpi org/testng/TestNG 2089 form vmentry <vmtarget> ; # java/lang/invoke/LambdaForm$DMH+0x00000000260d2800
instanceKlass sun/reflect/generics/reflectiveObjects/LazyReflectiveObjectGenerator
instanceKlass sun/reflect/generics/tree/TypeVariableSignature
instanceKlass sun/reflect/generics/tree/ClassSignature
instanceKlass sun/reflect/generics/tree/Signature
instanceKlass sun/reflect/generics/tree/FormalTypeParameter
instanceKlass sun/reflect/generics/reflectiveObjects/ParameterizedTypeImpl
instanceKlass sun/reflect/generics/repository/AbstractRepository
instanceKlass  @bci jdk/internal/reflect/MethodHandleObjectFieldAccessorImpl set (Ljava/lang/Object;Ljava/lang/Object;)V 41 <adapter> ; # java/lang/invoke/LambdaForm$MH+0x00000000260d2400
instanceKlass com/beust/jcommander/SubParameter
instanceKlass java/util/concurrent/CopyOnWriteArrayList$COWIterator
instanceKlass com/beust/jcommander/IParameterValidator2
instanceKlass com/beust/jcommander/FuzzyMap
instanceKlass com/beust/jcommander/Strings
instanceKlass  @bci jdk/internal/reflect/MethodHandleBooleanFieldAccessorImpl getBoolean (Ljava/lang/Object;)Z 20 <adapter> ; # java/lang/invoke/LambdaForm$MH+0x00000000260d2000
# instanceKlass java/lang/invoke/LambdaForm$MH+0x00000000260d1c00
# instanceKlass java/lang/invoke/LambdaForm$BMH+0x00000000260d1800
# instanceKlass java/lang/invoke/LambdaForm$DMH+0x00000000260d1400
# instanceKlass java/lang/invoke/LambdaForm$MH+0x00000000260d1000
instanceKlass com/beust/jcommander/StringKey
# instanceKlass java/lang/invoke/LambdaForm$MH+0x00000000260d0c00
# instanceKlass java/lang/invoke/LambdaForm$MH+0x00000000260d0800
instanceKlass jdk/internal/reflect/FieldAccessorImpl
instanceKlass jdk/internal/reflect/FieldAccessor
instanceKlass com/beust/jcommander/ResourceBundle
instanceKlass com/beust/jcommander/ParameterDescription
instanceKlass com/beust/jcommander/JCommander$MainParameter
instanceKlass com/beust/jcommander/WrappedParameter
instanceKlass com/beust/jcommander/DynamicParameter
instanceKlass com/beust/jcommander/ParametersDelegate
instanceKlass java/lang/annotation/Target
# instanceKlass java/lang/invoke/LambdaForm$MH+0x00000000260d0400
instanceKlass java/util/TimSort
instanceKlass java/util/Arrays$LegacyMergeSort
instanceKlass jdk/internal/classfile/impl/StackMapDecoder$1
instanceKlass jdk/internal/classfile/impl/StackMapDecoder
instanceKlass jdk/internal/classfile/impl/StackCounter
instanceKlass  @bci java/lang/reflect/ProxyGenerator lambda$generateLookupAccessor$0 (Ljava/lang/classfile/MethodBuilder;)V 30 <appendix> member <vmtarget> ; # java/lang/reflect/ProxyGenerator$$Lambda+0x00000000260947a8
instanceKlass  @bci java/lang/reflect/ProxyGenerator generateLookupAccessor (Ljava/lang/classfile/ClassBuilder;)V 10 <appendix> member <vmtarget> ; # java/lang/reflect/ProxyGenerator$$Lambda+0x0000000026094568
instanceKlass java/lang/classfile/constantpool/StringEntry
instanceKlass java/lang/classfile/constantpool/ConstantValueEntry
instanceKlass  @bci java/lang/reflect/ProxyGenerator generateStaticInitializer (Ljava/lang/classfile/ClassBuilder;)V 10 <appendix> member <vmtarget> ; # java/lang/reflect/ProxyGenerator$$Lambda+0x0000000026093bc0
instanceKlass jdk/internal/classfile/impl/BytecodeHelpers$1
instanceKlass java/lang/classfile/attribute/StackMapTableAttribute
instanceKlass java/lang/classfile/attribute/StackMapFrameInfo
instanceKlass java/lang/classfile/instruction/ExceptionCatch
instanceKlass  @bci java/lang/reflect/ProxyGenerator$ProxyMethod lambda$generateMethod$0 (Ljava/lang/classfile/MethodBuilder;)V 30 <appendix> member <vmtarget> ; # java/lang/reflect/ProxyGenerator$ProxyMethod$$Lambda+0x00000000260920c8
instanceKlass java/lang/classfile/attribute/ExceptionsAttribute
instanceKlass  @bci java/lang/reflect/ProxyGenerator$ProxyMethod generateMethod (Ljava/lang/classfile/ClassBuilder;)V 42 <appendix> member <vmtarget> ; # java/lang/reflect/ProxyGenerator$ProxyMethod$$Lambda+0x0000000026091760
instanceKlass  @bci java/lang/reflect/ProxyGenerator generateConstructor (Ljava/lang/classfile/ClassBuilder;)V 8 <appendix> member <vmtarget> ; # java/lang/reflect/ProxyGenerator$$Lambda+0x0000000026091520
instanceKlass  @bci java/lang/reflect/ProxyGenerator generateClassFile ()[B 197 <appendix> member <vmtarget> ; # java/lang/reflect/ProxyGenerator$$Lambda+0x00000000260912e0
instanceKlass  @cpi org/testng/internal/KeyAwareAutoCloseableLock 79 form vmentry <vmtarget> ; # java/lang/invoke/LambdaForm$DMH+0x00000000260d0000
instanceKlass  @bci java/lang/reflect/ProxyGenerator proxyMethodsFor (Ljava/lang/String;)Ljava/util/List; 5 <appendix> argL0 ; # java/lang/reflect/ProxyGenerator$$Lambda+0x0000000026091098
instanceKlass java/lang/reflect/ProxyGenerator$ProxyMethod
instanceKlass java/lang/classfile/constantpool/InterfaceMethodRefEntry
instanceKlass java/lang/classfile/attribute/StackMapFrameInfo$ObjectVerificationTypeInfo
instanceKlass java/lang/classfile/attribute/StackMapFrameInfo$VerificationTypeInfo
instanceKlass java/util/StringJoiner
instanceKlass java/lang/classfile/ClassFile$Option
instanceKlass java/lang/reflect/ProxyGenerator
instanceKlass  @bci java/lang/WeakPairMap computeIfAbsent (Ljava/lang/Object;Ljava/lang/Object;Ljava/util/function/BiFunction;)Ljava/lang/Object; 18 <appendix> member <vmtarget> ; # java/lang/WeakPairMap$$Lambda+0x000000002608f1b8
instanceKlass  @bci java/lang/Module implAddExportsOrOpens (Ljava/lang/String;Ljava/lang/Module;ZZ)V 151 <appendix> argL0 ; # java/lang/Module$$Lambda+0x000000002608ef80
instanceKlass  @bci java/lang/module/ModuleDescriptor$Builder packages (Ljava/util/Set;)Ljava/lang/module/ModuleDescriptor$Builder; 17 <appendix> argL0 ; # java/lang/module/ModuleDescriptor$Builder$$Lambda+0x000000002608ed48
instanceKlass jdk/internal/module/Checks
instanceKlass java/lang/module/ModuleDescriptor$Builder
instanceKlass  @bci java/lang/reflect/Proxy$ProxyBuilder getDynamicModule (Ljava/lang/ClassLoader;)Ljava/lang/Module; 4 <appendix> argL0 ; # java/lang/reflect/Proxy$ProxyBuilder$$Lambda+0x000000002608e6e8
instanceKlass java/lang/reflect/Proxy$ProxyBuilder
instanceKlass  @bci java/lang/reflect/Proxy getProxyConstructor (Ljava/lang/ClassLoader;[Ljava/lang/Class;)Ljava/lang/reflect/Constructor; 18 <appendix> argL0 ; # java/lang/reflect/Proxy$$Lambda+0x000000002608e298
instanceKlass java/lang/ClassValue$Identity
instanceKlass java/lang/ClassValue$Entry
instanceKlass java/lang/ClassValue
instanceKlass java/lang/reflect/Proxy
instanceKlass sun/reflect/annotation/AnnotationInvocationHandler
instanceKlass java/lang/reflect/InvocationHandler
instanceKlass java/lang/annotation/Inherited
instanceKlass java/lang/annotation/Retention
instanceKlass com/beust/jcommander/validators/NoValueValidator
instanceKlass com/beust/jcommander/IValueValidator
instanceKlass com/beust/jcommander/converters/CommaParameterSplitter
instanceKlass com/beust/jcommander/converters/IParameterSplitter
instanceKlass com/beust/jcommander/converters/NoConverter
instanceKlass com/beust/jcommander/validators/NoValidator
instanceKlass com/beust/jcommander/IParameterValidator
instanceKlass  @bci sun/reflect/annotation/AnnotationParser parseClassArray (ILjava/nio/ByteBuffer;Ljdk/internal/reflect/ConstantPool;Ljava/lang/Class;)Ljava/lang/Object; 10 <appendix> member <vmtarget> ; # sun/reflect/annotation/AnnotationParser$$Lambda+0x000000002608b690
instanceKlass sun/reflect/annotation/ExceptionProxy
instanceKlass sun/reflect/annotation/AnnotationType
instanceKlass java/lang/reflect/GenericArrayType
instanceKlass sun/reflect/generics/visitor/Reifier
instanceKlass sun/reflect/generics/visitor/TypeTreeVisitor
instanceKlass java/lang/reflect/ParameterizedType
instanceKlass java/lang/reflect/WildcardType
instanceKlass java/lang/reflect/TypeVariable
instanceKlass sun/reflect/generics/factory/CoreReflectionFactory
instanceKlass sun/reflect/generics/factory/GenericsFactory
instanceKlass sun/reflect/generics/scope/AbstractScope
instanceKlass sun/reflect/generics/scope/Scope
instanceKlass sun/reflect/generics/tree/ClassTypeSignature
instanceKlass sun/reflect/generics/tree/SimpleClassTypeSignature
instanceKlass sun/reflect/generics/tree/FieldTypeSignature
instanceKlass sun/reflect/generics/tree/TypeArgument
instanceKlass sun/reflect/generics/tree/BaseType
instanceKlass sun/reflect/generics/tree/TypeSignature
instanceKlass sun/reflect/generics/tree/ReturnType
instanceKlass sun/reflect/generics/tree/TypeTree
instanceKlass sun/reflect/generics/tree/Tree
instanceKlass sun/reflect/generics/parser/SignatureParser
instanceKlass com/beust/jcommander/Parameter
instanceKlass com/beust/jcommander/Parameterized
instanceKlass java/lang/Class$AnnotationData
instanceKlass com/beust/jcommander/Parameters
instanceKlass java/util/Collections$1
instanceKlass com/beust/jcommander/JCommander$1
instanceKlass java/util/Date
instanceKlass com/beust/jcommander/converters/FileConverter
instanceKlass com/beust/jcommander/converters/BaseConverter
instanceKlass com/beust/jcommander/converters/StringConverter
instanceKlass com/beust/jcommander/internal/DefaultConverterFactory
instanceKlass com/beust/jcommander/JCommander$DefaultVariableArity
instanceKlass com/beust/jcommander/internal/Sets
instanceKlass com/beust/jcommander/internal/Maps
instanceKlass com/beust/jcommander/DefaultUsageFormatter
instanceKlass com/beust/jcommander/internal/Lists
instanceKlass com/beust/jcommander/parser/DefaultParameterizedParser
instanceKlass com/beust/jcommander/JCommander$Options$1
instanceKlass com/beust/jcommander/JCommander$Options
instanceKlass com/beust/jcommander/internal/Console
instanceKlass com/beust/jcommander/IStringConverterInstanceFactory
instanceKlass com/beust/jcommander/IStringConverter
instanceKlass com/beust/jcommander/FuzzyMap$IKey
instanceKlass com/beust/jcommander/IStringConverterFactory
instanceKlass com/beust/jcommander/IVariableArity
instanceKlass com/beust/jcommander/IUsageFormatter
instanceKlass com/beust/jcommander/IParameterizedParser
instanceKlass com/beust/jcommander/JCommander
instanceKlass org/testng/internal/RuntimeBehavior
instanceKlass org/testng/annotations/AfterMethod
instanceKlass org/testng/internal/annotations/IAfterMethod
instanceKlass org/testng/annotations/BeforeMethod
instanceKlass org/testng/internal/annotations/IBeforeMethod
instanceKlass org/testng/internal/annotations/IBaseBeforeAfterMethod
instanceKlass org/testng/annotations/AfterGroups
instanceKlass org/testng/internal/annotations/IAfterGroups
instanceKlass org/testng/annotations/BeforeGroups
instanceKlass org/testng/internal/annotations/IBeforeGroups
instanceKlass org/testng/annotations/AfterClass
instanceKlass org/testng/internal/annotations/IAfterClass
instanceKlass org/testng/annotations/BeforeClass
instanceKlass org/testng/internal/annotations/IBeforeClass
instanceKlass org/testng/annotations/AfterTest
instanceKlass org/testng/internal/annotations/IAfterTest
instanceKlass org/testng/annotations/BeforeTest
instanceKlass org/testng/internal/annotations/IBeforeTest
instanceKlass org/testng/annotations/AfterSuite
instanceKlass org/testng/internal/annotations/IAfterSuite
instanceKlass org/testng/annotations/BeforeSuite
instanceKlass org/testng/internal/annotations/IBeforeSuite
instanceKlass org/testng/internal/annotations/IBaseBeforeAfter
instanceKlass org/testng/annotations/Ignore
instanceKlass org/testng/annotations/IIgnoreAnnotation
instanceKlass org/testng/annotations/Test
instanceKlass org/testng/annotations/ITestAnnotation
instanceKlass org/testng/annotations/ITestOrConfiguration
instanceKlass org/testng/annotations/Parameters
instanceKlass org/testng/annotations/IParametersAnnotation
instanceKlass org/testng/annotations/ObjectFactory
instanceKlass org/testng/annotations/IObjectFactoryAnnotation
instanceKlass org/testng/annotations/Factory
instanceKlass org/testng/annotations/IFactoryAnnotation
instanceKlass org/testng/internal/annotations/IDataProvidable
instanceKlass org/testng/annotations/IParameterizable
instanceKlass org/testng/annotations/DataProvider
instanceKlass org/testng/annotations/IDataProviderAnnotation
instanceKlass org/testng/annotations/Listeners
instanceKlass org/testng/annotations/IListenersAnnotation
instanceKlass  @bci org/testng/internal/annotations/JDK15TagFactory <clinit> ()V 8 <appendix> argL0 ; # org/testng/internal/annotations/JDK15TagFactory$$Lambda+0x00000000260c2e70
instanceKlass org/testng/internal/Utils
instanceKlass  @bci org/testng/internal/annotations/JDK15TagFactory <clinit> ()V 0 <appendix> argL0 ; # org/testng/internal/annotations/JDK15TagFactory$$Lambda+0x00000000260c2a38
instanceKlass  @cpi org/openqa/selenium/AcceptedW3CCapabilityKeys 107 form vmentry <vmtarget> ; # java/lang/invoke/LambdaForm$DMH+0x00000000260c4400
instanceKlass org/testng/internal/annotations/JDK15TagFactory$Default
instanceKlass org/testng/annotations/IAnnotation
instanceKlass org/testng/internal/annotations/JDK15TagFactory
instanceKlass org/testng/internal/annotations/JDK15AnnotationFinder
instanceKlass org/testng/internal/objects/GuiceBackedInjectorFactory
instanceKlass  @bci org/testng/internal/Configuration <init> ()V 29 <appendix> argL0 ; # org/testng/internal/Configuration$$Lambda+0x00000000260c1cf0
instanceKlass  @cpi org/testng/internal/Configuration 205 form vmentry <vmtarget> ; # java/lang/invoke/LambdaForm$DMH+0x00000000260c4000
instanceKlass java/util/concurrent/RejectedExecutionHandler
instanceKlass java/util/concurrent/RunnableFuture
instanceKlass java/util/concurrent/Future
instanceKlass java/util/concurrent/AbstractExecutorService
instanceKlass java/util/concurrent/ExecutorService
instanceKlass java/util/concurrent/Executor
instanceKlass org/testng/IExecutorServiceFactory
instanceKlass org/testng/IInjectorFactory
instanceKlass org/testng/internal/Configuration
instanceKlass org/testng/xml/XmlSuite
instanceKlass org/testng/CommandLineArgs
instanceKlass org/testng/internal/annotations/IgnoreListener
instanceKlass org/testng/internal/annotations/IAnnotationTransformer
instanceKlass org/testng/internal/ExitCode
instanceKlass org/testng/reporters/IReporterConfig
instanceKlass org/testng/internal/ExitCodeListener
instanceKlass org/testng/IExecutionListener
instanceKlass org/testng/IReporter
instanceKlass org/testng/collections/Sets
instanceKlass org/testng/collections/Lists
instanceKlass org/testng/internal/objects/DefaultTestObjectFactory
instanceKlass org/slf4j/spi/LoggingEventBuilder
instanceKlass org/slf4j/helpers/NamedLoggerBase
instanceKlass org/slf4j/helpers/Reporter
instanceKlass java/util/jar/JarVerifier
instanceKlass java/lang/CompoundEnumeration
instanceKlass java/util/Collections$EmptyEnumeration
instanceKlass jdk/internal/loader/BuiltinClassLoader$1
instanceKlass jdk/internal/loader/URLClassPath$1
instanceKlass jdk/internal/jimage/ImageLocation
instanceKlass jdk/internal/jimage/decompressor/Decompressor
instanceKlass jdk/internal/jimage/ImageStringsReader
instanceKlass jdk/internal/jimage/ImageHeader
instanceKlass jdk/internal/jimage/NativeImageBuffer$1
instanceKlass jdk/internal/jimage/NativeImageBuffer
instanceKlass java/security/AccessControlContext
instanceKlass java/security/AccessController
instanceKlass jdk/internal/jimage/BasicImageReader$1
instanceKlass jdk/internal/jimage/ImageReader$Node
instanceKlass jdk/internal/jimage/ImageStrings
instanceKlass java/security/PrivilegedAction
instanceKlass jdk/internal/jimage/BasicImageReader
instanceKlass jdk/internal/jimage/ImageReader
instanceKlass jdk/internal/jimage/ImageReaderFactory$1
instanceKlass jdk/internal/jimage/ImageReaderFactory
instanceKlass jdk/internal/module/SystemModuleFinders$SystemImage
instanceKlass jdk/internal/module/SystemModuleFinders$SystemModuleReader
instanceKlass java/lang/module/ModuleReader
instanceKlass jdk/internal/loader/BuiltinClassLoader$2
instanceKlass jdk/internal/module/Resources
instanceKlass java/util/ServiceLoader$2
instanceKlass java/util/ServiceLoader$1
instanceKlass java/util/ServiceLoader$LazyClassPathLookupIterator
instanceKlass java/util/Spliterators$1Adapter
instanceKlass java/util/Spliterators$ArraySpliterator
instanceKlass java/util/ServiceLoader$ModuleServicesLookupIterator
instanceKlass java/util/ServiceLoader$Provider
instanceKlass java/util/ServiceLoader
instanceKlass org/slf4j/helpers/Util
instanceKlass org/slf4j/helpers/NOPMDCAdapter
instanceKlass org/slf4j/helpers/NOPLoggerFactory
instanceKlass org/slf4j/helpers/NOP_FallbackServiceProvider
instanceKlass org/slf4j/helpers/ThreadLocalMapOfStacks
instanceKlass org/slf4j/helpers/BasicMDCAdapter
instanceKlass org/slf4j/Marker
instanceKlass org/slf4j/helpers/BasicMarkerFactory
instanceKlass java/util/concurrent/LinkedBlockingQueue$Node
instanceKlass java/util/concurrent/locks/AbstractQueuedSynchronizer$Node
instanceKlass java/util/concurrent/ForkJoinPool$ManagedBlocker
instanceKlass java/util/concurrent/locks/AbstractQueuedSynchronizer$ConditionObject
instanceKlass java/util/concurrent/locks/Condition
instanceKlass org/slf4j/Logger
instanceKlass org/slf4j/helpers/SubstituteLoggerFactory
instanceKlass org/slf4j/ILoggerFactory
instanceKlass org/slf4j/spi/MDCAdapter
instanceKlass org/slf4j/IMarkerFactory
instanceKlass org/slf4j/helpers/SubstituteServiceProvider
instanceKlass org/slf4j/event/LoggingEvent
instanceKlass org/slf4j/spi/SLF4JServiceProvider
instanceKlass org/slf4j/LoggerFactory
instanceKlass  @bci org/testng/log4testng/Logger getLogger (Ljava/lang/Class;)Lorg/testng/log4testng/Logger; 4 <appendix> argL0 ; # org/testng/log4testng/Logger$$Lambda+0x00000000260464a0
instanceKlass org/testng/collections/Maps
instanceKlass org/testng/log4testng/Logger
instanceKlass org/testng/ITestNGListenerFactory
instanceKlass org/testng/ISuite
instanceKlass org/testng/IAttributes
instanceKlass org/testng/thread/IThreadWorkerFactory
instanceKlass java/util/concurrent/BlockingQueue
instanceKlass org/testng/IDynamicGraph
instanceKlass org/testng/ITestListener
instanceKlass org/testng/internal/annotations/IAnnotationFinder
instanceKlass org/testng/xml/IPostProcessor
instanceKlass org/testng/internal/IConfiguration
instanceKlass org/testng/ITestObjectFactory
instanceKlass org/testng/IAnnotationTransformer
instanceKlass org/testng/ITestNGListener
instanceKlass org/testng/TestNG
instanceKlass  @bci java/util/zip/ZipFile$Source initCEN (ILjava/util/zip/ZipCoder;)V 507 <appendix> argL0 ; # java/util/zip/ZipFile$Source$$Lambda+0x00000000260585e0
instanceKlass java/util/zip/ZipFile$InflaterCleanupAction
instanceKlass java/util/zip/Inflater$InflaterZStreamRef
instanceKlass java/util/zip/Inflater
instanceKlass sun/nio/ch/ExtendedSocketOption$1
instanceKlass sun/nio/ch/ExtendedSocketOption
instanceKlass sun/nio/ch/OptionKey
instanceKlass sun/nio/ch/SocketOptionRegistry$LazyInitialization
instanceKlass sun/nio/ch/SocketOptionRegistry$RegistryKey
instanceKlass sun/nio/ch/SocketOptionRegistry
instanceKlass java/net/NetworkInterface
instanceKlass java/net/StandardSocketOptions$StdSocketOption
instanceKlass java/net/StandardSocketOptions
instanceKlass java/lang/invoke/VarHandle$AccessDescriptor
instanceKlass sun/net/NetHooks
instanceKlass sun/net/spi/DefaultProxySelector$NonProxyInfo
instanceKlass sun/net/NetProperties
instanceKlass java/net/ProxySelector
# instanceKlass sun/nio/ch/NioSocketImpl$$Lambda+0x0000000026052618
instanceKlass  @bci sun/nio/ch/NioSocketImpl closerFor (Ljava/io/FileDescriptor;)Ljava/lang/Runnable; 1 <appendix> member <vmtarget> ; # sun/nio/ch/NioSocketImpl$$Lambda+0x00000000260523e8
instanceKlass java/lang/invoke/TypeConvertingMethodAdapter
instanceKlass java/lang/invoke/InnerClassLambdaMetafactory$6
instanceKlass java/lang/invoke/InnerClassLambdaMetafactory$3
instanceKlass java/lang/classfile/Interfaces
instanceKlass java/util/ImmutableCollections$Access$1
instanceKlass jdk/internal/access/JavaUtilCollectionAccess
instanceKlass java/util/ImmutableCollections$Access
instanceKlass java/lang/invoke/InnerClassLambdaMetafactory$1
# instanceKlass java/lang/invoke/LambdaForm$DMH+0x0000000026043800
instanceKlass  @cpi org/testng/internal/ClassHelper 573 form vmentry <vmtarget> ; # java/lang/invoke/LambdaForm$DMH+0x0000000026043400
instanceKlass  @cpi jdk/internal/net/http/HttpConnection 533 form vmentry <vmtarget> ; # java/lang/invoke/LambdaForm$DMH+0x0000000026043000
instanceKlass jdk/net/ExtendedSocketOptions$2
instanceKlass jdk/net/ExtendedSocketOptions$PlatformSocketOptions
instanceKlass jdk/net/ExtendedSocketOptions$ExtSocketOption
instanceKlass java/net/SocketOption
instanceKlass jdk/net/ExtendedSocketOptions
instanceKlass sun/net/ext/ExtendedSocketOptions
instanceKlass java/net/Inet6Address$Inet6AddressHolder
instanceKlass jdk/internal/lang/stable/StableValueImpl
instanceKlass java/util/function/IntFunction
instanceKlass java/lang/StableValue
instanceKlass sun/nio/ch/Net$1
instanceKlass sun/nio/ch/Net
instanceKlass java/net/ProtocolFamily
instanceKlass sun/net/PlatformSocketImpl
instanceKlass java/net/InetSocketAddress$InetSocketAddressHolder
instanceKlass java/net/InetAddress$PlatformResolver
instanceKlass java/net/spi/InetAddressResolver$LookupPolicy
instanceKlass java/net/Inet4AddressImpl
instanceKlass java/net/Inet6AddressImpl
instanceKlass java/util/concurrent/ConcurrentSkipListMap$Node
instanceKlass java/util/concurrent/ConcurrentSkipListMap$Index
instanceKlass java/util/concurrent/ConcurrentNavigableMap
instanceKlass java/util/NavigableMap
instanceKlass java/util/SortedMap
instanceKlass java/net/InetAddress$InetAddressHolder
instanceKlass java/security/Security$2
instanceKlass sun/nio/ch/IOStatus
instanceKlass sun/nio/ch/Util$BufferCache
instanceKlass sun/nio/ch/Util
instanceKlass jdk/internal/misc/Blocker
instanceKlass sun/nio/ch/NativeThread
instanceKlass sun/nio/ch/SelChImpl
instanceKlass java/nio/channels/NetworkChannel
instanceKlass sun/nio/ch/Streams
instanceKlass java/nio/channels/Channels
instanceKlass sun/nio/ch/FileChannelImpl$Closer
instanceKlass sun/nio/ch/NativeThreadSet
instanceKlass java/nio/channels/spi/AbstractInterruptibleChannel$1
instanceKlass sun/nio/ch/IOUtil
instanceKlass sun/nio/ch/FileChannelImpl$Unmapper
instanceKlass java/nio/channels/FileLock
instanceKlass sun/nio/ch/NativeDispatcher
instanceKlass sun/nio/ch/Interruptible
instanceKlass java/nio/channels/ScatteringByteChannel
instanceKlass java/nio/channels/GatheringByteChannel
instanceKlass java/nio/channels/spi/AbstractInterruptibleChannel
instanceKlass java/nio/channels/InterruptibleChannel
instanceKlass java/util/Collections$EmptyIterator
instanceKlass sun/nio/fs/WindowsChannelFactory$Flags
instanceKlass sun/nio/fs/WindowsChannelFactory$1
instanceKlass sun/nio/fs/WindowsChannelFactory
instanceKlass sun/nio/fs/WindowsSecurityDescriptor
instanceKlass java/nio/file/attribute/FileAttribute
instanceKlass sun/nio/fs/WindowsLinkSupport
instanceKlass java/nio/file/FileSystems$DefaultFileSystemHolder
instanceKlass java/nio/file/FileSystems
instanceKlass java/security/Security$SecPropLoader
instanceKlass jdk/internal/access/JavaSecurityPropertiesAccess
instanceKlass java/security/Security
instanceKlass sun/security/util/SecurityProperties
instanceKlass jdk/internal/util/Exceptions$SensitiveInfo
instanceKlass jdk/internal/util/Exceptions
instanceKlass java/net/InetAddress$1
instanceKlass java/net/spi/InetAddressResolver
instanceKlass java/net/spi/InetAddressResolverProvider$Configuration
instanceKlass java/net/InetAddress$Addresses
instanceKlass java/net/InetAddressImpl
instanceKlass java/util/NavigableSet
instanceKlass java/util/SortedSet
instanceKlass jdk/internal/access/JavaNetInetAddressAccess
instanceKlass java/net/InetAddress
instanceKlass java/lang/invoke/VarForm
instanceKlass java/lang/invoke/VarHandleGuards
instanceKlass jdk/internal/misc/MethodFinder
instanceKlass com/intellij/rt/testng/RemoteTestNGStarter
instanceKlass java/lang/invoke/VarHandles
instanceKlass jdk/internal/invoke/MhUtil
instanceKlass sun/nio/cs/SingleByte
instanceKlass sun/nio/cs/MS1252$Holder
instanceKlass sun/nio/cs/ArrayDecoder
instanceKlass java/net/SocksConsts
instanceKlass sun/launcher/LauncherHelper
instanceKlass java/net/SocketImpl
instanceKlass java/net/SocketOptions
instanceKlass java/net/Proxy
instanceKlass java/net/SocketAddress
instanceKlass sun/usagetracker/UsageTrackerClient
instanceKlass java/net/Socket
instanceKlass jdk/internal/util/EnvUtils
instanceKlass jdk/internal/vm/PostVMInitHook
instanceKlass com/intellij/rt/execution/application/AppMainV2
instanceKlass com/intellij/rt/execution/application/AppMainV2$Agent
instanceKlass java/security/PermissionCollection
instanceKlass java/security/SecureClassLoader$1
instanceKlass java/util/zip/Checksum$1
instanceKlass java/util/zip/CRC32
instanceKlass java/util/zip/Checksum
instanceKlass sun/nio/ByteBuffered
instanceKlass java/lang/Package$VersionInfo
instanceKlass java/lang/NamedPackage
instanceKlass java/util/jar/Attributes
instanceKlass java/time/temporal/TemporalAccessor
instanceKlass sun/security/util/Debug
instanceKlass sun/security/util/ConstraintsParameters
instanceKlass sun/security/util/SignatureFileVerifier
instanceKlass java/nio/Bits$1
instanceKlass jdk/internal/misc/VM$BufferPool
instanceKlass java/nio/Bits
instanceKlass jdk/internal/access/foreign/UnmapperProxy
instanceKlass sun/nio/ch/DirectBuffer
instanceKlass jdk/internal/perf/PerfCounter$CoreCounters
instanceKlass jdk/internal/perf/Perf
instanceKlass jdk/internal/perf/PerfCounter
instanceKlass sun/util/locale/LocaleUtils
instanceKlass sun/util/locale/provider/LocaleServiceProviderPool$LocalizedObjectGetter
instanceKlass java/util/Locale
instanceKlass java/nio/file/attribute/FileTime
instanceKlass java/util/zip/ZipUtils
instanceKlass java/util/zip/ZipFile$Source$End
instanceKlass java/io/RandomAccessFile$2
instanceKlass jdk/internal/access/JavaIORandomAccessFileAccess
instanceKlass java/io/RandomAccessFile
instanceKlass java/io/DataInput
instanceKlass java/io/DataOutput
instanceKlass sun/nio/fs/WindowsNativeDispatcher$CompletionStatus
instanceKlass sun/nio/fs/WindowsNativeDispatcher$AclInformation
instanceKlass sun/nio/fs/WindowsNativeDispatcher$Account
instanceKlass sun/nio/fs/WindowsNativeDispatcher$DiskFreeSpace
instanceKlass sun/nio/fs/WindowsNativeDispatcher$VolumeInformation
instanceKlass sun/nio/fs/WindowsNativeDispatcher$FirstStream
instanceKlass sun/nio/fs/WindowsNativeDispatcher$FirstFile
instanceKlass sun/nio/fs/WindowsNativeDispatcher
instanceKlass sun/nio/fs/NativeBuffer$Deallocator
instanceKlass sun/nio/fs/NativeBuffer
instanceKlass sun/nio/fs/NativeBuffers
instanceKlass sun/nio/fs/WindowsFileAttributes
instanceKlass java/nio/file/attribute/DosFileAttributes
instanceKlass sun/nio/fs/AbstractBasicFileAttributeView
instanceKlass sun/nio/fs/WindowsFileAttributeViews
instanceKlass sun/nio/fs/Util
instanceKlass java/nio/file/attribute/BasicFileAttributeView
instanceKlass java/nio/file/DirectoryStream$Filter
instanceKlass java/nio/file/Files
instanceKlass java/nio/file/CopyOption
instanceKlass java/nio/file/attribute/BasicFileAttributes
instanceKlass sun/nio/fs/BasicFileAttributesHolder
instanceKlass sun/nio/fs/WindowsPath
instanceKlass java/util/zip/ZipFile$Source$Key
instanceKlass sun/nio/fs/WindowsPathParser
instanceKlass java/nio/file/WatchService
instanceKlass java/nio/file/PathMatcher
instanceKlass java/nio/file/OpenOption
instanceKlass java/nio/file/attribute/AclFileAttributeView
instanceKlass java/nio/file/attribute/FileOwnerAttributeView
instanceKlass java/nio/file/attribute/FileAttributeView
instanceKlass java/nio/file/attribute/AttributeView
instanceKlass sun/nio/fs/DynamicFileAttributeView
instanceKlass java/nio/file/FileStore
instanceKlass java/nio/file/DirectoryStream
instanceKlass java/nio/channels/SeekableByteChannel
instanceKlass java/nio/channels/ByteChannel
instanceKlass java/nio/channels/ReadableByteChannel
instanceKlass java/nio/channels/WritableByteChannel
instanceKlass java/nio/channels/Channel
instanceKlass java/nio/file/spi/FileSystemProvider
instanceKlass java/nio/file/FileSystem
instanceKlass sun/nio/fs/DefaultFileSystemProvider
instanceKlass java/util/zip/ZipFile$Source
instanceKlass java/util/zip/ZipFile$CleanableResource
instanceKlass java/lang/Runtime$Version
instanceKlass java/util/jar/JavaUtilJarAccessImpl
instanceKlass jdk/internal/access/JavaUtilJarAccess
instanceKlass java/nio/charset/CoderResult
instanceKlass java/nio/charset/CharsetDecoder
instanceKlass jdk/internal/foreign/AbstractMemorySegmentImpl
instanceKlass java/lang/foreign/SegmentAllocator
instanceKlass java/lang/foreign/MemorySegment
instanceKlass jdk/internal/loader/FileURLMapper
instanceKlass java/util/zip/ZipFile$1
instanceKlass java/util/Spliterator$OfInt
instanceKlass java/util/Spliterator$OfPrimitive
instanceKlass java/util/BitSet
instanceKlass java/util/zip/ZipCoder
instanceKlass java/util/zip/ZipEntry
instanceKlass jdk/internal/access/JavaUtilZipFileAccess
instanceKlass java/util/zip/ZipFile
instanceKlass java/util/zip/ZipConstants
instanceKlass jdk/internal/loader/Resource
instanceKlass jdk/internal/loader/URLClassPath$Loader
instanceKlass sun/net/util/URLUtil
instanceKlass java/io/Externalizable
instanceKlass com/intellij/rt/debugger/agent/CaptureStorage$ConcurrentIdentityWeakHashMap$HardKey
instanceKlass com/intellij/rt/debugger/agent/CaptureStorage$ConcurrentIdentityWeakHashMap$Key
instanceKlass com/intellij/rt/debugger/agent/CaptureStorage$9
instanceKlass com/intellij/rt/debugger/agent/CaptureStorage$Callable
instanceKlass com/intellij/rt/debugger/agent/CaptureStorage$4
instanceKlass java/lang/ThreadLocal$ThreadLocalMap
instanceKlass com/intellij/rt/debugger/agent/SpilledVariablesTransformer$SpillingTransformer
instanceKlass com/intellij/rt/debugger/agent/SpilledVariablesTransformer
instanceKlass com/intellij/rt/debugger/agent/CollectionBreakpointInstrumentor$CollectionBreakpointTransformer
instanceKlass com/intellij/rt/debugger/agent/CollectionBreakpointInstrumentor$KnownMethodsSet
instanceKlass com/intellij/rt/debugger/agent/CollectionBreakpointInstrumentor$ConcurrentIdentityHashMap
instanceKlass jdk/internal/event/Event
instanceKlass com/intellij/rt/debugger/agent/CollectionBreakpointInstrumentor$KnownMethod
instanceKlass com/intellij/rt/debugger/agent/CollectionBreakpointInstrumentor
instanceKlass com/intellij/rt/debugger/agent/SuspendHelper$1
instanceKlass com/intellij/rt/debugger/agent/SuspendHelper
instanceKlass com/intellij/rt/debugger/agent/CaptureAgent$CaptureTransformer
instanceKlass java/lang/Throwable$PrintStreamOrWriter
instanceKlass java/lang/ThreadLocal
instanceKlass com/intellij/rt/debugger/agent/CaptureStorage$ConcurrentIdentityWeakHashMap
instanceKlass org/jetbrains/capture/org/objectweb/asm/Handler
instanceKlass java/util/LinkedHashMap$LinkedHashIterator
instanceKlass java/lang/PublicMethods
instanceKlass com/intellij/rt/debugger/agent/CaptureStorage
instanceKlass org/jetbrains/capture/org/objectweb/asm/Edge
instanceKlass org/jetbrains/capture/org/objectweb/asm/Opcodes
instanceKlass org/jetbrains/capture/org/objectweb/asm/Frame
instanceKlass org/jetbrains/capture/org/objectweb/asm/Context
instanceKlass org/jetbrains/capture/org/objectweb/asm/Attribute
instanceKlass org/jetbrains/capture/org/objectweb/asm/Symbol
instanceKlass org/jetbrains/capture/org/objectweb/asm/ByteVector
instanceKlass org/jetbrains/capture/org/objectweb/asm/SymbolTable
instanceKlass org/jetbrains/capture/org/objectweb/asm/ModuleVisitor
instanceKlass org/jetbrains/capture/org/objectweb/asm/AnnotationVisitor
instanceKlass org/jetbrains/capture/org/objectweb/asm/RecordComponentVisitor
instanceKlass org/jetbrains/capture/org/objectweb/asm/FieldVisitor
instanceKlass org/jetbrains/capture/org/objectweb/asm/MethodVisitor
instanceKlass org/jetbrains/capture/org/objectweb/asm/Label
instanceKlass org/jetbrains/capture/org/objectweb/asm/ClassReader
instanceKlass com/intellij/rt/debugger/agent/ClassTransformer
instanceKlass org/jetbrains/capture/org/objectweb/asm/Type
instanceKlass com/intellij/rt/debugger/agent/ThrowableTransformer
instanceKlass java/util/concurrent/ConcurrentHashMap$MapEntry
instanceKlass java/util/Collections$SynchronizedCollection
instanceKlass java/util/Properties$EntrySet
instanceKlass com/intellij/rt/debugger/agent/CaptureAgent$CoroutineOwnerKeyProvider
instanceKlass com/intellij/rt/debugger/agent/CaptureAgent$FieldKeyProvider
instanceKlass com/intellij/rt/debugger/agent/CaptureAgent$InstrumentPoint
instanceKlass com/intellij/rt/debugger/agent/CaptureAgent$1
instanceKlass com/intellij/rt/debugger/agent/CaptureAgent$ParamKeyProvider
instanceKlass java/io/Reader
instanceKlass java/lang/Readable
instanceKlass java/lang/WeakPairMap$Pair$Lookup
instanceKlass java/lang/WeakPairMap$Pair
instanceKlass java/lang/WeakPairMap
instanceKlass java/lang/Module$ReflectionData
instanceKlass com/intellij/rt/debugger/agent/CaptureAgent$KeyProvider
instanceKlass com/intellij/rt/debugger/agent/CaptureAgent
instanceKlass org/jetbrains/capture/org/objectweb/asm/ClassVisitor
instanceKlass com/intellij/rt/debugger/agent/StateFlowTransformer
instanceKlass java/util/Enumeration
instanceKlass java/util/concurrent/ConcurrentHashMap$Traverser
instanceKlass com/intellij/rt/debugger/agent/SharedFlowTransformer
instanceKlass java/lang/instrument/ClassFileTransformer
instanceKlass java/io/FileInputStream$1
instanceKlass java/util/Properties$LineReader
instanceKlass jdk/internal/ref/CleanerImpl$CleanableList$Node
instanceKlass jdk/internal/ref/CleanerImpl$CleanableList
instanceKlass jdk/internal/ref/CleanerImpl
instanceKlass java/lang/ref/Cleaner$1
instanceKlass java/lang/ref/Cleaner
instanceKlass jdk/internal/ref/CleanerFactory$1
instanceKlass java/util/concurrent/ThreadFactory
instanceKlass jdk/internal/ref/CleanerFactory
instanceKlass java/lang/ref/Cleaner$Cleanable
instanceKlass java/net/URI$Parser
instanceKlass  @bci jdk/internal/reflect/DirectMethodHandleAccessor invokeImpl (Ljava/lang/Object;[Ljava/lang/Object;)Ljava/lang/Object; 72 <adapter> ; # java/lang/invoke/LambdaForm$MH+0x0000000026041c00
# instanceKlass java/lang/invoke/LambdaForm$MH+0x0000000026041800
# instanceKlass java/lang/invoke/LambdaForm$MH+0x0000000026041400
# instanceKlass java/lang/invoke/LambdaForm$MH+0x0000000026041000
instanceKlass  @bci org/openqa/selenium/net/UrlChecker waitUntilAvailable (JLjava/util/concurrent/TimeUnit;[Ljava/net/URL;)V 13 <appendix> form vmentry <vmtarget> ; # java/lang/invoke/LambdaForm$MH+0x0000000026040c00
# instanceKlass java/lang/invoke/LambdaForm$MH+0x0000000026040800
instanceKlass  @cpi java/util/Collections$UnmodifiableMap$UnmodifiableEntrySet 169 form vmentry <vmtarget> ; # java/lang/invoke/LambdaForm$DMH+0x0000000026040400
instanceKlass com/intellij/rt/debugger/agent/DebuggerAgent
instanceKlass sun/instrument/TransformerManager$TransformerInfo
instanceKlass sun/instrument/TransformerManager
instanceKlass jdk/internal/loader/NativeLibraries$2
instanceKlass jdk/internal/loader/NativeLibrary
instanceKlass java/util/ArrayDeque$DeqIterator
instanceKlass jdk/internal/loader/NativeLibraries$NativeLibraryContext$1
instanceKlass jdk/internal/loader/NativeLibraries$NativeLibraryContext
instanceKlass jdk/internal/loader/NativeLibraries$1
instanceKlass jdk/internal/loader/NativeLibraries$LibraryPaths
instanceKlass jdk/internal/reflect/Reflection$1Holder
instanceKlass sun/instrument/InstrumentationImpl
instanceKlass java/lang/instrument/Instrumentation
instanceKlass jdk/internal/vm/ContinuationSupport
instanceKlass jdk/internal/module/ModuleBootstrap$SafeModuleFinder
instanceKlass java/lang/ModuleLayer$Controller
instanceKlass java/util/concurrent/CopyOnWriteArrayList
instanceKlass jdk/internal/module/ServicesCatalog$ServiceProvider
instanceKlass jdk/internal/loader/AbstractClassLoaderValue$Memoizer
instanceKlass java/util/ArrayList$Itr
instanceKlass java/util/Collections$UnmodifiableCollection$1
instanceKlass java/util/SequencedMap
instanceKlass java/util/SequencedSet
instanceKlass java/lang/module/ModuleFinder$1
instanceKlass java/nio/file/Path
instanceKlass java/nio/file/Watchable
instanceKlass java/lang/module/Resolver
instanceKlass java/util/Collections$2
instanceKlass java/util/stream/FindOps$FindOp
instanceKlass  @bci java/util/stream/FindOps$FindSink$OfRef <clinit> ()V 6 <appendix> argL0 ; # java/util/stream/FindOps$FindSink$OfRef$$Lambda+0x800000048
instanceKlass  @bci java/util/stream/FindOps$FindSink$OfRef <clinit> ()V 0 <appendix> argL0 ; # java/util/stream/FindOps$FindSink$OfRef$$Lambda+0x800000049
instanceKlass java/util/stream/FindOps$FindSink
instanceKlass java/util/stream/FindOps
instanceKlass  @bci jdk/internal/module/DefaultRoots exportsAPI (Ljava/lang/module/ModuleDescriptor;)Z 9 <appendix> argL0 ; # jdk/internal/module/DefaultRoots$$Lambda+0x80000004f
instanceKlass java/util/stream/Sink$ChainedReference
instanceKlass java/util/stream/ReduceOps$AccumulatingSink
instanceKlass java/util/stream/TerminalSink
instanceKlass java/util/stream/Sink
instanceKlass java/util/stream/ReduceOps$Box
instanceKlass java/util/stream/ReduceOps$ReduceOp
instanceKlass java/util/stream/TerminalOp
instanceKlass java/util/stream/ReduceOps
instanceKlass  @bci java/util/stream/Collectors castingIdentity ()Ljava/util/function/Function; 0 <appendix> argL0 ; # java/util/stream/Collectors$$Lambda+0x800000042
instanceKlass  @bci java/util/stream/Collectors toSet ()Ljava/util/stream/Collector; 14 <appendix> argL0 ; # java/util/stream/Collectors$$Lambda+0x800000040
instanceKlass java/util/function/BinaryOperator
instanceKlass  @bci java/util/stream/Collectors toSet ()Ljava/util/stream/Collector; 9 <appendix> argL0 ; # java/util/stream/Collectors$$Lambda+0x800000038
instanceKlass java/util/function/BiConsumer
instanceKlass  @bci java/util/stream/Collectors toSet ()Ljava/util/stream/Collector; 4 <appendix> argL0 ; # java/util/stream/Collectors$$Lambda+0x800000045
instanceKlass java/util/stream/Collector
instanceKlass java/util/Collections$UnmodifiableCollection
instanceKlass java/util/stream/Collectors
instanceKlass  @bci jdk/internal/module/DefaultRoots compute (Ljava/lang/module/ModuleFinder;Ljava/lang/module/ModuleFinder;)Ljava/util/Set; 42 <appendix> argL0 ; # jdk/internal/module/DefaultRoots$$Lambda+0x80000004c
instanceKlass  @bci jdk/internal/module/DefaultRoots compute (Ljava/lang/module/ModuleFinder;Ljava/lang/module/ModuleFinder;)Ljava/util/Set; 32 <appendix> member <vmtarget> ; # jdk/internal/module/DefaultRoots$$Lambda+0x800000050
instanceKlass  @bci jdk/internal/module/DefaultRoots compute (Ljava/lang/module/ModuleFinder;Ljava/lang/module/ModuleFinder;)Ljava/util/Set; 21 <appendix> argL0 ; # jdk/internal/module/DefaultRoots$$Lambda+0x80000004d
instanceKlass  @bci jdk/internal/module/DefaultRoots compute (Ljava/lang/module/ModuleFinder;Ljava/lang/module/ModuleFinder;)Ljava/util/Set; 11 <appendix> argL0 ; # jdk/internal/module/DefaultRoots$$Lambda+0x80000004e
instanceKlass java/lang/invoke/LambdaProxyClassArchive
instanceKlass java/lang/invoke/InfoFromMemberName
instanceKlass java/lang/invoke/MethodHandleInfo
instanceKlass java/lang/invoke/AbstractValidatingLambdaMetafactory
instanceKlass java/lang/invoke/BootstrapMethodInvoker
instanceKlass java/util/function/Predicate
instanceKlass java/lang/invoke/LambdaMetafactory
# instanceKlass java/lang/invoke/LambdaForm$MH+0x0000000026040000
instanceKlass jdk/internal/util/ModifiedUtf
instanceKlass java/lang/StringCoding
instanceKlass jdk/internal/classfile/impl/ClassReaderImpl
instanceKlass java/lang/classfile/ClassReader
instanceKlass jdk/internal/classfile/impl/ClassHierarchyImpl$CachedClassHierarchyResolver$1
instanceKlass java/lang/classfile/ClassHierarchyResolver$ClassHierarchyInfo
instanceKlass jdk/internal/classfile/impl/ClassHierarchyImpl$CachedClassHierarchyResolver
instanceKlass jdk/internal/classfile/impl/ClassHierarchyImpl$ClassLoadingClassHierarchyResolver$1
instanceKlass jdk/internal/classfile/impl/ClassHierarchyImpl$ClassLoadingClassHierarchyResolver
instanceKlass java/lang/classfile/ClassHierarchyResolver
instanceKlass jdk/internal/classfile/impl/ClassHierarchyImpl
instanceKlass jdk/internal/classfile/impl/RawBytecodeHelper$1
instanceKlass jdk/internal/classfile/impl/RawBytecodeHelper
instanceKlass jdk/internal/classfile/impl/StackMapGenerator$Frame
instanceKlass jdk/internal/classfile/impl/StackMapGenerator
instanceKlass jdk/internal/classfile/impl/AnnotationReader
instanceKlass java/lang/classfile/CustomAttribute
instanceKlass jdk/internal/classfile/impl/TerminalFieldBuilder
instanceKlass java/lang/classfile/FieldBuilder
instanceKlass java/lang/invoke/InvokerBytecodeGenerator$2
instanceKlass jdk/internal/classfile/impl/BytecodeHelpers
instanceKlass java/lang/classfile/constantpool/MethodRefEntry
instanceKlass sun/invoke/empty/Empty
instanceKlass sun/invoke/util/VerifyType
instanceKlass jdk/internal/classfile/impl/DirectCodeBuilder$8
instanceKlass java/lang/classfile/instruction/LabelTarget
instanceKlass java/lang/classfile/Label
instanceKlass jdk/internal/classfile/impl/BufWriterImpl
instanceKlass java/lang/classfile/BufWriter
instanceKlass java/lang/classfile/instruction/LocalVariableType
instanceKlass java/lang/classfile/instruction/LocalVariable
instanceKlass java/lang/classfile/instruction/CharacterRange
instanceKlass java/lang/classfile/PseudoInstruction
instanceKlass java/lang/classfile/CodeElement
instanceKlass jdk/internal/classfile/impl/TerminalCodeBuilder
instanceKlass jdk/internal/classfile/impl/LabelContext
instanceKlass java/lang/classfile/CodeBuilder
instanceKlass java/lang/invoke/InvokerBytecodeGenerator$4$1
instanceKlass java/lang/classfile/constantpool/FieldRefEntry
instanceKlass java/lang/classfile/constantpool/MemberRefEntry
instanceKlass java/lang/classfile/constantpool/NameAndTypeEntry
instanceKlass jdk/internal/classfile/impl/TerminalMethodBuilder
instanceKlass jdk/internal/classfile/impl/MethodInfo
instanceKlass java/lang/classfile/MethodBuilder
instanceKlass java/lang/invoke/InvokerBytecodeGenerator$4
instanceKlass java/lang/classfile/attribute/SourceFileAttribute
instanceKlass java/lang/classfile/Superclass
instanceKlass jdk/internal/classfile/impl/AttributeHolder
instanceKlass java/lang/classfile/ClassBuilder
instanceKlass java/lang/classfile/ClassFileBuilder
instanceKlass jdk/internal/classfile/impl/AbstractDirectBuilder
instanceKlass java/lang/invoke/InvokerBytecodeGenerator$1
instanceKlass jdk/internal/classfile/impl/ClassFileImpl
instanceKlass java/lang/classfile/ClassFile
instanceKlass java/lang/invoke/InvokerBytecodeGenerator$3
instanceKlass java/util/function/Consumer
instanceKlass java/lang/classfile/constantpool/ClassEntry
instanceKlass java/lang/classfile/constantpool/LoadableConstantEntry
instanceKlass jdk/internal/classfile/impl/Util
instanceKlass jdk/internal/classfile/impl/EntryMap
instanceKlass jdk/internal/classfile/impl/BootstrapMethodEntryImpl
instanceKlass java/lang/classfile/BootstrapMethodEntry
instanceKlass jdk/internal/classfile/impl/SplitConstantPool
instanceKlass java/lang/invoke/LambdaFormBuffer
instanceKlass java/lang/invoke/LambdaFormEditor$TransformKey
instanceKlass java/lang/invoke/LambdaFormEditor
instanceKlass java/lang/invoke/Invokers$Holder
instanceKlass java/lang/invoke/DelegatingMethodHandle$Holder
instanceKlass java/lang/invoke/DirectMethodHandle$2
instanceKlass java/lang/invoke/ClassSpecializer$Factory
instanceKlass java/lang/invoke/ClassSpecializer$SpeciesData
instanceKlass java/lang/invoke/ClassSpecializer$1
instanceKlass jdk/internal/vm/annotation/Stable
instanceKlass java/lang/invoke/ClassSpecializer
instanceKlass java/lang/invoke/InvokerBytecodeGenerator$8
instanceKlass jdk/internal/classfile/impl/AbstractAttributeMapper
instanceKlass java/lang/classfile/AttributeMapper
instanceKlass java/lang/classfile/Attributes
instanceKlass jdk/internal/classfile/impl/Util$Writable
instanceKlass jdk/internal/classfile/impl/AbstractElement
instanceKlass java/lang/classfile/attribute/RuntimeVisibleAnnotationsAttribute
instanceKlass java/lang/classfile/FieldElement
instanceKlass java/lang/classfile/MethodElement
instanceKlass java/lang/classfile/ClassElement
instanceKlass java/lang/classfile/Attribute
instanceKlass java/lang/classfile/ClassFileElement
instanceKlass java/lang/classfile/constantpool/Utf8Entry
instanceKlass java/lang/classfile/constantpool/AnnotationConstantValueEntry
instanceKlass java/lang/classfile/constantpool/PoolEntry
instanceKlass jdk/internal/classfile/impl/AbstractPoolEntry
instanceKlass jdk/internal/classfile/impl/TemporaryConstantPool
instanceKlass java/lang/classfile/constantpool/ConstantPoolBuilder
instanceKlass java/lang/classfile/constantpool/ConstantPool
instanceKlass java/lang/classfile/Annotation
instanceKlass java/lang/classfile/AnnotationElement
instanceKlass java/lang/invoke/InvokerBytecodeGenerator
instanceKlass java/lang/invoke/LambdaForm$Holder
instanceKlass java/lang/invoke/LambdaForm$Name
instanceKlass java/lang/reflect/Array
instanceKlass java/lang/invoke/Invokers
instanceKlass sun/invoke/util/ValueConversions
instanceKlass java/lang/invoke/DirectMethodHandle$Holder
instanceKlass java/lang/constant/DynamicConstantDesc
instanceKlass jdk/internal/constant/DirectMethodHandleDescImpl$1
instanceKlass jdk/internal/constant/DirectMethodHandleDescImpl
instanceKlass java/lang/constant/DirectMethodHandleDesc
instanceKlass java/lang/constant/MethodHandleDesc$1
instanceKlass java/lang/constant/MethodHandleDesc
instanceKlass jdk/internal/constant/MethodTypeDescImpl
instanceKlass java/lang/constant/MethodTypeDesc
instanceKlass jdk/internal/constant/ConstantUtils
instanceKlass jdk/internal/constant/ArrayClassDescImpl
instanceKlass jdk/internal/constant/ClassOrInterfaceDescImpl
instanceKlass java/lang/constant/ClassDesc
instanceKlass java/lang/constant/ConstantDescs
instanceKlass sun/invoke/util/Wrapper$Format
instanceKlass java/lang/invoke/MethodHandleImpl$1
instanceKlass jdk/internal/access/JavaLangInvokeAccess
instanceKlass java/lang/invoke/LambdaForm$NamedFunction
instanceKlass jdk/internal/reflect/MethodHandleAccessorFactory$LazyStaticHolder
instanceKlass java/lang/invoke/MethodTypeForm
instanceKlass jdk/internal/util/StrongReferenceKey
instanceKlass jdk/internal/util/ReferenceKey
instanceKlass jdk/internal/util/ReferencedKeyMap
instanceKlass java/lang/invoke/MethodType$1
instanceKlass sun/reflect/annotation/AnnotationParser
instanceKlass java/lang/PublicMethods$Key
instanceKlass java/lang/PublicMethods$MethodList
instanceKlass java/util/EnumMap$1
instanceKlass java/util/stream/StreamOpFlag$MaskBuilder
instanceKlass java/util/stream/Stream
instanceKlass java/util/stream/BaseStream
instanceKlass java/util/stream/PipelineHelper
instanceKlass java/util/stream/StreamSupport
instanceKlass java/util/Spliterators$IteratorSpliterator
instanceKlass java/util/Spliterator
instanceKlass java/util/Spliterators
instanceKlass jdk/internal/module/DefaultRoots
instanceKlass jdk/internal/loader/BuiltinClassLoader$LoadedModule
instanceKlass java/lang/Module$EnableNativeAccess
instanceKlass jdk/internal/loader/BootLoader
instanceKlass java/util/Optional
instanceKlass jdk/internal/module/ModuleResolution
instanceKlass jdk/internal/module/ModuleHashes$Builder
instanceKlass java/util/ImmutableCollections$Set12$1
instanceKlass java/util/ImmutableCollections$ListItr
instanceKlass java/util/ListIterator
instanceKlass java/util/ImmutableCollections$SetN$SetNIterator
instanceKlass jdk/internal/module/Builder
instanceKlass jdk/internal/module/SystemModules$all
instanceKlass jdk/internal/module/SystemModules
instanceKlass jdk/internal/module/SystemModulesMap
instanceKlass jdk/internal/module/SystemModuleFinders
instanceKlass jdk/internal/loader/AbstractClassLoaderValue
instanceKlass jdk/internal/module/ServicesCatalog
instanceKlass java/util/concurrent/ConcurrentHashMap$CollectionView
instanceKlass jdk/internal/loader/ClassLoaderHelper
instanceKlass jdk/internal/loader/NativeLibraries
instanceKlass java/security/Principal
instanceKlass java/lang/ClassLoader$ParallelLoaders
instanceKlass java/security/cert/Certificate
instanceKlass java/util/Deque
instanceKlass java/util/Queue
instanceKlass sun/net/util/IPAddressUtil$MASKS
instanceKlass sun/net/util/IPAddressUtil
instanceKlass java/net/URLStreamHandler
instanceKlass java/lang/StringUTF16
instanceKlass sun/net/www/ParseUtil
instanceKlass java/net/URL$1
instanceKlass jdk/internal/access/JavaNetURLAccess
instanceKlass java/net/URL$DefaultFactory
instanceKlass java/net/URLStreamHandlerFactory
instanceKlass jdk/internal/loader/URLClassPath
instanceKlass jdk/internal/loader/ArchivedClassLoaders
instanceKlass java/net/URI$1
instanceKlass jdk/internal/access/JavaNetUriAccess
instanceKlass jdk/internal/module/ArchivedBootLayer
instanceKlass jdk/internal/module/ModuleBootstrap$Counters
instanceKlass jdk/internal/module/ModuleLoaderMap$Modules
instanceKlass jdk/internal/module/ModuleLoaderMap
instanceKlass jdk/internal/module/ModulePatcher
instanceKlass jdk/internal/util/DecimalDigits
instanceKlass java/io/FileSystem
instanceKlass java/io/DefaultFileSystem
instanceKlass java/io/File
instanceKlass java/lang/module/ModuleDescriptor$1
instanceKlass jdk/internal/access/JavaLangModuleAccess
instanceKlass sun/invoke/util/VerifyAccess
instanceKlass java/util/KeyValueHolder
instanceKlass java/util/ImmutableCollections$MapN$MapNIterator
instanceKlass java/lang/invoke/MethodHandles$Lookup
instanceKlass java/lang/invoke/MemberName$Factory
instanceKlass java/lang/invoke/MethodHandles
instanceKlass jdk/internal/module/ModuleBootstrap
instanceKlass java/util/HexFormat
instanceKlass jdk/internal/util/ClassFileDumper
instanceKlass java/lang/CharacterData
instanceKlass java/lang/invoke/MethodHandleStatics
instanceKlass java/util/Collections
instanceKlass java/lang/Thread$ThreadIdentifiers
instanceKlass sun/io/Win32ErrorMode
instanceKlass jdk/internal/misc/OSEnvironment
instanceKlass jdk/internal/misc/Signal$NativeHandler
instanceKlass java/util/Hashtable$Entry
instanceKlass jdk/internal/misc/Signal
instanceKlass java/lang/Terminator$1
instanceKlass jdk/internal/misc/Signal$Handler
instanceKlass java/lang/Terminator
instanceKlass java/nio/ByteOrder
instanceKlass java/nio/Buffer$2
instanceKlass jdk/internal/access/JavaNioAccess
instanceKlass java/nio/Buffer$1
instanceKlass jdk/internal/misc/ScopedMemoryAccess
instanceKlass java/nio/charset/CodingErrorAction
instanceKlass java/nio/charset/CharsetEncoder
instanceKlass java/io/Writer
instanceKlass java/io/OutputStream
instanceKlass java/io/Flushable
instanceKlass java/io/FileDescriptor$1
instanceKlass jdk/internal/access/JavaIOFileDescriptorAccess
instanceKlass java/io/FileDescriptor
instanceKlass jdk/internal/util/StaticProperty
instanceKlass jdk/internal/reflect/MethodHandleAccessorFactory
instanceKlass jdk/internal/reflect/Reflection
instanceKlass java/lang/reflect/Modifier
instanceKlass java/lang/Class$Atomic
instanceKlass java/lang/Class$ReflectionData
instanceKlass java/nio/charset/StandardCharsets
instanceKlass sun/nio/cs/HistoricallyNamedCharset
instanceKlass java/util/Arrays
instanceKlass jdk/internal/util/Preconditions$3
instanceKlass jdk/internal/util/Preconditions$2
instanceKlass jdk/internal/util/Preconditions$4
instanceKlass java/util/function/BiFunction
instanceKlass jdk/internal/util/Preconditions$1
instanceKlass jdk/internal/util/Preconditions
instanceKlass java/nio/charset/spi/CharsetProvider
instanceKlass java/nio/charset/Charset
instanceKlass java/util/HashMap$HashIterator
instanceKlass java/util/concurrent/locks/LockSupport
instanceKlass java/util/concurrent/ConcurrentHashMap$Node
instanceKlass java/util/concurrent/ConcurrentHashMap$CounterCell
instanceKlass java/util/concurrent/locks/ReentrantLock
instanceKlass java/util/concurrent/locks/Lock
instanceKlass java/lang/Runtime
instanceKlass java/lang/VersionProps
instanceKlass java/lang/StringConcatHelper
instanceKlass jdk/internal/util/ArraysSupport
instanceKlass java/lang/StringLatin1
instanceKlass java/lang/StrictMath
instanceKlass jdk/internal/util/SystemProps$Raw
instanceKlass jdk/internal/util/SystemProps
instanceKlass java/lang/System$1
instanceKlass jdk/internal/access/JavaLangAccess
instanceKlass java/lang/ref/ReferenceQueue$Lock
instanceKlass java/lang/ref/ReferenceQueue
instanceKlass java/lang/ref/Reference$1
instanceKlass jdk/internal/access/JavaLangRefAccess
instanceKlass java/lang/Math
instanceKlass java/io/ObjectStreamClass
instanceKlass jdk/internal/reflect/ReflectionFactory
instanceKlass jdk/internal/access/SharedSecrets
instanceKlass java/lang/reflect/ReflectAccess
instanceKlass jdk/internal/access/JavaLangReflectAccess
instanceKlass java/util/Objects
instanceKlass jdk/internal/misc/CDS
instanceKlass java/lang/Module$ArchivedData
instanceKlass jdk/internal/misc/VM
instanceKlass java/lang/String$CaseInsensitiveComparator
instanceKlass java/util/Comparator
instanceKlass java/io/ObjectStreamField
instanceKlass jdk/internal/math/FDBigInteger
instanceKlass java/lang/ModuleLayer
instanceKlass java/util/ImmutableCollections
instanceKlass jdk/internal/module/ModuleLoaderMap$Mapper
instanceKlass java/util/function/Function
instanceKlass java/lang/module/ResolvedModule
instanceKlass java/lang/module/Configuration
instanceKlass java/util/HashMap$Node
instanceKlass java/util/Map$Entry
instanceKlass java/util/Collections$UnmodifiableMap
instanceKlass jdk/internal/module/ModuleHashes
instanceKlass jdk/internal/module/ModuleTarget
instanceKlass java/lang/module/ModuleDescriptor$Opens
instanceKlass jdk/internal/module/SystemModuleFinders$2
instanceKlass jdk/internal/module/ModuleHashes$HashSupplier
instanceKlass jdk/internal/module/SystemModuleFinders$1
instanceKlass java/util/function/Supplier
instanceKlass java/net/URI
instanceKlass java/lang/module/ModuleDescriptor$Provides
instanceKlass java/lang/module/ModuleDescriptor$Exports
instanceKlass java/lang/module/ModuleDescriptor$Requires
instanceKlass java/lang/module/ModuleDescriptor$Version
instanceKlass java/lang/module/ModuleDescriptor
instanceKlass java/lang/module/ModuleReference
instanceKlass java/util/Set
instanceKlass jdk/internal/module/SystemModuleFinders$SystemModuleFinder
instanceKlass java/lang/module/ModuleFinder
instanceKlass jdk/internal/module/ArchivedModuleGraph
instanceKlass sun/util/locale/BaseLocale
instanceKlass java/util/jar/Attributes$Name
instanceKlass java/lang/Character$CharacterCache
instanceKlass java/lang/Short$ShortCache
instanceKlass java/lang/Byte$ByteCache
instanceKlass java/lang/Long$LongCache
instanceKlass java/lang/Integer$IntegerCache
instanceKlass jdk/internal/vm/FillerObject
instanceKlass jdk/internal/vm/vector/VectorSupport$VectorPayload
instanceKlass jdk/internal/vm/vector/VectorSupport
instanceKlass java/lang/reflect/RecordComponent
instanceKlass java/util/Iterator
instanceKlass java/lang/Void
instanceKlass java/lang/Number
instanceKlass java/lang/Character
instanceKlass java/lang/Boolean
instanceKlass java/util/concurrent/locks/AbstractOwnableSynchronizer
instanceKlass java/lang/LiveStackFrame
instanceKlass java/lang/ClassFrameInfo
instanceKlass java/lang/StackWalker$StackFrame
instanceKlass java/lang/StackStreamFactory$AbstractStackWalker
instanceKlass java/lang/StackWalker
instanceKlass java/nio/Buffer
instanceKlass java/lang/StackTraceElement
instanceKlass java/util/RandomAccess
instanceKlass java/util/List
instanceKlass java/util/SequencedCollection
instanceKlass java/util/AbstractCollection
instanceKlass java/util/Collection
instanceKlass java/lang/Iterable
instanceKlass java/util/concurrent/ConcurrentMap
instanceKlass java/util/AbstractMap
instanceKlass java/security/CodeSource
instanceKlass jdk/internal/loader/ClassLoaders
instanceKlass java/util/jar/Manifest
instanceKlass java/lang/Enum
instanceKlass java/net/URL
instanceKlass java/io/InputStream
instanceKlass java/io/Closeable
instanceKlass java/lang/AutoCloseable
instanceKlass jdk/internal/module/Modules
instanceKlass jdk/internal/misc/Unsafe
instanceKlass jdk/internal/misc/UnsafeConstants
instanceKlass java/lang/AbstractStringBuilder
instanceKlass java/lang/Appendable
instanceKlass java/lang/AssertionStatusDirectives
instanceKlass jdk/internal/foreign/abi/ABIDescriptor
instanceKlass jdk/internal/foreign/abi/NativeEntryPoint
instanceKlass java/lang/invoke/CallSite
instanceKlass java/lang/invoke/MethodType
instanceKlass java/lang/invoke/TypeDescriptor$OfMethod
instanceKlass java/lang/invoke/LambdaForm
instanceKlass java/lang/invoke/MethodHandleNatives
instanceKlass java/lang/invoke/MethodHandleImpl
instanceKlass java/lang/invoke/ResolvedMethodName
instanceKlass java/lang/invoke/MemberName
instanceKlass java/lang/invoke/VarHandle
instanceKlass java/lang/invoke/MethodHandle
instanceKlass jdk/internal/reflect/ConstructorAccessorImpl
instanceKlass jdk/internal/reflect/ConstructorAccessor
instanceKlass jdk/internal/reflect/CallerSensitive
instanceKlass java/lang/annotation/Annotation
instanceKlass jdk/internal/reflect/ConstantPool
instanceKlass jdk/internal/reflect/MethodAccessorImpl
instanceKlass jdk/internal/reflect/MethodAccessor
instanceKlass jdk/internal/vm/StackChunk
instanceKlass jdk/internal/vm/Continuation
instanceKlass jdk/internal/vm/ContinuationScope
instanceKlass java/lang/reflect/Parameter
instanceKlass java/lang/reflect/Member
instanceKlass java/lang/reflect/AccessibleObject
instanceKlass java/lang/Module
instanceKlass java/util/Map
instanceKlass java/util/Dictionary
instanceKlass java/lang/ThreadGroup
instanceKlass java/lang/Thread$UncaughtExceptionHandler
instanceKlass java/lang/Thread$Constants
instanceKlass java/lang/Thread$FieldHolder
instanceKlass java/lang/Thread
instanceKlass java/lang/Runnable
instanceKlass java/lang/ref/Reference
instanceKlass java/lang/Record
instanceKlass java/security/ProtectionDomain
instanceKlass java/lang/Throwable
instanceKlass java/lang/System
instanceKlass java/lang/ClassLoader
instanceKlass java/lang/Cloneable
instanceKlass java/lang/Class
instanceKlass java/lang/invoke/TypeDescriptor$OfField
instanceKlass java/lang/invoke/TypeDescriptor
instanceKlass java/lang/reflect/Type
instanceKlass java/lang/reflect/GenericDeclaration
instanceKlass java/lang/reflect/AnnotatedElement
instanceKlass java/lang/String
instanceKlass java/lang/constant/ConstantDesc
instanceKlass java/lang/constant/Constable
instanceKlass java/lang/CharSequence
instanceKlass java/lang/Comparable
instanceKlass java/io/Serializable
ciInstanceKlass java/lang/Object 1 1 115 7 1 10 12 1 1 10 7 12 1 1 1 10 7 12 1 1 1 10 12 1 1 8 1 10 12 1 1 10 7 12 1 1 1 10 12 1 10 12 1 1 100 1 8 1 10 12 1 10 7 12 1 1 1 7 1 10 12 1 7 1 10 12 1 1 8 1 3 8 1 100 1 5 0 1 1 1 1 1 1 1 1 1 1 1 1 1 1 1 1 100 1 1 1 1 1 1 1 1 1 1 1 1 1 100 1 1 1 1 1 1 3 1 1
ciMethod java/lang/Object clone ()Ljava/lang/Object; 256 0 128 0 -1
ciInstanceKlass java/io/Serializable 1 0 7 100 1 100 1 1 1
ciInstanceKlass java/lang/System 1 1 591 10 100 12 1 1 1 10 7 12 1 1 1 10 12 1 1 10 12 1 9 12 1 1 10 7 12 1 1 1 11 100 12 1 1 1 10 100 12 1 1 1 10 12 1 1 100 1 8 1 10 12 1 9 12 1 1 9 12 1 1 10 7 12 1 1 1 10 7 12 1 1 1 10 12 1 1 10 12 1 10 7 12 1 1 1 10 12 1 10 12 1 1 7 1 10 12 1 1 100 1 8 1 10 10 12 1 1 100 1 8 1 10 10 7 12 1 1 10 12 10 7 12 1 1 10 7 12 1 1 1 100 1 8 1 10 10 7 12 1 1 1 10 7 12 1 1 1 100 1 10 100 12 1 1 1 10 12 1 1 10 7 12 1 1 1 10 12 1 1 10 12 1 10 12 1 8 1 10 12 1 1 10 12 1 1 8 1 10 12 1 7 1 7 1 10 12 1 9 7 12 1 1 1 10 7 12 1 1 1 10 12 1 10 12 1 10 7 12 1 1 1 100 1 8 1 10 9 12 1 1 9 12 1 10 12 1 10 100 12 1 1 10 12 1 10 12 1 1 100 1 10 8 1 10 12 1 1 10 12 1 10 12 1 1 10 12 1 1 8 1 11 7 12 1 1 10 12 11 12 1 1 11 7 12 1 1 1 11 7 12 1 1 11 12 1 1 7 1 11 12 1 10 12 1 8 1 10 12 1 1 8 1 8 1 8 1 8 1 11 12 1 10 12 1 1 10 12 1 10 12 1 8 1 10 12 1 1 8 1 9 12 1 8 1 10 7 12 1 1 8 1 7 1 9 7 12 1 1 1 10 12 1 7 1 9 12 10 9 12 7 1 10 12 9 12 1 1 8 1 10 12 1 1 8 1 9 12 1 10 7 12 1 1 10 12 1 10 12 1 1 11 7 12 1 1 10 12 10 7 12 1 1 1 9 12 1 1 100 1 100 1 8 1 10 12 1 1 10 12 1 8 1 8 1 10 8 1 8 1 8 1 8 1 8 1 10 8 1 10 7 12 1 1 1 10 7 12 1 1 1 10 12 1 1 7 1 10 10 12 1 10 12 1 9 12 1 1 1 1 1 1 1 1 1 1 1 1 100 1 1 100 1 1 1 1 1 1 1 1 1 1 3 1 1 1 1 1 1 1 1 1 1 1 1 1 1 1 1 1 1 1 1 1 1 1 1 1 1 1 1 1 1 1 1 1 1 1 1 1 1 1 1 1 1 1 1 1 1 1 1 1 1 1 100 1 1 1 1 1 1 1 1 1 1 1 1 1 1 1 1 1 1 1 1 1 1 1 1 1 100 1 100 1 1 1 1 1 1 1 1
staticfield java/lang/System in Ljava/io/InputStream; java/io/BufferedInputStream
staticfield java/lang/System out Ljava/io/PrintStream; java/io/PrintStream
staticfield java/lang/System err Ljava/io/PrintStream; java/io/PrintStream
instanceKlass io/github/bonigarcia/wdm/cache/ResolutionCache$1
instanceKlass java/security/Provider
instanceKlass java/security/Security$1
ciInstanceKlass java/util/Properties 1 1 690 10 7 12 1 1 1 100 1 10 7 12 1 1 7 1 10 12 1 9 12 1 1 9 12 1 1 9 12 1 1 10 7 12 1 1 1 10 12 1 1 8 1 10 7 12 1 1 1 7 1 10 12 1 10 12 1 1 8 1 10 12 1 7 1 10 12 10 12 1 1 9 12 1 1 10 12 1 1 7 1 10 12 1 10 12 1 10 12 1 1 100 1 8 1 10 12 1 10 12 1 10 12 1 1 10 12 1 100 1 3 10 10 100 12 1 1 1 10 12 1 10 12 1 1 8 1 10 12 1 10 12 1 1 8 1 10 100 12 1 1 10 12 1 1 10 12 1 10 12 1 1 100 1 10 12 1 10 12 1 1 100 1 9 100 12 1 1 1 10 12 1 10 12 1 1 10 12 1 1 10 12 1 1 100 1 9 12 1 1 7 1 100 1 10 12 1 100 1 11 7 12 1 1 1 11 12 1 1 11 100 12 1 1 1 11 7 12 1 1 1 11 12 1 1 11 12 1 11 12 1 10 12 1 1 8 1 10 12 1 10 100 12 1 1 10 12 1 100 1 10 10 12 1 10 12 1 100 1 10 10 12 1 1 10 100 12 1 1 9 100 12 1 1 10 12 1 1 10 100 12 1 1 1 100 1 100 1 100 1 10 8 1 8 1 10 12 1 10 12 1 10 12 1 1 10 10 12 1 1 10 12 1 1 7 1 10 10 12 1 11 7 12 1 1 10 7 12 1 1 1 8 1 10 100 12 1 1 11 11 7 1 8 1 10 100 1 11 10 12 1 10 10 12 1 10 12 1 1 10 12 1 1 10 12 1 1 10 12 1 10 12 1 10 10 12 1 10 12 1 10 12 1 10 10 12 1 1 10 12 1 1 10 10 12 1 10 12 1 10 12 1 10 12 1 10 12 1 1 10 12 1 1 10 12 1 10 12 1 10 12 1 1 10 12 10 12 1 1 10 12 1 1 10 12 1 10 12 1 1 10 12 1 1 10 12 10 11 12 1 4 11 10 12 1 1 10 100 12 1 1 11 12 1 10 12 1 1 10 100 12 1 1 10 12 1 100 1 8 1 10 12 1 10 10 100 12 1 1 1 100 1 6 0 10 12 1 1 11 100 12 1 1 1 10 12 1 10 12 1 1 1 1 1 5 0 1 1 1 1 1 1 1 1 1 1 1 1 1 1 1 1 1 1 1 1 1 1 1 1 1 1 1 1 1 1 1 1 1 1 1 1 1 1 1 100 1 1 1 1 1 1 1 1 1 1 1 1 1 1 1 1 1 1 1 1 100 1 1 1 1 1 1 1 1 1 1 1 1 100 1 100 1 1 1 1 1 100 1 1 1 1 1 1 1 1 1 1 1 1 1 1 1 1 1 1 1 1 1 1 1 1 1 1 1 1 1 1 1 1 1 1 1 1 1 1 1 1 1 1 1 1 1 1 1 1 1 1 1 1 1 1 1 1 1 1 1 1 1 1 1 1 1 1 1 1 1 1 1 1 1 1 1 1 1 100 1 1 1 1 1 1 1 1 1 1 1 100 1 1
staticfield java/util/Properties UNSAFE Ljdk/internal/misc/Unsafe; jdk/internal/misc/Unsafe
instanceKlass java/util/Hashtable
ciInstanceKlass java/util/Dictionary 1 1 36 10 7 12 1 1 1 100 1 1 1 1 1 1 1 1 1 1 1 1 1 1 1 1 1 1 1 1 1 1 1 1 1 1 1 1
instanceKlass java/util/Properties
ciInstanceKlass java/util/Hashtable 1 1 516 100 1 10 7 12 1 1 1 9 7 12 1 1 1 100 1 100 1 10 8 1 10 12 1 1 10 12 1 10 12 1 1 10 12 1 10 7 12 1 1 1 8 1 10 12 1 9 12 1 1 7 1 9 12 1 1 4 10 7 12 1 1 1 9 12 1 4 10 12 1 11 100 12 1 1 1 10 12 1 1 10 12 1 1 9 12 1 10 12 1 1 100 1 10 9 12 1 1 10 7 12 1 1 1 9 12 1 1 10 12 1 10 12 1 3 9 12 1 9 12 1 3 10 12 1 10 12 1 10 12 1 1 11 12 1 1 11 100 12 1 1 1 11 100 12 1 1 1 11 12 1 100 1 11 12 1 11 12 1 10 12 1 1 10 12 1 1 10 12 1 9 12 1 1 9 12 9 12 1 1 10 100 1 100 1 10 12 1 10 8 1 10 10 12 1 8 1 10 8 1 10 100 12 1 1 1 7 1 10 12 1 10 12 1 100 1 10 12 1 10 12 1 1 100 1 10 100 1 10 10 12 1 1 11 12 1 1 11 12 1 100 1 10 10 10 100 12 1 1 11 100 12 1 1 1 100 1 10 11 100 12 1 1 11 100 12 1 10 12 1 10 12 1 1 10 100 12 1 1 10 12 1 1 10 12 1 1 10 12 1 1 10 100 12 1 1 1 8 10 100 12 1 1 100 1 8 1 10 4 4 10 12 1 1 10 12 1 8 1 4 10 12 10 100 12 1 1 1 100 1 11 100 12 1 1 1 10 100 12 1 1 1 10 12 1 10 12 1 1 10 100 1 100 1 1 1 1 1 1 5 0 1 1 1 1 1 3 1 3 1 3 1 1 1 1 1 1 1 1 1 1 1 1 1 1 1 1 1 1 1 1 1 1 1 1 1 100 1 1 1 1 1 1 1 1 1 1 1 1 1 1 1 1 1 1 1 1 1 1 1 1 1 1 1 1 1 100 1 1 1 1 1 1 1 1 1 1 1 1 1 1 100 1 1 1 1 1 1 1 1 1 1 1 1 1 1 1 1 1 1 1 1 1 1 1 1 1 1 1 1 1 1 1 1 1 1 1 1 1 1 1 1 1 1 1 1 100 1 1 1 100 1 1 1 1 1 100 1 1 1 1 1 1 1 1 1 1 1 1 1 1 1 1 1 1
ciInstanceKlass java/util/Map 1 1 263 11 7 12 1 1 1 11 12 1 1 10 7 12 1 1 11 12 1 1 11 7 12 1 1 1 11 100 12 1 1 1 11 12 1 1 7 1 11 12 1 11 12 1 100 1 100 1 10 12 1 1 11 100 12 1 1 1 11 100 12 1 1 1 11 12 1 11 12 1 10 12 1 1 11 12 1 11 7 12 1 9 7 12 1 1 1 7 1 10 12 7 1 7 1 10 12 1 7 1 10 7 1 11 12 1 11 12 1 1 11 12 1 1 7 1 11 12 1 1 1 1 1 1 1 1 1 1 1 1 1 1 1 1 1 1 1 1 1 1 1 1 1 1 1 1 1 1 1 1 1 1 1 1 1 1 1 1 1 1 1 1 1 1 1 1 1 1 1 1 1 1 1 1 1 1 1 1 1 1 1 1 1 1 1 1 1 1 1 1 1 1 1 1 1 1 1 1 1 1 1 1 1 1 1 1 1 1 1 1 1 1 1 1 1 1 1 1 1 1 1 1 1 1 1 1 1 1 1 1 1 1 1 1 1 1 1 1 1 1 1 1 1 1 100 1 1 1 1 1 1 1 1 1 1 1 1 1 1 1 1 1 1
ciInstanceKlass java/lang/String 1 1 1471 10 7 12 1 1 1 8 1 9 7 12 1 1 1 9 12 1 1 9 12 1 1 9 12 1 1 10 12 1 10 12 1 1 10 12 1 1 9 12 1 10 7 12 1 1 1 10 12 1 1 10 12 1 10 7 12 1 1 1 10 12 1 1 10 12 1 1 10 12 1 10 12 1 1 10 12 1 10 7 12 1 1 1 7 1 9 7 12 1 1 1 10 7 12 1 1 1 10 12 1 1 10 12 1 1 10 7 12 1 1 1 10 12 1 1 9 7 12 1 1 10 12 9 7 12 1 1 10 12 1 1 3 10 12 1 1 7 1 11 12 1 1 11 12 1 11 12 1 1 10 7 12 1 1 1 10 12 1 1 9 100 12 1 1 1 10 12 1 1 10 12 1 11 12 1 1 10 12 1 10 12 10 12 1 1 100 1 100 1 10 12 1 10 12 1 10 7 12 1 1 1 10 12 1 1 100 1 10 12 1 1 100 1 10 12 1 1 10 12 1 1 10 12 1 10 10 12 1 100 1 100 1 100 1 10 12 1 10 12 1 1 10 12 1 1 10 12 1 10 12 1 1 10 12 1 1 10 100 12 1 1 100 1 11 10 7 12 1 1 11 12 1 11 12 1 10 12 1 10 12 1 10 12 10 12 1 1 10 10 7 12 1 1 1 10 7 12 1 1 10 12 1 1 10 7 12 1 1 10 12 1 10 12 1 1 10 12 1 1 10 12 1 10 12 1 10 12 1 1 100 1 10 12 1 1 10 12 10 12 1 10 12 1 1 10 12 1 1 10 100 12 1 1 1 10 12 1 10 12 1 1 10 12 1 10 12 1 3 3 10 12 1 1 10 12 1 10 12 1 1 10 12 1 1 10 12 1 1 10 12 1 10 12 1 1 10 12 1 1 10 12 1 10 12 1 10 12 1 10 12 1 1 10 12 1 10 12 1 10 12 1 10 12 1 10 12 1 10 12 1 10 100 1 10 8 1 10 12 1 1 10 12 1 8 1 10 12 1 1 10 12 10 12 1 8 1 10 10 12 1 1 10 12 1 1 7 1 5 0 100 1 8 1 10 10 12 1 1 5 0 5 0 5 0 10 12 1 1 10 100 1 10 10 12 1 10 12 1 10 12 1 10 10 12 1 10 12 1 10 12 1 10 12 1 10 12 1 10 12 1 10 12 1 1 10 12 1 1 10 12 1 1 10 10 12 1 1 10 10 12 1 100 1 10 9 100 12 1 1 1 11 100 12 1 1 1 10 12 1 1 10 12 1 1 10 7 1 10 12 1 10 12 1 10 7 12 1 1 1 10 12 1 10 12 1 1 10 12 1 11 7 1 11 12 10 12 1 10 12 1 1 10 12 1 1 10 10 12 1 10 12 1 9 12 1 1 11 7 12 1 1 1 10 12 10 10 12 1 10 12 1 1 10 10 12 1 10 12 1 10 12 1 1 10 12 1 1 10 10 12 1 1 10 10 7 12 1 1 1 10 12 1 10 12 1 10 12 10 10 12 10 10 12 1 10 12 1 10 10 12 10 12 1 1 10 12 10 10 12 10 12 1 10 12 10 12 10 10 12 1 10 12 1 1 10 12 1 1 10 10 12 1 10 7 12 1 1 1 10 12 1 1 10 10 7 12 1 1 1 11 10 12 1 10 12 1 1 10 12 1 1 10 7 12 1 1 1 10 12 1 10 12 1 10 12 1 10 12 1 10 12 1 10 12 1 100 1 10 10 12 1 10 12 1 1 8 1 10 12 1 3 3 10 12 1 10 12 1 1 10 12 7 1 10 10 12 1 1 10 12 10 12 1 10 12 1 10 12 1 1 10 12 1 1 11 7 12 1 1 1 7 1 10 12 1 10 12 1 1 8 1 10 12 1 1 10 12 1 11 100 12 1 1 1 11 100 12 1 1 11 12 1 10 12 1 10 12 1 1 10 10 7 12 1 1 1 10 12 1 10 12 1 10 10 12 10 12 1 1 10 10 12 1 10 10 12 1 10 10 12 1 10 10 12 1 10 12 1 1 10 10 12 1 8 1 10 12 1 1 18 12 1 1 11 100 12 1 1 1 3 18 12 1 18 12 1 8 1 10 100 12 1 1 1 11 12 1 1 10 12 10 10 12 1 10 11 12 1 1 10 12 1 1 11 12 1 18 3 11 10 11 11 10 12 1 10 12 1 1 8 1 10 12 1 10 12 1 10 12 1 1 10 10 12 1 11 100 12 1 100 1 100 1 10 12 100 1 10 10 100 12 1 1 1 100 1 10 7 1 10 10 12 1 10 10 12 1 8 1 10 10 12 1 8 1 8 1 10 12 1 10 12 1 10 10 12 10 7 12 1 1 10 100 12 1 1 10 100 12 1 1 8 1 10 12 1 10 12 1 10 9 12 1 10 12 9 7 12 1 1 1 10 12 1 10 12 1 10 12 1 10 12 10 12 1 10 12 1 8 1 10 100 12 1 1 1 10 12 10 12 1 1 10 12 10 12 10 12 7 1 9 12 1 1 7 1 10 100 1 100 1 100 1 100 1 1 1 1 1 1 5 0 1 1 1 1 1 3 1 3 1 1 1 1 1 1 1 1 1 1 1 1 1 1 1 100 1 1 1 1 1 1 1 1 1 1 1 1 1 1 1 1 1 1 1 1 1 1 1 1 1 1 1 1 1 1 1 100 1 1 1 1 1 1 1 1 1 1 1 1 100 1 1 1 1 1 1 1 1 1 1 1 1 1 1 1 1 1 1 1 1 1 1 1 1 1 1 1 1 1 1 1 1 1 1 1 1 1 1 1 1 1 1 1 1 1 1 1 1 1 1 1 1 1 1 1 1 1 1 1 1 1 1 1 1 1 1 1 1 1 1 1 1 1 1 1 1 1 1 1 1 1 1 1 1 1 1 1 1 1 1 1 1 1 1 1 1 1 1 1 1 1 1 1 1 1 1 1 1 1 1 1 1 1 1 1 1 1 1 1 1 1 1 1 1 1 1 1 1 1 1 1 1 1 1 1 1 1 1 1 1 1 1 1 1 1 1 1 1 1 1 1 1 1 1 1 1 1 1 1 1 1 1 1 1 1 1 1 1 1 1 1 1 1 1 1 1 1 1 1 100 1 1 1 1 1 1 1 1 1 1 1 1 1 1 1 1 1 1 1 1 1 1 1 100 1 1 1 1 1 1 1 1 1 1 1 1 1 1 1 100 1 1 1 1 1 1 1 1 1 1 1 1 1 1 1 16 15 10 12 16 15 10 12 15 10 12 15 10 12 15 10 100 12 1 1 1 1 100 1 1 1 1 1 100 1 100 1 1 1
staticfield java/lang/String COMPACT_STRINGS Z 1
staticfield java/lang/String serialPersistentFields [Ljava/io/ObjectStreamField; 0 [Ljava/io/ObjectStreamField;
staticfield java/lang/String CASE_INSENSITIVE_ORDER Ljava/util/Comparator; java/lang/String$CaseInsensitiveComparator
ciInstanceKlass java/lang/Comparable 1 0 12 100 1 100 1 1 1 1 1 1 1 1
ciInstanceKlass java/lang/CharSequence 1 1 145 11 7 12 1 1 1 18 12 1 1 100 1 10 100 12 1 1 1 18 10 100 12 1 1 1 11 12 1 1 11 100 1 11 12 1 1 10 100 12 1 1 1 11 12 1 1 10 12 1 1 10 12 1 100 1 10 12 1 1 10 100 12 1 1 1 100 1 10 10 12 1 1 100 1 1 1 1 1 1 1 1 1 1 1 1 1 1 1 1 1 1 1 1 1 1 1 1 1 1 1 1 1 1 1 1 1 1 1 1 1 1 1 1 16 1 15 11 12 16 15 11 12 15 10 100 12 1 1 1 1 1 100 1 100 1 1 100 1 1 100 1 100 1 1
ciInstanceKlass java/lang/constant/Constable 1 0 11 100 1 100 1 1 1 1 1 1 1
ciInstanceKlass java/lang/constant/ConstantDesc 1 0 37 100 1 100 1 1 1 1 100 1 1 1 1 100 1 100 1 100 1 100 1 100 1 100 1 100 1 100 1 100 1 1 100 1 100 1 1
ciInstanceKlass java/lang/AutoCloseable 1 0 12 100 1 100 1 1 1 1 100 1 1 1
ciInstanceKlass java/io/Closeable 1 0 14 100 1 100 1 100 1 1 1 1 100 1 1 1
ciInstanceKlass java/lang/Appendable 1 0 14 100 1 100 1 1 1 1 100 1 1 1 1 1
ciInstanceKlass java/util/Iterator 1 1 53 100 1 8 1 10 12 1 1 10 7 12 1 1 1 11 7 12 1 1 1 11 12 1 1 11 7 12 1 1 1 100 1 1 1 1 1 1 1 1 1 1 1 1 1 1 1 1 1 1 1 1 1
instanceKlass sun/net/www/http/ChunkedInputStream
instanceKlass sun/net/www/protocol/http/EmptyInputStream
instanceKlass java/lang/ProcessBuilder$NullInputStream
instanceKlass sun/security/ssl/SSLSocketImpl$AppInputStream
instanceKlass java/io/SequenceInputStream
instanceKlass org/brotli/dec/BrotliInputStream
instanceKlass java/io/ObjectInputStream
instanceKlass com/sun/org/apache/xerces/internal/impl/XMLEntityManager$RewindableInputStream
instanceKlass sun/nio/ch/NioSocketImpl$1
instanceKlass sun/nio/ch/ChannelInputStream
instanceKlass sun/nio/ch/SocketInputStream
instanceKlass java/nio/channels/Channels$1
instanceKlass java/net/Socket$SocketInputStream
instanceKlass java/util/jar/JarVerifier$VerifierStream
instanceKlass java/util/zip/ZipFile$ZipFileInputStream
instanceKlass java/io/FilterInputStream
instanceKlass java/io/FileInputStream
instanceKlass java/io/ByteArrayInputStream
ciInstanceKlass java/io/InputStream 1 1 197 100 1 10 7 12 1 1 1 100 1 10 10 7 12 1 1 1 10 7 12 1 1 1 10 12 1 100 1 100 1 3 10 12 1 1 100 1 8 1 10 12 1 10 7 12 1 1 1 3 100 1 8 1 10 10 100 12 1 1 1 7 1 10 11 7 12 1 1 1 10 12 1 1 11 12 1 1 11 7 12 1 1 1 11 12 1 1 7 1 10 7 12 1 1 1 5 0 10 12 1 10 12 1 1 100 1 10 8 1 10 8 1 8 1 10 12 1 1 10 7 12 1 1 1 100 1 5 0 10 12 1 100 1 100 1 1 1 1 3 1 3 1 1 1 1 1 1 1 1 1 1 1 1 1 1 1 1 1 1 1 1 1 1 1 1 1 1 1 1 1 1 1 1 1 1 1 1 1 1 1 1 1 1 1 1 1 1 1 1 1 1 1 1 1 1 1
instanceKlass java/lang/Process$PipeInputStream
instanceKlass java/lang/System$In
ciInstanceKlass java/io/FileInputStream 1 1 321 7 1 10 12 1 1 10 7 12 1 1 10 7 12 1 1 7 1 10 9 12 1 1 10 12 1 1 100 1 8 1 10 10 12 1 1 9 12 1 1 7 1 10 9 12 1 1 10 12 1 1 10 12 1 10 7 12 1 1 1 100 1 10 10 12 1 9 12 1 1 10 100 12 1 1 10 12 1 1 10 12 1 10 12 1 1 5 0 10 12 1 1 10 12 1 1 10 12 1 10 12 1 10 12 1 1 10 12 1 10 12 1 100 1 5 0 8 1 10 100 12 1 1 1 10 100 12 1 1 1 100 1 10 10 12 1 10 12 10 100 12 1 1 1 10 100 12 1 1 1 10 100 12 1 1 1 100 1 8 1 10 10 12 1 1 10 12 1 1 7 1 10 12 1 1 10 100 1 5 0 10 10 12 1 1 10 12 1 10 12 1 10 12 1 10 12 1 100 1 10 12 1 10 12 1 10 12 1 1 10 12 1 10 12 1 9 12 1 9 12 1 1 10 12 1 7 1 10 12 1 10 12 1 100 1 10 10 100 12 1 1 100 1 10 12 1 9 12 1 10 12 1 1 10 100 12 1 1 10 12 1 10 12 1 1 1 1 3 1 1 1 1 1 1 1 1 1 1 1 1 1 1 1 1 1 100 1 1 1 1 1 100 1 1 1 1 1 1 1 1 1 1 1 1 1 1 1 1 1 1 1 1 1 1 1 1 1 1 1 1
ciInstanceKlass java/io/BufferedInputStream 1 1 239 9 7 12 1 1 1 100 1 8 1 10 12 1 1 9 12 1 1 9 12 1 9 12 1 1 9 12 1 1 9 12 1 1 10 7 12 1 1 1 10 12 1 1 10 12 1 10 7 12 1 1 9 12 1 100 1 8 1 10 10 7 12 1 1 1 10 12 1 9 12 1 10 7 12 1 1 1 9 12 1 10 7 12 1 1 1 9 12 1 10 12 1 1 10 7 12 1 1 1 10 12 1 1 10 7 12 1 1 1 10 12 1 100 1 10 12 10 12 1 10 12 1 1 10 12 1 1 100 1 3 8 1 10 12 1 8 1 10 7 12 1 1 1 10 12 1 1 10 100 12 1 1 1 10 100 12 1 1 1 10 12 1 10 12 1 1 10 12 1 1 100 1 100 1 5 0 10 100 1 100 1 100 1 10 12 1 1 8 10 12 1 1 1 1 3 1 1 1 1 1 1 1 1 1 1 1 100 1 1 1 1 1 1 1 1 1 1 1 1 1 1 1 1 1 1 1 1 1 1 1 1 1 1 100 1 1 1 1
staticfield java/io/BufferedInputStream EMPTY [B 0
staticfield java/io/BufferedInputStream U Ljdk/internal/misc/Unsafe; jdk/internal/misc/Unsafe
staticfield java/io/BufferedInputStream BUF_OFFSET J 16
instanceKlass sun/net/www/http/HttpCaptureInputStream
instanceKlass sun/net/www/MeteredStream
instanceKlass sun/net/www/protocol/http/HttpURLConnection$HttpInputStream
instanceKlass java/util/zip/CheckedInputStream
instanceKlass org/apache/commons/compress/archivers/ArchiveInputStream
instanceKlass org/apache/hc/client5/http/entity/LazyDecompressingInputStream
instanceKlass org/apache/hc/client5/http/entity/DeflateInputStream
instanceKlass sun/net/www/protocol/jar/JarURLConnection$JarURLInputStream
instanceKlass java/io/PushbackInputStream
instanceKlass java/io/DataInputStream
instanceKlass java/util/jar/Manifest$FastInputStream
instanceKlass java/util/zip/InflaterInputStream
instanceKlass java/io/BufferedInputStream
ciInstanceKlass java/io/FilterInputStream 1 1 62 10 7 12 1 1 1 9 7 12 1 1 1 10 12 1 1 10 12 1 10 10 12 1 1 10 12 1 10 12 1 10 12 1 1 10 12 1 10 12 1 1 1 1 1 1 1 1 1 100 1 1 1 1 1 1 1 1 1 1 1 1
ciMethod java/io/BufferedInputStream read ()I 232 0 7 0 0
instanceKlass java/security/SecureClassLoader
ciInstanceKlass java/lang/ClassLoader 1 1 1076 9 7 12 1 1 1 10 7 12 1 1 1 9 12 1 1 10 7 12 1 1 1 7 1 10 12 1 1 10 12 1 1 9 12 1 1 10 12 1 1 100 1 10 12 1 10 12 1 1 10 7 12 1 1 1 100 1 8 1 10 12 1 10 7 1 10 7 1 7 1 7 1 10 12 1 10 12 1 9 12 1 1 10 10 7 12 1 1 1 9 12 1 1 9 12 1 9 12 1 1 9 12 1 9 12 1 1 9 12 1 1 7 1 10 12 1 9 12 1 1 10 12 1 1 10 7 12 1 1 1 9 12 1 9 12 1 1 9 12 1 10 12 1 1 9 12 10 12 1 1 7 1 10 8 1 10 12 1 1 10 12 1 10 7 1 7 1 10 7 12 1 1 1 10 7 12 1 1 1 8 1 10 12 1 10 12 1 10 12 1 1 10 12 1 1 10 12 1 1 10 12 1 1 10 12 1 1 10 12 1 100 1 10 12 1 10 100 12 1 1 1 10 12 1 1 10 12 1 10 12 1 10 12 1 10 12 1 10 12 1 1 10 10 12 1 10 12 1 10 10 12 1 1 10 12 1 1 100 1 8 1 10 8 1 10 12 1 10 12 1 100 1 8 1 10 12 1 1 10 12 1 1 10 10 12 1 1 10 12 1 1 10 12 1 1 10 7 1 10 12 1 10 12 1 1 10 12 1 1 10 12 1 1 10 12 1 1 10 12 1 1 10 12 1 1 10 12 1 1 10 7 12 1 1 1 10 12 1 10 12 1 10 12 1 1 10 12 1 10 12 1 10 12 1 10 12 1 1 10 12 1 10 12 1 1 8 1 9 12 1 10 12 1 1 8 1 8 1 10 7 12 1 1 100 1 10 10 12 10 12 1 10 12 1 10 12 1 10 12 1 1 10 7 12 1 1 10 12 1 10 7 1 7 1 10 12 1 1 10 12 1 10 7 1 10 12 1 100 1 18 12 1 10 100 12 1 1 1 10 100 12 1 1 1 10 7 12 1 1 10 12 1 10 12 1 100 1 10 12 1 8 1 10 10 12 1 1 10 12 1 10 12 1 1 100 1 10 12 1 1 10 100 12 1 1 10 12 1 10 7 12 1 1 10 12 1 8 1 100 1 10 10 12 1 9 12 1 10 7 12 1 1 10 12 1 100 1 8 1 10 12 1 10 8 1 8 1 10 12 1 1 10 12 1 1 10 12 1 1 10 100 12 1 1 100 1 100 1 10 12 1 1 100 1 100 1 10 100 12 1 1 10 12 1 10 12 1 10 12 1 10 12 1 10 12 1 1 10 12 1 8 1 7 1 18 12 1 1 10 12 1 1 10 12 1 10 12 1 10 12 1 8 1 10 12 1 10 12 1 18 12 1 11 100 12 1 1 1 100 1 10 12 1 1 10 12 1 10 11 12 1 1 10 18 10 12 1 1 11 100 12 1 18 12 1 11 12 1 1 10 12 1 10 12 1 1 10 12 1 1 100 1 8 1 10 10 12 1 8 1 8 1 10 100 12 1 1 10 12 1 100 1 10 10 12 1 8 1 8 1 8 1 10 12 1 10 12 1 10 12 1 1 10 12 1 1 10 12 1 10 100 12 1 1 1 11 100 12 1 1 100 1 10 11 10 12 1 10 12 1 10 12 1 1 9 100 12 1 1 9 12 1 1 9 12 9 12 1 9 12 1 9 12 1 8 10 12 1 1 10 7 12 1 1 1 10 12 1 1 10 12 1 1 10 12 1 1 8 1 10 12 1 1 8 10 12 1 1 8 8 10 12 1 10 12 1 10 12 1 11 12 1 1 10 100 12 1 1 1 100 1 10 12 1 10 12 1 10 12 1 1 1 1 1 1 1 1 1 1 1 1 1 1 1 1 1 1 1 1 1 1 1 1 1 1 100 1 1 1 1 1 1 1 1 1 1 1 1 1 1 1 1 1 1 1 1 1 1 1 1 1 100 1 1 1 1 1 1 1 1 1 1 1 1 1 1 1 1 1 1 1 1 1 1 1 1 1 1 1 1 1 1 1 1 1 1 1 1 1 1 1 1 1 1 1 100 1 1 1 1 1 1 1 1 1 1 1 1 1 1 1 1 1 1 1 1 1 100 1 1 1 1 1 1 1 1 1 1 1 1 1 1 1 1 1 1 1 1 1 1 1 1 1 1 1 1 1 1 1 1 1 1 1 1 1 1 1 1 1 1 1 1 100 1 1 1 1 1 1 1 1 1 1 1 1 1 1 1 1 1 1 1 1 1 1 1 1 1 1 1 1 1 1 1 1 1 1 1 1 1 1 1 1 1 1 1 1 1 1 1 1 1 1 1 16 1 15 10 12 16 1 16 15 10 12 16 1 16 1 15 10 12 16 15 10 12 16 15 10 12 16 15 10 100 12 1 1 1 1 1 100 1 100 1 1
staticfield java/lang/ClassLoader nocerts [Ljava/security/cert/Certificate; 0 [Ljava/security/cert/Certificate;
staticfield java/lang/ClassLoader $assertionsDisabled Z 1
instanceKlass sun/nio/ch/PipeImpl$Initializer$1
instanceKlass jdk/internal/net/http/HttpClientImpl$SelectorManager
instanceKlass java/util/logging/LogManager$Cleaner
instanceKlass io/github/bonigarcia/wdm/WebDriverManager$1
instanceKlass java/util/concurrent/DelayScheduler
instanceKlass java/util/concurrent/ForkJoinWorkerThread
instanceKlass com/intellij/rt/execution/application/AppMainV2$1
instanceKlass jdk/internal/misc/InnocuousThread
instanceKlass java/lang/ref/Finalizer$FinalizerThread
instanceKlass java/lang/ref/Reference$ReferenceHandler
instanceKlass java/lang/BaseVirtualThread
ciInstanceKlass java/lang/Thread 1 1 761 9 7 12 1 1 1 9 7 12 1 1 1 9 12 1 9 12 1 10 12 1 1 9 12 1 1 10 7 12 1 1 10 12 1 10 100 12 1 1 100 1 8 1 10 12 1 1 9 12 1 1 9 12 1 9 12 1 1 7 1 10 12 1 1 10 12 1 7 1 10 12 10 12 1 1 9 12 1 1 10 12 1 100 1 10 12 1 10 12 1 1 10 12 1 1 10 12 1 10 12 1 1 100 1 8 1 10 9 7 12 1 1 1 10 12 1 1 10 3 8 1 100 1 5 0 10 7 12 1 1 1 9 12 1 10 12 1 1 10 7 1 100 1 8 1 10 10 12 1 10 12 1 1 10 12 1 1 10 7 12 1 1 10 12 1 10 12 1 10 7 12 1 1 5 0 9 12 1 10 7 12 1 1 1 10 12 1 1 9 12 1 1 10 7 12 1 1 10 7 12 1 1 1 10 12 1 10 12 1 1 9 12 1 1 10 7 12 1 1 9 12 1 8 1 9 100 12 1 1 1 5 0 100 1 10 100 1 10 100 1 10 7 1 10 8 1 10 12 1 1 10 7 12 1 10 12 1 10 12 1 100 1 8 1 10 10 12 1 10 12 1 1 10 100 12 1 1 1 10 100 12 1 1 1 10 12 1 7 1 9 12 1 1 100 1 10 10 12 1 9 12 1 1 10 12 1 1 10 12 1 1 10 12 1 10 12 1 9 12 1 1 10 10 12 1 1 10 12 1 1 11 7 12 1 1 10 100 12 1 1 9 12 1 1 9 12 1 1 10 100 12 1 1 10 12 1 1 10 12 1 10 100 12 1 1 10 12 1 100 1 10 9 12 1 1 10 12 1 11 100 12 1 1 11 12 1 10 12 1 10 12 1 10 12 1 9 12 1 10 10 12 1 10 12 1 1 9 12 1 9 12 10 12 1 8 1 10 12 1 10 12 1 10 12 1 10 12 1 10 12 1 1 10 12 1 10 12 1 1 10 100 12 1 1 10 12 1 10 12 1 10 12 1 10 12 1 1 9 7 12 1 1 1 8 1 10 9 12 1 10 12 1 100 1 8 1 10 10 12 1 8 1 10 12 1 1 9 12 8 1 10 10 12 1 10 12 1 8 1 10 12 1 10 8 1 9 12 1 1 10 12 1 1 10 10 12 1 10 12 1 100 10 7 12 1 1 1 10 12 1 1 10 12 1 1 10 100 12 1 1 1 11 100 12 1 1 1 10 12 1 1 9 12 1 10 12 1 10 12 1 1 11 100 12 1 1 1 10 12 1 1 1 1 3 1 3 1 3 1 3 1 1 1 1 1 1 1 1 1 1 1 1 1 1 1 1 1 1 1 1 1 1 1 1 1 1 1 100 1 1 1 1 1 1 1 1 1 1 1 1 1 1 1 1 1 1 100 1 1 1 1 1 1 1 1 1 1 1 1 1 1 1 100 1 1 1 1 1 1 1 1 1 1 1 1 1 1 1 1 1 1 1 1 1 1 1 1 1 1 1 1 1 1 1 1 1 1 1 1 1 1 1 1 1 1 1 1 1 1 1 1 1 1 1 1 1 1 1 1 1 1 1 1 1 1 1 1 1 1 1 1 1 1 100 100 1 1 1 1 1 1 1 1 1 1 1 1 1 1 1 1 1 1 1 1 1 1 1 100 1 100 1 100 1 1 1 1 100 1 1 1 1 1 1 1 1 1 1 1 1
staticfield java/lang/Thread NEW_THREAD_BINDINGS Ljava/lang/Object; java/lang/Class
staticfield java/lang/Thread EMPTY_STACK_TRACE [Ljava/lang/StackTraceElement; 0 [Ljava/lang/StackTraceElement;
ciInstanceKlass java/lang/Runnable 1 0 11 100 1 100 1 1 1 1 1 1 1
ciMethod java/lang/System arraycopy (Ljava/lang/Object;ILjava/lang/Object;II)V 256 0 128 0 -1
ciInstanceKlass java/lang/Class 1 1 1652 10 7 12 1 1 1 10 7 12 1 1 9 12 1 1 9 12 1 1 9 12 1 1 9 12 1 1 9 12 1 1 10 12 1 1 8 1 10 12 1 8 1 8 1 10 12 1 1 10 7 12 1 1 1 10 12 1 100 1 10 10 12 1 10 12 1 1 10 12 1 1 10 12 1 1 10 7 12 1 1 10 12 1 10 12 1 10 12 1 1 10 12 1 8 1 10 12 1 8 1 10 12 1 8 1 8 1 10 12 1 1 10 100 12 1 1 1 18 12 1 1 11 100 12 1 1 1 8 1 8 1 8 1 10 100 12 1 1 1 11 12 1 1 8 1 10 12 1 10 10 12 1 1 10 12 1 8 1 10 12 1 1 8 1 10 12 1 10 12 1 1 11 100 12 1 1 1 11 100 12 1 1 1 11 8 1 18 8 1 10 12 1 10 7 12 1 1 10 12 1 1 10 7 12 1 1 1 10 12 1 1 10 12 1 1 10 7 12 1 1 1 10 7 12 1 10 12 1 1 10 7 1 10 12 1 8 1 10 8 1 8 1 8 1 8 1 8 1 8 1 8 1 8 1 9 100 12 1 1 9 100 1 9 100 1 9 100 1 9 100 1 9 100 1 9 100 1 9 100 1 9 100 1 9 12 1 1 7 1 8 1 10 12 1 10 12 1 1 100 1 10 12 1 1 10 7 12 1 1 1 10 7 12 1 1 1 7 1 7 1 10 10 12 1 1 10 12 1 1 100 1 10 100 12 1 1 1 10 12 1 1 10 12 1 1 10 12 9 12 1 1 10 12 1 9 12 1 1 9 12 1 1 10 12 1 1 10 7 1 10 12 1 10 12 1 1 10 9 12 1 10 12 1 8 1 10 12 1 1 10 12 1 1 10 12 1 10 12 1 10 12 1 1 9 7 12 1 1 1 10 12 1 10 7 12 1 1 10 12 1 10 12 1 10 12 1 10 12 1 9 100 12 1 1 1 9 12 1 10 12 1 10 12 1 1 9 12 1 1 10 7 10 12 1 1 10 100 12 1 1 10 12 1 10 12 1 1 10 100 12 1 1 1 10 12 1 10 12 1 1 10 12 1 10 12 1 10 12 1 1 10 7 1 10 10 12 1 1 10 12 1 1 10 12 10 10 12 1 1 100 1 8 1 10 10 12 1 1 10 12 1 100 1 11 12 1 10 12 1 10 12 1 10 100 12 1 1 10 10 12 1 1 8 1 10 12 1 8 1 9 12 1 10 12 1 10 12 1 10 12 1 10 12 100 1 9 12 1 10 12 1 9 12 1 10 12 1 10 12 1 10 12 1 10 10 12 1 10 12 1 10 12 1 10 12 1 10 12 1 10 12 1 7 1 10 10 12 1 10 12 1 11 7 12 1 1 11 12 1 1 10 12 1 1 10 12 1 1 10 12 1 1 10 12 1 1 10 12 1 1 10 12 1 1 7 1 10 10 12 1 1 10 12 1 1 10 12 1 1 10 10 12 1 10 12 1 1 10 12 1 1 10 12 1 1 10 12 1 1 10 12 10 12 1 1 10 7 12 1 1 1 10 12 1 10 12 1 1 10 12 1 10 100 12 1 1 1 10 12 1 1 10 10 12 1 1 100 1 10 10 12 1 1 10 100 12 1 1 1 100 1 100 1 10 12 1 1 10 12 1 10 10 12 1 1 10 12 1 10 12 1 10 12 1 10 100 12 1 1 1 11 7 12 1 1 10 12 1 10 12 1 9 7 12 1 1 8 1 10 12 1 10 12 1 10 12 1 10 12 1 1 9 12 1 9 12 1 1 10 7 12 1 1 9 12 1 10 12 1 1 10 10 12 1 10 7 12 1 1 1 10 7 12 1 1 10 7 12 1 1 9 12 1 1 10 12 1 9 12 1 10 12 1 10 12 1 1 9 12 1 1 9 12 1 10 12 1 10 12 1 1 9 12 1 100 1 10 10 12 1 1 7 1 10 100 11 100 1 9 12 1 1 9 12 1 10 12 1 9 12 1 1 9 12 1 10 12 1 10 12 1 1 9 12 1 7 1 10 10 12 1 1 10 10 12 1 10 12 10 10 12 1 9 12 1 10 12 1 1 10 12 1 8 10 7 8 1 18 8 1 8 1 10 12 1 9 12 1 9 12 1 1 10 12 1 7 1 100 1 10 12 1 9 12 1 1 10 10 12 1 9 12 1 8 1 10 12 1 10 10 12 1 1 100 1 100 1 9 12 1 100 1 8 1 10 10 7 12 1 1 1 10 12 11 7 12 1 1 1 10 12 1 10 12 1 1 10 8 1 10 12 1 8 1 10 12 1 1 9 7 12 1 1 11 12 100 1 11 7 12 1 1 9 12 1 10 100 12 1 1 1 10 7 12 1 1 10 12 1 1 9 12 1 9 10 12 1 1 10 12 1 1 10 12 1 1 10 12 1 1 10 12 1 1 11 12 1 11 12 1 1 11 7 12 1 1 11 12 1 100 1 11 12 1 10 100 12 1 1 1 10 12 1 11 12 1 10 100 12 1 1 1 10 12 1 10 100 12 1 1 1 11 12 1 11 12 1 1 10 12 1 10 12 1 1 9 12 1 1 10 12 1 10 100 12 1 1 1 10 12 1 1 10 12 1 10 12 1 10 12 1 10 7 12 1 1 1 10 12 1 8 1 10 12 1 10 12 1 10 12 1 8 1 8 1 10 7 12 1 1 10 100 12 1 1 100 1 10 12 10 7 12 1 1 1 10 7 12 1 1 1 10 12 1 1 10 12 1 18 12 1 1 11 12 1 1 18 11 12 1 18 12 1 11 12 1 10 12 1 10 12 1 10 12 1 10 12 10 12 1 8 1 10 12 1 7 1 9 12 1 1 100 1 100 1 100 1 100 1 1 1 3 1 3 1 3 1 1 1 1 1 1 1 1 1 5 0 1 1 1 1 1 1 1 1 1 1 1 1 1 1 1 1 1 1 1 1 1 1 1 1 1 1 1 100 1 1 1 1 1 1 1 1 1 1 1 100 1 1 1 1 1 7 1 1 1 1 1 1 1 1 1 1 1 1 1 1 1 1 1 1 1 1 1 1 1 1 1 1 1 1 1 1 1 1 1 1 100 1 1 1 1 1 1 1 1 1 1 1 1 1 1 1 1 1 1 1 1 1 1 1 1 1 1 1 1 1 1 1 100 1 1 1 1 1 1 1 1 1 1 1 1 1 1 1 1 1 1 1 1 1 1 1 1 1 1 1 1 1 1 1 1 1 1 1 1 1 1 1 1 1 1 1 1 1 1 1 1 1 1 1 1 1 1 1 1 1 1 1 1 1 100 1 100 1 1 1 1 1 1 1 1 1 1 1 1 1 1 1 1 1 1 1 1 1 1 1 1 1 1 1 1 1 1 1 1 1 1 1 1 1 1 1 1 1 1 1 1 1 1 1 1 1 1 1 1 1 1 1 1 1 1 1 1 1 1 1 1 1 1 1 1 1 1 1 1 1 1 1 1 1 1 1 1 1 1 1 1 1 1 1 1 1 1 1 1 1 1 1 1 1 1 1 1 1 1 1 1 1 1 1 1 1 1 1 1 1 1 1 1 1 1 1 1 16 15 10 12 16 15 11 12 16 1 15 10 12 16 16 15 10 12 16 15 16 1 15 10 12 16 15 10 100 12 1 1 1 1 1 100 1 1 1 1 1 1 1 1 100 1 1 100 1 100 1 1 100 1 100 1 1
staticfield java/lang/Class EMPTY_CLASS_ARRAY [Ljava/lang/Class; 0 [Ljava/lang/Class;
staticfield java/lang/Class serialPersistentFields [Ljava/io/ObjectStreamField; 0 [Ljava/io/ObjectStreamField;
ciInstanceKlass java/lang/reflect/AnnotatedElement 1 1 165 11 7 12 1 1 1 11 12 1 1 100 1 10 100 12 1 1 1 10 12 1 1 10 12 1 1 10 12 1 10 100 12 1 1 1 11 12 1 1 11 100 12 1 1 10 100 12 1 1 1 10 12 1 10 100 12 1 1 1 18 12 1 1 11 100 12 1 1 18 12 1 18 12 1 1 10 100 12 1 1 1 11 100 12 1 1 1 100 1 10 100 12 1 1 1 1 1 1 1 1 1 1 1 1 1 1 1 1 1 1 1 1 1 1 1 1 1 1 100 1 1 1 1 1 1 1 1 1 1 1 16 15 16 1 16 1 15 11 12 16 16 1 15 10 100 12 1 1 1 16 1 15 10 100 12 1 1 1 1 100 1 100 1 1
ciInstanceKlass java/lang/reflect/Type 1 1 17 11 100 12 1 1 1 100 1 1 1 1 1 1 1 1 1
ciInstanceKlass java/lang/invoke/TypeDescriptor 1 0 17 100 1 100 1 1 1 1 1 1 100 1 100 1 1 1 1
ciInstanceKlass java/lang/invoke/TypeDescriptor$OfField 1 0 21 100 1 100 1 100 1 1 1 1 1 1 1 1 1 1 1 1 1 1 1
ciInstanceKlass java/lang/reflect/GenericDeclaration 1 0 30 100 1 100 1 100 1 1 1 1 1 1 1 1 100 1 8 1 1 12 10 1 1 1 8 1 1 1 8 1
ciInstanceKlass java/lang/Module 1 1 1076 10 7 12 1 1 1 9 7 12 1 1 1 10 7 12 1 1 1 9 12 1 9 12 1 1 9 12 1 1 10 12 1 1 10 12 1 10 12 1 1 10 7 12 1 1 1 7 1 10 7 12 1 1 1 10 12 1 1 11 7 12 1 1 1 10 12 1 1 10 12 1 8 1 10 7 12 1 1 1 10 7 12 1 1 1 10 7 12 1 1 1 10 12 1 1 10 12 1 9 12 1 1 10 7 12 1 1 1 9 7 12 1 1 1 100 1 10 8 1 10 12 1 1 10 12 1 10 12 8 1 10 7 12 1 1 1 10 100 12 1 1 1 10 100 12 1 1 1 8 1 10 12 1 8 1 9 12 1 100 1 8 1 10 12 1 10 8 1 8 1 8 1 10 7 12 1 1 1 8 1 10 100 12 1 1 1 8 1 10 12 1 9 12 1 1 11 12 1 9 7 12 1 1 10 7 12 1 1 1 10 7 12 1 1 1 10 12 1 1 8 1 10 12 1 1 10 12 1 10 12 1 1 9 7 12 1 1 1 10 12 1 1 10 12 1 1 9 12 1 10 12 1 10 12 1 9 12 1 1 11 7 12 1 1 10 12 1 1 9 12 1 9 12 1 10 12 1 10 12 1 100 1 8 1 10 10 12 1 1 10 12 1 8 1 10 12 1 1 8 1 8 1 10 12 1 1 10 12 1 10 12 1 1 10 12 1 18 12 1 1 10 12 1 1 11 12 1 9 12 1 11 12 7 1 10 12 1 18 12 1 11 12 1 1 11 12 1 1 11 12 1 10 12 1 1 10 12 1 1 9 12 1 10 12 10 7 12 1 1 10 7 1 18 12 1 1 11 100 12 1 1 1 18 12 1 11 12 1 1 10 100 12 1 1 1 11 12 1 1 10 7 12 1 1 11 12 1 1 10 12 1 1 7 1 11 12 1 7 1 7 1 10 12 1 10 7 12 1 1 1 10 7 12 1 1 1 10 11 7 12 1 8 1 10 12 1 10 12 1 1 10 7 12 1 1 10 12 1 10 12 1 7 1 10 12 1 10 11 12 1 10 12 11 12 1 1 11 7 12 1 1 11 12 1 1 10 12 1 1 9 12 1 1 100 1 10 10 12 1 1 11 100 1 10 12 1 1 11 12 1 10 11 10 12 1 11 10 12 1 1 10 12 1 1 10 12 1 1 10 7 12 1 1 10 12 1 10 12 1 1 10 10 12 1 1 10 12 1 18 12 1 11 12 1 18 12 1 10 12 1 10 12 1 10 12 7 1 10 12 1 10 12 1 10 12 1 9 12 1 7 1 10 10 10 10 12 1 10 12 1 10 12 1 10 12 1 1 10 12 1 1 10 12 1 9 12 1 10 12 1 100 1 8 1 10 12 1 1 10 12 1 10 100 12 1 1 100 1 10 12 1 1 100 1 8 1 100 1 9 100 12 1 1 1 11 100 12 1 1 10 12 1 1 11 12 1 1 18 12 1 1 11 12 1 1 100 1 10 12 1 10 12 1 1 100 1 100 1 10 12 8 1 10 12 1 1 10 12 1 1 10 7 12 1 1 10 12 1 1 10 12 1 10 12 10 12 1 1 100 1 10 10 12 1 1 10 100 12 1 1 1 100 1 10 100 12 1 1 1 10 100 12 1 1 8 1 18 12 1 1 100 1 100 1 9 12 1 1 9 12 1 9 12 1 11 100 12 1 1 1 100 1 11 12 1 1 100 1 10 12 1 8 1 10 12 1 10 12 10 12 1 8 1 10 10 100 12 1 1 10 12 1 1 7 1 10 10 12 1 10 7 12 1 1 9 12 1 9 12 1 9 12 1 9 12 1 9 12 1 10 12 10 12 1 100 1 1 1 1 1 1 1 1 1 1 1 1 1 1 1 1 1 1 1 1 1 1 1 1 1 1 1 1 1 1 1 1 1 1 1 1 1 1 1 1 1 1 1 1 1 1 1 1 1 1 1 1 1 1 1 1 1 1 1 1 1 1 1 1 1 1 1 1 1 1 1 1 1 1 1 1 1 1 1 1 1 1 1 1 1 1 1 1 1 1 1 1 1 1 1 1 1 1 1 1 1 1 1 1 1 1 1 1 100 100 1 1 1 1 1 1 1 1 1 1 1 1 1 1 1 1 1 1 1 1 1 1 1 1 1 1 100 1 100 1 1 1 1 1 1 1 1 1 1 1 1 1 1 1 1 1 1 100 1 1 1 1 1 1 1 1 1 1 1 1 1 1 1 1 1 1 1 1 1 1 1 1 1 1 1 16 15 10 12 16 15 10 12 16 1 16 15 10 12 16 16 15 10 16 1 15 10 12 16 1 15 10 12 16 1 16 1 15 10 12 16 15 10 7 12 1 1 1 15 10 100 12 1 1 1 1 1 1 1 1 1 1 1 1 1 100 1 100 1 1
staticfield java/lang/Module ALL_UNNAMED_MODULE Ljava/lang/Module; java/lang/Module
staticfield java/lang/Module ALL_UNNAMED_MODULE_SET Ljava/util/Set; java/util/ImmutableCollections$Set12
staticfield java/lang/Module EVERYONE_MODULE Ljava/lang/Module; java/lang/Module
staticfield java/lang/Module EVERYONE_SET Ljava/util/Set; java/util/ImmutableCollections$Set12
staticfield java/lang/Module $assertionsDisabled Z 1
ciInstanceKlass java/lang/Math 1 1 480 7 1 7 1 10 100 12 1 1 1 10 7 12 1 1 1 10 12 1 10 12 1 10 12 1 10 12 1 10 12 1 6 0 6 0 10 12 1 10 12 1 10 12 1 10 12 1 10 12 1 10 12 1 1 10 12 1 10 12 1 10 12 1 10 12 1 10 12 1 10 7 12 1 1 1 100 1 3 3 3 10 12 1 1 100 1 5 0 5 0 5 0 5 0 5 0 9 100 12 1 1 1 10 100 12 1 1 1 100 1 8 1 10 12 1 8 1 10 12 1 1 10 12 1 1 100 1 5 0 5 0 100 1 3 5 0 3 5 0 10 12 1 10 12 1 10 12 1 10 12 1 10 12 1 8 1 10 12 1 8 1 10 12 1 1 10 12 1 1 9 12 1 1 9 12 1 100 1 100 1 10 10 12 1 1 8 1 10 12 1 10 12 1 1 10 10 12 1 10 12 1 10 12 1 10 12 1 1 8 1 8 1 10 12 1 1 10 12 1 10 12 10 12 10 12 1 10 12 1 10 12 1 10 12 1 10 12 6 0 10 12 1 9 12 1 1 100 1 10 10 12 1 100 1 10 12 1 10 12 1 1 10 12 1 10 12 1 10 12 10 12 1 1 10 12 1 1 10 12 1 1 10 12 6 0 10 12 1 1 10 12 10 12 1 4 10 12 1 10 12 1 10 12 10 12 1 10 12 1 10 12 1 10 12 1 10 12 1 10 12 1 5 0 6 0 4 6 0 4 6 0 4 10 12 1 6 0 6 0 10 12 1 10 12 8 1 10 12 1 10 12 1 8 1 8 1 10 12 10 12 10 7 12 1 1 1 4 6 0 1 1 1 6 0 1 6 0 1 6 0 1 1 1 1 1 1 1 1 1 1 1 1 1 1 1 1 1 1 1 1 1 1 1 1 1 1 1 1 1 1 1 1 1 1 1 1 1 1 1 1 1 1 1 1 1 1 1 1 1 1 1 1 1 1 1 1 1 1 1 1 1 1 1 1 1 1 1 1 1 1 1 1 1 1 1 1 1 1 1 1 1 1 1 1 1 1 1 1 1 1 1 1 1 1 1 1 1 1 1
staticfield java/lang/Math negativeZeroFloatBits J -2147483648
staticfield java/lang/Math negativeZeroDoubleBits J -9223372036854775808
staticfield java/lang/Math $assertionsDisabled Z 1
ciInstanceKlass jdk/internal/util/ArraysSupport 1 1 396 7 1 100 1 8 1 10 12 1 1 10 12 1 1 10 100 12 1 1 9 7 12 1 1 1 9 12 1 1 10 7 12 1 1 1 9 12 1 1 10 7 12 1 1 1 9 12 1 10 12 9 12 1 10 12 1 1 10 12 10 12 1 1 10 7 12 1 1 1 9 12 1 1 11 7 12 1 1 1 10 7 12 1 1 1 7 1 10 12 1 1 10 12 1 100 1 10 12 1 10 12 100 1 10 12 1 100 1 10 12 1 100 1 100 1 10 8 1 10 12 1 1 10 12 1 10 12 1 1 10 9 12 1 1 9 12 1 10 12 1 1 9 12 1 9 12 1 9 12 1 9 12 1 9 12 1 9 12 1 9 12 1 10 12 1 1 10 100 12 1 1 1 9 12 1 9 12 1 10 12 1 1 10 12 1 9 12 1 10 12 1 10 100 12 1 1 1 9 12 1 9 12 1 10 12 1 10 12 1 10 7 12 1 1 1 3 10 12 1 100 1 8 1 8 1 8 1 10 10 100 12 1 1 1 11 100 12 1 1 1 10 12 1 10 100 12 1 1 1 10 12 1 1 10 12 1 1 9 12 1 10 12 1 9 12 1 9 12 1 9 12 1 9 12 1 9 12 1 9 12 1 9 12 1 10 7 12 1 1 1 1 1 3 1 3 1 3 1 3 1 3 1 3 1 3 1 3 1 1 1 1 1 1 1 1 1 1 1 1 1 1 1 1 1 1 1 1 1 1 1 1 1 1 1 1 1 1 1 1 1 1 1 1 1 1 1 1 1 1 1 1 1 1 1 1 1 1 1 1 1 1 1 1 1 1 1 1 1 1 1 1 1 1 1 1 1 1 1 1 1 1 1 1 1 1 1 1 1 1 1 100 1 1 1 1
staticfield jdk/internal/util/ArraysSupport U Ljdk/internal/misc/Unsafe; jdk/internal/misc/Unsafe
staticfield jdk/internal/util/ArraysSupport BIG_ENDIAN Z 0
staticfield jdk/internal/util/ArraysSupport LOG2_ARRAY_BOOLEAN_INDEX_SCALE I 0
staticfield jdk/internal/util/ArraysSupport LOG2_ARRAY_BYTE_INDEX_SCALE I 0
staticfield jdk/internal/util/ArraysSupport LOG2_ARRAY_CHAR_INDEX_SCALE I 1
staticfield jdk/internal/util/ArraysSupport LOG2_ARRAY_SHORT_INDEX_SCALE I 1
staticfield jdk/internal/util/ArraysSupport LOG2_ARRAY_INT_INDEX_SCALE I 2
staticfield jdk/internal/util/ArraysSupport LOG2_ARRAY_LONG_INDEX_SCALE I 3
staticfield jdk/internal/util/ArraysSupport LOG2_ARRAY_FLOAT_INDEX_SCALE I 2
staticfield jdk/internal/util/ArraysSupport LOG2_ARRAY_DOUBLE_INDEX_SCALE I 3
staticfield jdk/internal/util/ArraysSupport LOG2_BYTE_BIT_SIZE I 3
staticfield jdk/internal/util/ArraysSupport JLA Ljdk/internal/access/JavaLangAccess; java/lang/System$1
ciInstanceKlass java/util/Arrays 1 1 1020 10 7 12 1 1 1 10 100 12 1 1 1 10 7 12 1 1 1 10 12 1 10 12 1 10 12 1 10 12 1 10 12 1 10 12 1 10 100 12 1 1 1 100 1 7 1 10 8 1 10 12 1 1 10 12 1 8 1 8 1 10 12 1 1 10 12 1 100 1 10 12 1 9 100 12 1 1 1 10 7 12 1 1 100 1 10 12 1 1 10 7 12 1 1 10 7 12 1 1 1 100 1 10 12 1 10 12 1 1 7 1 9 7 12 1 1 1 10 12 1 1 10 7 12 1 1 10 12 1 10 12 1 1 10 12 1 10 12 1 1 7 1 11 12 1 1 10 12 1 10 7 12 1 1 1 10 12 10 12 1 10 12 1 10 12 10 12 1 11 100 12 1 1 1 10 7 12 1 1 1 100 1 10 12 1 10 100 1 10 12 1 10 100 1 10 12 1 10 100 1 10 12 1 10 10 12 1 1 10 12 1 10 12 1 10 12 1 10 12 1 10 12 1 10 100 12 1 1 1 10 12 1 10 100 12 1 1 1 10 12 1 10 12 1 10 7 12 1 1 1 10 12 1 10 12 1 10 12 1 10 12 1 10 12 1 10 12 1 10 12 1 10 12 1 10 12 1 10 12 1 10 12 1 10 12 1 10 12 1 10 12 1 10 12 1 10 12 1 1 10 12 1 1 10 7 12 1 1 1 10 7 1 10 100 1 10 7 1 10 100 1 10 100 1 10 100 1 10 100 1 10 100 1 10 12 1 8 1 7 1 10 12 10 100 12 1 1 1 10 12 10 12 1 10 12 1 10 12 1 10 100 12 1 1 10 12 10 12 1 10 12 1 10 12 10 12 1 1 10 12 1 1 9 100 12 1 1 1 10 12 1 9 100 1 10 12 1 9 10 12 1 9 100 1 10 12 1 9 100 1 10 12 1 9 10 12 1 9 10 12 1 10 12 1 10 12 1 9 12 1 100 1 10 10 12 1 1 10 12 1 10 12 1 10 12 1 10 12 1 10 12 1 10 12 1 10 12 1 10 12 1 10 12 1 8 1 8 1 10 12 1 10 12 1 8 1 10 12 1 10 12 1 10 12 1 10 7 12 1 1 1 3 10 100 1 10 10 12 1 1 11 100 12 1 1 10 12 1 1 10 12 1 10 12 1 10 12 1 10 12 1 10 12 1 10 12 1 10 12 1 10 12 1 11 12 1 8 1 10 11 12 1 11 100 12 1 1 1 11 100 12 1 1 1 11 12 1 1 18 12 1 1 11 12 1 1 11 100 12 1 1 1 18 12 1 11 100 12 1 1 1 18 12 1 11 100 12 1 1 1 18 12 1 100 1 10 7 12 1 1 1 10 12 1 10 12 1 10 12 1 10 12 1 10 12 1 10 12 1 10 12 1 10 12 1 1 10 12 1 10 7 12 1 1 10 12 1 10 12 1 10 12 1 1 10 12 1 10 12 1 10 12 1 1 10 12 1 10 12 1 10 12 1 1 10 12 1 10 12 1 10 12 1 10 12 1 10 12 10 12 1 10 12 10 12 10 12 1 10 12 10 12 1 10 12 1 10 12 1 1 1 1 3 1 3 1 1 1 1 1 1 1 1 1 1 1 1 1 1 1 1 1 1 1 1 1 1 1 1 1 1 1 1 1 1 1 1 1 1 1 1 1 1 1 1 1 1 1 1 1 1 1 1 1 1 1 1 1 1 1 1 1 1 1 1 1 1 1 1 1 1 1 1 1 1 1 1 1 1 1 1 1 1 1 1 1 1 1 1 1 1 1 1 1 1 1 1 1 1 1 1 1 1 1 1 1 1 1 1 1 1 1 1 1 1 1 1 1 1 1 1 1 1 1 1 1 1 1 1 1 1 1 1 1 1 1 1 1 1 1 1 1 1 1 1 1 1 1 1 1 1 1 1 1 1 1 1 1 1 1 1 1 1 1 1 1 1 1 1 1 1 1 1 1 1 1 1 1 1 1 1 1 1 1 1 1 1 1 1 1 1 1 1 1 1 1 1 1 1 1 1 1 1 1 1 1 1 1 1 1 1 1 1 1 1 1 1 1 1 1 1 1 1 1 1 1 1 1 1 1 1 1 1 1 1 1 1 1 1 1 1 1 1 1 1 1 1 1 1 1 1 1 1 1 1 1 1 1 1 1 1 1 1 1 1 100 1 1 16 15 10 12 15 10 12 15 10 12 15 10 12 15 10 100 12 1 1 1 1 1 100 1 100 1 1 1 1 100 1 1 1 1 1 1 100 1 1 100 1 1 100 1 1 1 100 1 100 1 1
staticfield java/util/Arrays $assertionsDisabled Z 1
ciInstanceKlass jdk/internal/misc/Unsafe 1 1 1248 10 7 12 1 1 1 10 7 12 1 1 9 12 1 1 9 12 1 1 10 12 1 1 10 7 12 1 1 1 10 12 1 1 10 12 1 1 10 12 1 1 10 12 1 1 10 12 1 1 10 12 1 1 10 12 1 1 10 12 1 1 10 12 1 1 10 12 1 1 10 12 1 1 10 12 1 1 10 12 1 1 10 12 1 10 12 1 100 1 10 10 12 1 1 10 12 1 1 5 0 10 12 1 1 10 12 1 1 10 7 12 1 1 1 10 12 1 1 10 12 1 10 12 1 10 12 1 1 10 12 1 1 10 12 1 10 12 1 100 1 100 1 10 8 1 10 12 1 1 10 12 1 8 1 10 12 1 1 10 12 1 10 12 1 10 12 1 1 10 12 1 10 12 1 1 10 12 1 1 10 12 1 10 12 1 10 12 1 10 12 1 1 10 12 1 10 12 1 10 12 1 1 10 12 1 5 0 5 0 5 0 10 12 1 10 12 1 10 12 1 10 12 1 10 12 1 10 12 1 10 12 1 10 12 1 10 12 1 1 10 12 1 10 12 1 100 1 8 1 10 100 1 10 10 12 1 1 10 12 1 1 10 12 1 10 12 1 1 10 12 1 1 10 12 1 10 12 1 1 10 12 1 9 7 12 1 1 9 12 1 100 1 10 10 12 1 1 8 1 10 8 1 8 1 10 12 1 1 9 7 12 1 1 1 9 100 1 9 7 1 9 7 1 9 9 100 1 9 7 1 9 100 1 10 12 1 1 10 12 1 1 10 12 1 1 10 12 1 1 5 0 5 0 9 12 1 1 10 12 1 10 12 1 10 12 1 1 10 12 1 1 10 12 1 8 1 3 10 12 1 1 10 12 1 1 10 12 1 10 12 1 1 10 12 1 1 10 12 1 10 12 1 10 12 1 10 12 1 10 12 1 10 12 1 1 10 12 1 1 10 12 1 10 12 1 10 12 1 10 12 1 10 12 1 10 12 1 1 10 12 1 1 10 12 1 10 12 1 10 12 1 10 12 1 10 12 1 10 12 1 1 10 12 1 1 10 12 1 1 10 12 1 1 10 12 1 10 12 1 10 12 1 10 12 1 10 12 1 10 12 1 10 12 1 1 10 12 1 1 10 12 1 10 12 1 10 12 1 10 12 1 10 12 1 10 12 1 10 12 1 1 10 12 1 1 10 12 1 10 12 1 10 12 1 10 12 1 10 12 1 10 12 1 10 12 1 10 12 1 1 10 12 1 10 12 1 10 12 1 10 12 1 10 12 1 1 10 12 1 10 12 1 10 12 1 10 12 1 10 12 1 10 12 1 10 12 1 10 12 1 1 10 12 1 10 12 1 10 12 1 10 12 1 10 12 1 10 12 1 1 10 12 1 10 12 1 10 12 1 1 10 12 1 10 12 1 10 12 1 10 12 1 10 12 1 10 12 1 10 12 1 10 12 1 10 12 1 10 12 1 10 12 1 10 12 1 10 12 1 10 12 1 10 12 1 10 12 1 10 12 1 10 12 1 10 12 1 10 12 1 10 12 1 10 12 1 10 12 1 100 1 10 100 1 10 9 12 1 5 0 10 12 1 1 5 0 10 12 1 5 0 10 12 1 10 12 1 10 12 1 1 10 12 1 1 10 12 1 10 12 1 10 12 1 10 12 1 1 10 12 1 10 12 1 10 12 1 10 12 1 10 12 1 1 10 12 1 10 12 1 10 12 1 10 12 1 1 10 12 1 10 12 1 10 12 1 1 10 12 1 10 12 1 10 12 1 10 12 1 1 10 12 1 10 10 12 1 1 10 12 1 10 12 1 1 10 12 1 10 12 5 0 5 0 5 0 10 12 1 1 10 12 1 10 12 1 10 12 10 100 12 1 1 8 1 100 1 11 12 1 1 8 1 11 12 1 1 10 100 12 1 1 10 12 1 10 7 1 10 12 1 1 9 12 1 1 7 1 9 12 1 7 1 9 12 1 7 1 9 12 1 7 1 9 12 1 7 1 9 12 1 7 1 9 12 1 7 1 9 12 1 7 1 9 12 1 10 12 1 9 12 1 9 12 1 9 12 1 9 12 1 9 12 1 9 12 1 9 12 1 9 12 1 9 12 1 9 12 1 1 1 5 0 1 1 1 1 1 1 1 1 1 1 1 1 1 1 1 1 1 1 1 1 1 1 1 1 1 1 1 1 1 1 1 1 1 1 1 1 1 1 1 1 1 1 1 1 1 1 1 1 1 1 1 1 1 1 1 1 1 1 1 1 1 1 1 1 1 1 1 1 1 1 1 1 1 1 1 1 1 1 1 1 1 1 1 1 1 1 1 1 1 1 100 1 1 1 1 1 1 1 1 1 1 1 1 1 1 1 1 1 1 1 1 1 1 1 1 1 1 1 1 1 1 1 1 1 1 1 1 1 1 1 1 1 1 1 1 1 1 1 1 1 1 1 1 1 1 1 1 1 1 1 1 1 1 1 1 1 1 1 1 1 1 1 1 1 1 1 1 1 1 1 1 1 1 1 1 1 1 1 1 1 1 1 1 1 1 1 1 1 1 1 1 1 1 1 1 1 1 1 1 1 1 1 1 1 1 1 1 1 1 1 1 1 1 1 1 1 1 1 1 1 1 1 1 1 1 1 1 1 1 1 1 1 1 1 1 1 1 1 1 1 1 1 1 1 1 1 1 1 1 1 1 1 1 1 1 1 1 1 1 1 1 1 1 1 1 1 1 1 1 1 1 1 1 1 1 1 1 1 1 1 1 1 1 1 1 1 1 1 1 1 1 1 1 1 1 1 1 1 1 1 1 1 1 1
staticfield jdk/internal/misc/Unsafe theUnsafe Ljdk/internal/misc/Unsafe; jdk/internal/misc/Unsafe
staticfield jdk/internal/misc/Unsafe ARRAY_BOOLEAN_BASE_OFFSET J 16
staticfield jdk/internal/misc/Unsafe ARRAY_BYTE_BASE_OFFSET J 16
staticfield jdk/internal/misc/Unsafe ARRAY_SHORT_BASE_OFFSET J 16
staticfield jdk/internal/misc/Unsafe ARRAY_CHAR_BASE_OFFSET J 16
staticfield jdk/internal/misc/Unsafe ARRAY_INT_BASE_OFFSET J 16
staticfield jdk/internal/misc/Unsafe ARRAY_LONG_BASE_OFFSET J 16
staticfield jdk/internal/misc/Unsafe ARRAY_FLOAT_BASE_OFFSET J 16
staticfield jdk/internal/misc/Unsafe ARRAY_DOUBLE_BASE_OFFSET J 16
staticfield jdk/internal/misc/Unsafe ARRAY_OBJECT_BASE_OFFSET J 16
staticfield jdk/internal/misc/Unsafe ARRAY_BOOLEAN_INDEX_SCALE I 1
staticfield jdk/internal/misc/Unsafe ARRAY_BYTE_INDEX_SCALE I 1
staticfield jdk/internal/misc/Unsafe ARRAY_SHORT_INDEX_SCALE I 2
staticfield jdk/internal/misc/Unsafe ARRAY_CHAR_INDEX_SCALE I 2
staticfield jdk/internal/misc/Unsafe ARRAY_INT_INDEX_SCALE I 4
staticfield jdk/internal/misc/Unsafe ARRAY_LONG_INDEX_SCALE I 8
staticfield jdk/internal/misc/Unsafe ARRAY_FLOAT_INDEX_SCALE I 4
staticfield jdk/internal/misc/Unsafe ARRAY_DOUBLE_INDEX_SCALE I 8
staticfield jdk/internal/misc/Unsafe ARRAY_OBJECT_INDEX_SCALE I 4
staticfield jdk/internal/misc/Unsafe ADDRESS_SIZE I 8
ciInstanceKlass java/lang/Thread$FieldHolder 1 1 55 10 7 12 1 1 1 9 7 12 1 1 1 9 12 1 1 9 12 1 1 9 12 1 1 9 12 1 1 1 1 1 1 1 1 1 1 1 1 100 1 100 1 1 1 1 100 1 1 1 100 1 100 1 1
ciInstanceKlass java/lang/Thread$Constants 0 0 47 100 1 10 100 12 1 1 1 10 12 1 1 10 12 1 1 10 100 12 1 1 8 1 10 12 1 9 100 12 1 1 1 1 1 1 1 1 1 1 1 1 1 1 1 1 1
ciInstanceKlass java/lang/ThreadGroup 1 1 380 10 7 12 1 1 1 9 7 12 1 1 1 8 1 9 12 1 1 100 1 9 12 1 1 9 12 1 1 10 7 12 1 1 1 10 12 1 1 10 12 1 10 12 1 1 10 12 1 1 10 12 1 10 12 1 10 12 1 10 100 12 1 1 1 10 12 1 1 18 12 1 1 11 100 12 1 1 1 10 12 1 1 10 12 1 1 10 12 1 1 10 100 12 1 1 1 10 12 1 11 12 1 1 11 100 12 1 1 11 12 1 1 10 12 1 1 10 12 1 10 12 1 11 12 1 11 12 1 1 10 12 1 100 1 10 18 12 1 1 11 100 12 1 1 1 11 12 1 1 9 100 12 1 1 1 10 12 1 1 8 1 10 100 12 1 1 1 10 100 12 1 1 1 10 12 1 1 11 12 10 12 1 1 10 12 1 1 11 100 1 9 12 1 100 1 10 8 1 10 12 1 1 10 12 1 1 8 1 10 12 1 10 100 12 1 1 1 10 12 1 1 10 7 1 8 1 10 8 1 10 12 1 10 12 1 8 1 9 12 1 1 9 12 1 10 100 12 1 1 1 100 9 12 1 1 7 1 9 12 1 10 12 10 12 1 1 100 10 12 9 12 1 10 12 1 100 1 10 100 1 10 10 12 1 10 12 1 1 1 1 1 1 1 1 1 1 1 1 1 1 1 1 3 1 1 1 1 1 1 1 1 1 1 1 100 1 1 1 1 1 1 1 1 1 1 1 1 1 1 1 1 1 1 1 1 1 1 1 1 1 1 1 1 1 1 1 1 1 1 1 1 1 1 1 1 16 15 10 12 16 16 15 10 12 16 15 10 100 12 1 1 1 1 1 100 1 100 1 1
staticfield java/lang/ThreadGroup $assertionsDisabled Z 1
ciInstanceKlass java/lang/Thread$UncaughtExceptionHandler 1 0 16 100 1 100 1 1 1 1 1 1 1 1 100 1 1 1
instanceKlass java/lang/ThreadBuilders$BoundVirtualThread
instanceKlass java/lang/VirtualThread
ciInstanceKlass java/lang/BaseVirtualThread 0 0 36 10 100 12 1 1 1 100 1 1 1 1 1 1 1 1 1 1 1 1 1 1 1 1 1 1 1 1 100 1 100 1 1 100 1 1
ciInstanceKlass java/lang/VirtualThread 0 0 928 9 100 12 1 1 1 9 12 1 1 10 100 12 1 1 1 10 100 12 1 1 1 10 100 12 1 1 1 9 12 1 1 100 1 10 12 1 9 12 1 1 18 12 1 1 9 12 1 1 10 12 1 1 100 1 10 12 1 10 12 1 1 10 12 1 1 10 12 1 10 12 1 1 9 12 1 1 10 12 1 10 100 12 1 10 12 1 10 12 1 10 12 1 10 12 1 9 12 1 1 11 100 12 1 1 1 10 10 12 1 11 100 12 1 1 1 10 12 1 100 1 10 12 1 1 100 1 9 12 1 1 5 0 10 100 12 1 1 1 9 12 1 100 1 100 1 10 10 100 12 1 1 1 10 100 12 1 1 1 10 12 1 1 10 12 1 10 12 1 1 10 12 1 10 12 10 12 1 100 1 10 10 12 1 10 12 1 1 9 12 1 1 10 12 1 1 9 12 1 1 10 12 1 9 12 1 10 100 12 1 1 10 9 10 10 12 1 1 10 12 1 1 10 100 12 1 1 10 100 1 10 9 10 100 1 10 12 1 1 10 12 1 10 10 12 1 1 9 12 1 10 12 1 10 12 1 9 12 1 1 10 12 1 10 12 1 10 12 1 1 9 12 1 1 10 12 1 10 12 1 1 10 12 1 10 12 1 1 9 12 1 18 9 100 12 1 1 1 10 12 1 1 9 12 1 10 12 1 10 12 1 1 10 12 1 9 12 1 1 18 12 1 9 12 1 9 12 1 10 12 9 12 1 1 10 100 12 1 1 10 12 1 10 12 1 1 10 100 12 1 1 10 12 1 100 1 8 1 10 12 1 10 12 1 1 10 12 1 10 12 1 10 12 1 10 100 12 1 1 10 12 1 10 12 1 10 12 1 10 12 1 10 100 12 1 1 8 1 10 12 1 10 12 1 10 12 1 10 12 1 1 10 12 1 10 12 10 12 1 100 1 10 10 12 1 10 12 1 1 10 12 1 1 10 12 1 10 12 1 10 12 1 1 10 12 1 1 11 100 12 1 1 11 12 1 10 12 9 100 12 1 1 1 9 12 1 10 12 1 1 9 12 1 9 12 1 9 12 1 9 12 1 100 1 10 10 12 1 1 10 12 1 100 1 100 1 10 8 1 10 12 1 1 10 12 1 10 12 1 10 10 12 1 8 1 10 10 12 1 10 12 1 10 100 12 1 1 8 1 8 1 10 12 1 1 10 10 9 100 12 1 1 1 10 12 1 1 10 12 1 10 10 12 9 12 1 10 12 1 1 10 12 1 9 12 1 10 12 1 1 9 12 1 10 12 1 1 9 12 1 10 12 1 1 18 12 1 1 8 1 10 12 1 1 8 1 8 1 10 100 12 1 1 1 10 100 12 1 1 1 10 12 1 10 12 1 1 10 12 1 18 12 1 1 18 12 1 1 5 0 9 12 1 10 12 1 10 12 1 10 100 1 10 12 1 1 9 12 1 9 12 1 1 10 12 1 1 10 12 1 10 12 10 12 1 1 10 100 12 1 1 10 12 1 1 100 1 8 1 10 10 12 1 8 10 12 1 1 8 8 9 12 1 8 8 10 12 1 10 12 1 1 8 1 18 12 1 10 100 12 1 1 10 12 1 10 12 1 3 1 3 1 3 1 3 1 3 1 3 1 3 1 3 1 3 1 3 1 3 1 3 1 3 3 1 3 3 1 3 3 1 3 3 1 3 1 1 1 1 1 1 1 1 1 1 1 1 1 1 1 1 1 100 1 1 1 1 1 1 1 1 1 1 1 1 1 1 1 1 1 1 1 1 100 1 1 1 1 1 1 1 1 1 1 1 1 1 1 1 1 1 1 1 1 1 1 1 1 1 1 1 1 1 1 1 1 1 100 1 1 1 1 1 1 1 1 1 1 1 1 1 1 1 1 1 1 1 1 1 1 1 1 1 1 1 100 1 1 1 1 1 1 1 1 1 1 1 1 1 1 1 1 1 1 1 1 1 1 100 1 1 16 15 10 12 15 10 12 15 10 12 16 15 10 12 16 15 10 12 16 15 10 12 16 15 10 12 15 10 100 12 1 1 1 1 1 1 1 100 1 1 1 100 1 100 1 1
ciInstanceKlass java/lang/ThreadBuilders$BoundVirtualThread 0 0 132 10 100 12 1 1 1 9 100 12 1 1 1 10 100 12 1 1 1 9 12 1 1 10 12 1 1 10 12 1 1 9 12 1 1 10 100 12 1 1 1 10 12 1 1 100 1 8 1 10 12 1 10 12 1 1 10 12 1 1 10 12 1 1 10 100 12 1 1 1 8 1 10 12 1 8 1 10 12 1 1 10 100 12 1 1 9 100 12 1 1 1 10 12 1 1 10 10 12 1 1 1 1 1 1 1 1 1 1 1 1 1 1 1 1 1 1 1 1 1 1 1 1 1 1 1 1 100 1 1 1 1
instanceKlass java/lang/Exception
instanceKlass java/lang/Error
ciInstanceKlass java/lang/Throwable 1 1 412 10 7 12 1 1 1 9 7 12 1 1 1 9 12 1 1 9 12 1 9 12 1 1 9 12 1 10 12 1 1 9 12 1 1 10 12 1 1 10 100 12 1 1 1 9 12 1 1 10 12 1 1 10 12 1 100 1 100 1 10 8 1 10 12 1 1 8 1 10 100 12 1 1 10 10 12 1 100 1 8 1 10 10 100 12 1 1 10 12 1 8 1 9 100 12 1 1 1 10 12 1 1 100 1 10 12 10 12 1 100 1 10 10 100 12 1 1 1 11 100 12 1 1 1 10 100 12 1 1 1 10 12 1 1 10 12 1 1 8 1 10 12 1 10 12 1 1 8 1 8 1 10 12 1 1 10 12 1 8 1 8 1 9 12 1 10 100 12 1 1 100 1 10 11 12 1 8 1 8 1 10 100 12 1 1 8 1 10 12 1 8 1 100 1 10 12 1 9 12 1 1 10 12 1 10 100 12 1 9 12 1 1 10 12 1 1 100 1 8 1 10 12 1 10 100 12 1 1 10 12 1 1 100 1 10 100 12 1 1 1 10 12 1 11 100 12 1 1 1 11 100 12 1 1 1 11 12 1 8 1 10 12 1 1 8 1 10 10 9 100 12 1 1 1 8 1 10 12 1 1 11 10 100 1 8 1 10 11 12 1 1 8 1 9 12 1 10 100 12 1 1 11 9 12 1 1 11 12 1 1 100 10 12 1 10 12 1 1 100 1 1 1 1 5 0 1 1 1 1 1 1 1 1 1 1 1 1 100 1 1 1 1 1 1 1 1 1 1 1 1 1 1 1 1 1 1 1 1 1 1 1 1 1 1 1 1 1 1 1 1 1 1 1 1 1 1 1 1 1 1 1 100 1 100 1 1 1 1 1 1 1 1 1 1 1 1 1 1 1 1 1 1 1 7 1 12 10 1 1 12 10
staticfield java/lang/Throwable UNASSIGNED_STACK [Ljava/lang/StackTraceElement; 0 [Ljava/lang/StackTraceElement;
staticfield java/lang/Throwable SUPPRESSED_SENTINEL Ljava/util/List; java/util/Collections$EmptyList
staticfield java/lang/Throwable EMPTY_THROWABLE_ARRAY [Ljava/lang/Throwable; 0 [Ljava/lang/Throwable;
staticfield java/lang/Throwable $assertionsDisabled Z 1
ciInstanceKlass jdk/internal/vm/ContinuationScope 0 0 50 10 100 12 1 1 1 10 100 12 1 1 1 100 1 9 100 12 1 1 1 10 12 1 1 10 100 12 1 1 1 10 12 1 1 10 12 1 1 1 1 1 1 1 1 1 1 1 1 1
ciInstanceKlass jdk/internal/vm/StackChunk 1 1 32 10 100 12 1 1 1 9 100 12 1 1 1 9 12 1 1 9 12 1 1 1 1 1 1 1 1 1 1 1 1 1
ciInstanceKlass java/lang/Boolean 1 1 146 10 7 12 1 1 1 9 7 12 1 1 1 10 12 1 1 10 12 1 8 1 10 7 12 1 1 9 12 1 1 9 12 1 10 12 1 1 10 12 1 1 10 12 1 1 10 12 1 10 7 12 1 1 1 10 12 1 1 9 100 12 1 1 9 12 10 100 12 1 1 1 10 12 1 1 8 1 10 7 12 1 1 1 9 12 1 1 100 1 100 1 100 1 1 1 1 1 1 5 0 1 1 1 1 1 1 1 1 1 1 1 1 1 1 1 1 1 1 1 1 1 1 1 1 1 1 1 1 1 1 1 1 1 1 1 100 1 1 1 1 1 1 1 1 1
staticfield java/lang/Boolean TRUE Ljava/lang/Boolean; java/lang/Boolean
staticfield java/lang/Boolean FALSE Ljava/lang/Boolean; java/lang/Boolean
staticfield java/lang/Boolean TYPE Ljava/lang/Class; java/lang/Class
ciInstanceKlass java/lang/Character 1 1 603 7 1 100 1 100 1 9 12 1 1 8 1 9 12 1 1 100 1 9 12 1 1 10 100 12 1 1 1 10 100 12 1 1 1 10 100 12 1 1 1 10 7 12 1 1 1 9 7 12 1 1 1 10 12 1 10 12 1 1 10 12 1 1 10 100 12 1 1 10 12 1 1 3 3 3 3 3 10 12 1 1 10 12 1 3 11 7 12 1 1 1 11 12 1 1 10 12 1 1 10 12 1 1 100 1 10 10 12 1 3 10 12 1 1 10 12 1 10 12 1 1 100 1 8 1 10 12 1 1 10 12 1 10 12 1 10 12 1 10 100 12 1 1 1 10 12 1 10 12 1 10 12 1 1 10 12 1 10 7 12 1 1 10 10 12 1 10 10 12 1 10 12 1 1 10 12 1 10 10 12 1 10 12 1 10 12 1 10 12 1 10 12 1 10 12 1 10 12 1 10 12 10 10 12 10 10 12 1 10 10 12 1 10 10 12 1 10 10 12 1 10 12 1 10 12 1 10 12 1 10 12 1 10 12 1 10 12 1 10 10 12 1 10 10 12 1 10 10 12 1 1 10 10 12 1 10 5 0 10 12 1 10 12 1 10 10 12 1 10 10 12 1 1 10 10 12 1 10 10 12 1 9 12 1 1 100 1 10 10 12 1 10 12 1 1 3 10 100 12 1 1 1 10 12 1 10 100 12 1 1 100 1 10 10 12 1 1 10 12 1 1 10 12 1 1 8 1 10 12 1 9 100 12 1 1 1 10 12 1 10 10 12 1 10 12 1 1 10 12 1 10 10 12 1 1 10 10 12 1 1 100 1 8 1 10 12 1 1 10 7 12 1 1 1 8 1 10 12 1 1 9 12 1 1 100 1 100 1 100 1 1 1 1 3 1 3 1 3 1 3 1 1 1 1 1 3 1 1 3 1 3 1 3 1 3 1 3 1 3 1 3 1 3 1 3 1 3 1 3 1 3 1 3 1 3 1 3 1 3 1 3 1 3 1 3 1 3 1 3 1 3 1 3 1 3 1 3 1 3 1 3 1 3 1 1 1 1 1 1 1 1 1 1 1 1 1 1 1 1 1 1 1 3 1 1 1 1 1 1 1 3 1 1 3 1 1 1 1 1 3 1 1 5 0 1 1 1 1 1 1 1 1 1 1 1 1 1 1 1 1 1 1 1 1 1 1 1 1 1 1 1 1 1 1 1 1 1 1 1 1 1 1 1 1 1 1 1 1 1 1 1 1 1 1 1 1 1 1 1 1 1 1 1 1 1 1 1 1 1 1 1 1 1 1 1 1 1 1 1 1 1 1 1 1 1 1 1 1 1 1 1 1 1 100 1 100 1 1 1 1 1 1
staticfield java/lang/Character TYPE Ljava/lang/Class; java/lang/Class
staticfield java/lang/Character $assertionsDisabled Z 1
ciInstanceKlass java/lang/Float 1 1 277 7 1 100 1 10 7 12 1 1 1 10 100 12 1 1 1 4 100 1 10 12 1 1 10 12 1 1 8 1 8 1 10 100 12 1 1 1 10 12 1 1 10 12 1 1 10 7 1 4 10 7 12 1 1 9 12 1 1 10 12 1 1 10 12 1 10 10 12 1 1 10 12 1 10 12 1 3 3 100 1 4 4 4 3 10 12 1 1 9 12 1 1 100 1 10 3 3 4 4 10 12 1 3 3 3 10 12 1 1 10 12 1 1 10 12 1 10 100 12 1 1 1 10 12 1 1 10 12 1 1 10 7 12 1 1 1 8 1 10 12 1 1 9 12 1 1 100 1 100 1 100 1 1 1 1 4 1 4 1 1 1 4 1 1 3 1 3 1 3 1 3 1 3 1 1 1 1 5 0 1 1 1 1 1 1 1 1 1 1 100 1 1 1 1 1 1 1 1 1 1 1 1 1 1 1 1 1 1 1 1 1 1 1 1 1 1 1 1 1 1 1 1 1 1 1 1 1 1 1 1 1 1 1 1 1 1 1 1 1 1 1 1 1 1 1 1 1 1 1 1 1 1 1 1 1 1 1 1 1 1 1 1 1 100 1 1 1 1 1 1 1 100 1 100 1 1
staticfield java/lang/Float TYPE Ljava/lang/Class; java/lang/Class
staticfield java/lang/Float $assertionsDisabled Z 1
instanceKlass java/math/BigInteger
instanceKlass java/math/BigDecimal
instanceKlass java/util/concurrent/atomic/Striped64
instanceKlass java/util/concurrent/atomic/AtomicLong
instanceKlass java/util/concurrent/atomic/AtomicInteger
instanceKlass java/lang/Long
instanceKlass java/lang/Integer
instanceKlass java/lang/Short
instanceKlass java/lang/Byte
instanceKlass java/lang/Double
instanceKlass java/lang/Float
ciInstanceKlass java/lang/Number 1 1 37 10 7 12 1 1 1 10 100 12 1 1 1 100 1 1 1 1 5 0 1 1 1 1 1 1 1 1 1 1 1 1 1 1 1 1 1
ciInstanceKlass java/lang/Double 1 1 288 7 1 100 1 10 100 12 1 1 1 10 12 1 1 10 100 1 10 12 1 1 10 100 12 1 1 1 6 0 8 1 10 12 1 1 8 1 10 12 1 1 8 1 6 0 10 12 1 1 100 1 5 0 5 0 8 1 8 1 10 100 12 1 1 1 10 100 12 1 1 1 8 1 10 12 1 1 8 1 8 1 8 1 10 12 1 1 10 12 1 10 12 1 1 10 12 1 10 12 1 10 12 1 1 10 12 1 10 7 1 6 0 10 7 12 1 1 9 12 1 1 10 12 1 10 12 1 10 12 1 10 12 1 10 12 1 5 0 10 12 1 1 10 12 1 10 12 1 10 100 12 1 1 1 10 12 1 1 10 12 1 1 8 1 10 7 12 1 1 1 9 12 1 1 100 1 100 1 100 1 1 1 6 0 1 6 0 1 6 0 1 1 1 6 0 1 1 3 1 3 1 3 1 3 1 3 1 1 1 1 5 0 1 1 1 1 1 1 1 1 1 1 1 1 1 1 1 1 100 1 1 1 1 1 1 1 1 1 1 1 1 1 1 1 1 1 1 1 1 1 1 1 1 1 1 1 1 1 1 1 1 1 1 1 1 1 1 1 1 1 1 1 1 1 100 1 1 1 1 1 1 1 100 1 100 1 1
staticfield java/lang/Double TYPE Ljava/lang/Class; java/lang/Class
ciInstanceKlass java/lang/Byte 1 1 212 7 1 100 1 10 100 12 1 1 1 9 12 1 1 8 1 9 12 1 1 100 1 10 12 1 1 10 12 1 1 10 100 12 1 1 1 10 100 12 1 1 1 9 7 12 1 1 1 10 12 1 1 100 1 100 1 10 12 1 1 8 1 10 12 1 1 8 1 10 12 1 10 12 1 10 12 1 10 12 1 1 10 12 1 10 12 1 10 12 1 1 10 8 1 8 1 10 7 1 9 12 1 1 10 12 1 1 10 12 1 1 10 12 1 1 10 12 1 5 0 10 12 1 1 8 1 10 7 12 1 1 1 9 12 1 1 100 1 100 1 1 1 3 1 3 1 1 1 1 3 1 3 1 1 5 0 1 1 1 1 1 1 1 1 1 1 1 1 1 1 1 1 1 1 1 1 1 1 1 1 1 1 1 1 1 1 1 1 1 1 1 1 1 1 1 1 1 1 1 1 1 1 1 1 1 1 1 1 1 1 1
staticfield java/lang/Byte TYPE Ljava/lang/Class; java/lang/Class
ciInstanceKlass java/lang/Short 1 1 220 7 1 100 1 100 1 10 100 12 1 1 1 10 12 1 1 100 1 100 1 10 12 1 1 8 1 10 12 1 1 8 1 10 12 1 10 12 1 10 12 1 10 12 1 1 10 12 1 1 10 12 1 9 12 1 1 8 1 9 12 1 1 100 1 10 12 1 1 10 12 1 10 100 12 1 1 1 10 100 12 1 1 1 9 7 12 1 1 1 10 12 1 10 12 1 1 10 8 1 8 1 10 7 1 9 12 1 1 10 12 1 1 10 12 1 1 10 12 1 1 10 12 1 3 3 5 0 10 12 1 1 8 1 10 7 12 1 1 1 9 12 1 1 100 1 100 1 1 1 3 1 3 1 1 1 1 3 1 3 1 1 5 0 1 1 1 1 1 1 1 1 1 1 1 1 1 1 1 1 1 1 1 1 1 1 1 1 1 1 1 1 1 1 1 1 1 1 1 1 1 1 1 1 1 1 1 1 1 1 1 1 1 1 1 1 1 1 1 1
staticfield java/lang/Short TYPE Ljava/lang/Class; java/lang/Class
ciInstanceKlass java/lang/Integer 1 1 436 7 1 100 1 7 1 7 1 10 12 1 1 9 12 1 1 9 12 1 1 10 100 12 1 1 1 10 12 1 1 10 100 12 1 1 1 10 10 12 1 1 10 100 12 1 1 1 10 12 1 10 12 1 1 10 7 12 1 1 1 10 12 1 1 10 12 1 1 10 12 1 10 7 12 1 1 10 12 1 1 10 12 1 10 12 1 100 1 8 1 10 12 1 8 1 100 1 10 12 1 1 10 12 1 1 8 1 10 12 1 1 8 1 10 12 1 1 10 12 1 1 10 12 1 1 3 3 10 7 12 1 1 1 11 7 1 10 12 1 1 11 10 12 1 1 10 12 1 1 8 1 10 12 1 10 12 1 8 1 100 1 10 12 1 8 1 10 12 1 1 10 12 1 8 1 10 12 1 10 12 1 7 1 9 12 1 1 9 12 1 1 10 12 1 10 7 1 9 12 1 10 12 1 10 12 1 10 12 1 1 10 12 1 1 10 7 12 1 1 1 10 12 1 1 8 1 8 1 10 12 1 1 8 1 8 1 8 1 8 1 8 1 8 1 10 12 1 10 12 1 10 12 1 5 0 3 3 3 3 10 12 1 10 12 1 3 10 12 1 10 100 12 1 1 1 10 12 1 1 10 12 1 1 8 1 10 7 12 1 1 1 9 12 1 1 100 1 100 1 100 1 1 1 1 3 1 1 1 1 1 3 1 3 1 1 5 0 1 1 1 1 1 1 1 1 1 100 1 1 1 1 1 1 1 1 1 1 1 1 1 1 1 1 1 1 1 1 1 1 1 1 1 1 1 1 1 1 1 1 1 1 1 1 1 1 1 1 1 1 1 1 1 1 1 1 1 1 1 1 1 1 1 1 1 1 1 1 1 1 1 1 1 1 1 1 1 1 1 1 1 1 1 1 1 1 1 1 1 1 1 1 1 1 1 1 1 1 1 1 1 100 1 1 1 1 1 1 1 1 1 100 1 100 1 1
staticfield java/lang/Integer TYPE Ljava/lang/Class; java/lang/Class
staticfield java/lang/Integer digits [B 36
ciMethod java/lang/Integer reverseBytes (I)I 0 0 6106 0 -1
ciInstanceKlass java/lang/Long 1 1 498 7 1 100 1 7 1 7 1 10 12 1 1 9 12 1 1 9 7 12 1 1 1 10 100 12 1 1 1 10 12 1 1 10 100 12 1 1 1 10 10 12 10 12 1 10 12 1 10 12 1 5 0 5 0 100 1 10 12 1 1 10 12 1 1 10 12 1 10 12 1 10 12 1 10 12 1 1 10 100 12 1 1 10 12 1 10 12 1 1 10 12 1 1 10 12 1 1 10 12 1 1 10 100 12 1 1 1 10 12 1 1 10 12 1 10 12 1 10 7 12 1 1 10 12 1 1 10 12 1 10 12 1 100 1 8 1 10 12 1 8 1 100 1 10 12 1 10 12 1 1 8 1 10 12 1 1 8 1 10 12 1 1 10 12 1 1 10 12 1 1 5 0 5 0 10 100 12 1 1 1 11 100 1 10 12 1 1 11 10 12 1 1 10 12 1 1 8 1 5 0 10 12 1 1 10 12 1 1 8 1 8 1 10 12 1 8 1 10 12 1 10 12 1 5 0 5 0 9 7 12 1 1 1 10 12 1 10 12 1 1 8 1 8 1 10 12 1 1 8 1 8 1 8 1 8 1 8 1 8 1 10 12 1 10 12 1 10 7 1 9 12 1 1 10 12 1 10 12 1 1 10 12 1 1 10 100 12 1 1 1 10 12 1 1 10 12 1 10 12 1 10 12 1 5 0 5 0 5 0 10 12 1 1 10 12 1 5 0 5 0 10 12 10 12 1 10 100 12 1 1 1 10 12 1 1 10 12 1 1 8 1 10 7 12 1 1 1 9 12 1 1 100 1 100 1 100 1 1 1 1 5 0 1 1 1 1 3 1 3 1 5 0 1 1 1 1 1 1 1 1 1 100 1 1 1 1 1 1 1 1 1 1 1 1 1 1 1 1 1 1 1 1 1 1 1 1 1 1 1 1 1 1 1 1 1 1 1 1 1 1 1 1 1 1 1 1 1 1 1 1 1 1 1 1 1 1 1 1 1 1 1 1 1 1 1 1 1 1 1 1 1 1 1 1 1 1 1 1 1 1 1 1 1 1 1 1 1 1 1 1 1 1 1 1 1 1 1 1 1 1 1 1 100 1 1 1 1 1 1 1 1 1 100 1 100 1 1
staticfield java/lang/Long TYPE Ljava/lang/Class; java/lang/Class
ciInstanceKlass java/lang/Void 1 1 31 10 100 12 1 1 1 8 1 10 7 12 1 1 1 9 7 12 1 1 1 1 1 1 1 1 1 1 1 1 1
staticfield java/lang/Void TYPE Ljava/lang/Class; java/lang/Class
ciInstanceKlass jdk/internal/vm/vector/VectorSupport 0 0 597 100 1 10 100 12 1 1 1 9 12 1 1 10 100 12 1 1 1 100 1 10 12 1 11 100 12 1 1 1 11 100 12 1 1 1 11 100 12 1 1 1 11 100 12 1 1 11 100 12 1 1 11 100 12 1 1 11 100 12 1 1 11 100 12 1 1 11 100 12 1 1 11 100 12 1 1 11 100 12 1 1 1 11 100 12 1 1 11 100 12 1 1 1 11 100 12 1 1 1 11 100 12 1 1 11 100 12 1 1 1 11 100 12 1 1 100 1 10 12 1 1 11 100 12 1 1 11 100 12 1 1 11 100 12 1 1 11 100 1 11 100 12 1 1 11 100 12 1 1 11 100 12 1 1 9 12 1 1 10 100 12 1 1 11 100 12 1 1 10 100 12 1 1 1 10 100 12 1 1 10 12 1 1 10 12 1 1 1 1 1 3 1 3 1 3 1 3 1 3 1 3 1 3 1 3 1 3 1 3 1 3 1 3 1 3 1 3 1 3 1 3 1 3 1 3 1 3 1 3 1 3 1 3 1 3 1 3 1 3 1 3 1 3 1 3 1 3 1 3 1 3 1 3 1 3 1 3 1 3 1 3 1 3 1 3 1 3 1 3 1 3 1 3 1 3 1 3 1 3 1 3 1 3 1 3 1 3 1 3 1 3 1 3 1 3 1 1 1 3 1 3 1 3 1 3 1 3 1 3 1 1 1 1 1 1 1 1 1 1 1 1 1 1 1 1 1 1 1 1 1 1 1 1 1 1 1 1 1 1 1 1 1 1 1 1 1 1 1 1 1 1 1 1 1 1 1 1 1 1 1 1 1 1 1 1 1 1 1 1 1 1 1 1 1 1 1 1 1 1 1 1 1 1 1 1 1 1 1 1 1 1 1 1 1 1 1 1 1 1 1 1 1 1 1 1 1 1 1 1 1 1 1 1 1 1 1 1 1 1 1 1 1 1 1 1 1 1 1 1 1 1 1 1 1 1 1 1 1 1 1 1 1 1 1 1 1 1 1 1 1 1 1 1 1 1 1 1 1 1 1 1 1 1 1 1 1 1 1 1 1 1 1 1 1 1 1 1 1 1 1 1 1 1 1 1 1 1 1 1 1 1 1 1 1 1 1 1 1 1 1 1 1 1 1 1 1 1 1 1 1 1 1 1 1 1 1 1 1 1 1 1 1 1 1 1 1 1 1 1 1 1 1 1 1 1 1 1 1 1 1 1 1 1 1 1 1 1 1 1 1 1 1 1 1 1 1 100 1 100 1 100 1 100 1 100 1 1 1 1 1 1 1 1 1 1 1 1 1 1 1 1 1 1 1 1 1 1 1 1 1 1 1 1 1 1 1
instanceKlass jdk/internal/vm/vector/VectorSupport$VectorShuffle
instanceKlass jdk/internal/vm/vector/VectorSupport$VectorMask
instanceKlass jdk/internal/vm/vector/VectorSupport$Vector
ciInstanceKlass jdk/internal/vm/vector/VectorSupport$VectorPayload 0 0 32 10 100 12 1 1 1 9 100 12 1 1 1 10 100 12 1 1 1 1 1 1 1 1 1 1 1 1 1 1 1 1
ciInstanceKlass jdk/internal/vm/vector/VectorSupport$Vector 0 0 28 10 100 12 1 1 1 100 1 1 1 1 1 1 1 1 1 1 1 1 1 1 1 100 1 1 1 1
ciInstanceKlass jdk/internal/vm/vector/VectorSupport$VectorMask 0 0 28 10 100 12 1 1 1 100 1 1 1 1 1 1 1 1 1 1 1 1 1 1 1 100 1 1 1 1
ciInstanceKlass jdk/internal/vm/vector/VectorSupport$VectorShuffle 0 0 28 10 100 12 1 1 1 100 1 1 1 1 1 1 1 1 1 1 1 1 1 1 1 100 1 1 1 1
ciInstanceKlass jdk/internal/vm/FillerObject 0 0 16 10 100 12 1 1 1 100 1 1 1 1 1 1 1 1
instanceKlass java/lang/ref/PhantomReference
instanceKlass java/lang/ref/FinalReference
instanceKlass java/lang/ref/WeakReference
instanceKlass java/lang/ref/SoftReference
ciInstanceKlass java/lang/ref/Reference 1 1 198 9 7 12 1 1 1 9 7 12 1 1 10 12 1 1 10 12 1 1 9 12 1 1 10 12 1 1 9 12 1 1 9 12 1 1 7 1 10 12 1 10 7 12 1 1 10 12 1 10 12 1 1 10 12 1 7 1 8 1 10 12 1 1 7 1 10 12 1 1 10 12 1 1 10 12 1 7 1 10 12 10 7 12 1 1 1 9 12 1 10 12 1 1 10 12 1 10 12 1 10 12 1 9 12 1 100 1 100 1 10 9 12 1 9 12 1 100 1 10 10 12 1 10 10 7 12 1 1 10 12 1 1 1 1 1 1 1 1 1 1 1 1 1 1 1 1 1 100 1 1 1 100 1 1 1 1 1 1 1 1 1 1 1 1 1 1 1 1 1 1 1 1 1 1 1 1 1 1 1 1 1 1 1 1 1 1 1 1 1 100 1 100 1 100 1 1 1
staticfield java/lang/ref/Reference processPendingLock Ljava/lang/Object; java/lang/Object
staticfield java/lang/ref/Reference $assertionsDisabled Z 1
instanceKlass sun/security/util/MemoryCache$SoftCacheEntry
instanceKlass sun/util/locale/provider/LocaleResources$ResourceReference
instanceKlass sun/util/resources/Bundles$BundleReference
instanceKlass java/util/ResourceBundle$BundleReference
instanceKlass jdk/internal/util/SoftReferenceKey
instanceKlass java/lang/invoke/LambdaFormEditor$Transform
ciInstanceKlass java/lang/ref/SoftReference 1 1 50 10 7 12 1 1 1 9 7 12 1 1 1 9 12 1 10 12 1 10 12 1 1 1 1 1 1 1 1 1 1 1 1 1 1 1 1 1 1 1 1 1 1 100 1 1 1 1 1 1
instanceKlass java/util/logging/LogManager$LoggerWeakRef
instanceKlass java/util/logging/Level$KnownLevel
instanceKlass javax/crypto/JceSecurity$WeakIdentityWrapper
instanceKlass java/util/ResourceBundle$KeyElementReference
instanceKlass com/intellij/rt/debugger/agent/CaptureStorage$ConcurrentIdentityWeakHashMap$WeakKey
instanceKlass java/lang/ThreadLocal$ThreadLocalMap$Entry
instanceKlass java/lang/WeakPairMap$WeakRefPeer
instanceKlass jdk/internal/util/WeakReferenceKey
instanceKlass java/util/WeakHashMap$Entry
ciInstanceKlass java/lang/ref/WeakReference 1 1 34 10 7 12 1 1 1 10 12 1 100 1 1 1 1 1 1 1 1 1 1 1 1 1 1 1 1 1 1 1 1 1 1 1
instanceKlass java/lang/ref/Finalizer
ciInstanceKlass java/lang/ref/FinalReference 1 1 50 10 100 12 1 1 1 10 100 12 1 1 1 10 12 1 1 100 1 8 1 10 12 1 1 1 1 1 1 1 1 1 1 1 1 1 1 1 1 1 1 1 1 1 1 1 1 1 100 1
instanceKlass jdk/internal/ref/PhantomCleanable
instanceKlass jdk/internal/ref/Cleaner
ciInstanceKlass java/lang/ref/PhantomReference 1 1 47 10 7 12 1 1 1 10 12 1 1 10 7 12 1 1 1 1 1 1 1 1 1 1 1 1 1 1 1 1 1 1 1 1 1 1 1 1 1 1 1 1 1 1 1 1 1
ciInstanceKlass java/lang/ref/Finalizer 1 1 177 9 7 12 1 1 1 10 100 12 1 1 1 9 12 1 1 9 12 1 1 9 12 1 9 12 1 9 12 1 1 10 12 1 100 1 8 1 10 12 1 10 12 1 1 9 12 1 100 1 10 12 1 100 1 11 100 12 1 1 10 12 1 100 1 10 12 1 10 7 12 1 1 1 10 12 1 1 10 100 12 1 1 8 1 10 12 1 10 12 1 10 12 1 100 1 10 12 1 10 100 12 1 1 1 100 1 10 10 12 1 1 7 1 10 12 1 10 12 1 1 10 12 1 1 10 7 12 1 1 1 7 1 10 7 1 10 10 12 1 1 1 1 1 1 1 1 1 1 1 1 1 1 1 1 1 1 1 1 1 1 1 1 1 1 100 1 1 1 1 1 1 1 1 1 1 1
staticfield java/lang/ref/Finalizer lock Ljava/lang/Object; java/lang/Object
staticfield java/lang/ref/Finalizer ENABLED Z 1
staticfield java/lang/ref/Finalizer $assertionsDisabled Z 1
instanceKlass java/lang/reflect/Executable
instanceKlass java/lang/reflect/Field
ciInstanceKlass java/lang/reflect/AccessibleObject 1 1 374 10 7 12 1 1 1 10 100 12 1 1 1 10 7 12 1 1 1 10 12 1 1 9 12 1 1 100 1 10 7 12 1 1 1 11 12 1 100 1 10 12 1 7 1 100 1 10 12 1 1 10 12 1 1 10 12 1 1 10 12 1 1 10 12 1 1 7 1 10 100 12 1 1 1 10 12 1 1 11 10 7 12 1 1 1 10 12 1 1 10 12 1 10 12 1 10 12 1 1 10 12 1 8 1 100 1 100 1 10 10 12 1 1 8 1 10 12 1 10 12 1 8 1 8 1 8 1 8 1 8 1 8 1 8 1 8 1 8 1 100 1 10 12 1 10 12 1 9 100 12 1 1 1 10 12 1 1 10 12 1 10 100 1 100 1 8 1 10 8 1 10 12 1 8 1 10 12 1 10 12 1 1 10 100 1 8 1 10 11 7 12 1 1 1 10 12 1 1 10 12 1 1 10 12 1 1 9 12 1 1 100 1 10 12 1 7 1 10 12 1 10 12 1 1 10 100 1 10 12 1 10 12 10 12 1 10 12 1 10 12 1 1 10 12 1 9 12 1 10 100 12 1 1 8 1 10 12 1 1 8 1 10 100 12 1 1 1 9 12 1 100 1 10 7 1 10 10 7 12 1 1 1 10 7 12 1 1 1 9 12 1 1 1 1 1 1 1 1 1 1 1 1 1 1 1 1 1 1 1 1 1 1 1 1 1 1 1 1 1 1 1 1 1 1 1 1 1 1 1 1 1 1 1 1 1 1 1 1 1 1 1 1 1 1 1 1 1 1 1 1 1 1 1 1 1 1 1 1 1 1 1 1 1 1 1 1 1 1 1 1 1 1 1
staticfield java/lang/reflect/AccessibleObject reflectionFactory Ljdk/internal/reflect/ReflectionFactory; jdk/internal/reflect/ReflectionFactory
ciInstanceKlass java/lang/reflect/Method 1 1 468 9 7 12 1 1 1 10 100 12 1 1 1 10 100 12 1 1 9 12 1 1 9 12 1 1 10 12 1 1 10 12 1 1 10 12 1 1 10 100 12 1 1 10 7 12 1 1 1 9 12 1 1 9 12 1 9 12 1 1 9 12 1 9 12 1 9 12 1 1 9 12 1 9 12 1 1 9 12 1 9 12 1 100 1 8 1 10 12 1 10 12 1 9 12 1 1 10 7 12 1 1 1 10 12 1 1 10 12 1 1 10 12 1 10 12 1 1 9 100 12 1 1 1 10 12 1 1 10 12 10 7 12 1 1 10 12 1 1 10 12 1 10 12 1 10 12 1 10 7 12 1 1 1 10 12 1 1 9 12 1 10 7 1 10 7 12 1 1 1 10 7 12 1 1 10 12 1 1 10 12 1 1 10 12 1 10 7 12 1 1 1 10 12 1 10 8 1 10 12 1 10 12 1 7 1 8 1 8 1 8 1 10 12 1 10 12 1 1 10 12 1 1 10 10 12 1 1 10 12 1 11 100 1 10 12 1 9 12 1 1 10 12 1 1 10 12 1 10 12 1 1 10 12 1 1 11 7 12 1 1 1 11 12 1 9 12 1 1 10 12 1 10 12 1 10 12 1 10 12 1 10 12 1 10 12 1 9 12 1 1 10 7 12 1 1 1 10 7 12 1 1 10 12 1 1 10 7 12 1 1 1 10 7 12 1 1 1 10 7 12 1 1 1 11 7 12 1 1 1 10 7 12 1 1 1 7 1 100 1 100 1 10 12 1 10 12 1 1 10 12 1 100 1 8 1 10 12 1 10 10 12 1 1 10 12 1 1 10 12 1 1 10 12 1 1 8 1 10 12 1 1 1 1 1 1 1 1 1 1 1 1 1 1 1 1 1 1 1 1 1 1 1 1 1 1 1 1 1 1 1 1 1 1 1 1 1 1 1 1 1 1 1 1 1 1 1 1 1 1 1 1 1 100 1 100 1 100 1 1 1 1 1 1 1 1 1 1 1 1 1 1 1 1 1 1 1 1 1 1 1 1 1 1 1 1 1 1
ciInstanceKlass java/lang/reflect/Member 1 1 37 100 1 10 12 1 1 100 1 100 1 1 1 1 3 1 3 1 1 1 1 1 1 1 1 1 1 1 1 1 1 1 1 1 1 1 1
instanceKlass java/lang/reflect/Constructor
instanceKlass java/lang/reflect/Method
ciInstanceKlass java/lang/reflect/Executable 1 1 587 10 7 12 1 1 1 10 7 12 1 1 1 10 7 12 1 1 1 11 7 12 1 1 1 10 7 12 1 1 1 10 12 1 1 10 7 12 1 1 1 10 7 12 1 1 1 10 12 1 8 1 10 10 12 1 1 10 12 1 1 10 7 12 1 1 1 18 12 1 1 11 7 12 1 1 1 8 1 8 1 8 1 10 7 12 1 1 1 11 12 1 1 7 1 8 1 8 1 10 12 1 100 1 8 1 10 12 1 8 1 11 100 12 1 1 1 100 1 11 7 12 1 1 1 11 12 1 8 1 18 8 1 10 12 1 10 12 1 1 18 8 1 10 12 1 100 1 10 12 1 10 12 1 11 12 1 10 12 1 1 8 1 8 1 10 12 1 1 10 12 1 1 10 10 12 1 9 12 1 1 9 100 12 1 1 1 10 100 12 1 1 1 10 12 1 10 12 1 1 10 100 12 1 1 10 12 1 10 12 1 10 12 1 10 7 12 1 1 100 1 10 100 12 1 1 1 10 12 1 1 10 7 12 1 1 10 12 1 10 12 1 1 9 7 12 1 1 1 10 7 10 12 1 8 1 10 12 1 10 12 1 3 100 1 8 1 10 12 1 10 12 1 10 10 12 1 10 12 1 1 8 1 8 1 8 1 9 12 1 1 9 12 1 10 12 1 100 1 8 1 10 12 1 10 12 1 10 12 1 1 10 12 1 1 10 12 1 10 12 10 12 1 7 1 10 12 1 10 12 1 1 100 1 10 100 12 1 1 1 7 1 10 7 12 1 1 1 10 12 1 1 11 7 12 1 1 10 12 1 10 100 12 1 1 1 10 12 1 1 9 12 1 10 12 1 1 10 12 1 10 12 1 1 9 100 12 1 1 1 10 100 12 1 1 1 10 12 1 10 12 1 1 9 12 1 10 10 10 10 100 12 1 1 1 10 12 1 9 12 1 10 12 1 1 9 12 1 100 1 100 1 1 1 1 1 1 1 1 1 1 1 1 1 1 1 1 1 1 1 1 1 1 1 1 1 1 1 1 1 1 1 1 1 1 1 1 100 1 1 1 1 1 1 1 1 1 1 1 1 1 1 1 1 1 1 1 100 1 1 1 1 1 1 1 1 1 1 1 1 1 1 1 1 1 1 1 1 1 1 1 1 1 1 1 1 1 1 1 1 1 1 1 1 1 1 1 1 1 1 1 100 1 1 1 1 1 1 1 1 1 1 1 1 1 1 1 1 1 1 1 1 1 1 100 1 1 16 15 16 1 16 1 15 10 12 16 15 10 7 12 1 1 1 1 100 1 1 1 100 1 1 100 1 100 1 1
ciInstanceKlass java/lang/reflect/Constructor 1 1 437 10 100 12 1 1 1 10 100 12 1 1 9 7 12 1 1 1 9 12 1 1 10 12 1 1 10 12 1 1 10 12 1 1 10 100 12 1 1 10 7 12 1 1 1 9 12 1 1 9 12 1 1 9 12 1 9 12 1 1 9 12 1 9 12 1 1 9 12 1 1 9 12 1 100 1 8 1 10 12 1 10 12 1 9 12 1 1 10 7 12 1 1 1 10 12 1 1 10 12 1 1 10 12 1 7 1 100 1 8 1 10 10 12 1 10 12 1 10 12 1 1 9 100 12 1 1 1 10 7 12 1 1 10 12 1 1 10 12 1 10 12 1 1 10 100 12 1 1 1 10 100 12 1 1 10 12 1 1 10 12 1 10 100 12 1 1 1 8 1 10 10 12 1 100 1 8 1 10 12 1 10 12 1 1 10 12 1 1 10 12 1 10 12 1 10 12 1 1 10 12 1 1 9 12 1 1 10 12 1 1 10 12 1 1 10 12 1 1 11 7 12 1 1 1 10 12 1 1 10 12 1 10 12 1 10 12 1 8 1 9 12 1 1 10 7 12 1 1 1 10 7 12 1 1 10 12 1 1 10 12 1 1 10 12 1 1 10 12 1 1 10 12 1 9 100 12 1 1 10 12 1 10 12 1 10 12 1 100 1 8 1 10 10 12 1 1 10 12 1 10 10 12 1 1 10 12 1 1 10 100 12 1 1 1 11 100 12 1 1 1 10 12 1 1 9 100 12 1 1 1 10 100 12 1 1 1 10 12 1 1 1 1 1 1 1 1 1 1 1 1 1 1 1 1 1 1 1 1 1 1 1 1 1 1 1 1 1 1 1 1 1 1 1 1 1 1 1 1 1 1 1 1 1 1 1 1 1 1 1 1 1 1 1 1 100 1 100 1 100 1 100 1 1 1 1 1 1 1 1 1 1 1 1 1 1 1 1 1 1 1 1 1 1 1 1 1 1 1 1 1 1 1 1 100 1 1
ciInstanceKlass java/lang/reflect/Field 1 1 454 9 7 12 1 1 1 10 12 1 1 10 7 12 1 1 1 10 7 12 1 1 9 12 1 1 9 12 1 1 10 12 1 1 10 12 1 1 10 12 1 1 10 7 12 1 1 10 7 12 1 1 1 9 12 1 1 9 12 1 9 12 1 9 12 1 1 9 12 1 1 9 12 1 9 12 1 1 100 1 8 1 10 12 1 10 12 1 9 12 1 1 9 12 1 10 7 12 1 1 10 12 1 1 10 12 1 1 10 12 1 9 12 1 1 10 12 1 1 9 100 12 1 1 1 10 7 12 1 1 1 100 1 10 12 1 1 10 12 1 1 10 12 1 10 12 1 10 7 1 10 7 12 1 1 100 1 10 8 1 10 12 1 1 10 12 1 1 8 1 10 12 10 12 1 8 1 8 1 10 11 100 1 9 12 1 10 12 1 1 10 12 1 1 11 7 12 1 1 1 10 12 1 11 12 1 1 11 12 1 1 11 12 1 1 11 12 1 1 11 12 1 1 11 12 1 1 11 12 1 1 11 12 1 1 11 12 1 1 11 12 1 1 11 12 1 1 11 12 1 1 11 12 1 1 11 12 1 1 11 12 1 1 11 12 1 1 11 12 1 1 10 12 1 10 100 12 1 1 10 12 1 10 12 1 10 12 1 10 12 1 1 10 12 1 1 10 12 1 10 7 12 1 1 10 12 1 1 11 7 1 10 12 1 7 1 10 100 12 1 1 1 10 7 12 1 1 1 9 12 1 10 7 12 1 1 1 11 7 12 1 1 1 10 12 1 1 10 12 1 1 9 100 12 1 1 10 100 12 1 1 1 10 12 1 1 100 1 1 1 1 1 1 1 1 1 1 1 1 1 1 1 1 1 1 1 1 1 1 1 1 1 1 1 1 1 1 1 1 1 1 1 1 1 1 1 100 1 1 1 1 1 1 1 1 1 1 1 1 1 1 1 1 1 1 1 1 1 1 1 1 1 1 1 1 1 1 1 1 100 1 1 1 1 1 1 1 1 100 1 1 100 1 1
ciInstanceKlass java/lang/reflect/Parameter 0 0 256 10 100 12 1 1 1 9 100 12 1 1 1 9 12 1 1 9 12 1 1 9 12 1 10 12 1 1 10 12 1 1 10 100 12 1 1 1 100 1 10 10 12 1 1 11 100 12 1 1 1 10 12 1 10 100 12 1 1 1 10 12 1 1 10 12 1 10 12 1 8 1 8 1 10 100 12 1 1 1 10 12 1 10 12 9 100 12 1 1 1 9 100 12 1 1 1 10 12 1 1 10 12 1 1 10 100 12 1 1 1 10 12 1 8 1 10 12 1 9 12 1 1 10 12 1 1 9 12 1 1 10 12 1 1 10 12 1 1 10 12 1 1 10 12 1 10 10 12 1 10 100 12 1 1 1 10 12 1 1 11 100 12 1 1 10 100 12 1 1 100 1 10 100 12 1 1 1 10 12 1 1 10 12 1 1 10 12 1 1 10 12 1 1 9 12 1 100 1 10 11 12 1 11 12 1 1 100 1 1 1 1 1 1 1 1 1 1 1 1 1 1 1 1 1 1 1 1 1 1 1 1 1 1 1 1 1 1 1 1 1 1 1 1 1 1 1 100 1 1 1 1 1 100 1 1
ciInstanceKlass java/lang/reflect/RecordComponent 0 0 196 10 100 12 1 1 1 9 100 12 1 1 1 9 12 1 1 9 12 1 10 12 1 1 10 12 1 1 10 100 12 1 1 1 10 12 1 1 9 12 1 1 10 12 1 1 10 12 1 1 10 12 1 10 100 12 1 1 10 100 12 1 1 9 12 1 1 10 100 12 1 1 1 11 100 12 1 1 1 10 9 100 12 1 1 1 10 100 12 1 1 1 9 12 1 1 10 100 12 1 1 1 10 12 1 1 11 100 12 1 1 10 100 12 1 1 100 1 9 12 1 9 12 1 1 9 12 1 10 100 12 1 1 1 10 12 1 1 10 12 1 1 100 1 10 10 12 1 10 12 1 1 8 1 10 12 1 10 12 1 9 12 1 100 1 1 1 1 1 1 1 1 1 1 1 1 1 1 1 1 1 1 1 1 1 1 100 1 1 1 1 1 1 100 1 1
ciInstanceKlass java/lang/StringBuffer 0 0 487 10 100 12 1 1 1 10 12 1 10 12 1 10 12 1 1 9 100 12 1 1 1 10 12 1 1 10 12 1 10 12 1 1 9 12 1 1 10 12 1 10 12 1 1 10 12 1 1 10 12 1 10 12 1 1 10 12 1 10 12 1 1 10 12 1 1 10 100 12 1 1 1 10 12 1 1 10 12 1 10 12 1 10 12 1 10 12 1 10 12 1 10 12 1 10 12 1 10 12 1 10 12 1 10 12 1 10 12 1 10 12 1 10 12 1 10 12 1 1 10 12 1 10 12 1 1 10 12 1 1 10 10 12 1 1 10 12 1 10 12 1 10 12 1 10 12 1 10 12 1 10 12 1 10 12 10 12 1 10 12 1 10 12 1 10 12 1 1 10 12 1 10 12 1 10 10 12 1 1 10 12 1 10 12 1 10 12 1 8 1 10 12 1 10 10 100 12 1 1 1 10 10 12 1 1 9 12 1 1 10 100 12 1 1 10 100 1 8 10 100 12 1 1 1 8 10 12 1 8 1 10 12 1 10 12 1 10 100 12 1 1 1 10 100 12 1 1 1 100 1 10 12 100 1 8 1 10 10 12 1 1 10 12 1 1 10 12 1 10 12 1 10 12 1 1 10 12 1 10 12 1 10 12 1 10 12 1 10 12 1 10 12 10 12 1 10 12 1 10 12 1 10 12 1 10 12 1 10 12 1 10 12 1 10 12 1 10 12 1 10 12 1 10 12 10 12 10 12 1 10 12 1 10 12 1 10 12 10 12 1 10 12 1 10 12 1 10 12 1 10 12 1 10 12 1 10 12 1 10 12 1 10 12 1 10 12 1 10 12 1 100 1 10 12 1 9 100 12 1 1 1 9 100 1 9 12 1 1 100 1 100 1 100 1 100 1 1 1 1 5 0 1 1 1 1 1 1 1 1 1 1 1 1 1 1 1 1 1 1 1 1 1 1 1 1 1 1 1 1 1 1 1 1 1 1 1 1 1 1 1 1 1 1 1 1 1 1 1 1 1 1 1 1 1 1 1 1 1 1 1 1 100 1 1 1 1 1 100 1 1 1 1 1 1 1 1 1 1 1 1 1 1 1 1 1 1
instanceKlass java/lang/StringBuilder
instanceKlass java/lang/StringBuffer
ciInstanceKlass java/lang/AbstractStringBuilder 1 1 662 7 1 10 7 12 1 1 1 9 7 12 1 1 1 9 12 1 9 12 1 1 9 12 1 1 10 7 12 1 1 1 10 12 1 1 100 1 3 3 10 12 1 10 12 1 1 10 12 1 1 11 7 1 100 1 100 1 10 8 1 10 12 1 10 12 1 10 12 1 1 10 12 1 10 12 1 9 12 1 10 12 1 9 12 1 1 10 7 12 1 1 1 10 10 12 1 10 12 1 10 12 1 1 9 12 1 100 1 8 1 10 12 1 10 12 1 1 8 1 10 7 12 1 1 1 10 12 1 1 8 1 10 7 12 1 1 1 100 1 8 1 10 100 1 10 12 1 10 12 1 1 10 7 12 1 1 1 10 12 1 1 10 12 1 1 10 12 1 1 10 12 1 1 10 7 12 1 1 1 10 12 1 100 1 10 10 100 12 1 1 1 9 12 1 1 9 12 1 10 12 1 1 10 10 12 1 1 10 12 1 1 10 12 1 1 10 12 1 1 10 12 1 1 10 12 1 1 10 12 1 1 10 12 1 10 10 10 12 1 10 12 1 1 10 8 1 10 12 1 1 10 12 1 10 12 1 10 12 1 10 10 7 12 1 1 1 10 12 1 1 10 12 1 10 12 1 10 12 1 10 12 100 1 9 12 1 1 9 12 1 10 12 1 1 100 1 9 12 1 9 12 10 12 1 10 12 1 1 10 12 1 1 10 12 1 10 12 1 1 10 12 1 10 12 1 1 10 12 1 1 10 10 7 12 1 1 1 10 12 1 10 12 1 10 12 1 1 10 12 1 10 12 1 1 10 12 1 10 12 1 10 12 1 10 12 1 10 12 1 10 12 1 10 12 1 10 12 1 1 10 12 1 10 12 1 10 12 10 12 1 1 18 12 1 1 100 1 10 100 12 1 1 1 18 10 12 1 1 10 12 1 1 10 12 1 10 12 1 10 12 1 1 10 12 1 10 12 1 1 11 12 1 1 10 12 1 10 12 1 1 10 12 1 10 12 1 10 12 1 10 5 0 10 100 1 8 1 10 10 12 1 1 10 100 12 1 1 1 10 12 1 10 12 1 1 100 1 10 12 100 1 10 100 1 10 10 7 12 1 1 100 1 1 1 1 1 1 1 1 1 1 1 100 1 1 1 1 1 1 1 1 1 1 1 1 1 1 1 1 1 1 1 1 1 1 1 1 1 1 1 1 1 1 1 1 1 1 1 1 1 1 1 1 1 1 1 1 1 1 1 1 1 1 1 1 100 1 1 1 1 1 1 1 1 1 1 1 1 1 1 1 1 1 1 1 1 1 1 1 1 1 1 1 1 1 1 1 1 1 1 1 1 1 1 1 1 1 1 1 1 1 1 1 1 1 1 1 1 1 1 1 1 1 1 1 1 1 1 1 100 1 1 1 1 1 1 100 1 1 1 1 1 1 100 1 1 16 1 15 10 12 16 15 10 12 15 10 100 12 1 1 1 1 1 1 1 100 1 100 1 1
staticfield java/lang/AbstractStringBuilder EMPTYVALUE [B 0
staticfield java/lang/AbstractStringBuilder $assertionsDisabled Z 1
ciInstanceKlass java/lang/StringBuilder 1 1 425 10 7 12 1 1 1 10 12 1 10 12 1 10 12 1 1 10 7 12 1 1 1 10 7 12 1 1 1 10 12 1 10 12 1 10 12 1 10 12 1 10 12 1 10 12 1 10 12 1 10 12 1 10 12 1 10 12 1 10 12 1 10 12 1 10 12 1 10 12 1 1 10 12 1 10 12 1 1 10 12 1 1 10 12 1 10 12 1 10 12 1 10 12 1 10 12 1 10 12 1 10 12 1 10 12 10 12 1 10 12 1 10 12 1 10 12 1 1 10 12 1 10 12 1 10 12 10 12 1 1 10 12 1 10 12 1 10 12 1 1 8 1 10 12 1 10 100 12 1 1 1 9 12 1 1 10 12 1 10 12 1 10 12 1 1 9 12 1 1 10 100 12 1 1 1 10 100 1 10 12 1 1 10 100 12 1 1 10 12 1 10 12 1 1 100 1 100 1 8 1 10 10 12 1 1 10 12 1 10 12 1 10 12 1 1 10 12 1 10 12 1 10 12 1 10 12 1 10 12 1 10 12 10 12 1 10 12 1 10 12 1 10 12 1 10 12 1 10 12 1 10 12 1 10 12 1 10 12 1 1 10 12 1 1 10 12 1 10 12 1 10 12 1 10 12 10 12 10 12 1 10 12 1 10 12 1 10 12 10 12 1 10 12 1 10 12 1 10 12 1 10 12 1 10 12 1 10 12 1 10 12 1 10 12 1 1 10 12 1 10 12 1 1 10 12 1 10 12 1 1 10 12 1 10 12 1 1 10 12 1 10 12 1 10 12 1 10 10 10 12 1 100 1 100 1 100 1 100 1 1 1 1 5 0 1 1 1 1 1 1 1 1 1 1 1 1 1 1 1 1 1 1 1 1 1 1 1 1 1 1 1 1 1 1 1 1 1 1 1 1 1 1 1 1 1 1 1 1 100 1 1 1 100 1 1 1 1 1 1 1 1 1 1 1
ciMethod java/lang/StringBuilder toString ()Ljava/lang/String; 228 0 18762 0 -1
ciMethod java/lang/StringBuilder <init> ()V 220 0 19262 0 -1
ciMethod java/lang/StringBuilder append (Ljava/lang/String;)Ljava/lang/StringBuilder; 446 0 33872 0 -1
ciMethod java/lang/StringBuilder append (I)Ljava/lang/StringBuilder; 14 0 5396 0 -1
ciInstanceKlass java/security/CodeSource 1 1 396 10 7 12 1 1 1 9 7 12 1 1 1 9 12 1 1 9 12 1 1 9 12 1 1 10 7 12 1 1 1 9 12 1 1 10 100 12 1 1 10 100 10 100 12 1 1 1 10 12 1 1 10 12 1 1 100 1 10 10 100 12 1 1 1 10 100 12 1 1 1 10 12 1 1 100 1 10 12 1 1 10 12 1 1 10 12 1 1 10 12 1 10 10 100 1 10 12 1 1 10 100 12 1 1 1 10 12 1 1 10 12 1 10 12 1 8 1 10 12 1 10 12 1 10 12 1 1 10 12 1 8 1 10 12 1 1 10 100 1 10 10 12 1 1 8 1 10 12 1 10 12 1 10 12 1 8 1 8 1 9 12 1 1 100 1 8 1 10 12 1 10 12 1 1 8 1 10 12 1 8 1 8 1 8 1 10 100 12 1 1 10 12 1 1 10 12 1 10 12 1 1 10 12 1 1 10 12 1 1 100 1 100 1 10 12 1 10 12 10 12 1 1 10 100 12 1 1 10 12 1 100 1 10 12 10 100 12 1 1 1 10 8 1 10 12 1 10 12 1 1 100 1 10 12 1 1 100 1 100 1 8 1 8 1 10 10 12 1 1 10 100 12 1 1 1 100 1 10 12 10 12 1 1 11 100 12 1 1 10 10 12 1 11 10 12 1 8 1 100 1 10 12 1 10 12 1 1 10 12 1 11 12 1 1 100 1 1 1 1 5 0 1 1 1 1 1 1 1 1 1 1 1 1 1 1 1 1 1 1 1 1 1 1 1 1 1 1 1 1 1 1 1 1 1 1 1 1 1 1 1 1 1 1 1 1 1 1 1 1 1 1 1 1 1 1 1 1 1 1 1 1 1 1 1 1 1 1 100 1 1 1 1 1 1 1
ciInstanceKlass java/security/ProtectionDomain 1 1 141 10 7 12 1 1 1 9 7 12 1 1 1 9 12 1 1 9 12 1 1 10 7 12 1 1 7 1 9 12 1 9 12 1 1 7 1 9 12 1 1 9 12 1 10 100 12 1 1 10 100 12 1 1 1 10 12 1 1 10 12 1 8 1 100 1 8 1 10 12 1 10 11 12 1 1 10 100 12 1 1 1 10 12 1 1 8 1 11 8 1 10 12 1 8 1 8 1 8 1 10 12 1 8 1 8 1 1 1 1 1 1 1 1 100 1 1 100 1 1 1 1 1 1 1 1 1 1 1 1 1 1 1 1 1 1 1 100 1 1 1
instanceKlass java/net/URLClassLoader
instanceKlass jdk/internal/loader/BuiltinClassLoader
ciInstanceKlass java/security/SecureClassLoader 1 1 99 10 7 12 1 1 1 7 1 10 12 1 9 7 12 1 1 1 10 12 1 10 12 1 10 12 1 1 10 12 1 1 10 12 1 7 1 10 7 1 10 12 1 7 1 10 12 1 11 7 12 1 1 1 7 1 11 12 1 10 12 1 1 1 1 1 1 1 1 1 1 1 1 1 1 1 1 1 1 1 1 1 1 1 1 1 1 1 1 1 1 1 1 1 1 1 1 1 1
ciInstanceKlass java/net/URL 1 1 736 10 7 12 1 1 1 10 12 1 10 7 12 1 1 9 12 1 1 9 12 1 10 12 1 1 9 12 1 1 10 7 12 1 1 1 8 1 10 12 1 1 100 1 10 10 12 1 1 8 1 10 12 1 1 9 12 1 100 1 8 1 10 12 1 10 12 1 8 1 9 12 1 10 12 1 1 9 12 1 10 12 1 10 12 1 9 12 1 9 12 1 8 1 9 12 1 10 12 1 1 8 1 9 12 1 1 10 12 1 1 10 7 12 1 1 1 8 1 10 12 1 7 1 10 12 1 10 12 1 10 12 1 10 12 1 1 10 12 1 1 8 1 10 12 1 1 10 12 1 8 1 9 12 1 8 1 10 12 1 10 7 12 1 1 1 100 1 10 12 1 10 12 1 1 10 7 12 1 1 1 100 1 8 1 10 10 12 1 8 1 10 12 1 1 10 12 1 10 12 1 10 12 1 10 12 1 10 12 1 10 12 1 8 1 10 12 1 8 1 10 10 100 1 10 10 12 1 8 1 10 7 12 1 1 1 10 12 1 9 12 1 1 10 12 1 10 100 12 1 1 1 100 1 10 12 1 10 12 1 10 12 1 10 12 1 10 12 1 10 12 10 10 12 1 8 1 100 1 10 100 12 1 1 1 10 12 1 1 10 12 1 10 12 1 1 8 1 9 100 12 1 1 1 10 100 12 1 1 1 10 12 1 10 12 1 10 7 12 1 1 1 10 12 1 1 10 12 1 9 12 1 1 9 12 1 1 100 1 8 1 10 9 12 1 1 10 7 12 1 1 8 1 10 7 12 1 1 8 1 10 12 1 1 10 12 1 8 1 8 1 10 7 12 1 1 1 100 1 10 7 12 1 1 1 10 12 1 10 12 1 9 7 12 1 1 1 10 7 12 1 1 10 12 1 1 10 12 1 8 1 7 1 10 7 12 1 1 1 10 12 1 1 11 7 12 1 1 11 12 1 10 12 1 10 12 1 8 9 7 12 1 1 1 10 12 1 1 10 12 1 10 12 1 1 10 7 12 1 1 11 7 1 10 12 1 10 12 1 9 12 1 10 12 1 1 10 100 12 1 1 10 100 12 1 1 1 8 10 100 12 1 1 100 1 10 8 8 10 12 1 8 8 8 100 1 10 12 1 9 12 1 1 10 12 1 10 12 1 1 10 12 1 10 12 10 12 1 1 10 12 1 1 10 10 10 12 1 10 12 1 10 12 1 10 12 1 10 12 1 10 10 12 1 100 1 8 1 10 10 10 12 1 1 10 12 1 10 12 1 1 8 1 7 1 10 10 7 1 10 12 1 9 7 12 1 1 1 9 12 1 1 7 1 10 10 7 12 1 1 1 100 1 1 1 1 1 5 0 1 1 1 1 1 1 1 1 1 1 1 1 1 1 1 1 1 1 1 1 1 1 1 1 1 1 1 1 1 1 1 1 1 1 1 1 1 1 1 1 1 1 1 1 1 1 100 1 1 1 1 1 1 1 1 1 1 1 1 1 1 1 1 1 1 1 1 1 1 1 1 1 1 1 1 1 1 1 1 1 1 1 1 100 1 1 1 1 1 1 1 1 1 1 1 1 1 1 1 1 1 1 1 1 1 1 1 100 1 1 1 1 1 1 1 1 1 1 1 1 1 1 1 1 1 1 1
staticfield java/net/URL defaultFactory Ljava/net/URLStreamHandlerFactory; java/net/URL$DefaultFactory
staticfield java/net/URL handlers Ljava/util/Hashtable; java/util/Hashtable
staticfield java/net/URL streamHandlerLock Ljava/lang/Object; java/lang/Object
staticfield java/net/URL serialPersistentFields [Ljava/io/ObjectStreamField; 7 [Ljava/io/ObjectStreamField;
ciInstanceKlass java/util/jar/Manifest 1 1 320 10 7 12 1 1 1 7 1 10 9 7 12 1 1 1 7 1 10 9 12 1 1 9 12 1 1 10 12 1 10 12 1 1 10 12 1 1 10 12 1 1 10 12 1 1 11 7 1 11 12 1 1 10 12 1 1 10 100 12 1 1 1 100 1 100 1 10 8 1 10 12 1 1 10 12 1 1 10 12 1 10 12 1 11 100 1 10 12 1 10 12 1 1 11 12 1 1 10 12 1 11 12 1 1 11 100 12 1 1 1 11 100 12 1 1 11 12 1 1 100 1 10 12 1 8 1 11 12 1 7 1 10 12 1 1 11 12 1 10 12 1 10 12 1 10 9 7 12 1 1 1 10 12 1 1 10 100 12 1 10 12 1 10 12 1 9 100 12 1 1 1 8 1 10 12 1 8 1 8 1 7 1 10 12 1 10 12 1 10 12 1 1 100 1 8 1 10 12 1 1 8 1 10 10 12 1 1 8 1 10 12 1 1 10 100 12 1 1 1 10 12 1 10 11 12 1 1 10 12 1 1 10 7 12 1 1 1 10 12 1 1 10 12 1 10 12 1 1 11 10 12 1 11 10 12 1 100 1 1 1 1 1 1 1 1 1 1 1 1 1 1 1 1 1 1 1 1 1 1 1 1 1 1 1 1 1 1 1 1 1 1 1 100 1 1 1 1 1 1 1 1 1 1 1 1 1 1 100 1 1 1 1 1 1 1 1 1 1 1
ciInstanceKlass java/io/ByteArrayInputStream 1 1 135 10 7 12 1 1 1 9 7 12 1 1 1 9 12 1 1 9 12 1 9 12 1 10 100 12 1 1 1 10 7 12 1 1 1 10 7 12 1 1 1 10 100 12 1 1 1 10 12 1 1 10 100 12 1 1 1 100 1 100 1 100 1 3 10 100 1 10 100 12 1 1 1 9 12 1 1 100 1 10 10 7 12 1 1 1 1 1 1 1 1 1 1 1 1 1 1 1 1 1 1 1 1 1 1 1 1 1 1 1 1 1 1 1 1 1 1 1 100 1 100 1 1 1 1 1 1 1 1 1 1 1 1 1 1
staticfield java/io/ByteArrayInputStream $assertionsDisabled Z 1
ciMethod java/io/ByteArrayInputStream read ()I 1024 0 6065 0 536
instanceKlass java/nio/DoubleBuffer
instanceKlass java/nio/FloatBuffer
instanceKlass java/nio/LongBuffer
instanceKlass java/nio/IntBuffer
instanceKlass java/nio/ShortBuffer
instanceKlass java/nio/CharBuffer
instanceKlass java/nio/ByteBuffer
ciInstanceKlass java/nio/Buffer 1 1 259 100 1 10 7 12 1 1 1 9 7 12 1 1 1 9 12 1 9 12 1 1 9 12 1 9 12 1 1 10 12 1 1 10 12 1 1 10 12 100 1 100 1 10 8 1 10 12 1 1 10 12 1 8 1 8 1 10 12 1 1 10 12 1 8 1 9 12 1 1 100 1 8 1 10 12 1 8 1 8 1 9 12 10 12 1 8 1 8 1 8 1 10 12 1 8 1 8 1 8 1 100 1 10 100 1 10 100 1 10 9 12 1 1 10 7 12 1 1 1 100 1 10 12 1 1 10 12 1 10 100 12 1 1 10 7 12 1 1 1 10 7 12 1 1 1 9 12 1 1 10 7 12 1 1 1 9 12 1 1 7 1 10 10 12 1 1 7 1 10 10 7 12 1 1 1 1 1 3 1 1 1 1 1 1 1 1 1 1 1 1 1 1 100 1 1 1 1 1 1 1 100 1 1 1 1 1 1 1 1 1 1 1 1 1 1 1 1 1 1 1 1 1 1 1 1 1 1 1 1 1 1 1 1 1 1 1 1 1 1 1 1 1 1 100 1 100 1 100 1 100 1 100 1 100 1 100 1 1
staticfield java/nio/Buffer UNSAFE Ljdk/internal/misc/Unsafe; jdk/internal/misc/Unsafe
staticfield java/nio/Buffer SCOPED_MEMORY_ACCESS Ljdk/internal/misc/ScopedMemoryAccess; jdk/internal/misc/ScopedMemoryAccess
staticfield java/nio/Buffer IOOBE_FORMATTER Ljava/util/function/BiFunction; jdk/internal/util/Preconditions$4
staticfield java/nio/Buffer $assertionsDisabled Z 1
ciInstanceKlass jdk/internal/util/Preconditions 1 1 194 10 100 12 1 1 1 11 100 12 1 1 1 11 100 12 1 1 1 100 1 100 1 10 7 12 1 1 1 10 12 1 8 1 100 1 10 100 12 1 1 1 10 12 1 1 8 1 8 1 10 100 12 1 1 7 1 10 12 1 8 1 10 100 12 1 1 1 8 1 10 12 1 1 10 12 1 1 11 12 1 8 1 8 1 11 12 1 1 8 1 8 1 8 1 10 12 1 1 10 12 1 1 10 12 1 10 12 1 10 12 1 10 12 7 1 10 10 12 1 1 9 12 1 1 7 1 10 9 12 1 7 1 10 9 12 1 1 1 1 1 1 1 1 1 1 1 1 1 1 1 1 1 1 1 1 1 1 1 1 1 1 1 1 1 1 1 1 1 1 1 1 1 1 1 1 1 1 1 1 1 1 1 1 1 1 1 1 1 1 1 1 1 1
staticfield jdk/internal/util/Preconditions SIOOBE_FORMATTER Ljava/util/function/BiFunction; jdk/internal/util/Preconditions$4
staticfield jdk/internal/util/Preconditions AIOOBE_FORMATTER Ljava/util/function/BiFunction; jdk/internal/util/Preconditions$4
staticfield jdk/internal/util/Preconditions IOOBE_FORMATTER Ljava/util/function/BiFunction; jdk/internal/util/Preconditions$4
ciInstanceKlass jdk/internal/util/Preconditions$4 1 1 61 9 7 12 1 1 1 10 7 12 1 1 1 10 100 12 1 1 1 11 100 12 1 1 1 100 1 100 1 100 1 10 12 1 100 1 1 1 1 1 1 1 1 1 1 1 1 1 1 1 1 1 1 1 1 1 12 1 1 1 1
ciInstanceKlass java/util/function/BiFunction 1 1 65 10 100 12 1 1 1 18 12 1 1 11 100 12 1 1 11 100 12 1 100 1 1 1 1 1 1 1 1 1 1 1 1 1 1 1 1 1 1 1 1 1 1 1 1 1 1 1 16 15 11 12 15 10 100 12 1 1 1 1 100 1 100 1 1
ciMethod jdk/internal/util/Preconditions checkIndex (IILjava/util/function/BiFunction;)I 776 0 5508 0 -1
ciInstanceKlass java/lang/AssertionStatusDirectives 0 0 24 10 100 12 1 1 1 100 1 1 1 1 1 1 1 1 1 1 1 1 1 1 1 1
instanceKlass jdk/internal/net/http/common/DebugLogger$LoggerConfig
instanceKlass java/text/DecimalFormat$NumericPosition
instanceKlass jdk/internal/classfile/impl/AbstractInstruction$SwitchCaseImpl
instanceKlass java/lang/reflect/Executable$ParameterData
instanceKlass java/lang/invoke/StringConcatFactory$InlineHiddenClassStrategy$MethodHandlePair
instanceKlass sun/util/locale/LanguageTag
instanceKlass jdk/internal/misc/ThreadTracker$ThreadRef
instanceKlass java/util/Formatter$FixedString
instanceKlass jdk/internal/classfile/impl/StackCounter$Target
instanceKlass jdk/internal/classfile/impl/StackMapDecoder$StackMapFrameImpl
instanceKlass jdk/internal/classfile/impl/StackMapDecoder$ObjectVerificationTypeInfoImpl
instanceKlass java/lang/reflect/Proxy$ProxyBuilder$ProxyClassContext
instanceKlass java/lang/ClassValue$Version
instanceKlass jdk/net/UnixDomainPrincipal
instanceKlass java/security/SecureClassLoader$CodeSourceKey
instanceKlass java/util/zip/ZipFile$EntryPos
instanceKlass sun/nio/fs/WindowsPathParser$Result
instanceKlass jdk/internal/module/ModuleReferenceImpl$CachedHash
instanceKlass java/util/stream/Collectors$CollectorImpl
instanceKlass java/lang/invoke/MethodHandles$Lookup$ClassDefiner
instanceKlass jdk/internal/classfile/impl/ClassHierarchyImpl$ClassHierarchyInfoImpl
instanceKlass java/lang/classfile/ClassHierarchyResolver$1Factory
instanceKlass jdk/internal/classfile/impl/RawBytecodeHelper$CodeRange
instanceKlass jdk/internal/classfile/impl/StackMapGenerator$Type
instanceKlass jdk/internal/classfile/impl/Util$1WithCodeMethodHandler
instanceKlass jdk/internal/classfile/impl/DirectCodeBuilder$DeferredLabel
instanceKlass java/lang/invoke/InvokerBytecodeGenerator$ClassData
instanceKlass jdk/internal/classfile/impl/AnnotationImpl
instanceKlass jdk/internal/reflect/ReflectionFactory$Config
instanceKlass jdk/internal/foreign/abi/UpcallLinker$CallRegs
instanceKlass jdk/internal/foreign/abi/VMStorage
ciInstanceKlass java/lang/Record 1 1 22 10 7 12 1 1 1 100 1 1 1 1 1 1 1 1 1 1 1 1 1 1
ciInstanceKlass java/util/concurrent/ConcurrentHashMap 1 1 1219 100 1 7 1 10 7 12 1 1 1 10 12 1 1 9 12 1 1 3 10 7 12 1 1 1 3 100 1 10 7 12 1 1 1 100 1 10 100 12 1 1 1 100 1 11 12 1 1 11 12 1 11 12 1 1 9 12 1 1 9 12 1 9 12 1 1 10 7 12 1 1 1 7 1 10 12 1 1 10 12 1 1 10 7 12 1 1 1 4 10 12 1 11 7 12 1 1 10 12 1 10 12 1 1 100 1 10 5 0 10 12 1 9 12 1 10 12 1 1 5 0 10 12 1 10 12 1 9 12 1 1 10 12 1 1 9 12 1 9 12 1 1 10 12 1 1 9 12 1 10 12 1 1 9 12 1 1 10 12 1 1 100 1 10 100 1 10 12 1 10 12 1 1 10 12 1 1 10 12 1 1 10 12 1 10 12 1 1 10 12 1 1 100 1 10 12 1 1 7 1 100 1 8 1 10 12 1 10 12 1 1 10 12 1 1 10 10 12 1 11 12 1 1 11 7 12 1 1 1 11 7 12 1 1 1 11 12 1 7 1 11 12 1 11 12 1 10 12 1 1 10 12 1 1 9 12 1 1 10 100 12 1 1 1 9 10 12 1 1 9 12 1 10 12 1 1 5 0 9 12 1 1 7 1 10 12 1 9 12 1 1 7 1 10 12 1 9 12 1 7 1 10 100 1 10 10 12 1 1 8 1 10 12 1 10 12 1 1 11 100 1 10 12 1 10 100 12 1 1 1 8 1 10 100 12 1 1 1 8 1 10 12 1 8 1 10 12 1 10 12 1 1 10 100 12 1 1 10 12 1 10 12 1 10 12 1 9 12 1 9 10 12 1 9 12 1 11 100 12 1 1 1 11 7 12 1 1 1 100 1 10 12 11 100 12 1 1 10 11 7 12 1 10 12 1 100 1 10 12 1 100 1 10 10 9 7 12 1 1 1 3 10 100 12 1 1 9 12 1 10 12 1 1 9 12 1 1 9 12 1 10 12 1 1 10 100 12 1 1 9 12 1 9 7 12 1 1 10 12 1 1 10 12 1 3 9 12 1 9 12 1 10 12 1 1 7 1 9 3 100 1 10 12 1 9 12 1 10 12 1 9 12 1 10 12 1 9 12 1 10 100 12 1 1 1 100 10 12 1 100 1 5 0 10 100 12 1 1 100 1 10 12 1 1 10 12 1 10 12 1 100 1 10 12 1 10 100 1 100 1 10 10 12 1 10 100 1 10 12 1 10 100 1 10 12 1 10 100 1 10 12 1 1 100 1 10 12 1 10 10 12 1 100 1 10 12 1 10 10 12 1 100 1 10 12 1 10 100 1 10 12 1 10 100 1 10 12 1 10 100 1 10 12 1 10 100 1 10 12 1 10 100 1 10 12 1 10 100 1 10 12 1 10 100 1 10 12 1 10 100 1 10 10 100 1 10 10 100 1 10 10 100 1 10 12 1 10 100 1 10 12 1 10 100 1 10 12 1 10 100 1 10 12 1 10 100 1 10 12 1 10 100 1 10 10 100 1 10 10 100 1 10 10 100 1 10 12 1 10 100 1 10 12 1 10 100 1 10 12 1 10 100 1 10 12 1 10 100 1 10 12 1 10 10 12 1 10 12 1 7 1 7 1 10 12 1 9 12 1 1 9 12 1 1 10 12 1 1 8 10 12 1 1 8 8 8 8 7 10 12 1 1 10 12 1 1 100 1 8 1 10 7 1 100 1 100 1 1 1 5 0 1 1 3 1 3 1 1 1 1 3 1 3 1 3 1 1 1 1 1 3 1 3 1 3 1 1 1 1 1 1 1 1 1 1 1 1 1 1 1 1 1 1 1 1 1 1 1 1 1 1 1 100 1 1 1 1 1 1 1 1 1 1 1 1 1 1 1 1 1 1 1 1 1 1 1 1 1 1 1 1 1 1 1 1 1 1 1 1 1 1 1 1 1 1 1 1 1 1 1 1 1 1 1 1 1 1 1 1 1 1 1 1 1 1 1 1 1 1 1 1 1 1 1 1 1 1 1 1 1 1 1 1 1 1 1 1 100 1 1 1 1 1 1 1 1 1 1 1 100 1 1 1 1 1 1 1 1 1 1 1 1 1 1 1 1 1 1 1 1 1 1 1 1 1 1 1 1 1 1 1 1 1 1 1 1 1 1 1 1 1 1 1 1 1 1 1 1 1 1 1 1 1 1 1 1 1 1 1 1 1 1 1 1 1 1 1 1 1 1 1 1 1 1 1 1 1 1 1 1 1 1 1 1 1 1 1 1 1 1 1 1 1 1 1 1 1 1 1 1 1 1 1 1 1 1 1 1 1 1 1 1 1 1 1 1 1 1 1 1 1 1 1 1 1 1 1 1 1 1 1 1 1 1 1 1 1 1 1 1 1 1 1 1 1 1 1 1 1 1 1 1 1 1 1 1 1 1 1 1 1 1 1 1 1 1 1 1 1 1 1 1 1 1 1 1 1 1 1 1 1 1 1 1 1 1 1 1 1 1 1 1 1 1 1 1 1 1 1 1 1 1 1 1 1 1 1 1 1 1 1 1 1 1 1 1 1 1 1 1 1 1 1 100 1 100 1 100 1 100 1 100 1 100 1 100 1 100 1 100 1 1 1 1 1 1 1 1 1 1 1 1 1 1 1 1 1 1 1 1 1 1 1 1 1 1 1 1 1 1 1 1 1 1 1 1 1 1 1 1 1 1 1 1 1 1 1 1 1 1 1 1 1 1 1 1 1 1
staticfield java/util/concurrent/ConcurrentHashMap serialPersistentFields [Ljava/io/ObjectStreamField; 3 [Ljava/io/ObjectStreamField;
staticfield java/util/concurrent/ConcurrentHashMap U Ljdk/internal/misc/Unsafe; jdk/internal/misc/Unsafe
staticfield java/util/concurrent/ConcurrentHashMap SIZECTL J 44
staticfield java/util/concurrent/ConcurrentHashMap TRANSFERINDEX J 56
staticfield java/util/concurrent/ConcurrentHashMap BASECOUNT J 48
staticfield java/util/concurrent/ConcurrentHashMap CELLSBUSY J 60
staticfield java/util/concurrent/ConcurrentHashMap CELLVALUE J 144
staticfield java/util/concurrent/ConcurrentHashMap ABASE J 16
staticfield java/util/concurrent/ConcurrentHashMap ASHIFT I 2
instanceKlass java/util/Collections$SingletonMap
instanceKlass java/util/TreeMap
instanceKlass io/qameta/allure/internal/shadowed/jackson/databind/util/internal/PrivateMaxEntriesMap
instanceKlass java/util/concurrent/ConcurrentSkipListMap
instanceKlass java/util/IdentityHashMap
instanceKlass java/util/EnumMap
instanceKlass java/util/WeakHashMap
instanceKlass java/util/Collections$EmptyMap
instanceKlass sun/util/PreHashedMap
instanceKlass java/util/HashMap
instanceKlass java/util/ImmutableCollections$AbstractImmutableMap
instanceKlass java/util/concurrent/ConcurrentHashMap
ciInstanceKlass java/util/AbstractMap 1 1 198 10 7 12 1 1 1 10 7 12 1 1 1 11 7 12 1 1 1 10 11 12 1 1 11 7 12 1 1 1 11 12 1 1 7 1 11 12 1 10 12 1 1 11 12 1 100 1 10 11 12 1 11 7 1 10 12 1 1 11 12 1 9 12 1 1 7 1 10 12 1 9 12 1 1 100 1 10 11 11 12 1 1 11 12 1 100 1 100 1 11 12 1 8 1 100 1 10 10 12 1 1 8 1 10 12 1 10 12 1 1 10 12 1 1 1 1 1 1 1 1 1 1 1 1 1 1 1 1 1 1 1 1 1 1 1 1 1 1 1 1 1 1 1 1 1 1 1 1 1 1 1 1 100 1 1 1 1 1 1 1 100 1 1 1 1 1 1 1 1 1 100 1 1 1 1 1 1 1 1 1 100 1 100 1 100 1 100 1 100 1 1 1 1 1 1 1 1
ciInstanceKlass java/util/concurrent/ConcurrentMap 1 1 201 11 100 12 1 1 1 10 100 12 1 1 11 12 1 1 11 100 12 1 1 1 11 100 12 1 1 1 11 12 1 1 100 1 11 12 1 11 12 1 100 1 11 100 12 1 1 1 18 12 1 11 12 1 1 11 100 12 1 1 11 12 1 1 11 100 12 1 11 12 1 1 11 12 1 1 100 1 100 1 1 1 1 1 1 1 1 1 1 1 1 1 1 1 1 1 1 1 1 1 1 1 1 1 1 1 1 1 1 1 1 1 1 1 1 1 1 1 1 1 1 1 1 1 1 1 1 1 1 1 1 1 1 1 1 1 1 1 1 16 15 11 12 15 10 100 12 1 1 1 1 1 100 1 100 1 1 1 100 1 8 1 1 12 10 1 8 1 1 1 8 1 8 1 1 8 1 1 1 8 1 1 1 8 1 1 8 1 8 1 1 1 8 1 1 8 1 1 1 8 1
ciInstanceKlass java/util/Collection 1 1 115 11 7 12 1 1 1 7 1 11 7 12 1 1 1 10 100 12 1 1 1 11 12 1 1 11 100 12 1 1 1 11 12 1 1 11 100 12 1 1 1 11 12 1 1 10 100 12 1 1 1 11 12 1 10 7 12 1 1 1 100 1 100 1 1 1 1 1 1 1 1 1 1 1 1 1 1 1 1 1 1 1 1 1 1 1 1 1 1 1 1 1 1 1 1 1 1 1 1 1 1 1 1 1 1 1 1 1 1 1 1 1 1 1 1
instanceKlass jdk/internal/loader/ClassLoaders$BootClassLoader
instanceKlass jdk/internal/loader/ClassLoaders$PlatformClassLoader
instanceKlass jdk/internal/loader/ClassLoaders$AppClassLoader
ciInstanceKlass jdk/internal/loader/BuiltinClassLoader 1 1 652 9 7 12 1 1 1 10 7 12 1 1 1 10 7 12 1 1 1 9 12 1 1 9 12 1 1 7 1 10 12 1 9 12 1 10 12 1 9 12 1 10 7 12 1 1 1 10 7 12 1 1 1 10 7 12 1 1 1 11 7 12 1 1 1 100 1 100 1 10 10 12 1 1 8 1 10 12 1 10 12 7 1 10 12 1 10 12 1 1 11 7 12 1 1 1 11 7 12 1 1 1 11 12 1 1 7 1 8 1 8 1 10 9 12 1 1 10 7 12 1 1 11 12 1 1 10 12 1 1 10 12 1 1 10 12 1 1 11 7 12 1 1 1 10 7 12 1 1 7 1 10 7 12 1 1 1 10 7 12 1 1 1 10 12 1 10 12 1 100 1 8 1 10 12 1 1 10 8 1 10 12 1 1 10 12 1 1 10 12 1 1 11 7 12 1 1 11 12 1 7 1 10 11 12 1 1 11 10 12 1 1 7 1 10 12 1 10 7 12 1 10 12 1 11 12 1 1 11 7 1 11 12 1 7 1 10 12 1 1 100 1 100 1 11 12 1 1 10 12 1 10 12 10 12 1 10 7 12 1 1 1 7 1 10 10 12 1 1 10 12 1 1 10 12 1 1 10 12 1 9 12 1 1 100 1 10 10 12 1 1 10 12 1 1 10 12 1 10 12 10 12 1 1 10 12 1 1 10 12 1 1 10 12 1 10 12 1 1 10 12 1 1 10 12 1 10 12 1 1 10 12 1 7 1 10 12 10 7 12 1 1 1 10 12 1 11 12 1 7 1 10 12 1 7 1 100 1 10 12 1 10 12 1 11 12 1 1 10 12 1 1 10 12 1 1 10 12 1 1 10 12 1 1 10 12 1 10 12 1 10 12 1 10 12 1 8 1 10 12 1 1 10 7 12 1 1 10 12 1 100 1 8 1 8 1 10 10 12 1 8 1 8 1 10 7 12 1 1 1 11 7 12 1 1 1 9 7 12 1 1 1 10 7 12 1 1 1 9 12 1 9 12 1 9 12 1 9 12 1 9 12 1 9 12 1 10 7 12 1 1 1 8 1 10 12 1 7 1 10 11 12 1 1 10 12 10 12 1 10 12 1 100 1 10 12 1 10 12 1 11 11 12 1 10 7 12 1 1 10 7 12 1 1 8 1 10 7 12 1 1 10 12 1 1 1 1 1 1 1 1 1 1 1 1 1 1 1 1 1 1 1 1 1 1 1 1 1 1 1 1 1 1 1 1 1 1 1 1 1 1 1 1 1 1 1 1 1 1 1 1 1 1 1 1 1 1 1 100 1 1 1 1 1 1 1 1 1 1 1 1 1 100 1 100 1 1 1 1 1 1 1 1 1 1 1 1 1 1 1 1 1 1 1 1 1 1 1 1 1 1 1 1 1 1 1 1 1 1 1 1 1 1 1 1 1 1 1 1 1 1 1 100 1 1 1 100 1 1 1 1 1
staticfield jdk/internal/loader/BuiltinClassLoader packageToModule Ljava/util/Map; java/util/concurrent/ConcurrentHashMap
staticfield jdk/internal/loader/BuiltinClassLoader $assertionsDisabled Z 1
ciInstanceKlass jdk/internal/loader/ClassLoaders$AppClassLoader 1 1 57 8 1 10 7 12 1 1 1 10 7 12 1 1 1 10 12 1 1 10 7 12 1 1 1 100 1 10 12 1 1 1 1 1 1 1 1 1 1 1 1 1 1 1 1 1 1 1 1 1 1 1 1 100 1 1 1
ciInstanceKlass jdk/internal/loader/ClassLoaders$PlatformClassLoader 1 1 42 8 1 10 7 12 1 1 1 10 7 12 1 1 1 100 1 10 12 1 100 1 1 1 1 1 1 1 1 1 1 1 1 1 1 100 1 1 1 100 1 1
ciInstanceKlass java/lang/ArithmeticException 1 1 26 10 100 12 1 1 1 10 12 1 100 1 1 1 1 5 0 1 1 1 1 1 1 1 1 1
instanceKlass sun/security/pkcs11/wrapper/PKCS11Exception
instanceKlass javax/management/JMException
instanceKlass org/openqa/selenium/net/UrlChecker$TimeoutException
instanceKlass org/apache/hc/core5/http/HttpException
instanceKlass sun/security/ec/ECOperations$IntermediateValueException
instanceKlass javax/security/auth/DestroyFailedException
instanceKlass javax/security/auth/callback/UnsupportedCallbackException
instanceKlass org/testng/internal/thread/ThreadTimeoutException
instanceKlass org/testng/internal/thread/ThreadExecutionException
instanceKlass java/text/ParseException
instanceKlass com/sun/org/apache/xerces/internal/impl/dv/DatatypeException
instanceKlass java/lang/invoke/StringConcatException
instanceKlass javax/xml/transform/TransformerException
instanceKlass org/xml/sax/SAXException
instanceKlass javax/xml/parsers/ParserConfigurationException
instanceKlass java/util/concurrent/TimeoutException
instanceKlass java/util/concurrent/ExecutionException
instanceKlass java/security/PrivilegedActionException
instanceKlass java/util/zip/DataFormatException
instanceKlass java/net/URISyntaxException
instanceKlass java/security/GeneralSecurityException
instanceKlass sun/util/locale/LocaleSyntaxException
instanceKlass sun/nio/fs/WindowsException
instanceKlass java/lang/CloneNotSupportedException
instanceKlass java/lang/instrument/UnmodifiableClassException
instanceKlass java/lang/InterruptedException
instanceKlass java/io/IOException
instanceKlass java/lang/ReflectiveOperationException
instanceKlass java/lang/RuntimeException
ciInstanceKlass java/lang/Exception 1 1 40 10 7 12 1 1 1 10 12 1 10 12 1 10 12 1 10 12 1 100 1 1 1 1 5 0 1 1 1 1 1 1 1 1 1 1 1 1 1 1
instanceKlass java/util/concurrent/CompletionException
instanceKlass org/brotli/dec/BrotliRuntimeException
instanceKlass java/nio/file/FileSystemNotFoundException
instanceKlass org/openqa/selenium/WebDriverException
instanceKlass io/github/bonigarcia/wdm/config/WebDriverManagerException
instanceKlass org/testng/internal/TestListenerHelper$ListenerInvocationException
instanceKlass java/lang/WrongThreadException
instanceKlass org/testng/SkipException
instanceKlass io/qameta/allure/AllureResultsWriteException
instanceKlass java/security/ProviderException
instanceKlass com/sun/org/apache/xerces/internal/impl/dv/DVFactoryException
instanceKlass java/util/EmptyStackException
instanceKlass javax/xml/catalog/CatalogException
instanceKlass com/sun/org/apache/xerces/internal/xni/XNIException
instanceKlass java/lang/reflect/MalformedParameterizedTypeException
instanceKlass java/lang/reflect/UndeclaredThrowableException
instanceKlass java/lang/invoke/WrongMethodTypeException
instanceKlass java/lang/annotation/IncompleteAnnotationException
instanceKlass java/util/concurrent/RejectedExecutionException
instanceKlass com/beust/jcommander/ParameterException
instanceKlass org/testng/TestNGException
instanceKlass java/nio/file/ProviderNotFoundException
instanceKlass java/lang/MatchException
instanceKlass java/lang/SecurityException
instanceKlass java/util/MissingResourceException
instanceKlass java/util/IllformedLocaleException
instanceKlass java/time/DateTimeException
instanceKlass java/nio/file/FileSystemAlreadyExistsException
instanceKlass java/nio/BufferOverflowException
instanceKlass java/nio/BufferUnderflowException
instanceKlass java/lang/NegativeArraySizeException
instanceKlass java/io/UncheckedIOException
instanceKlass java/util/ConcurrentModificationException
instanceKlass java/lang/TypeNotPresentException
instanceKlass java/util/NoSuchElementException
instanceKlass java/lang/UnsupportedOperationException
instanceKlass java/lang/IllegalStateException
instanceKlass java/lang/IllegalArgumentException
instanceKlass java/lang/IndexOutOfBoundsException
instanceKlass java/lang/ArithmeticException
instanceKlass java/lang/NullPointerException
instanceKlass java/lang/IllegalCallerException
instanceKlass java/lang/IllegalMonitorStateException
instanceKlass java/lang/ArrayStoreException
instanceKlass java/lang/ClassCastException
ciInstanceKlass java/lang/RuntimeException 1 1 40 10 7 12 1 1 1 10 12 1 10 12 1 10 12 1 10 12 1 100 1 1 1 1 5 0 1 1 1 1 1 1 1 1 1 1 1 1 1 1
ciInstanceKlass java/lang/ArrayIndexOutOfBoundsException 1 1 45 10 100 12 1 1 1 10 12 1 100 1 10 8 1 10 12 1 1 10 12 1 10 12 1 1 100 1 1 1 1 5 0 1 1 1 1 1 1 1 1 1 1 1 1
ciInstanceKlass java/lang/ArrayStoreException 1 1 26 10 100 12 1 1 1 10 12 1 100 1 1 1 1 5 0 1 1 1 1 1 1 1 1 1
ciInstanceKlass java/lang/ClassCastException 1 1 26 10 100 12 1 1 1 10 12 1 100 1 1 1 1 5 0 1 1 1 1 1 1 1 1 1
ciInstanceKlass java/lang/ClassNotFoundException 1 1 96 7 1 10 7 12 1 1 1 10 12 1 10 12 1 1 10 100 12 1 1 1 8 1 10 100 12 1 1 1 10 7 12 1 1 10 100 12 1 1 1 10 100 12 1 1 1 10 12 1 1 7 1 10 12 1 9 12 1 1 1 1 1 5 0 1 1 1 1 1 1 1 1 1 1 1 1 1 1 1 1 1 1 100 1 1 1 1 1 1 1 1 1 1 1 1
staticfield java/lang/ClassNotFoundException serialPersistentFields [Ljava/io/ObjectStreamField; 1 [Ljava/io/ObjectStreamField;
instanceKlass java/lang/reflect/Proxy$InvocationException
instanceKlass java/lang/IllegalAccessException
instanceKlass java/lang/InstantiationException
instanceKlass java/lang/reflect/InvocationTargetException
instanceKlass java/lang/NoSuchFieldException
instanceKlass java/lang/NoSuchMethodException
instanceKlass java/lang/ClassNotFoundException
ciInstanceKlass java/lang/ReflectiveOperationException 1 1 34 10 7 12 1 1 1 10 12 1 10 12 1 10 12 1 100 1 1 1 1 5 0 1 1 1 1 1 1 1 1 1 1 1
instanceKlass java/nio/channels/IllegalSelectorException
instanceKlass java/util/regex/PatternSyntaxException
instanceKlass java/util/IllegalFormatException
instanceKlass java/lang/IllegalThreadStateException
instanceKlass java/nio/charset/UnsupportedCharsetException
instanceKlass java/nio/charset/IllegalCharsetNameException
instanceKlass java/nio/channels/UnresolvedAddressException
instanceKlass java/nio/channels/UnsupportedAddressTypeException
instanceKlass java/security/InvalidParameterException
instanceKlass java/nio/file/ProviderMismatchException
instanceKlass java/nio/file/InvalidPathException
instanceKlass java/lang/NumberFormatException
ciInstanceKlass java/lang/IllegalArgumentException 1 1 35 10 7 12 1 1 1 10 12 1 10 12 1 10 12 1 100 1 1 1 1 5 0 1 1 1 1 1 1 1 1 1 1 1 1
ciMethod java/lang/IllegalArgumentException <init> (Ljava/lang/String;)V 0 0 1 0 -1
ciInstanceKlass java/lang/IllegalCallerException 0 0 35 10 100 12 1 1 1 10 12 1 10 12 1 10 12 1 100 1 1 1 1 5 0 1 1 1 1 1 1 1 1 1 1 1 1
ciInstanceKlass java/lang/IllegalMonitorStateException 1 1 26 10 100 12 1 1 1 10 12 1 100 1 1 1 1 5 0 1 1 1 1 1 1 1 1 1
ciInstanceKlass java/lang/BootstrapMethodError 0 0 45 10 100 12 1 1 1 10 12 1 10 12 1 10 100 12 1 1 1 10 100 12 1 1 1 1 1 1 5 0 1 1 1 1 1 1 1 1 1 1 1 100 1 1 1
instanceKlass javax/xml/parsers/FactoryConfigurationError
instanceKlass java/lang/annotation/AnnotationFormatError
instanceKlass java/util/ServiceConfigurationError
instanceKlass java/io/IOError
instanceKlass java/nio/charset/CoderMalfunctionError
instanceKlass java/lang/AssertionError
instanceKlass java/lang/VirtualMachineError
instanceKlass java/lang/LinkageError
ciInstanceKlass java/lang/Error 1 1 58 10 7 12 1 1 1 9 12 1 1 10 100 12 1 1 1 10 100 12 1 1 1 10 12 1 10 12 1 10 12 1 10 12 1 100 1 1 1 1 5 0 1 1 1 1 1 1 1 1 100 1 1 1 1 1 1 1
instanceKlass java/lang/ClassFormatError
instanceKlass java/lang/ExceptionInInitializerError
instanceKlass java/lang/IncompatibleClassChangeError
instanceKlass java/lang/BootstrapMethodError
instanceKlass java/lang/NoClassDefFoundError
ciInstanceKlass java/lang/LinkageError 1 1 31 10 7 12 1 1 1 10 12 1 10 12 1 100 1 1 1 1 5 0 1 1 1 1 1 1 1 1 1 1 1
ciInstanceKlass java/lang/NullPointerException 1 1 52 10 100 12 1 1 1 10 12 1 9 100 12 1 1 1 10 12 1 1 9 12 1 1 10 12 1 1 10 12 1 1 1 1 5 0 1 1 1 1 1 1 1 1 100 1 100 1 100 1 1 1
ciInstanceKlass java/lang/InternalError 1 1 34 10 7 12 1 1 1 10 12 1 10 12 1 10 12 1 100 1 1 1 1 5 0 1 1 1 1 1 1 1 1 1 1 1
instanceKlass java/lang/StackOverflowError
instanceKlass java/lang/OutOfMemoryError
instanceKlass java/lang/InternalError
ciInstanceKlass java/lang/VirtualMachineError 1 1 34 10 7 12 1 1 1 10 12 1 10 12 1 10 12 1 100 1 1 1 1 5 0 1 1 1 1 1 1 1 1 1 1 1
ciInstanceKlass java/lang/NoClassDefFoundError 0 0 26 10 100 12 1 1 1 10 12 1 100 1 1 1 1 5 0 1 1 1 1 1 1 1 1 1
ciInstanceKlass java/lang/OutOfMemoryError 1 1 26 10 100 12 1 1 1 10 12 1 100 1 1 1 1 5 0 1 1 1 1 1 1 1 1 1
ciInstanceKlass java/lang/StackOverflowError 1 1 26 10 100 12 1 1 1 10 12 1 100 1 1 1 1 5 0 1 1 1 1 1 1 1 1 1
ciInstanceKlass java/lang/StackTraceElement 1 1 235 10 7 12 1 1 1 10 7 12 1 1 9 12 1 1 9 12 1 1 9 12 1 9 12 1 8 1 10 7 12 1 1 1 7 1 9 12 1 8 1 9 12 1 9 12 1 9 12 1 1 10 12 1 1 10 12 1 8 1 10 100 12 1 1 1 100 1 10 12 1 10 12 1 1 10 12 1 10 12 1 1 10 12 1 10 12 1 10 10 12 1 8 1 10 12 1 10 12 1 1 10 12 1 1 10 12 1 10 12 1 10 12 1 9 12 1 1 10 100 12 1 1 1 10 12 1 1 100 1 10 12 1 1 10 100 12 1 1 10 100 12 1 1 1 10 100 12 1 1 10 100 12 1 1 10 10 12 1 1 10 12 1 1 10 12 1 1 10 12 1 100 1 1 1 1 1 1 1 3 1 3 1 1 5 0 1 1 1 1 1 1 1 1 1 1 1 1 1 1 1 1 1 1 1 1 1 1 1 1 1 1 1 1 1 100 1 100 1 1 1 1 1 1 1 100 1 1 1 1 1 1 1 1 1
instanceKlass java/util/concurrent/locks/AbstractQueuedLongSynchronizer
instanceKlass java/util/concurrent/locks/AbstractQueuedSynchronizer
ciInstanceKlass java/util/concurrent/locks/AbstractOwnableSynchronizer 1 1 32 10 7 12 1 1 1 9 7 12 1 1 1 100 1 1 1 1 5 0 1 1 1 1 1 1 1 1 1 1 1 1
ciInstanceKlass jdk/internal/vm/Continuation 1 1 551 9 7 12 1 1 1 9 12 1 9 12 1 9 12 1 100 1 100 1 10 12 1 1 8 1 10 12 1 1 10 12 1 10 12 1 1 10 12 1 9 7 12 1 1 1 11 100 12 1 1 1 10 100 1 9 12 1 1 9 12 1 1 10 8 1 10 12 1 9 12 1 1 10 11 12 1 1 100 1 10 100 12 1 1 1 10 12 1 1 10 12 1 10 12 1 1 11 12 1 1 9 12 1 1 10 12 1 1 18 12 1 1 10 100 12 1 1 1 100 1 10 12 1 11 100 12 1 1 1 10 12 1 9 12 1 10 12 1 1 100 1 8 1 10 12 1 10 12 1 1 9 12 1 1 11 12 1 1 9 12 1 1 8 1 10 11 12 1 1 11 12 1 1 10 12 1 1 10 12 1 1 9 12 1 10 12 1 10 10 12 1 8 1 10 12 1 8 1 8 1 10 7 12 1 1 1 10 100 12 1 1 1 10 12 1 9 12 1 11 12 1 100 1 10 12 1 10 12 1 1 9 12 1 1 100 1 10 12 1 1 9 12 1 1 10 12 1 10 12 1 11 100 12 1 1 10 7 1 10 12 1 8 1 10 12 1 1 9 12 1 1 10 7 12 1 1 8 1 8 1 8 1 8 1 10 12 1 1 10 12 1 10 12 1 10 12 1 10 12 1 1 10 12 1 1 8 1 9 12 1 10 12 1 1 9 12 1 1 10 12 1 1 9 12 1 8 1 10 100 12 1 1 1 10 12 1 8 1 100 1 8 1 10 9 12 1 1 8 1 10 100 12 1 1 10 100 12 1 1 8 1 8 1 10 12 10 12 1 1 10 100 1 10 100 12 1 1 1 18 11 100 12 1 1 1 18 12 1 11 12 1 1 100 1 10 7 12 1 1 10 12 1 1 8 10 12 1 1 10 7 12 1 1 1 10 7 12 1 1 10 12 1 8 1 10 12 1 100 1 100 1 10 12 1 1 1 1 1 1 1 1 1 1 1 1 1 1 1 1 1 1 1 1 1 1 1 1 1 1 1 1 1 1 1 1 1 1 1 1 1 1 1 1 1 1 1 1 1 1 1 1 1 1 1 1 1 1 1 1 1 1 1 1 1 1 1 1 1 1 1 1 1 1 1 1 1 1 1 1 100 1 1 16 1 15 10 12 16 15 11 100 12 1 1 1 16 1 16 1 15 10 12 16 15 10 100 12 1 1 1 1 1 1 1 1 100 1 100 1 1
staticfield jdk/internal/vm/Continuation U Ljdk/internal/misc/Unsafe; jdk/internal/misc/Unsafe
staticfield jdk/internal/vm/Continuation MOUNTED_OFFSET J 13
staticfield jdk/internal/vm/Continuation PRESERVE_SCOPED_VALUE_CACHE Z 1
staticfield jdk/internal/vm/Continuation JLA Ljdk/internal/access/JavaLangAccess; java/lang/System$1
staticfield jdk/internal/vm/Continuation $assertionsDisabled Z 1
ciInstanceKlass jdk/internal/misc/UnsafeConstants 1 1 34 10 100 12 1 1 1 9 7 12 1 1 1 9 12 1 9 12 1 1 9 12 1 9 12 1 1 1 1 1 1 1 1 1
staticfield jdk/internal/misc/UnsafeConstants ADDRESS_SIZE0 I 8
staticfield jdk/internal/misc/UnsafeConstants PAGE_SIZE I 4096
staticfield jdk/internal/misc/UnsafeConstants BIG_ENDIAN Z 0
staticfield jdk/internal/misc/UnsafeConstants UNALIGNED_ACCESS Z 1
staticfield jdk/internal/misc/UnsafeConstants DATA_CACHE_LINE_FLUSH_SIZE I 0
ciInstanceKlass java/lang/invoke/MethodHandleImpl 1 1 1424 10 7 12 1 1 1 7 1 10 100 12 1 1 1 10 7 12 1 1 1 100 1 10 8 1 10 12 1 1 10 12 1 10 12 1 1 10 7 12 1 1 1 9 100 12 1 1 1 10 100 12 1 1 1 100 1 10 12 1 1 10 12 1 1 10 12 1 1 10 7 12 1 1 1 9 7 12 1 1 1 10 7 12 1 1 1 100 1 10 9 12 1 1 9 12 1 10 12 1 1 10 12 1 10 12 1 1 10 12 1 1 10 12 1 1 8 1 8 1 10 12 1 1 10 12 1 1 10 12 1 1 10 12 1 1 10 12 1 10 12 1 1 10 7 12 1 1 1 10 12 1 7 1 10 7 12 1 1 1 10 12 1 1 10 12 1 1 11 7 12 1 1 1 11 7 12 1 1 11 12 1 1 7 1 11 12 1 10 12 1 1 10 12 1 1 11 12 1 10 7 12 1 1 10 12 1 1 10 7 12 1 1 10 12 1 10 12 1 1 10 7 12 1 1 1 10 7 12 1 1 1 10 12 1 1 10 12 1 1 9 7 12 1 1 1 10 10 12 1 1 10 12 1 1 10 10 12 1 1 10 12 1 1 10 7 12 1 1 1 10 12 1 1 10 12 1 10 12 1 10 7 12 1 1 1 10 7 12 1 1 1 10 12 1 1 10 12 1 10 12 1 10 12 1 10 12 1 1 10 12 1 10 12 1 1 10 12 1 10 12 1 8 1 100 1 10 12 1 10 12 1 1 10 12 1 10 12 1 1 10 12 1 1 7 1 10 12 1 100 1 8 1 10 12 1 10 100 12 1 1 1 8 1 10 12 1 10 7 12 1 1 1 100 1 9 7 1 10 12 1 1 10 12 1 1 9 12 1 10 12 1 1 10 7 12 1 1 10 12 1 1 10 12 1 1 10 12 1 10 12 1 7 1 10 12 1 1 9 12 1 1 10 12 1 9 7 12 1 1 1 11 7 12 1 1 7 1 9 12 1 7 1 10 12 1 10 12 1 1 7 1 10 12 1 1 10 12 1 1 10 7 12 1 1 1 10 12 1 1 10 12 1 10 12 1 1 10 12 1 10 12 1 1 10 12 1 7 1 9 7 12 1 1 1 10 12 1 10 12 1 9 7 12 1 1 1 10 12 1 1 10 12 1 1 10 12 1 10 100 12 1 1 10 100 12 1 1 1 9 12 1 10 12 1 9 12 10 12 1 10 12 1 10 12 1 10 12 1 1 10 12 1 10 12 1 1 10 12 1 10 12 1 1 10 12 1 1 10 12 1 1 10 12 1 10 12 1 10 12 1 1 10 12 1 10 100 12 1 1 10 12 1 10 100 12 1 1 8 1 10 8 1 100 1 10 9 12 1 100 1 10 12 1 8 1 10 10 12 1 10 10 12 1 1 10 12 1 1 10 12 1 10 12 1 100 1 8 1 10 12 1 10 100 12 1 1 1 10 12 1 1 10 12 1 10 12 1 100 1 10 12 1 10 12 1 10 12 1 1 7 1 10 12 1 10 7 12 1 1 10 12 1 9 12 1 10 12 1 1 10 12 1 1 100 1 10 10 12 1 8 1 8 1 9 12 1 8 1 8 1 8 1 9 12 1 10 12 1 1 9 12 1 1 10 12 1 8 1 9 7 1 10 12 1 1 10 12 1 8 1 8 1 8 1 100 1 100 1 8 8 1 8 1 100 1 8 1 100 1 10 12 1 7 1 10 10 7 12 1 1 1 10 12 1 10 12 10 12 1 10 12 1 11 100 12 1 1 1 18 12 1 11 100 12 1 1 1 18 18 12 1 11 12 1 1 10 12 1 1 10 12 1 10 12 1 11 12 1 9 12 1 9 12 10 10 12 1 1 9 12 1 1 11 12 1 1 18 12 1 1 11 12 1 1 11 12 1 1 10 12 1 11 100 1 10 12 1 10 12 1 10 12 1 9 12 1 9 12 10 12 1 10 100 12 1 1 1 10 12 1 10 12 1 1 10 12 1 10 12 9 12 1 1 10 12 1 10 12 1 1 9 12 1 9 12 1 10 12 1 10 12 1 1 10 12 1 100 1 10 12 1 9 12 1 1 11 100 1 9 12 1 9 12 11 12 1 9 12 1 10 12 10 12 1 1 10 12 1 1 9 7 12 1 1 10 12 1 10 12 1 10 12 1 1 100 1 10 12 1 10 12 1 1 100 1 10 12 1 1 10 12 1 1 100 1 10 12 1 1 10 12 1 1 10 12 1 10 12 1 10 12 1 9 12 1 10 12 1 10 12 1 1 9 7 12 1 1 1 8 10 12 1 1 8 1 10 12 1 8 1 8 1 8 1 8 1 8 1 8 1 100 1 8 1 8 1 10 12 1 9 12 1 10 12 1 1 1 1 1 3 1 1 3 1 3 1 3 1 3 1 3 1 3 1 3 1 3 1 1 1 1 1 1 1 1 1 3 1 3 1 1 1 1 1 1 1 1 1 1 1 1 1 1 1 1 1 1 1 1 1 1 1 1 1 1 1 1 1 1 1 1 1 1 1 1 1 1 1 1 1 1 1 1 1 1 1 1 1 1 1 1 1 1 1 1 1 1 1 1 1 1 1 1 1 1 1 1 1 1 1 1 1 1 1 1 1 1 1 1 1 1 1 1 1 1 1 1 1 1 1 1 1 1 1 1 1 1 1 1 1 1 1 100 1 1 1 1 1 1 1 1 1 1 1 1 1 1 1 1 1 1 1 1 1 1 1 1 1 1 1 1 1 1 1 1 1 1 1 1 1 1 1 1 1 1 1 1 1 1 1 1 1 1 1 1 1 1 1 1 1 1 1 1 1 1 1 1 1 1 1 1 1 1 1 1 1 1 1 1 1 1 1 1 1 1 1 1 1 1 1 1 1 1 1 1 1 1 1 1 1 1 1 1 1 1 1 1 1 1 1 1 1 1 1 1 1 1 1 1 1 1 1 1 1 1 1 1 1 1 1 1 1 1 1 1 1 1 1 1 1 1 1 1 1 1 1 1 1 1 1 1 1 1 1 1 1 1 1 1 1 1 1 1 1 1 1 1 1 1 1 1 1 100 1 100 1 100 1 100 1 100 1 100 1 100 1 1 16 15 10 12 16 15 16 16 1 15 10 12 16 16 15 10 12 16 15 10 100 12 1 1 1 1 1 1 1 1 1 1 1 1 1 1 1 1 1 1 1 1 1 1 1 1
staticfield java/lang/invoke/MethodHandleImpl ARRAYS [Ljava/lang/invoke/MethodHandle; 256 [Ljava/lang/invoke/MethodHandle;
staticfield java/lang/invoke/MethodHandleImpl NFS [Ljava/lang/invoke/LambdaForm$NamedFunction; 7 [Ljava/lang/invoke/LambdaForm$NamedFunction;
staticfield java/lang/invoke/MethodHandleImpl HANDLES [Ljava/lang/invoke/MethodHandle; 9 [Ljava/lang/invoke/MethodHandle;
staticfield java/lang/invoke/MethodHandleImpl $assertionsDisabled Z 1
ciInstanceKlass java/lang/invoke/MethodHandleStatics 1 1 328 10 100 12 1 1 1 9 7 12 1 1 1 9 12 1 1 10 7 12 1 1 1 9 12 1 9 12 1 9 12 1 9 12 1 9 7 12 1 1 1 100 1 10 8 1 10 12 1 1 10 100 12 1 1 1 8 1 10 100 12 1 1 1 10 12 1 1 8 1 8 1 10 12 1 10 100 12 1 1 1 10 7 12 1 1 8 1 10 12 1 1 8 1 8 1 8 1 8 1 10 12 1 1 100 1 10 12 10 12 1 10 12 1 100 1 10 10 12 1 1 100 1 10 10 12 1 100 1 100 1 8 1 8 1 10 12 1 8 1 10 7 12 1 1 1 9 12 1 1 10 7 12 1 1 1 10 12 1 1 9 12 1 1 10 12 1 1 8 1 10 7 12 1 1 10 7 12 1 1 1 8 1 8 1 8 1 8 1 8 1 10 12 1 10 7 12 1 1 1 9 12 1 8 1 8 1 8 1 8 1 9 12 1 8 1 9 12 1 8 1 8 1 9 12 1 8 1 8 1 9 12 1 8 1 9 12 1 8 1 9 12 1 8 1 9 12 1 8 1 8 1 9 12 1 8 1 8 1 10 12 1 1 8 1 10 12 1 1 1 1 1 1 1 1 1 1 1 1 1 1 1 1 1 1 1 1 1 1 1 100 1 100 1 100 1 1 1 1 1 1 1 1 1 1 1 1 1 1 1 1 1 1 1 1 1 1 1 1 1 1 1 1 1 1 1 1 1
staticfield java/lang/invoke/MethodHandleStatics UNSAFE Ljdk/internal/misc/Unsafe; jdk/internal/misc/Unsafe
staticfield java/lang/invoke/MethodHandleStatics CLASSFILE_VERSION I 69
staticfield java/lang/invoke/MethodHandleStatics DEBUG_METHOD_HANDLE_NAMES Z 0
staticfield java/lang/invoke/MethodHandleStatics TRACE_INTERPRETER Z 0
staticfield java/lang/invoke/MethodHandleStatics TRACE_METHOD_LINKAGE Z 0
staticfield java/lang/invoke/MethodHandleStatics TRACE_RESOLVE Z 0
staticfield java/lang/invoke/MethodHandleStatics COMPILE_THRESHOLD I 0
staticfield java/lang/invoke/MethodHandleStatics LOG_LF_COMPILATION_FAILURE Z 0
staticfield java/lang/invoke/MethodHandleStatics DONT_INLINE_THRESHOLD I 30
staticfield java/lang/invoke/MethodHandleStatics PROFILE_LEVEL I 0
staticfield java/lang/invoke/MethodHandleStatics PROFILE_GWT Z 1
staticfield java/lang/invoke/MethodHandleStatics CUSTOMIZE_THRESHOLD I 127
staticfield java/lang/invoke/MethodHandleStatics VAR_HANDLE_GUARDS Z 1
staticfield java/lang/invoke/MethodHandleStatics MAX_ARITY I 255
staticfield java/lang/invoke/MethodHandleStatics VAR_HANDLE_IDENTITY_ADAPT Z 0
staticfield java/lang/invoke/MethodHandleStatics VAR_HANDLE_SEGMENT_FORCE_EXACT Z 0
staticfield java/lang/invoke/MethodHandleStatics DUMP_CLASS_FILES Ljdk/internal/util/ClassFileDumper; jdk/internal/util/ClassFileDumper
instanceKlass java/lang/invoke/DelegatingMethodHandle
instanceKlass java/lang/invoke/BoundMethodHandle
instanceKlass java/lang/invoke/DirectMethodHandle
ciInstanceKlass java/lang/invoke/MethodHandle 1 1 734 100 1 9 7 12 1 1 1 10 7 12 1 1 1 10 7 12 1 1 1 7 1 7 1 10 12 1 1 9 12 1 1 10 12 1 10 12 1 1 10 12 1 1 10 100 12 1 1 1 10 12 1 1 10 12 1 1 11 100 12 1 1 1 10 12 1 1 10 12 1 10 12 1 9 12 1 1 9 12 1 1 10 100 12 1 1 1 10 12 1 10 12 1 1 10 12 1 10 12 1 100 1 100 1 10 8 1 10 12 1 1 10 12 1 8 1 10 12 1 1 10 12 1 10 7 12 1 1 1 10 12 1 1 10 12 1 1 10 12 1 1 10 7 12 1 1 1 10 12 1 1 10 12 1 1 10 12 1 10 12 1 1 10 100 12 1 1 10 7 12 1 1 10 12 1 10 12 1 10 12 1 1 10 12 1 1 10 12 1 1 10 12 1 1 10 7 12 1 1 1 10 100 12 1 1 1 10 12 1 1 10 12 1 1 10 12 1 1 8 1 10 7 12 1 1 1 8 1 10 12 1 10 12 1 1 10 12 1 1 10 12 1 8 1 10 12 1 1 8 1 10 12 1 8 1 10 100 12 1 1 1 9 12 1 1 100 1 10 9 100 12 1 1 1 9 100 1 8 1 10 12 1 1 10 12 1 10 12 1 1 10 12 1 10 12 1 1 10 12 1 10 12 1 1 10 12 1 10 12 1 1 10 12 1 1 8 1 10 12 1 1 8 1 10 12 1 10 12 1 1 10 12 1 10 12 1 10 12 1 1 9 100 12 1 1 1 10 12 1 1 11 12 1 10 12 1 10 12 1 1 10 100 12 1 1 100 1 11 12 1 10 100 1 11 12 1 100 1 10 12 1 11 12 1 9 100 12 1 1 1 11 12 1 1 11 100 12 1 1 1 10 12 1 1 9 12 1 11 12 1 9 12 1 9 12 1 9 12 1 11 12 1 1 9 12 1 9 12 1 9 12 1 9 12 1 9 12 1 9 12 1 9 12 1 8 1 10 12 1 10 12 1 8 1 10 12 1 10 12 1 10 12 1 1 10 10 10 7 12 1 1 10 12 1 1 100 1 100 1 8 1 8 1 10 10 12 1 1 10 12 1 10 12 1 100 1 10 100 12 1 1 1 10 9 7 12 1 1 1 10 12 1 1 10 12 1 1 8 1 8 1 10 100 12 1 1 9 12 1 9 12 1 1 9 12 1 1 10 12 1 100 1 10 12 1 10 12 1 1 9 12 1 1 9 12 1 1 10 7 12 1 1 1 11 7 12 1 1 9 12 1 10 12 1 1 9 12 1 10 12 1 8 10 12 1 1 8 1 1 1 1 1 1 1 1 100 1 1 1 1 1 1 1 1 1 1 1 1 1 1 1 1 1 1 1 1 1 1 1 1 1 1 1 1 1 1 1 1 100 1 1 1 1 1 1 1 1 1 1 1 1 1 1 1 1 1 1 1 1 1 1 1 1 1 1 1 1 1 1 1 1 1 1 1 1 1 1 1 1 1 1 1 1 1 1 1 1 1 1 1 1 1 1 1 1 1 1 1 1 1 1 1 1 1 1 1 1 1 1 1 1 1 1 1 1 1 1 1 1 1 1 1 1 1 1 100 1 1 100 1 100 1 100 1 1 100 1 1 100 1 1 1 1
staticfield java/lang/invoke/MethodHandle FORM_OFFSET J 20
staticfield java/lang/invoke/MethodHandle UPDATE_OFFSET J 13
staticfield java/lang/invoke/MethodHandle $assertionsDisabled Z 1
ciInstanceKlass java/lang/invoke/MethodType 1 1 724 7 1 10 7 12 1 1 1 9 12 1 1 9 12 1 1 9 12 1 1 10 7 12 1 1 1 9 7 12 1 1 8 1 10 100 12 1 1 1 9 7 1 9 7 1 10 12 1 1 100 1 10 8 1 10 12 1 1 10 12 1 10 12 1 1 100 1 8 1 10 12 1 100 1 10 10 12 1 10 12 1 1 10 12 1 1 11 7 12 1 1 1 9 12 1 11 12 1 1 7 10 12 1 1 10 12 1 1 7 1 7 1 10 7 12 1 1 1 10 12 1 10 12 1 9 12 1 1 10 7 12 1 1 10 12 1 1 10 7 12 1 1 1 10 7 12 1 1 1 10 12 1 9 12 1 1 10 12 1 1 10 12 1 1 10 12 1 1 10 12 1 1 10 12 1 1 10 12 1 10 12 1 10 12 1 1 10 12 1 8 1 8 1 10 12 1 1 9 12 1 1 100 1 10 10 12 1 1 10 12 1 10 12 1 1 10 12 1 1 10 12 1 10 12 1 10 12 1 8 1 10 12 1 1 10 100 12 1 1 1 10 12 1 10 12 1 1 10 12 1 10 12 1 10 12 1 1 10 12 1 10 12 1 9 12 1 10 12 1 10 10 12 1 1 10 12 1 9 12 1 1 10 12 1 1 11 12 1 1 10 12 1 1 10 12 1 10 12 1 100 1 8 1 8 1 8 1 10 12 1 10 12 1 10 12 1 1 10 10 12 1 11 12 1 1 11 12 1 10 100 12 1 1 1 9 12 1 10 12 1 10 12 1 1 10 12 1 1 10 12 1 10 12 1 10 100 12 1 1 1 10 12 1 1 10 12 1 10 12 1 10 12 1 10 9 12 1 1 7 1 10 12 1 10 100 12 1 1 1 10 12 1 1 10 100 12 1 1 1 10 12 1 1 8 1 10 7 12 1 1 1 11 12 1 1 9 12 1 1 10 12 1 1 10 12 1 10 12 1 1 10 12 1 1 10 100 12 1 1 10 12 1 10 12 100 1 11 100 12 1 1 10 12 1 11 12 1 10 100 12 1 1 10 12 1 1 10 12 1 1 9 12 1 1 9 100 12 1 1 1 10 100 12 1 1 1 9 12 1 10 100 12 1 1 10 12 1 100 10 12 1 10 12 1 1 10 12 1 7 1 10 10 12 1 1 7 1 7 1 9 12 1 1 100 1 100 1 100 1 1 1 5 0 1 1 1 1 1 1 1 3 1 3 1 3 1 1 1 1 1 1 1 1 1 1 1 1 1 1 1 1 1 1 1 1 1 1 1 1 1 1 1 1 1 1 1 1 1 1 1 1 1 1 1 1 1 1 1 1 1 1 1 1 1 1 1 1 1 1 1 1 1 1 1 1 1 1 1 1 1 1 1 1 1 1 1 1 1 1 1 1 1 1 1 1 1 1 1 1 1 1 1 1 1 1 1 1 1 1 1 1 1 1 1 1 1 1 1 1 1 1 1 1 1 1 1 1 1 1 1 1 1 1 1 1 1 1 1 1 1 1 1 1 100 1 100 1 1 1 1 1 1 1 1 1 1 1 1 1 100 1 1 1 1 100 1 1 1 100 1 1 1 1 1 1 1 1 1 1 1 1 1 1 1 1 1 1 100 1 1 100 1 1
staticfield java/lang/invoke/MethodType internTable Ljdk/internal/util/ReferencedKeySet; jdk/internal/util/ReferencedKeySet
staticfield java/lang/invoke/MethodType NO_PTYPES [Ljava/lang/Class; 0 [Ljava/lang/Class;
staticfield java/lang/invoke/MethodType objectOnlyTypes [Ljava/lang/invoke/MethodType; 20 [Ljava/lang/invoke/MethodType;
staticfield java/lang/invoke/MethodType METHOD_HANDLE_ARRAY [Ljava/lang/Class; 1 [Ljava/lang/Class;
staticfield java/lang/invoke/MethodType serialPersistentFields [Ljava/io/ObjectStreamField; 0 [Ljava/io/ObjectStreamField;
staticfield java/lang/invoke/MethodType $assertionsDisabled Z 1
ciInstanceKlass java/lang/invoke/TypeDescriptor$OfMethod 1 0 43 100 1 100 1 100 1 1 1 1 1 1 1 1 1 1 1 1 1 1 1 1 1 1 1 1 1 1 1 1 1 1 1 1 1 1 1 1 1 1 100 1 1
instanceKlass sun/net/www/protocol/http/HttpURLConnection$TunnelState
instanceKlass org/openqa/selenium/remote/service/DriverService$StartOrDie
instanceKlass org/openqa/selenium/remote/RemoteWebDriver$When
instanceKlass org/openqa/selenium/remote/ElementLocation$ElementFinder
instanceKlass sun/security/ssl/SignatureScheme$SigAlgParamSpec
instanceKlass sun/security/ssl/SignatureScheme
instanceKlass sun/security/ssl/ClientAuthType
instanceKlass sun/security/ssl/SSLHandshake
instanceKlass java/net/http/HttpClient$Version
instanceKlass java/lang/invoke/MethodHandleImpl$ArrayAccess
instanceKlass java/net/http/HttpClient$Redirect
instanceKlass org/openqa/selenium/remote/http/HttpMethod
instanceKlass org/openqa/selenium/Platform
instanceKlass org/apache/hc/core5/io/CloseMode
instanceKlass java/util/Comparators$NaturalOrderComparator
instanceKlass java/time/format/TextStyle
instanceKlass java/time/format/ResolverStyle
instanceKlass java/time/format/SignStyle
instanceKlass java/time/format/DateTimeFormatterBuilder$SettingsParser
instanceKlass java/time/temporal/JulianFields$Field
instanceKlass java/time/temporal/IsoFields$Unit
instanceKlass java/time/temporal/IsoFields$Field
instanceKlass java/time/zone/ZoneOffsetTransitionRule$TimeDefinition
instanceKlass java/time/DayOfWeek
instanceKlass java/time/Month
instanceKlass io/github/bonigarcia/wdm/config/DriverManagerType
instanceKlass org/apache/hc/client5/http/impl/cookie/RFC6265CookieSpecFactory$CompatibilityLevel
instanceKlass org/apache/hc/client5/http/psl/DomainType
instanceKlass org/apache/hc/client5/http/impl/ChainElement
instanceKlass org/apache/hc/core5/pool/PoolReusePolicy
instanceKlass org/apache/hc/core5/pool/PoolConcurrencyPolicy
instanceKlass org/apache/hc/core5/http/URIScheme
instanceKlass org/apache/hc/client5/http/ssl/HostnameVerificationPolicy
instanceKlass org/apache/hc/core5/reactor/ssl/SSLBufferMode
instanceKlass sun/security/ssl/NamedGroup
instanceKlass sun/security/ssl/NamedGroup$NamedGroupSpec
instanceKlass sun/security/ssl/CipherSuite$KeyExchange
instanceKlass sun/security/ssl/CipherSuite$MacAlg
instanceKlass sun/security/ssl/CipherSuite$HashAlg
instanceKlass java/lang/StackWalker$Option
instanceKlass sun/security/ssl/CipherType
instanceKlass sun/security/ssl/SSLCipher
instanceKlass sun/security/ssl/CipherSuite
instanceKlass sun/security/ssl/SSLScope
instanceKlass sun/security/util/DisabledAlgorithmConstraints$Constraint$Operator
instanceKlass sun/security/ssl/ProtocolVersion
instanceKlass java/security/CryptoPrimitive
instanceKlass sun/util/logging/PlatformLogger$Level
instanceKlass jdk/internal/logger/BootstrapLogger$LoggingBackend
instanceKlass java/lang/System$Logger$Level
instanceKlass java/lang/invoke/MethodHandles$Lookup$ClassOption
instanceKlass sun/security/rsa/RSAUtil$KeyType
instanceKlass io/github/bonigarcia/wdm/config/OperatingSystem
instanceKlass org/apache/commons/lang3/JavaVersion
instanceKlass io/github/bonigarcia/wdm/config/Architecture
instanceKlass java/nio/file/AccessMode
instanceKlass io/qameta/allure/testng/AllureTestNg$CurrentStage
instanceKlass org/testng/internal/invokers/InvokedMethodListenerMethod
instanceKlass org/testng/internal/reflect/InjectableParameter
instanceKlass org/testng/internal/invokers/ParameterHolder$ParameterOrigin
instanceKlass java/time/temporal/ChronoField
instanceKlass java/time/temporal/ChronoUnit
instanceKlass org/testng/internal/TestNGMethodFinder$MethodType
instanceKlass java/util/stream/MatchOps$MatchKind
instanceKlass org/testng/internal/MethodSorting
instanceKlass io/qameta/allure/model/Parameter$Mode
instanceKlass io/qameta/allure/model/Stage
instanceKlass io/qameta/allure/model/Status
instanceKlass io/qameta/allure/internal/shadowed/jackson/core/JsonParser$NumberType
instanceKlass io/qameta/allure/internal/shadowed/jackson/databind/DeserializationFeature
instanceKlass io/qameta/allure/internal/shadowed/jackson/databind/cfg/JsonNodeFeature
instanceKlass io/qameta/allure/internal/shadowed/jackson/databind/cfg/EnumFeature
instanceKlass io/qameta/allure/internal/shadowed/jackson/databind/SerializationFeature
instanceKlass io/qameta/allure/internal/shadowed/jackson/core/util/Separators$Spacing
instanceKlass io/qameta/allure/internal/shadowed/jackson/databind/MapperFeature
instanceKlass io/qameta/allure/internal/shadowed/jackson/annotation/JsonFormat$Shape
instanceKlass io/qameta/allure/internal/shadowed/jackson/databind/cfg/CoercionInputShape
instanceKlass io/qameta/allure/internal/shadowed/jackson/databind/cfg/CoercionAction
instanceKlass io/qameta/allure/internal/shadowed/jackson/databind/type/LogicalType
instanceKlass io/qameta/allure/internal/shadowed/jackson/annotation/JsonAutoDetect$Visibility
instanceKlass io/qameta/allure/internal/shadowed/jackson/annotation/Nulls
instanceKlass io/qameta/allure/internal/shadowed/jackson/annotation/JsonInclude$Include
instanceKlass io/qameta/allure/internal/shadowed/jackson/core/JsonGenerator$Feature
instanceKlass io/qameta/allure/internal/shadowed/jackson/core/JsonParser$Feature
instanceKlass io/qameta/allure/internal/shadowed/jackson/core/JsonFactory$Feature
instanceKlass io/qameta/allure/internal/shadowed/jackson/core/Base64Variant$PaddingReadBehaviour
instanceKlass java/math/RoundingMode
instanceKlass sun/util/locale/provider/LocaleProviderAdapter$Type
instanceKlass java/util/regex/Pattern$Qtype
instanceKlass io/qameta/allure/internal/shadowed/jackson/databind/util/internal/PrivateMaxEntriesMap$DrainStatus
instanceKlass java/security/DrbgParameters$Capability
instanceKlass sun/security/util/KnownOIDs
instanceKlass org/testng/xml/TestNGContentHandler$Location
instanceKlass com/sun/org/apache/xerces/internal/impl/XMLScanner$NameType
instanceKlass com/sun/org/apache/xerces/internal/util/Status
instanceKlass javax/xml/catalog/CatalogFeatures$State
instanceKlass javax/xml/catalog/CatalogFeatures$Feature
instanceKlass jdk/xml/internal/JdkProperty$ImplPropMap
instanceKlass jdk/xml/internal/JdkXmlFeatures$XmlFeature
instanceKlass jdk/xml/internal/XMLSecurityPropertyManager$Property
instanceKlass jdk/xml/internal/FeaturePropertyBase$State
instanceKlass jdk/xml/internal/XMLSecurityManager$Processor
instanceKlass jdk/xml/internal/XMLSecurityManager$Limit
instanceKlass jdk/xml/internal/JdkProperty$State
instanceKlass java/util/Locale$Category
instanceKlass java/lang/classfile/attribute/StackMapFrameInfo$SimpleVerificationTypeInfo
instanceKlass java/lang/reflect/ProxyGenerator$PrimitiveTypeInfo
instanceKlass java/lang/classfile/ClassFile$StackMapsOption
instanceKlass java/lang/annotation/RetentionPolicy
instanceKlass org/testng/xml/XmlSuite$FailurePolicy
instanceKlass org/testng/xml/XmlSuite$ParallelMode
instanceKlass org/slf4j/helpers/Reporter$Level
instanceKlass org/slf4j/helpers/Reporter$TargetChoice
instanceKlass java/net/Proxy$Type
instanceKlass java/net/StandardProtocolFamily
instanceKlass jdk/internal/util/OperatingSystem
instanceKlass java/security/Security$SecPropLoader$LoadingMode
instanceKlass java/nio/file/LinkOption
instanceKlass sun/nio/fs/WindowsPathType
instanceKlass java/nio/file/StandardOpenOption
instanceKlass java/util/concurrent/TimeUnit
instanceKlass jdk/internal/vm/Continuation$Pinned
instanceKlass java/util/stream/Collector$Characteristics
instanceKlass java/util/stream/StreamShape
instanceKlass java/lang/classfile/Opcode$Kind
instanceKlass java/lang/classfile/Opcode
instanceKlass java/lang/invoke/VarHandle$AccessType
instanceKlass java/lang/invoke/VarHandle$AccessMode
instanceKlass java/lang/invoke/MethodHandleImpl$Intrinsic
instanceKlass java/lang/classfile/AttributeMapper$AttributeStability
instanceKlass jdk/internal/classfile/impl/AbstractPoolEntry$Utf8EntryImpl$State
instanceKlass java/lang/classfile/TypeKind
instanceKlass java/lang/invoke/LambdaForm$BasicType
instanceKlass java/lang/invoke/LambdaForm$Kind
instanceKlass java/lang/constant/DirectMethodHandleDesc$Kind
instanceKlass sun/invoke/util/Wrapper
instanceKlass java/util/stream/StreamOpFlag$Type
instanceKlass java/util/stream/StreamOpFlag
instanceKlass java/lang/reflect/AccessFlag$Location
instanceKlass java/lang/reflect/AccessFlag
instanceKlass java/lang/module/ModuleDescriptor$Modifier
instanceKlass java/io/File$PathStatus
instanceKlass jdk/internal/module/ModuleBootstrap$IllegalNativeAccess
instanceKlass java/lang/reflect/ClassFileFormatVersion
instanceKlass java/lang/Thread$State
instanceKlass java/lang/module/ModuleDescriptor$Requires$Modifier
ciInstanceKlass java/lang/Enum 1 1 204 9 7 12 1 1 1 9 12 1 1 10 7 12 1 1 1 9 12 1 10 7 12 1 1 1 100 1 10 10 12 1 1 10 12 1 100 1 10 10 7 12 1 1 10 12 1 1 18 12 1 1 10 100 12 1 1 1 10 12 1 1 11 7 12 1 1 1 100 1 8 1 10 12 1 100 1 100 1 10 8 1 10 12 1 1 10 12 1 1 8 1 10 12 1 10 100 1 8 1 10 10 12 1 1 10 100 12 1 1 1 100 1 100 1 100 1 1 1 1 1 1 1 1 1 1 1 1 1 1 1 1 1 1 1 1 1 1 1 1 1 1 1 1 1 1 1 1 1 1 1 1 1 1 1 1 1 1 1 1 1 1 1 3 1 1 1 1 100 1 100 1 1 100 1 1 1 1 1 1 1 1 1 1 1 16 15 10 12 16 15 10 100 12 1 1 1 1 1 100 1 100 1 1
ciInstanceKlass java/lang/invoke/LambdaForm 1 1 1030 7 1 100 1 10 7 12 1 1 1 9 12 1 1 9 12 1 9 12 1 9 12 1 1 9 12 1 1 9 12 1 1 9 12 1 1 9 12 1 1 9 12 1 10 7 12 1 1 9 12 1 10 12 1 1 100 1 10 10 12 1 1 10 12 1 10 12 1 10 12 1 1 10 12 1 9 12 1 9 12 1 10 12 1 1 9 7 12 1 1 1 9 7 12 1 1 9 12 1 1 10 12 1 9 12 1 10 100 12 1 1 1 10 12 1 1 100 1 10 12 1 1 9 7 12 1 1 1 10 100 12 1 1 1 10 12 1 10 12 1 1 7 1 10 12 1 10 12 1 10 12 1 1 10 12 1 1 10 12 1 10 12 1 10 12 1 10 12 1 10 12 1 1 8 1 10 12 1 10 12 1 10 10 12 1 8 1 8 1 9 12 1 9 12 1 1 10 12 1 1 9 12 1 1 10 7 12 1 1 1 10 12 1 1 10 12 1 10 12 1 1 10 12 1 7 1 10 12 1 10 100 12 1 1 1 9 12 1 10 12 1 8 1 8 1 8 1 8 1 8 1 8 1 8 1 8 1 10 12 1 9 12 1 7 1 10 12 1 1 9 12 1 1 10 12 1 1 10 12 1 1 10 12 10 12 1 10 12 1 1 10 12 1 1 10 12 1 1 10 10 12 1 1 10 12 1 1 7 1 8 1 10 12 1 1 10 12 1 10 12 1 1 10 8 1 10 12 1 1 8 1 8 1 8 1 10 12 1 10 12 1 10 12 1 1 10 100 12 1 1 1 10 7 12 1 1 1 10 12 1 1 9 12 1 1 8 1 10 100 12 1 1 1 10 7 12 1 1 10 12 1 10 12 1 1 10 12 1 1 9 12 1 8 10 12 1 1 100 1 10 12 1 1 10 12 1 9 7 12 1 1 9 100 12 1 1 1 8 1 10 100 12 1 1 10 12 1 1 100 1 100 1 10 10 12 1 1 10 12 1 1 8 1 8 1 100 1 8 1 10 12 10 12 1 10 12 1 10 12 1 10 12 1 1 9 100 12 1 1 10 12 1 8 1 8 1 10 12 1 10 12 1 1 8 1 8 1 8 1 100 1 8 1 100 1 8 1 100 1 8 1 10 12 1 8 1 9 10 100 12 1 1 1 10 12 1 9 12 1 1 10 12 1 10 10 12 1 10 12 1 10 12 1 10 12 1 1 10 12 1 10 12 1 1 10 12 1 1 10 12 1 1 10 12 1 1 8 1 100 10 12 1 10 12 1 9 12 1 1 10 7 12 1 1 8 1 8 1 100 1 8 1 8 1 8 1 8 1 8 1 8 1 8 1 8 1 10 12 1 1 10 12 1 1 10 12 1 10 12 1 10 12 1 10 12 1 8 1 8 1 8 1 10 12 1 8 1 10 12 1 8 1 8 1 8 1 8 1 8 1 10 12 1 10 12 1 10 12 1 1 10 7 12 1 1 1 10 12 1 10 12 1 10 12 1 10 12 1 10 12 1 9 12 1 1 8 1 10 12 1 1 9 12 1 9 12 1 1 10 12 1 1 9 12 1 1 9 12 1 10 12 1 1 9 12 1 1 7 1 10 7 12 1 1 1 9 7 12 1 1 1 10 7 12 1 1 1 10 12 1 1 10 12 1 1 10 12 1 9 12 1 10 12 1 9 12 1 10 12 1 10 12 1 8 1 10 12 1 9 12 1 1 7 1 10 7 12 1 1 1 100 1 10 12 1 9 12 1 10 12 1 10 12 1 10 12 1 1 10 12 1 9 7 12 1 1 10 12 1 1 10 12 1 10 12 1 9 12 1 9 9 12 1 7 9 12 1 1 10 12 1 1 9 12 1 10 12 1 10 7 1 9 1 1 1 1 3 1 3 1 1 3 1 3 1 1 1 1 1 1 1 1 1 1 1 1 1 1 1 1 1 1 1 1 1 1 1 1 1 1 1 1 1 1 1 1 1 1 1 1 1 1 1 1 1 1 1 1 1 100 1 1 1 1 1 1 1 1 1 1 1 1 1 1 1 1 1 1 1 1 1 1 1 1 1 1 1 1 1 1 1 1 1 1 1 1 1 1 1 1 1 1 1 1 1 1 1 1 1 1 1 1 1 1 1 1 1 1 1 1 1 1 1 1 1 1 1 100 1 1 1 1 1 1 1 1 1 1 1 1 1 1 1 1 1 1 1 1 1 1 1 1 1 1 1 1 1 1 1 1 1 1 1 1 100 1 1 1 1 1 1 1 1 1 1 1 1 1 1 100 1 1 1 100 1 1 100 1 1 1 1 1 1 1 1 1 1 1 1
staticfield java/lang/invoke/LambdaForm DEFAULT_CUSTOMIZED Ljava/lang/invoke/MethodHandle; 
staticfield java/lang/invoke/LambdaForm DEFAULT_KIND Ljava/lang/invoke/LambdaForm$Kind; java/lang/invoke/LambdaForm$Kind
staticfield java/lang/invoke/LambdaForm COMPILE_THRESHOLD I 0
staticfield java/lang/invoke/LambdaForm INTERNED_ARGUMENTS [[Ljava/lang/invoke/LambdaForm$Name; 5 [[Ljava/lang/invoke/LambdaForm$Name;
staticfield java/lang/invoke/LambdaForm IMPL_NAMES Ljava/lang/invoke/MemberName$Factory; java/lang/invoke/MemberName$Factory
staticfield java/lang/invoke/LambdaForm LF_identity [Ljava/lang/invoke/LambdaForm; 6 [Ljava/lang/invoke/LambdaForm;
staticfield java/lang/invoke/LambdaForm NF_identity [Ljava/lang/invoke/LambdaForm$NamedFunction; 6 [Ljava/lang/invoke/LambdaForm$NamedFunction;
staticfield java/lang/invoke/LambdaForm LF_constant [Ljava/lang/invoke/LambdaForm; 5 [Ljava/lang/invoke/LambdaForm;
staticfield java/lang/invoke/LambdaForm createIdentityFormLock Ljava/lang/Object; java/lang/Object
staticfield java/lang/invoke/LambdaForm DEBUG_NAME_COUNTERS Ljava/util/HashMap; 
staticfield java/lang/invoke/LambdaForm DEBUG_NAMES Ljava/util/HashMap; 
staticfield java/lang/invoke/LambdaForm TRACE_INTERPRETER Z 0
staticfield java/lang/invoke/LambdaForm $assertionsDisabled Z 1
instanceKlass jdk/internal/reflect/DirectMethodHandleAccessor
ciInstanceKlass jdk/internal/reflect/MethodAccessorImpl 1 1 38 10 7 12 1 1 1 10 100 12 1 1 1 100 1 1 1 1 1 1 1 100 1 100 1 1 1 1 1 1 1 1 1 1 1 1 1 1
ciInstanceKlass jdk/internal/reflect/MethodAccessor 1 0 17 100 1 100 1 1 1 1 100 1 100 1 1 1 1 1 1
ciInstanceKlass java/util/Objects 1 1 184 10 7 12 1 1 1 100 1 8 1 10 12 1 10 12 1 1 10 7 12 1 1 1 10 12 1 1 10 12 1 10 7 12 1 1 1 10 12 1 1 10 7 12 1 1 1 7 1 10 10 12 1 1 10 7 12 1 1 10 12 1 1 8 1 10 7 12 1 1 1 10 7 12 1 1 1 10 11 100 12 1 1 1 100 1 10 10 12 1 8 1 10 12 1 8 1 7 1 11 12 1 1 8 1 10 7 12 1 1 1 10 12 1 1 10 12 1 10 12 1 10 12 1 10 12 1 1 1 1 1 1 1 1 1 1 1 1 1 1 1 1 1 1 1 1 1 1 1 1 1 1 1 1 1 1 1 1 1 1 1 1 1 1 1 1 1 1 1 1 1 1 1 1 1 1 1 1 1 1 1 1 1 1
ciInstanceKlass jdk/internal/reflect/CallerSensitive 0 0 17 100 1 100 1 100 1 1 1 1 1 1 1 1 1 1 1
ciInstanceKlass jdk/internal/reflect/DirectConstructorHandleAccessor$NativeAccessor 1 1 44 10 7 12 1 1 1 9 7 12 1 1 1 10 12 1 1 1 1 1 1 1 1 1 1 1 1 1 1 1 1 1 100 1 100 1 1 1 1 1 100 1 1 1
ciInstanceKlass jdk/internal/reflect/ConstructorAccessor 1 0 16 100 1 100 1 1 1 1 100 1 100 1 100 1 1 1
instanceKlass jdk/internal/reflect/DirectConstructorHandleAccessor
instanceKlass jdk/internal/reflect/DirectConstructorHandleAccessor$NativeAccessor
ciInstanceKlass jdk/internal/reflect/ConstructorAccessorImpl 1 1 27 10 7 12 1 1 1 100 1 100 1 1 1 1 1 1 1 1 1 100 1 100 1 100 1 1 1
ciInstanceKlass jdk/internal/reflect/ConstantPool 1 1 142 10 100 12 1 1 1 9 7 12 1 1 1 10 12 1 1 10 12 1 1 10 12 1 10 12 1 1 10 12 1 1 10 12 1 10 12 1 1 10 12 1 10 12 1 1 10 12 1 10 12 1 10 12 1 10 12 1 1 10 12 1 1 10 12 1 1 10 12 1 1 10 12 1 10 12 1 1 10 100 12 1 1 1 8 11 7 12 1 1 1 10 7 12 1 1 1 1 1 1 1 1 1 1 1 1 1 1 1 1 1 1 1 1 1 1 1 1 1 1 1 1 1 1 1 1 1 1 1 1 1 1 1 1 1 1 1 1 1 1 1 1
instanceKlass java/lang/invoke/VolatileCallSite
instanceKlass java/lang/invoke/MutableCallSite
instanceKlass java/lang/invoke/ConstantCallSite
ciInstanceKlass java/lang/invoke/CallSite 1 1 297 10 7 12 1 1 1 10 7 12 1 1 1 9 12 1 1 10 7 12 1 1 1 10 12 1 100 1 10 12 1 1 10 12 1 1 9 100 12 1 1 1 10 100 12 1 1 10 12 1 1 100 1 100 1 10 10 100 12 1 1 1 10 12 1 1 8 1 10 12 1 10 12 1 1 10 12 1 10 12 1 1 10 12 1 1 10 10 100 12 1 1 10 12 1 1 9 12 1 9 100 12 1 1 1 8 1 10 7 12 1 1 1 10 12 1 1 100 1 10 12 1 1 9 12 1 8 1 100 1 10 12 1 10 12 1 100 1 8 1 10 10 12 1 10 12 1 1 100 1 10 12 1 1 10 12 1 10 12 1 10 12 1 1 10 12 1 1 9 12 1 1 8 10 12 1 1 9 12 1 1 100 1 10 10 12 1 10 100 12 1 1 1 10 12 1 1 10 12 1 1 10 12 1 10 7 12 1 1 1 100 1 8 1 10 10 12 10 12 1 1 100 1 100 1 100 1 8 1 10 12 1 10 7 12 1 1 1 1 1 1 1 1 1 1 1 1 1 1 1 1 1 1 1 1 1 1 1 1 1 1 1 1 1 1 1 1 1 1 1 1 1 1 1 1 1 1 1 1 1 1 1 1 1 1 1 1 1 1 1 1 100 1 100 1 1 1
staticfield java/lang/invoke/CallSite $assertionsDisabled Z 1
ciInstanceKlass java/lang/invoke/ConstantCallSite 1 1 65 10 7 12 1 1 1 9 7 12 1 1 1 9 12 1 1 10 7 12 1 1 1 10 12 1 100 1 10 12 9 12 1 1 100 1 10 10 12 1 1 10 12 1 1 1 1 1 1 1 1 1 1 1 1 1 100 1 1 1 1 1 1 1 1
staticfield java/lang/invoke/ConstantCallSite UNSAFE Ljdk/internal/misc/Unsafe; jdk/internal/misc/Unsafe
instanceKlass java/lang/invoke/DirectMethodHandle$Special
instanceKlass java/lang/invoke/DirectMethodHandle$Interface
instanceKlass java/lang/invoke/DirectMethodHandle$Constructor
instanceKlass java/lang/invoke/DirectMethodHandle$Accessor
ciInstanceKlass java/lang/invoke/DirectMethodHandle 1 1 929 7 1 100 1 7 1 7 1 10 7 12 1 1 1 10 7 12 1 1 1 100 1 10 12 1 10 12 1 1 10 7 12 1 1 10 12 1 1 10 12 1 10 12 1 7 1 10 12 1 1 10 12 1 1 10 12 1 10 12 1 1 10 7 12 1 1 1 10 12 1 9 7 12 1 1 1 100 1 10 9 12 1 1 9 12 1 10 12 1 10 12 1 10 12 1 1 10 12 1 10 12 1 10 12 1 10 7 12 1 1 1 10 12 1 10 12 1 1 8 1 10 12 1 1 7 1 10 12 1 7 1 10 10 12 1 10 12 1 10 12 1 10 7 12 1 1 1 10 12 1 1 100 1 10 12 1 10 12 1 7 1 10 12 1 10 12 1 1 10 12 1 1 10 12 8 10 7 12 1 1 1 10 12 1 10 12 1 10 12 1 1 10 12 1 9 7 12 1 1 1 7 1 10 12 1 10 7 12 1 1 1 10 12 1 10 12 1 1 9 12 1 1 7 1 10 8 1 10 12 1 1 10 12 1 1 8 1 10 12 1 10 12 1 10 10 12 1 10 12 1 10 12 1 10 12 1 10 12 1 1 10 12 1 10 12 1 10 12 1 1 10 10 7 12 1 1 1 10 12 1 10 12 1 1 10 12 1 10 12 1 1 8 1 9 7 12 1 1 1 8 1 9 12 1 9 12 1 8 1 9 12 1 9 12 1 8 1 9 12 1 9 12 1 8 1 10 12 1 10 12 1 1 10 7 12 1 1 1 10 12 1 10 12 1 1 9 12 1 1 7 1 10 12 1 1 100 1 10 7 12 1 1 1 10 12 1 1 10 12 1 1 7 1 10 12 1 1 10 12 1 10 12 1 1 7 1 10 12 1 1 10 12 1 10 12 1 10 12 1 1 10 12 1 9 12 1 1 10 7 1 9 12 1 10 12 1 7 1 7 1 7 1 10 7 12 1 1 1 9 12 1 1 10 7 12 1 1 1 10 7 12 1 1 10 12 10 12 1 7 1 10 12 1 10 12 1 1 8 1 9 12 1 9 12 1 10 12 1 1 9 12 1 1 10 7 12 1 1 1 9 12 1 1 9 12 1 1 10 12 1 10 12 1 10 12 1 10 12 1 1 10 12 1 9 12 1 9 12 1 10 12 1 10 12 1 10 12 1 10 12 1 1 10 12 1 1 9 12 1 1 10 12 1 1 9 7 12 1 1 1 9 12 1 9 12 1 9 12 1 9 12 1 9 12 1 9 12 1 9 12 1 9 12 1 9 12 1 9 12 1 9 12 1 9 12 1 9 12 1 9 12 1 9 12 1 9 12 1 9 12 1 9 12 1 9 12 1 9 12 1 9 12 1 9 12 1 9 12 1 9 12 1 100 1 10 12 1 8 1 8 1 8 1 8 1 8 1 8 1 8 1 8 1 8 1 10 12 1 10 12 1 8 1 8 1 8 1 9 12 1 1 9 12 1 1 10 12 1 10 12 1 1 10 12 1 1 9 7 1 10 12 1 10 12 10 12 1 10 12 1 10 12 1 10 8 1 8 1 8 1 8 1 10 12 1 1 9 12 1 1 10 12 1 10 100 12 1 1 1 8 9 12 1 1 10 12 1 1 8 1 8 8 9 12 1 8 1 8 8 8 8 8 1 8 10 12 1 7 1 10 12 1 8 1 8 1 10 12 1 10 12 1 10 12 1 9 12 1 10 12 1 1 7 1 1 1 1 3 1 3 1 3 1 3 1 3 1 3 1 3 1 3 1 1 1 1 1 1 1 1 1 1 3 1 3 1 3 1 1 3 1 3 1 1 1 1 1 1 1 1 1 1 1 1 1 1 1 1 1 1 1 1 1 1 1 1 1 1 1 1 1 1 1 1 1 1 1 1 1 1 1 1 1 1 1 1 1 1 1 1 1 1 1 1 1 1 1 1 1 1 1 1 1 1 100 1 1 1 1 1 1 1 1 1 100 1 1 1 1 1 1 1 1 1 1 1 1 1 1 1 1 1 1 1 1 1 1 1 1 1 1 1 1 1 1 1 1 1 1 1 1 1 1 1 1 1 1 1 1 1 1 1 1 1 1 1 1 1
staticfield java/lang/invoke/DirectMethodHandle IMPL_NAMES Ljava/lang/invoke/MemberName$Factory; java/lang/invoke/MemberName$Factory
staticfield java/lang/invoke/DirectMethodHandle FT_UNCHECKED_REF I 8
staticfield java/lang/invoke/DirectMethodHandle FT_CHECKED_REF I 9
staticfield java/lang/invoke/DirectMethodHandle ACCESSOR_FORMS [Ljava/lang/invoke/LambdaForm; 120 [Ljava/lang/invoke/LambdaForm;
staticfield java/lang/invoke/DirectMethodHandle ALL_WRAPPERS [Lsun/invoke/util/Wrapper; 10 [Lsun/invoke/util/Wrapper;
staticfield java/lang/invoke/DirectMethodHandle NFS [Ljava/lang/invoke/LambdaForm$NamedFunction; 12 [Ljava/lang/invoke/LambdaForm$NamedFunction;
staticfield java/lang/invoke/DirectMethodHandle OBJ_OBJ_TYPE Ljava/lang/invoke/MethodType; java/lang/invoke/MethodType
staticfield java/lang/invoke/DirectMethodHandle LONG_OBJ_TYPE Ljava/lang/invoke/MethodType; java/lang/invoke/MethodType
staticfield java/lang/invoke/DirectMethodHandle $assertionsDisabled Z 1
ciInstanceKlass java/lang/invoke/MutableCallSite 0 0 61 10 100 12 1 1 1 10 12 1 9 100 12 1 1 1 10 12 1 10 12 1 1 9 100 12 1 1 1 10 100 12 1 1 1 10 100 12 1 1 1 1 1 1 1 1 1 1 1 1 1 1 1 1 1 1 1 1 100 1 1
ciInstanceKlass java/lang/invoke/VolatileCallSite 0 0 37 10 100 12 1 1 1 10 12 1 10 100 12 1 1 1 10 12 1 10 12 1 1 1 1 1 1 1 1 1 1 1 1 1 1 1 1
instanceKlass java/lang/invoke/VarHandleDoubles$FieldStaticReadOnly
instanceKlass java/lang/invoke/VarHandleFloats$FieldStaticReadOnly
instanceKlass java/lang/invoke/VarHandleLongs$FieldStaticReadOnly
instanceKlass java/lang/invoke/VarHandleInts$FieldStaticReadOnly
instanceKlass java/lang/invoke/VarHandleChars$FieldStaticReadOnly
instanceKlass java/lang/invoke/VarHandleShorts$FieldStaticReadOnly
instanceKlass java/lang/invoke/VarHandleBytes$FieldStaticReadOnly
instanceKlass java/lang/invoke/VarHandleBooleans$FieldStaticReadOnly
instanceKlass java/lang/invoke/VarHandleReferences$FieldStaticReadOnly
instanceKlass java/lang/invoke/SegmentVarHandle
instanceKlass java/lang/invoke/LazyInitializingVarHandle
instanceKlass java/lang/invoke/VarHandleDoubles$FieldInstanceReadOnly
instanceKlass java/lang/invoke/VarHandleFloats$FieldInstanceReadOnly
instanceKlass java/lang/invoke/VarHandleLongs$FieldInstanceReadOnly
instanceKlass java/lang/invoke/VarHandleInts$FieldInstanceReadOnly
instanceKlass java/lang/invoke/VarHandleChars$FieldInstanceReadOnly
instanceKlass java/lang/invoke/VarHandleShorts$FieldInstanceReadOnly
instanceKlass java/lang/invoke/VarHandleBytes$FieldInstanceReadOnly
instanceKlass java/lang/invoke/VarHandleBooleans$FieldInstanceReadOnly
instanceKlass java/lang/invoke/VarHandleReferences$FieldInstanceReadOnly
instanceKlass java/lang/invoke/IndirectVarHandle
instanceKlass java/lang/invoke/VarHandleByteArrayAsFloats$ByteArrayViewVarHandle
instanceKlass java/lang/invoke/VarHandleByteArrayAsDoubles$ByteArrayViewVarHandle
instanceKlass java/lang/invoke/VarHandleByteArrayAsChars$ByteArrayViewVarHandle
instanceKlass java/lang/invoke/VarHandleByteArrayAsShorts$ByteArrayViewVarHandle
instanceKlass java/lang/invoke/VarHandleByteArrayAsInts$ByteArrayViewVarHandle
instanceKlass java/lang/invoke/VarHandleByteArrayAsLongs$ByteArrayViewVarHandle
instanceKlass java/lang/invoke/VarHandleDoubles$Array
instanceKlass java/lang/invoke/VarHandleFloats$Array
instanceKlass java/lang/invoke/VarHandleLongs$Array
instanceKlass java/lang/invoke/VarHandleInts$Array
instanceKlass java/lang/invoke/VarHandleChars$Array
instanceKlass java/lang/invoke/VarHandleShorts$Array
instanceKlass java/lang/invoke/VarHandleBytes$Array
instanceKlass java/lang/invoke/VarHandleBooleans$Array
instanceKlass java/lang/invoke/VarHandleReferences$Array
ciInstanceKlass java/lang/invoke/VarHandle 1 1 474 10 7 12 1 1 1 10 7 12 1 1 9 12 1 1 9 12 1 1 10 12 1 1 8 1 10 12 1 1 10 7 12 1 1 1 10 12 1 1 10 100 12 1 1 1 9 100 12 1 1 1 10 12 1 1 10 7 12 1 1 1 10 12 1 1 9 12 1 10 12 1 9 12 1 1 10 7 12 1 1 10 12 1 9 7 12 1 1 1 9 12 1 1 10 12 1 1 100 1 100 1 10 8 1 10 12 1 1 10 12 1 8 1 10 12 1 10 12 1 9 12 1 1 9 12 1 10 12 1 10 12 1 1 10 12 1 10 10 100 12 1 1 1 10 12 1 1 10 12 1 1 10 100 12 1 1 1 10 100 12 1 1 1 10 100 12 1 1 1 9 12 1 1 9 10 12 1 10 12 1 1 10 12 1 1 10 12 1 10 100 12 1 1 1 9 12 1 1 10 12 1 1 9 12 1 10 12 1 10 12 1 10 100 12 1 1 100 1 10 9 7 12 1 1 1 9 12 1 1 10 7 12 1 1 1 10 12 1 10 12 1 10 12 1 10 12 1 10 12 1 10 12 1 1 8 10 12 1 1 7 1 10 12 1 1 100 1 1 1 1 1 1 1 1 1 1 1 1 1 1 1 1 1 1 1 1 1 1 1 1 1 1 1 1 1 1 1 1 1 1 1 1 1 1 1 1 1 1 1 1 1 1 1 1 1 1 1 1 1 1 1 1 1 1 1 1 1 1 1 1 1 100 1 1 1 1 1 1 1 1 100 1 1 1 1 1 1 1 1 1 1 1 1 100 1 100 1 1 100 1 100 1 100 1 100 1 100 1 100 1 100 1 100 1 100 1 100 1 100 1 100 1 100 1 100 1 100 1 100 1 100 1 100 1 100 1 100 1 100 1 100 1 100 1 100 1 100 1 100 1 100 1 100 1 100 1 100 1 100 1 100 1 100 1 100 1 100 1 100 1 1 1 1 1 1 100 1 1 1 100 1 1 100 1 100 1 100 1 100 1 100 1 100 1 1 1 1 100 1 100 1 100 1 100 1 100 1 100 1 100 1 100 1
staticfield java/lang/invoke/VarHandle VFORM_OFFSET J 16
staticfield java/lang/invoke/VarHandle $assertionsDisabled Z 1
ciMethod java/lang/invoke/VarHandle asDirect ()Ljava/lang/invoke/VarHandle; 0 0 1 0 -1
ciMethod java/lang/invoke/VarHandle checkAccessModeThenIsDirect (Ljava/lang/invoke/VarHandle$AccessDescriptor;)Z 1024 0 28311 0 -1
ciMethod java/lang/invoke/VarHandle accessModeType (I)Ljava/lang/invoke/MethodType; 1024 0 8147 0 -1
ciMethod java/lang/invoke/VarHandle throwWrongMethodTypeException (Ljava/lang/invoke/VarHandle$AccessDescriptor;)V 0 0 1 0 -1
ciMethod java/lang/invoke/VarHandle getMethodHandle (I)Ljava/lang/invoke/MethodHandle; 0 0 1 0 -1
ciInstanceKlass java/lang/invoke/MemberName 1 1 730 7 1 7 1 100 1 9 12 1 1 10 7 12 1 1 1 9 12 1 1 10 12 1 1 10 12 1 1 10 12 1 1 10 12 1 10 12 1 1 10 7 12 1 1 1 10 12 1 9 7 12 1 1 10 12 1 100 1 100 1 10 12 1 8 1 10 12 1 1 10 12 1 10 12 1 1 10 12 1 9 12 1 1 8 1 10 100 12 1 1 1 7 1 10 10 12 1 1 7 1 7 1 10 12 1 9 12 1 1 100 1 8 1 10 12 1 10 12 1 10 12 1 10 12 1 10 12 1 1 10 12 1 10 12 1 10 12 1 1 8 1 8 1 10 12 1 8 1 9 12 1 1 3 10 12 1 10 12 1 10 12 1 10 10 7 12 1 1 1 10 12 1 10 12 1 10 12 1 10 12 1 7 1 8 10 12 1 1 10 12 1 1 8 1 9 100 1 8 9 100 1 10 12 1 1 10 12 1 10 12 1 8 1 10 12 1 1 10 12 1 10 12 1 10 12 1 10 12 1 1 100 1 10 12 1 1 10 12 1 8 1 10 12 1 10 12 1 8 1 10 12 1 1 10 12 1 1 100 1 10 12 1 1 10 12 8 1 8 1 100 1 10 12 1 10 100 12 1 1 1 100 1 10 12 10 12 1 10 12 1 10 12 1 10 12 1 10 10 12 1 10 12 1 10 12 1 3 10 12 1 3 10 12 1 3 3 3 3 3 3 10 12 1 3 9 12 1 10 12 1 1 3 10 12 1 10 10 7 12 1 1 1 10 12 1 1 10 7 12 1 1 10 10 12 1 10 12 1 1 10 12 1 10 10 12 1 1 10 12 1 10 12 1 10 12 1 100 1 10 10 10 12 100 1 10 10 10 12 1 1 10 12 1 1 10 10 12 1 8 10 7 1 10 12 1 10 7 1 10 12 1 10 12 1 10 12 1 10 10 12 1 10 12 1 1 10 12 1 1 10 12 1 10 12 1 10 12 1 100 1 10 12 1 1 100 1 8 1 10 7 1 10 12 1 10 12 10 12 1 1 10 12 1 10 12 1 8 1 8 1 8 1 8 1 10 12 1 10 12 1 10 7 12 1 1 1 8 1 8 1 10 12 1 8 1 10 10 10 12 1 10 12 1 8 1 8 1 10 10 12 1 8 1 10 100 12 1 1 1 8 1 100 1 10 12 1 10 12 1 1 10 12 1 8 1 8 1 8 1 8 1 100 1 10 8 1 8 1 8 1 8 1 10 12 1 100 1 100 1 100 1 10 100 1 10 100 1 10 100 12 1 1 1 9 7 12 1 1 1 100 1 100 1 1 1 1 1 1 1 3 1 3 1 3 1 3 1 3 1 3 1 1 1 1 1 1 1 1 3 1 3 1 1 1 1 1 1 1 1 1 1 1 1 1 1 1 1 1 1 1 1 1 1 1 1 100 1 1 1 1 1 1 1 1 1 1 1 1 1 1 1 1 1 1 1 1 1 1 1 1 1 1 1 1 1 1 1 1 1 1 1 1 1 1 1 1 1 1 1 1 1 1 1 1 1 1 1 1 1 1 1 1 1 1 1 1 1 1 1 1 1 1 1 1 1 1 1 1 1 1 1 1 100 1 1 1 1 1 1 1 1 1 1 1 1 1 1 1 1
staticfield java/lang/invoke/MemberName $assertionsDisabled Z 1
ciInstanceKlass java/lang/invoke/ResolvedMethodName 1 1 25 10 100 12 1 1 1 9 100 12 1 1 1 1 1 1 1 1 1 1 1 1 1 1 1
ciInstanceKlass java/lang/invoke/MethodHandleNatives 1 1 689 100 1 10 7 12 1 1 1 9 7 12 1 1 1 10 12 1 1 100 1 10 10 12 1 1 10 12 1 10 12 1 8 1 8 1 8 1 8 1 8 1 8 1 8 1 8 1 8 1 8 1 10 12 1 1 7 1 10 7 12 1 1 1 10 100 12 1 1 1 7 1 10 10 12 1 1 8 1 10 12 1 8 1 10 12 1 1 8 1 10 12 1 1 9 100 12 1 1 1 8 1 10 100 12 1 1 1 100 1 10 12 100 1 100 1 8 1 7 1 10 10 12 1 7 1 9 7 12 1 1 10 12 1 1 10 12 1 10 7 12 1 1 1 10 12 1 1 9 12 1 8 1 10 12 1 1 10 12 1 8 1 10 12 1 1 7 1 10 12 1 10 7 12 1 1 1 10 12 1 10 12 1 1 10 12 1 1 8 1 10 12 1 1 8 1 10 12 1 8 1 8 1 8 1 100 1 10 12 1 8 1 10 100 12 1 1 1 10 12 1 1 10 100 12 1 1 10 10 12 1 1 10 12 1 10 100 12 1 1 1 100 1 8 1 10 100 12 1 1 1 7 1 8 1 10 12 1 8 1 8 1 8 1 8 1 8 1 10 12 1 1 10 12 1 1 10 12 1 10 12 1 1 10 12 1 1 7 1 10 12 1 100 1 100 1 10 12 1 10 12 1 8 1 8 1 10 10 12 1 1 10 12 1 1 8 1 10 100 12 1 1 8 1 8 1 10 12 1 1 10 7 12 1 1 1 100 1 10 12 1 1 7 1 9 12 1 1 10 7 12 1 1 1 10 10 12 1 9 12 1 10 12 1 9 12 1 9 12 1 10 12 1 1 10 12 1 10 12 1 1 7 1 7 1 10 12 1 1 10 12 1 10 12 1 1 10 7 12 1 1 1 10 12 1 8 1 10 12 1 10 12 1 10 12 1 1 10 12 1 10 7 12 1 1 1 10 12 1 1 100 1 8 1 10 9 7 12 1 1 1 10 12 1 1 10 12 1 1 100 1 10 12 1 1 10 12 1 1 100 1 100 1 10 10 100 1 100 1 10 100 1 10 10 12 1 1 10 100 1 10 12 1 10 12 1 1 10 12 1 1 10 12 1 1 10 12 1 10 12 1 1 10 8 1 10 12 1 10 12 1 10 12 1 10 12 1 10 12 1 1 10 12 1 10 12 1 10 12 1 10 10 7 12 1 1 10 12 1 1 1 1 1 1 1 1 1 1 1 1 1 100 1 1 1 1 1 1 1 1 1 1 1 1 1 1 1 1 1 1 1 1 1 1 1 1 1 1 1 1 1 1 1 1 1 1 1 1 1 1 1 1 1 1 1 1 1 1 1 1 1 1 1 1 1 1 1 1 1 1 1 1 1 1 1 100 1 1 1 1 1 1 1 1 1 1 1 1 1 1 1 1 1 1 1 1 1 1 1 1 1 1 1 1 1 1 1 1 1 1 1 100 1 1 1 1 1 1 1 1 1 1 1 1 1 1 1 1 1 1 1 1 1 1 1 1 1 1 1 1 1 1 1 1 1 1 100 1 1
staticfield java/lang/invoke/MethodHandleNatives $assertionsDisabled Z 1
ciInstanceKlass jdk/internal/foreign/abi/NativeEntryPoint 0 0 223 10 100 12 1 1 1 9 100 12 1 1 1 9 12 1 1 100 1 8 1 10 12 1 10 12 1 1 100 1 10 100 12 1 1 1 10 12 1 9 12 1 1 18 12 1 1 10 100 12 1 1 1 9 100 12 1 1 1 8 1 10 12 1 1 8 1 8 1 8 1 8 1 10 100 12 1 1 1 100 1 10 10 12 1 1 8 1 10 12 1 8 1 10 12 1 10 12 1 1 10 12 1 1 100 1 8 1 10 12 1 10 12 1 1 100 1 8 1 10 10 12 1 9 12 1 1 18 12 1 1 10 100 12 1 1 1 10 12 1 1 10 12 1 10 100 12 1 1 1 10 1 1 1 1 1 1 1 1 1 1 1 1 1 1 1 1 1 1 1 1 1 1 1 1 1 1 1 1 1 1 1 1 1 1 1 1 1 1 1 1 1 1 1 1 16 1 15 10 12 16 1 16 15 10 12 15 10 100 12 1 1 1 1 1 100 1 1 100 1 100 1 1
ciInstanceKlass jdk/internal/foreign/abi/ABIDescriptor 0 0 55 10 100 12 1 1 1 9 100 12 1 1 1 9 12 1 1 9 12 1 9 12 1 9 12 1 1 9 12 1 9 12 1 1 9 12 1 9 12 1 9 12 1 9 12 1 1 1 1 1 1 1 1 1 1
ciInstanceKlass jdk/internal/foreign/abi/VMStorage 0 0 111 10 100 12 1 1 1 9 100 12 1 1 1 9 12 1 1 9 12 1 1 9 12 1 1 100 1 10 8 1 10 12 1 1 10 12 1 10 12 1 1 10 12 1 100 1 10 100 12 1 1 1 10 100 12 1 1 10 100 12 1 1 10 100 12 1 1 1 18 12 1 1 1 1 1 1 1 1 1 1 1 1 1 1 1 1 1 1 1 1 1 1 8 1 15 15 15 15 15 10 100 12 1 1 1 1 100 1 100 1 1
ciInstanceKlass jdk/internal/foreign/abi/UpcallLinker$CallRegs 0 0 66 10 100 12 1 1 1 9 100 12 1 1 1 9 12 1 18 12 1 1 18 12 1 1 18 12 1 1 1 1 1 1 1 1 1 1 1 1 1 1 1 1 1 1 100 1 1 1 8 1 15 15 15 10 100 12 1 1 1 1 1 100 1 100 1 1
instanceKlass java/lang/StackFrameInfo
ciInstanceKlass java/lang/ClassFrameInfo 0 0 126 10 100 12 1 1 1 9 100 12 1 1 1 100 1 3 9 12 1 1 9 12 1 1 100 1 9 12 1 1 3 11 100 12 1 1 1 11 12 1 10 12 1 1 10 12 1 1 10 12 1 100 1 10 10 12 1 1 8 1 8 1 10 12 100 1 10 10 12 1 1 8 1 10 12 1 8 1 10 12 8 1 10 12 1 10 100 12 1 1 1 100 1 1 1 1 1 1 1 1 1 1 1 1 1 1 1 1 1 1 1 1 1 1 1 1 1 1 1 100 1 1 1 1 1 1
ciInstanceKlass java/lang/StackWalker$StackFrame 0 0 41 100 1 10 12 1 1 100 1 100 1 1 1 1 1 1 1 1 1 1 1 1 1 1 1 1 1 1 1 1 1 1 1 1 1 1 1 100 1 1 1
ciInstanceKlass java/lang/StackWalker 1 1 236 9 7 12 1 1 1 10 7 12 1 1 1 7 1 10 7 12 1 1 1 10 12 1 1 11 7 12 1 1 1 10 12 1 1 10 12 1 1 100 1 8 1 10 12 1 10 12 1 10 12 1 10 7 12 1 1 9 12 1 1 9 12 1 1 9 12 1 1 9 12 1 1 10 12 1 1 9 12 1 1 9 12 1 1 9 12 1 1 9 12 1 1 10 12 1 1 10 100 12 1 1 1 10 100 12 1 1 1 18 12 1 1 100 1 8 1 10 8 1 10 12 1 1 10 100 12 1 1 1 10 12 1 1 10 12 1 11 12 1 1 9 100 12 1 1 11 100 12 1 1 1 10 12 1 1 1 1 1 1 1 1 1 1 1 1 1 1 1 1 1 1 1 1 1 1 1 1 1 1 1 1 1 1 1 1 1 1 1 1 1 1 1 1 1 1 1 1 1 1 1 1 1 1 1 1 1 1 1 100 1 1 16 15 10 12 16 1 15 10 100 12 1 1 1 1 1 1 1 1 1 100 1 100 1 1
staticfield java/lang/StackWalker DEFAULT_EMPTY_OPTION Ljava/util/EnumSet; java/util/RegularEnumSet
staticfield java/lang/StackWalker DEFAULT_WALKER Ljava/lang/StackWalker; java/lang/StackWalker
instanceKlass java/lang/LiveStackFrameInfo
ciInstanceKlass java/lang/StackFrameInfo 0 0 150 10 100 12 1 1 1 9 100 12 1 1 1 9 12 1 1 11 100 12 1 1 1 10 12 1 1 10 100 12 1 1 1 9 12 1 1 10 12 1 1 9 12 1 1 100 1 10 12 10 12 1 9 12 1 100 1 100 1 10 12 1 1 11 12 1 1 10 12 1 10 12 1 10 12 1 1 9 12 1 1 10 12 1 1 10 100 12 1 1 10 12 1 1 9 12 1 10 100 12 1 1 1 9 12 1 1 10 100 1 10 12 1 9 12 1 1 10 12 1 1 10 12 1 1 1 1 1 1 1 1 1 1 1 1 1 1 1 1 100 1 100 1 1 1 1 1 1 1 1
ciInstanceKlass java/lang/LiveStackFrameInfo 0 0 97 10 100 12 1 1 1 9 100 12 1 1 1 9 12 1 9 12 1 9 12 1 9 12 1 1 100 1 10 12 1 1 10 12 1 8 1 10 12 1 1 8 1 8 1 8 1 10 100 1 10 12 1 100 1 10 12 1 100 1 100 1 1 1 3 1 3 1 1 1 1 1 1 1 1 1 1 1 1 1 1 1 1 1 1 1 1 1 1 1 1 1 1 1 100 1 1
ciInstanceKlass java/lang/LiveStackFrame 0 0 112 100 1 10 100 12 1 1 1 11 100 12 1 1 1 11 12 1 9 100 12 1 1 1 10 100 12 1 1 1 10 100 12 1 1 1 11 12 1 10 12 1 100 1 100 1 1 1 1 1 1 1 1 1 1 1 1 1 1 1 1 1 1 1 1 1 1 1 1 1 100 1 1 1 1 1 1 1 100 1 8 1 1 12 10 1 1 1 8 1 1 1 8 1 1 1 8 1 1 1 8 1 1 8 1 1 1 8 1 1 8 1
ciInstanceKlass java/lang/StackStreamFactory$AbstractStackWalker 1 0 364 100 1 100 1 3 10 100 12 1 1 1 10 100 12 1 1 10 100 12 1 1 1 9 12 1 1 9 12 1 1 9 12 1 1 9 12 1 9 12 1 10 100 12 1 1 1 10 12 1 1 10 100 12 1 1 9 12 1 1 9 12 1 1 10 12 1 1 9 12 1 1 10 100 12 1 1 1 10 12 1 1 9 12 1 1 9 100 12 1 1 1 100 1 10 8 1 10 12 1 1 10 12 1 8 1 10 12 1 1 10 100 12 1 1 1 100 1 8 1 10 12 1 8 1 10 12 10 100 12 1 1 9 12 1 1 8 1 5 0 8 1 8 1 9 12 1 1 10 12 1 1 18 12 1 1 10 100 12 1 1 1 10 12 1 1 10 12 1 10 12 1 9 100 12 1 1 1 10 12 1 1 9 12 1 10 12 1 10 12 1 10 12 1 10 12 1 10 12 1 10 12 1 1 8 1 10 12 1 10 12 1 10 12 1 10 12 1 1 8 1 10 12 1 1 10 12 1 1 10 12 1 1 10 12 1 10 12 1 10 12 1 9 12 1 8 1 10 12 1 8 1 10 12 1 10 12 1 1 10 12 1 10 12 1 10 12 1 1 10 12 1 10 12 1 10 12 1 10 12 1 10 12 1 10 12 1 1 10 12 1 10 12 1 10 12 1 10 12 1 8 1 1 1 1 1 1 1 1 1 1 1 1 1 100 1 1 1 1 1 1 100 1 1 1 1 100 1 1 1 1 1 1 1 1 1 1 1 1 1 1 1 1 1 1 16 15 15 10 100 12 1 1 1 1 1 1 1 1 100 1 100 1 1
ciInstanceKlass jdk/internal/module/Modules 1 1 481 10 100 12 1 1 1 9 7 12 1 1 1 11 7 12 1 1 1 11 12 1 1 11 12 1 1 11 12 1 1 11 12 1 11 12 1 11 12 1 11 12 1 11 12 1 11 12 1 1 10 100 12 1 1 1 10 12 1 1 10 7 12 1 1 10 7 12 1 1 1 10 100 12 1 1 10 12 1 1 11 12 1 9 12 1 1 11 7 12 1 1 1 10 12 1 1 10 10 12 1 10 7 1 9 12 1 1 10 100 12 1 1 10 12 1 1 10 100 12 1 1 1 100 1 11 100 12 1 1 1 10 100 12 1 1 1 11 100 12 1 1 10 12 1 1 10 100 12 1 1 10 100 12 1 1 1 10 12 1 1 10 12 1 1 11 12 1 1 18 12 1 1 11 100 12 1 1 10 100 12 1 1 1 11 100 12 1 1 1 100 1 11 12 1 1 11 100 12 1 1 1 11 12 1 1 10 12 1 1 10 100 12 1 1 18 12 1 1 11 12 1 1 18 12 1 1 11 12 1 1 10 12 1 18 18 10 12 1 1 9 12 1 1 11 100 12 1 1 1 100 1 10 11 12 1 11 12 1 1 10 100 1 10 12 1 1 10 100 12 1 1 10 12 1 1 11 12 10 12 1 1 100 1 10 18 12 1 10 12 1 1 100 1 8 1 10 12 1 10 100 12 1 1 18 12 1 11 11 12 10 12 1 10 10 100 1 18 12 1 10 10 10 7 12 1 1 10 7 12 1 1 1 10 12 1 1 1 1 1 1 1 1 1 1 1 1 1 1 1 1 1 1 1 1 1 1 1 1 1 1 1 1 1 1 1 1 1 1 1 1 1 1 1 1 1 1 1 1 1 1 1 1 1 1 1 1 1 1 1 1 1 1 1 1 1 1 1 1 100 1 1 1 1 1 1 1 1 1 1 1 1 1 1 1 1 1 1 1 1 1 1 1 16 15 10 12 1 16 1 16 1 15 10 12 1 16 1 16 1 15 10 12 16 1 15 10 16 1 15 10 12 16 1 16 15 10 12 16 15 10 12 16 15 10 12 15 10 100 12 1 1 1 1 1 1 100 1 100 1 1
staticfield jdk/internal/module/Modules JLA Ljdk/internal/access/JavaLangAccess; java/lang/System$1
staticfield jdk/internal/module/Modules JLMA Ljdk/internal/access/JavaLangModuleAccess; java/lang/module/ModuleDescriptor$1
staticfield jdk/internal/module/Modules $assertionsDisabled Z 1
ciInstanceKlass jdk/internal/loader/ClassLoaders 1 1 185 10 100 12 1 1 1 10 7 12 1 1 1 10 12 1 1 10 100 12 1 1 1 9 7 12 1 1 1 9 12 1 1 9 12 1 1 7 1 11 100 12 1 1 1 100 1 11 12 1 1 11 12 1 1 10 100 12 1 1 1 10 100 12 1 1 1 100 1 100 1 10 7 12 1 1 1 9 12 1 1 8 1 10 7 12 1 1 1 10 12 1 1 7 1 10 12 1 10 12 1 1 7 1 10 12 1 1 10 12 1 1 10 12 1 7 1 10 12 10 12 1 8 1 10 7 12 1 1 8 1 8 1 10 12 1 7 1 10 10 12 1 10 12 1 1 1 1 1 1 1 1 1 1 1 1 1 1 1 1 1 1 1 1 100 1 1 1 1 1 1 1 1 1 1 1 1 1 1 1 1 1 1 1 1
staticfield jdk/internal/loader/ClassLoaders JLA Ljdk/internal/access/JavaLangAccess; java/lang/System$1
staticfield jdk/internal/loader/ClassLoaders BOOT_LOADER Ljdk/internal/loader/ClassLoaders$BootClassLoader; jdk/internal/loader/ClassLoaders$BootClassLoader
staticfield jdk/internal/loader/ClassLoaders PLATFORM_LOADER Ljdk/internal/loader/ClassLoaders$PlatformClassLoader; jdk/internal/loader/ClassLoaders$PlatformClassLoader
staticfield jdk/internal/loader/ClassLoaders APP_LOADER Ljdk/internal/loader/ClassLoaders$AppClassLoader; jdk/internal/loader/ClassLoaders$AppClassLoader
ciInstanceKlass java/util/ArrayList 1 1 514 10 7 12 1 1 1 7 1 9 7 12 1 1 1 9 12 1 100 1 100 1 10 8 1 10 12 1 1 10 12 1 10 12 1 1 10 12 1 9 12 1 11 7 12 1 1 1 9 12 1 1 11 12 1 1 7 10 7 12 1 1 1 9 12 1 10 12 1 10 12 1 1 10 7 12 1 1 1 10 7 12 1 1 1 10 12 1 1 10 12 1 1 10 12 1 1 10 12 1 10 12 1 1 100 1 100 1 10 12 1 10 10 7 12 1 1 1 10 7 12 1 1 10 12 1 100 1 10 10 12 10 12 1 1 10 12 1 1 10 12 1 10 12 10 12 1 1 100 1 10 12 1 1 10 12 1 1 10 12 1 100 1 10 11 12 1 1 11 100 12 1 1 1 11 12 1 10 12 1 10 12 1 10 12 1 1 100 1 10 12 1 1 10 10 12 1 1 10 12 1 8 1 8 1 8 1 8 1 10 12 1 1 10 12 1 1 11 12 1 100 1 10 100 12 1 1 10 12 1 10 12 1 1 10 100 12 1 1 10 12 1 10 100 12 1 1 1 11 100 12 1 1 1 10 12 1 100 1 8 1 10 7 1 10 12 1 7 1 10 12 1 10 12 1 1 7 1 10 12 1 10 12 1 1 11 7 12 1 1 7 1 10 12 1 10 12 1 1 11 100 12 1 1 10 12 1 1 10 12 1 1 10 12 1 1 10 12 1 1 11 100 12 1 1 10 12 1 1 10 12 1 1 100 1 100 1 100 1 1 1 1 5 0 1 3 1 1 1 1 1 1 1 1 1 1 1 1 1 1 1 1 1 1 1 1 1 1 1 1 1 1 1 1 1 1 1 1 1 1 1 1 1 1 1 1 1 1 1 1 1 1 1 1 1 1 1 1 1 1 1 1 1 1 1 1 1 1 1 1 1 1 1 1 1 1 1 1 1 1 1 1 1 1 1 1 1 1 1 1 1 1 1 1 1 1 1 1 1 1 1 1 1 1 1 1 1 1 1 1 100 1 1 1 1 100 1 1 1 1 1 1 1 1 1 1 1 1 1 1 1 1 1 1 1 1 1 1 1 1 1 1 1 1 1 100 1 1 1 1 1 1 1 1 1 1 1 1 1 1 1 1 1 1 1 100 1 100 1 1 1 1 1 1
staticfield java/util/ArrayList EMPTY_ELEMENTDATA [Ljava/lang/Object; 0 [Ljava/lang/Object;
staticfield java/util/ArrayList DEFAULTCAPACITY_EMPTY_ELEMENTDATA [Ljava/lang/Object; 0 [Ljava/lang/Object;
ciInstanceKlass java/util/List 1 1 251 10 100 12 1 1 1 11 100 12 1 1 1 11 100 12 1 1 1 11 12 1 1 11 100 12 1 1 11 12 1 1 11 12 1 1 10 100 12 1 1 1 7 1 7 1 10 12 1 1 100 1 10 100 12 1 1 1 11 12 1 1 11 12 1 11 12 1 100 1 10 12 1 11 12 1 1 11 12 1 1 11 12 1 10 7 12 1 1 1 9 7 12 1 1 1 7 1 10 12 10 12 1 7 1 10 12 1 1 10 12 1 10 12 1 1 11 12 1 1 100 1 1 1 1 1 1 1 1 1 1 1 1 1 1 1 1 1 1 1 1 1 1 1 1 1 1 1 1 1 1 1 1 1 1 1 1 1 1 1 1 1 1 1 1 100 1 100 1 1 1 1 1 1 1 1 1 1 1 1 1 1 1 1 1 1 1 1 1 1 1 1 1 1 1 1 1 1 1 1 1 1 1 1 1 1 1 1 1 1 1 1 1 1 1 1 1 1 1 1 1 1 1 1 1 1 1 1 1 1 1 1 1 1 1 1 1 1 1 1 1 1 1 1 100 1 1 100 1 1 1
ciInstanceKlass java/util/SequencedCollection 1 1 104 100 1 10 12 1 1 11 100 12 1 1 1 11 100 12 1 1 1 11 12 1 1 11 12 1 100 1 100 1 1 1 1 1 1 1 1 1 1 1 1 1 1 1 1 1 1 1 1 1 1 1 1 1 1 1 1 1 100 1 8 1 12 10 1 1 8 1 1 1 8 1 1 8 1 1 1 8 1 1 8 1 1 1 8 1 1 8 1 8 1 1 8 1 1 1 8 1 1 8 1 1 8 1
ciInstanceKlass java/lang/Iterable 1 1 62 10 7 12 1 1 1 11 7 12 1 1 1 11 7 12 1 1 1 11 12 1 1 11 7 12 1 1 1 10 7 12 1 1 1 100 1 1 1 1 1 1 1 1 1 1 1 1 1 1 1 1 1 1 1 1 1 1 1 1 1 1
ciMethod java/util/List size ()I 0 0 1 0 -1
ciMethod java/util/List add (Ljava/lang/Object;)Z 0 0 1 0 -1
ciMethod java/util/List toArray ([Ljava/lang/Object;)[Ljava/lang/Object; 0 0 1 0 -1
ciInstanceKlass java/util/RandomAccess 1 0 7 100 1 100 1 1 1
instanceKlass java/util/IdentityHashMap$Values
instanceKlass io/qameta/allure/internal/shadowed/jackson/databind/util/internal/LinkedDeque
instanceKlass java/util/AbstractQueue
instanceKlass java/util/LinkedHashMap$LinkedValues
instanceKlass java/util/HashMap$Values
instanceKlass java/util/ArrayDeque
instanceKlass java/util/AbstractSet
instanceKlass java/util/ImmutableCollections$AbstractImmutableCollection
instanceKlass java/util/AbstractList
ciInstanceKlass java/util/AbstractCollection 1 1 160 10 7 12 1 1 1 10 7 12 1 1 1 10 12 1 1 11 7 12 1 1 1 11 12 1 1 10 12 1 1 10 100 12 1 1 1 10 12 1 1 10 12 1 1 10 7 12 1 1 10 7 12 1 1 1 7 1 10 100 12 1 1 1 10 100 12 1 1 1 100 1 10 11 12 1 11 7 1 10 12 1 10 12 1 10 100 12 1 1 1 11 8 1 7 1 10 10 12 1 1 8 1 10 12 1 10 12 1 1 1 1 1 1 1 1 1 1 1 1 1 1 1 1 1 1 1 1 1 1 1 1 1 1 1 1 1 1 1 1 1 1 1 1 1 1 1 1 1 1 1 1 1 1 1 1 1 1 1 1
ciMethod java/util/AbstractCollection <init> ()V 654 0 17366 0 0
instanceKlass java/util/ArrayList$SubList
instanceKlass sun/security/jca/ProviderList$2
instanceKlass java/util/Vector
instanceKlass java/util/Collections$SingletonList
instanceKlass java/util/Arrays$ArrayList
instanceKlass java/util/AbstractSequentialList
instanceKlass java/util/Collections$EmptyList
instanceKlass java/util/ArrayList
ciInstanceKlass java/util/AbstractList 1 1 218 10 7 12 1 1 1 9 7 12 1 1 1 10 12 1 1 10 12 1 1 100 1 10 10 12 1 1 11 100 12 1 1 1 11 12 1 1 11 12 1 10 100 12 1 1 1 10 12 1 11 12 1 11 12 1 11 12 1 10 12 1 1 10 12 1 1 11 100 12 1 1 1 11 100 1 11 7 1 10 12 1 100 1 10 12 1 10 12 1 1 100 1 100 1 10 12 1 100 1 10 100 1 100 1 10 8 1 10 12 1 1 10 12 1 10 12 1 1 10 12 1 8 1 100 1 8 1 8 1 8 1 10 100 1 11 10 10 12 1 11 12 1 10 12 1 1 8 1 8 1 1 1 1 1 1 1 1 1 1 1 1 1 1 1 1 1 1 1 1 1 1 1 1 1 1 1 1 1 1 1 1 1 1 1 1 1 1 1 1 1 1 1 1 1 1 1 1 1 1 1 1 1 1 1 1 1 1 100 1 100 1 1 1 1 1 1 1
ciMethod java/util/AbstractList <init> ()V 796 0 11455 0 0
ciMethod java/util/ArrayList size ()I 258 0 129 0 0
ciMethod java/util/ArrayList add (Ljava/lang/Object;)Z 512 0 68253 0 282
ciMethod java/util/ArrayList toArray ([Ljava/lang/Object;)[Ljava/lang/Object; 50 0 2715 0 0
ciMethod java/util/ArrayList <init> ()V 514 0 4353 0 0
ciMethod java/util/ArrayList add (Ljava/lang/Object;[Ljava/lang/Object;I)V 512 0 68253 0 0
ciMethod java/util/ArrayList grow (I)[Ljava/lang/Object; 136 0 5397 0 1164
ciMethod java/util/ArrayList grow ()[Ljava/lang/Object; 132 0 5052 0 0
ciInstanceKlass java/lang/annotation/Annotation 1 0 17 100 1 100 1 1 1 1 1 1 1 1 1 1 1 1 1
ciInstanceKlass java/lang/classfile/Attribute 1 0 97 100 1 100 1 100 1 1 1 1 1 1 1 1 1 1 1 100 1 100 1 100 1 100 1 100 1 100 1 100 1 100 1 100 1 100 1 100 1 100 1 100 1 100 1 100 1 100 1 100 1 100 1 100 1 100 1 100 1 100 1 100 1 100 1 100 1 100 1 100 1 100 1 100 1 100 1 100 1 100 1 100 1 100 1 100 1 100 1 100 1 100 1 100 1 100 1
ciInstanceKlass jdk/internal/classfile/impl/Util$Writable 1 0 14 100 1 100 1 1 1 1 1 1 100 1 1 1
ciMethod java/util/concurrent/ConcurrentHashMap <init> ()V 434 0 369 0 0
ciMethod java/util/Objects checkFromIndexSize (III)I 780 0 13711 0 -1
ciMethod java/util/Objects requireNonNull (Ljava/lang/Object;Ljava/lang/String;)Ljava/lang/Object; 518 0 40077 0 -1
ciMethod java/lang/invoke/MethodHandle asType (Ljava/lang/invoke/MethodType;)Ljava/lang/invoke/MethodHandle; 270 0 290 0 -1
ciMethod java/util/concurrent/ConcurrentMap putIfAbsent (Ljava/lang/Object;Ljava/lang/Object;)Ljava/lang/Object; 0 0 1 0 -1
ciMethod java/util/AbstractMap <init> ()V 1024 0 4635 0 0
ciMethod jdk/internal/misc/Unsafe convEndian (ZI)I 776 0 20644 0 0
ciMethod jdk/internal/misc/Unsafe compareAndSetReference (Ljava/lang/Object;JLjava/lang/Object;Ljava/lang/Object;)Z 256 0 128 0 -1
ciMethod jdk/internal/misc/Unsafe getIntUnaligned (Ljava/lang/Object;JZ)I 776 0 20041 0 120
ciMethod jdk/internal/misc/Unsafe getIntUnaligned (Ljava/lang/Object;J)I 770 0 1006 0 -1
ciMethod java/util/Arrays copyOf ([Ljava/lang/Object;I)[Ljava/lang/Object; 226 0 6567 0 0
ciMethod java/util/Arrays copyOf ([Ljava/lang/Object;ILjava/lang/Class;)[Ljava/lang/Object; 346 0 5309 0 -1
ciMethod jdk/internal/util/ArraysSupport hugeLength (II)I 0 0 1 0 -1
ciMethod jdk/internal/util/ArraysSupport newLength (III)I 520 0 8399 0 0
ciMethod java/lang/Math floorDiv (JI)J 1024 0 8540 0 0
ciMethod java/lang/Math floorDiv (JJ)J 1024 0 5869 0 152
ciMethod java/lang/Math floorMod (JI)I 1024 0 7979 0 0
ciMethod java/lang/Math floorMod (JJ)J 804 0 5896 0 160
ciMethod java/lang/Math addExact (JJ)J 512 0 1376 0 -1
ciMethod java/lang/Math max (II)I 680 0 38979 0 -1
ciMethod java/io/BufferedInputStream getInIfOpen ()Ljava/io/InputStream; 26 0 38 0 -1
ciMethod java/io/BufferedInputStream getBufIfOpen ()[B 1024 0 6806 0 0
ciMethod java/io/BufferedInputStream getBufIfOpen (Z)[B 1024 0 6839 0 472
ciMethod java/io/BufferedInputStream fill ()V 26 0 32 0 0
ciMethod java/io/InputStream read ([BII)I 0 0 1 0 -1
ciMethod java/io/InputStream read ()I 0 0 1 0 -1
ciMethod java/lang/Object getClass ()Ljava/lang/Class; 256 0 128 0 -1
ciMethod java/lang/Object <init> ()V 778 0 292749 0 120
instanceKlass java/net/HttpRetryException
instanceKlass jdk/internal/net/http/common/ConnectionExpiredException
instanceKlass java/net/http/HttpTimeoutException
instanceKlass org/apache/commons/io/FileExistsException
instanceKlass org/apache/hc/client5/http/ClientProtocolException
instanceKlass org/apache/hc/core5/http/NoHttpResponseException
instanceKlass org/apache/hc/client5/http/UnsupportedSchemeException
instanceKlass org/apache/hc/core5/http/ConnectionClosedException
instanceKlass javax/net/ssl/SSLException
instanceKlass sun/security/pkcs/ParsingException
instanceKlass io/qameta/allure/internal/shadowed/jackson/core/JacksonException
instanceKlass java/net/ProtocolException
instanceKlass java/net/UnknownServiceException
instanceKlass java/io/CharConversionException
instanceKlass com/sun/org/apache/xerces/internal/util/URI$MalformedURIException
instanceKlass java/io/UTFDataFormatException
instanceKlass java/io/InterruptedIOException
instanceKlass java/nio/channels/FileLockInterruptionException
instanceKlass java/nio/channels/ClosedChannelException
instanceKlass java/net/UnknownHostException
instanceKlass java/net/SocketException
instanceKlass java/io/UnsupportedEncodingException
instanceKlass java/nio/file/FileSystemException
instanceKlass java/io/EOFException
instanceKlass java/nio/charset/CharacterCodingException
instanceKlass java/util/zip/ZipException
instanceKlass java/io/FileNotFoundException
instanceKlass java/net/MalformedURLException
instanceKlass java/io/ObjectStreamException
ciInstanceKlass java/io/IOException 1 1 34 10 7 12 1 1 1 10 12 1 10 12 1 10 12 1 100 1 1 1 1 5 0 1 1 1 1 1 1 1 1 1 1 1
instanceKlass java/nio/ReadOnlyBufferException
ciInstanceKlass java/lang/UnsupportedOperationException 0 0 34 10 100 12 1 1 1 10 12 1 10 12 1 10 12 1 100 1 1 1 1 5 0 1 1 1 1 1 1 1 1 1 1 1
ciInstanceKlass java/lang/AssertionError 0 0 79 10 100 12 1 1 1 10 12 1 10 100 12 1 1 1 10 100 1 100 1 10 12 1 1 10 12 1 10 12 1 10 12 1 10 12 1 10 12 1 10 12 1 10 12 1 1 1 1 5 0 1 1 1 1 1 1 1 1 1 1 100 1 1 1 1 1 1 1 1 1 1 1 1 1 1 1 1 1
ciInstanceKlass jdk/internal/loader/URLClassPath$JarLoader 1 1 421 7 1 8 1 8 1 7 1 10 12 1 1 10 12 1 1 8 1 10 12 1 10 12 1 1 10 7 12 1 1 1 10 7 12 1 1 9 12 1 1 9 12 1 1 10 12 1 7 1 10 12 1 9 12 1 10 7 12 1 1 8 1 10 12 1 10 7 12 1 1 1 9 12 1 9 100 12 1 1 1 8 1 10 100 12 1 1 1 10 100 12 1 1 10 12 1 1 9 12 1 9 12 1 1 11 100 12 1 1 1 100 1 8 1 10 12 10 12 1 1 10 12 1 1 7 1 10 10 12 1 1 100 1 10 12 1 10 7 1 10 100 1 10 12 1 1 10 12 1 10 12 1 1 10 12 1 1 8 1 10 12 1 10 12 1 1 8 1 9 12 1 1 10 100 12 1 1 1 100 1 10 12 1 10 12 1 10 7 12 1 1 10 7 12 1 1 1 7 1 10 12 1 10 12 1 1 10 7 12 1 1 100 1 10 12 10 12 1 1 10 12 1 1 10 7 12 1 1 1 11 7 12 1 1 1 10 12 1 1 10 7 12 1 1 1 9 7 12 1 1 1 10 7 12 1 1 1 10 12 1 1 100 1 10 10 12 1 1 10 12 1 10 12 1 9 12 1 10 12 1 1 9 12 1 8 1 8 1 10 100 12 1 1 1 100 1 10 12 1 1 10 12 1 10 12 1 10 12 1 1 9 12 1 1 10 12 1 1 10 12 1 10 10 12 1 10 12 1 10 12 1 1 8 1 10 12 1 10 100 12 1 1 1 10 12 1 100 1 10 12 1 1 1 1 1 1 1 1 1 1 1 1 1 1 1 1 1 100 1 1 1 1 1 1 1 1 1 1 1 1 1 1 1 1 1 1 1 1 1 1 1 1 1 1 1 1 1 1 1 1 1 1 1 1 1 1 1 1 1 1 1 1 1 1 100 1 100 1 1 1
staticfield jdk/internal/loader/URLClassPath$JarLoader zipAccess Ljdk/internal/access/JavaUtilZipFileAccess; java/util/zip/ZipFile$1
instanceKlass com/sun/org/apache/xerces/internal/impl/XMLEntityScanner$1
ciInstanceKlass java/io/EOFException 1 1 26 10 7 12 1 1 1 10 12 1 100 1 1 1 1 5 0 1 1 1 1 1 1 1 1 1
ciInstanceKlass java/io/DataInput 1 0 36 100 1 100 1 1 1 1 100 1 1 1 1 1 1 1 1 1 1 1 1 1 1 1 1 1 1 1 1 1 1 1 1 1 1 1
instanceKlass java/time/format/DateTimeParseException
instanceKlass java/time/zone/ZoneRulesException
instanceKlass java/time/temporal/UnsupportedTemporalTypeException
ciInstanceKlass java/time/DateTimeException 0 0 28 10 100 12 1 1 1 10 12 1 100 1 1 1 1 5 0 1 1 1 1 1 1 1 1 1 1 1
ciInstanceKlass java/time/temporal/TemporalAccessor 1 1 125 100 1 11 100 12 1 1 1 11 100 12 1 1 1 100 1 100 1 10 12 1 1 8 1 10 12 1 1 10 12 1 10 12 1 1 10 12 1 8 1 10 100 12 1 1 1 11 12 1 1 11 12 1 10 100 12 1 1 1 8 1 8 1 11 12 1 1 10 12 1 1 100 1 8 1 8 1 8 1 10 12 1 10 10 100 12 1 1 1 10 12 1 10 12 1 11 100 12 1 1 1 100 1 1 1 1 1 1 1 1 1 1 1 1 1 1 1 1 1 1 1 1 1 1
ciInstanceKlass java/io/InvalidObjectException 0 0 28 10 100 12 1 1 1 10 12 1 100 1 1 1 1 5 0 1 1 1 1 1 1 1 1 1 1 1
ciInstanceKlass java/lang/invoke/VarHandle$AccessDescriptor 1 1 61 10 7 12 1 1 1 9 7 12 1 1 1 10 7 12 1 1 1 9 12 1 7 1 7 1 10 12 1 1 9 12 1 10 12 1 1 9 12 1 9 12 1 1 9 12 1 1 1 1 1 1 1 1 1 1 1 1 1 1 1
ciInstanceKlass java/io/DataInputStream 1 1 242 10 7 12 1 1 1 9 7 12 1 1 1 9 12 1 9 12 1 9 12 1 1 9 12 1 9 12 1 1 10 7 12 1 1 1 10 12 1 1 10 7 12 1 1 1 100 1 10 12 1 10 12 1 1 10 12 1 1 10 12 10 7 12 1 1 1 10 12 1 1 10 12 1 1 10 12 1 10 12 1 1 10 12 1 1 10 12 1 1 9 12 1 100 1 10 10 12 1 1 10 100 12 1 1 1 10 100 12 1 1 1 10 12 1 1 11 7 12 1 1 11 9 12 1 1 11 7 12 1 1 9 7 12 1 1 1 11 12 1 1 10 12 1 11 12 1 1 100 1 8 1 10 12 1 100 1 10 8 1 10 12 1 1 10 12 1 10 12 1 1 10 12 1 10 7 12 1 1 1 1 1 1 1 1 1 1 1 100 1 1 1 1 1 1 1 1 1 1 1 1 1 1 1 1 1 1 1 1 1 1 1 1 1 1 1 1 1 1 1 1 1 1 100 1 1 1 1 1 1 1 1 1 1 1 1 1 1 100 1 1 1
staticfield java/io/DataInputStream JLA Ljdk/internal/access/JavaLangAccess; java/lang/System$1
staticfield java/io/DataInputStream EMPTY_BYTE_ARRAY [B 0
staticfield java/io/DataInputStream EMPTY_CHAR_ARRAY [C 0
instanceKlass java/lang/invoke/VarHandleByteArrayAsInts$ByteBufferHandle
instanceKlass java/lang/invoke/VarHandleByteArrayAsInts$ArrayHandle
ciInstanceKlass java/lang/invoke/VarHandleByteArrayAsInts$ByteArrayViewVarHandle 1 1 36 10 7 12 1 1 1 9 7 12 1 1 1 1 1 1 1 1 1 1 1 1 1 1 1 100 1 1 100 1 100 1 1 1 1 1
ciInstanceKlass java/lang/invoke/VarHandleByteArrayAsInts$ArrayHandle 1 1 126 100 1 10 7 12 1 1 1 9 12 1 1 10 7 12 1 1 10 12 1 1 9 12 1 1 7 1 9 7 12 1 1 1 7 1 10 7 12 1 1 1 9 7 12 1 1 1 10 12 1 1 9 7 12 1 1 1 10 12 1 1 9 7 12 1 1 1 10 12 1 1 10 12 1 1 10 12 1 1 10 12 1 7 1 10 12 1 1 1 1 1 1 1 1 1 1 1 1 1 1 1 1 1 1 1 1 1 1 1 1 1 1 1 1 1 1 1 1 1 1 1 1 100 1 1
staticfield java/lang/invoke/VarHandleByteArrayAsInts$ArrayHandle FORM Ljava/lang/invoke/VarForm; java/lang/invoke/VarForm
ciInstanceKlass java/lang/invoke/VarHandleByteArrayAsShorts$ArrayHandle 1 1 130 100 1 10 7 12 1 1 1 9 12 1 1 10 7 12 1 1 10 12 1 1 9 12 1 1 7 1 9 7 12 1 1 1 7 1 9 7 1 10 100 12 1 1 1 9 7 12 1 1 1 10 12 1 1 9 7 12 1 1 1 10 12 1 1 9 7 12 1 1 1 10 12 1 1 10 12 1 1 10 12 1 1 10 12 1 7 1 10 12 1 1 1 1 1 1 1 1 1 1 1 1 1 1 1 1 1 1 1 1 1 1 1 1 1 1 1 1 1 1 1 1 1 1 1 1 1 100 1 1
staticfield java/lang/invoke/VarHandleByteArrayAsShorts$ArrayHandle FORM Ljava/lang/invoke/VarForm; java/lang/invoke/VarForm
ciInstanceKlass java/lang/invoke/VarHandleGuards 1 1 1051 10 100 12 1 1 1 10 7 12 1 1 1 9 12 1 1 9 7 12 1 1 1 9 7 12 1 1 1 9 12 1 1 9 12 1 10 12 1 1 10 7 12 1 1 1 9 12 1 1 10 7 12 1 1 1 10 12 1 1 9 12 1 10 12 1 1 10 12 1 1 10 12 1 1 10 12 1 10 12 1 10 12 1 10 12 1 10 12 1 10 12 1 10 12 1 10 12 1 10 12 1 10 12 1 10 12 1 10 12 1 10 12 1 10 12 1 10 12 1 10 12 1 10 12 1 10 12 1 10 12 1 10 12 1 10 12 1 10 12 1 10 12 1 10 12 1 10 12 1 10 12 1 10 12 1 10 12 1 10 12 1 10 12 1 10 12 1 10 12 1 10 12 1 10 12 1 10 12 1 10 12 1 10 12 1 10 12 1 10 12 1 10 12 1 10 12 1 10 12 1 10 12 1 10 12 1 10 12 1 10 12 1 10 12 1 10 12 1 10 12 1 10 12 1 1 10 12 1 10 12 1 10 12 1 10 12 1 10 12 1 10 12 1 10 12 1 10 12 1 10 12 1 10 12 1 10 12 1 10 12 1 10 12 1 10 12 1 10 12 1 10 12 1 10 12 1 10 12 1 10 12 1 10 12 1 10 12 1 10 12 1 10 12 1 10 12 1 10 12 1 10 12 1 10 12 1 10 12 1 10 12 1 10 12 1 10 12 1 10 12 1 10 12 1 10 12 1 10 12 1 10 12 1 10 12 1 10 12 1 10 12 1 10 12 1 10 12 1 10 12 1 10 12 1 10 12 1 10 12 1 10 12 1 10 12 1 10 12 1 10 12 1 10 12 1 10 12 1 10 12 1 10 12 1 10 12 1 10 12 1 10 12 1 10 12 1 10 12 1 10 12 1 10 12 1 10 12 1 10 12 1 10 12 1 10 12 1 10 12 1 10 12 1 10 12 1 10 12 1 10 12 1 10 12 1 10 12 1 10 12 1 10 12 1 10 12 1 10 12 1 10 12 1 10 12 1 10 12 1 10 12 1 10 12 1 10 12 1 10 12 1 10 12 1 10 12 1 10 12 1 10 12 1 10 12 1 10 12 1 10 12 1 10 12 1 10 12 1 10 12 1 10 12 1 10 12 1 10 12 1 10 12 1 10 12 1 10 12 1 10 12 1 10 12 1 10 12 1 10 12 1 10 12 1 10 12 1 10 12 1 10 12 1 10 12 1 10 12 1 10 12 1 10 12 1 10 12 1 10 12 1 10 12 1 10 12 1 10 12 1 10 12 1 10 12 1 10 12 1 10 12 1 10 12 1 10 12 1 10 12 1 10 12 1 10 12 1 10 12 1 10 12 1 10 12 1 10 12 1 10 12 1 10 12 1 10 12 1 10 12 1 10 12 1 10 12 1 10 12 1 10 12 1 10 12 1 10 12 1 10 12 1 10 12 1 10 12 1 10 12 1 10 12 1 10 12 1 10 12 1 10 12 1 10 12 1 10 12 1 10 12 1 10 12 1 10 12 1 10 12 1 10 12 1 10 12 1 10 12 1 10 12 1 10 12 1 10 12 1 10 12 1 10 12 1 10 12 1 10 12 1 10 12 1 10 12 1 10 12 1 10 12 1 10 12 1 10 12 1 10 12 1 10 12 1 10 12 1 10 12 1 10 12 1 10 12 1 10 12 1 10 12 1 10 12 1 10 12 1 10 12 1 10 12 1 10 12 1 10 12 1 10 12 1 100 1 1 1 1 1 1 1 1 1 1 1 1 1 1 1 1 1 1 1 1 1 100 1 1 1 1 1 1 1 1 1 1 1 1 1 1 1 1 1 1 1 1 1 1 1 1 1 1 1 1 1 1 1 1 1 1 1 1 1 1 1 1 1 1 1 1 1 1 1 1 1 1 1 1 1 1 1 1 1 1 1 1 1 1 1 1 1 1 1 1 1 1 1 1 1 1 1 1 1 1 1 1 1 1 1 1 1 1 1 1 1 1 1 1 1 1 1 1 1 1 1 1 1 1 1 1 1 1 1 1 1 1 1 1 1 1 1 1 1 1 1 1 1 1 1 1 1 1 1 1 1 1 1 1 1 1 1 1 1 1 1 1 1 1 1 1 1 1 1 1 1 1 1 1 1 1 1 1 1 1 1 1 1 1 1 1 1 1 1 1 1 1 1 1 1 1 1 1 1 1 1 1 1 1 1 1 1 1 1 1 1 1 1 1 1 1 1 1 1 1 1 1 1 1 1 1 1 1 1 1 1 1 1 1 1 1 1 1 1 1 1 1 1 1 1 1 1 1 1 1 1 1 1 1 1 1 1 1 1 1 1 1 1 1 1 1 1 1 1 1 100 1 100 1 1
ciInstanceKlass java/lang/invoke/VarForm 1 1 247 100 1 10 7 12 1 1 1 9 7 12 1 1 1 7 1 9 7 12 1 1 1 9 7 1 7 1 9 12 1 1 9 12 1 1 10 12 1 1 7 1 10 7 12 1 1 1 9 12 1 9 12 1 1 10 12 1 1 100 1 10 12 1 7 1 10 12 1 1 10 12 1 1 10 12 1 1 9 12 1 1 10 12 1 1 9 12 1 10 12 1 1 9 12 1 9 7 12 1 1 10 12 1 1 9 12 1 9 12 1 9 7 1 100 1 10 10 12 1 1 8 1 10 12 1 10 12 1 1 10 12 1 1 10 12 1 1 100 1 10 12 1 1 10 12 1 10 12 1 9 12 1 7 1 10 12 1 1 9 100 12 1 1 1 10 100 12 1 1 1 9 7 12 1 1 1 10 12 1 1 10 12 1 1 10 12 1 1 1 1 1 1 1 1 1 1 1 1 1 1 1 1 1 1 1 100 1 1 1 1 1 1 1 1 1 1 1 1 1 1 1 1 1 1 1 1 1 100 1 1 1 1 100 1 1 1 1 1 100 1 1 1 1 100 1 1
staticfield java/lang/invoke/VarForm $assertionsDisabled Z 1
ciInstanceKlass java/time/temporal/TemporalField 1 1 56 8 1 10 100 12 1 1 1 11 100 12 1 1 1 100 1 1 1 1 1 1 1 1 1 1 1 1 1 1 1 1 1 1 1 1 1 1 1 1 1 1 1 1 1 1 1 1 1 1 1 1 1 1 1 1
ciInstanceKlass java/util/concurrent/atomic/AtomicReferenceArray 1 1 255 10 7 12 1 1 1 9 7 12 1 1 1 7 10 100 12 1 1 1 9 12 1 1 10 7 12 1 1 1 10 12 1 1 10 12 1 10 12 1 1 10 12 1 1 10 12 1 10 12 1 1 11 100 12 1 1 1 10 12 1 1 11 100 12 1 1 8 1 100 1 10 10 12 1 1 10 12 1 10 12 1 1 10 100 12 1 1 1 8 10 100 12 1 1 10 12 1 1 10 100 12 1 1 1 100 1 8 1 10 12 1 10 100 12 1 1 1 10 100 12 1 1 1 10 12 1 1 10 12 1 1 10 12 10 12 1 10 12 1 10 12 1 10 12 1 10 12 1 1 10 12 1 10 12 1 10 12 1 10 12 1 10 12 1 10 7 12 1 1 1 100 1 1 1 1 5 0 1 1 1 1 1 1 1 1 1 1 1 1 1 1 1 1 1 1 1 1 1 1 1 1 1 1 1 1 1 1 1 1 1 1 1 1 1 1 1 1 1 1 1 1 1 1 1 1 1 1 1 1 1 1 1 1 1 1 1 1 1 1 1 100 1 100 1 1 1 1 1 1 1 1 1 1 1
staticfield java/util/concurrent/atomic/AtomicReferenceArray AA Ljava/lang/invoke/VarHandle; java/lang/invoke/VarHandleReferences$Array
instanceKlass java/time/ZoneRegion
instanceKlass java/time/ZoneOffset
ciInstanceKlass java/time/ZoneId 1 1 440 10 100 12 1 1 1 10 12 1 1 100 1 10 100 12 1 1 1 10 12 1 1 8 1 10 7 12 1 1 1 8 1 11 7 12 1 1 1 7 1 10 12 1 1 10 7 12 1 1 1 10 12 1 8 1 8 1 10 12 1 1 8 1 10 12 1 1 8 1 8 1 100 1 100 1 10 12 1 8 1 10 12 1 1 10 12 1 1 10 12 1 10 7 12 1 1 1 10 12 1 10 12 1 1 7 1 10 12 1 1 10 12 1 10 12 1 8 1 10 12 1 1 8 1 10 12 1 10 12 1 1 10 12 1 1 10 12 1 1 9 12 1 10 12 1 1 10 12 1 1 10 12 1 100 1 8 1 10 12 1 10 100 12 1 1 1 11 100 12 1 1 1 8 1 10 12 1 8 1 11 12 1 1 10 100 12 1 1 10 10 7 1 100 1 10 10 12 1 1 10 12 1 1 10 12 1 1 10 100 12 1 1 1 100 1 10 12 1 10 10 100 12 1 1 9 100 12 1 1 1 10 12 1 1 100 1 10 10 12 1 100 1 8 1 10 100 1 10 12 1 7 1 8 1 8 1 11 12 1 1 8 1 8 1 8 1 8 1 8 1 8 1 8 1 8 1 8 1 8 1 8 1 8 1 8 1 8 1 8 1 8 1 8 1 8 1 8 1 8 1 8 1 8 1 8 1 8 1 8 1 8 1 8 1 8 1 8 1 8 1 8 1 8 1 8 1 8 1 8 1 8 1 8 1 8 1 8 1 8 1 8 1 8 1 8 1 8 1 8 1 8 1 8 1 8 1 8 1 8 1 8 1 8 1 8 1 11 12 1 1 9 12 1 1 100 1 1 1 1 1 1 5 0 1 1 1 1 1 1 1 1 1 1 1 1 1 1 1 1 1 1 1 1 1 1 1 1 1 1 1 1 1 1 1 1 1 1 1 1 1 1 1 1 1 1 1 1 1 100 1 1 1 1 1 1 1 1 1 1
staticfield java/time/ZoneId SHORT_IDS Ljava/util/Map; java/util/ImmutableCollections$MapN
ciInstanceKlass java/time/temporal/TemporalAdjuster 1 0 11 100 1 100 1 1 1 1 1 1 1
ciInstanceKlass java/time/ZoneOffset 1 1 406 100 1 8 1 10 100 12 1 1 1 9 7 12 1 1 1 11 7 12 1 1 1 10 100 12 1 1 1 7 1 10 12 1 1 10 12 1 1 10 12 1 1 8 1 10 12 1 10 12 1 1 10 12 1 1 100 1 8 1 10 12 1 8 1 10 12 1 1 11 100 1 8 1 10 12 1 8 1 10 12 1 1 10 12 1 1 10 12 1 1 8 1 10 100 12 1 1 1 11 100 12 1 1 1 8 1 8 1 11 12 1 1 10 100 12 1 1 8 1 10 12 1 8 1 8 1 8 1 8 1 8 1 8 1 8 1 10 7 12 1 1 1 8 1 3 3 9 12 1 1 10 7 12 1 1 1 10 12 1 10 12 1 1 10 12 1 11 12 1 1 10 7 1 9 12 1 10 12 1 1 9 12 1 1 8 1 8 1 8 1 8 1 8 1 8 1 9 12 1 1 10 7 12 1 1 1 100 1 9 12 1 1 11 100 12 1 1 1 11 12 1 1 100 1 8 1 10 10 10 12 1 1 10 100 12 1 1 1 11 12 1 1 10 12 1 11 100 12 1 1 1 100 1 10 12 1 100 1 8 1 10 11 100 12 1 1 10 12 1 1 11 12 1 11 100 12 1 1 1 11 12 1 10 12 1 1 10 7 1 4 10 12 1 9 12 1 1 9 12 1 9 12 1 100 1 100 1 100 1 1 1 3 1 1 1 1 1 1 5 0 1 1 1 1 1 1 1 1 1 1 1 1 1 1 1 1 1 1 1 1 1 1 1 1 1 1 1 1 1 1 1 1 1 1 1 1 1 1 1 1 1 1 1 1 1 1 1 1 1 1 1 1 1 1 1 1 1 1 1 1 1 1 1 1 1 1 1 1 1 1 100 1 1 1 1 1 1 1 1 1 1 1 1 1 1
staticfield java/time/ZoneOffset QUARTER_CACHE Ljava/util/concurrent/atomic/AtomicReferenceArray; java/util/concurrent/atomic/AtomicReferenceArray
staticfield java/time/ZoneOffset ID_CACHE Ljava/util/concurrent/ConcurrentMap; java/util/concurrent/ConcurrentHashMap
staticfield java/time/ZoneOffset UTC Ljava/time/ZoneOffset; java/time/ZoneOffset
staticfield java/time/ZoneOffset MIN Ljava/time/ZoneOffset; java/time/ZoneOffset
staticfield java/time/ZoneOffset MAX Ljava/time/ZoneOffset; java/time/ZoneOffset
ciInstanceKlass jdk/internal/util/ByteArray 1 1 171 10 100 12 1 1 1 9 7 12 1 1 1 10 7 12 1 1 1 9 12 1 10 12 1 10 7 12 1 1 1 9 12 1 10 12 1 10 100 12 1 1 1 9 12 1 10 12 1 9 12 1 10 12 1 10 100 12 1 1 1 9 12 1 10 12 1 10 12 1 1 10 12 1 10 12 1 10 12 1 1 10 12 1 10 12 1 10 12 1 1 10 12 1 9 7 12 1 1 1 10 7 12 1 1 1 7 1 10 12 1 1 7 1 7 1 7 1 7 1 7 1 1 1 1 1 1 1 1 1 1 1 1 1 1 1 1 1 1 1 1 1 1 1 1 1 1 100 1 1 1 1 1 1 1 1 1 1 1 1 1 1 1 1 1 1 1 1 1 1 1
staticfield jdk/internal/util/ByteArray SHORT Ljava/lang/invoke/VarHandle; java/lang/invoke/VarHandleByteArrayAsShorts$ArrayHandle
staticfield jdk/internal/util/ByteArray CHAR Ljava/lang/invoke/VarHandle; java/lang/invoke/VarHandleByteArrayAsChars$ArrayHandle
staticfield jdk/internal/util/ByteArray INT Ljava/lang/invoke/VarHandle; java/lang/invoke/VarHandleByteArrayAsInts$ArrayHandle
staticfield jdk/internal/util/ByteArray FLOAT Ljava/lang/invoke/VarHandle; java/lang/invoke/VarHandleByteArrayAsFloats$ArrayHandle
staticfield jdk/internal/util/ByteArray LONG Ljava/lang/invoke/VarHandle; java/lang/invoke/VarHandleByteArrayAsLongs$ArrayHandle
staticfield jdk/internal/util/ByteArray DOUBLE Ljava/lang/invoke/VarHandle; java/lang/invoke/VarHandleByteArrayAsDoubles$ArrayHandle
ciInstanceKlass java/time/temporal/Temporal 1 1 69 11 100 12 1 1 1 11 100 12 1 1 11 12 1 100 1 5 0 5 0 11 100 12 1 1 1 100 1 100 1 1 1 1 1 1 1 1 1 1 1 1 1 1 1 1 1 1 1 1 1 1 1 1 1 1 1 100 1 8 1 1 12 10 1 1 1 8 1
ciInstanceKlass java/time/temporal/ChronoField 1 1 514 7 1 9 12 1 1 9 12 1 9 12 1 9 12 1 9 12 1 9 12 1 9 12 1 9 12 1 9 12 1 9 12 1 9 12 1 9 12 1 9 12 1 9 12 1 9 12 1 9 12 1 9 12 1 9 12 1 9 12 1 9 12 1 9 12 1 9 12 1 9 12 1 9 12 1 9 12 1 9 12 1 9 12 1 9 12 1 9 12 1 9 12 1 9 12 1 1 10 7 12 1 1 10 7 12 1 1 1 10 12 1 1 9 12 1 1 9 12 1 1 9 12 1 9 12 1 1 9 12 1 8 1 10 100 12 1 1 1 10 100 12 1 1 1 10 100 12 1 1 1 10 12 1 1 10 100 12 1 1 1 100 1 10 12 1 8 1 10 12 1 1 10 12 1 1 10 100 12 1 1 1 10 12 1 1 10 12 1 1 10 12 1 10 7 12 1 1 1 10 12 1 1 11 100 12 1 1 1 11 12 1 11 12 1 1 11 100 12 1 1 1 8 8 1 9 7 12 1 1 1 9 12 1 5 0 10 12 1 1 10 12 1 8 8 1 9 12 1 5 0 8 8 1 9 12 1 5 0 8 8 1 5 0 8 8 1 9 12 1 5 0 8 8 1 5 0 8 8 1 9 12 1 5 0 8 1 10 12 1 8 8 1 5 0 8 8 1 9 12 1 8 1 8 8 1 5 0 8 8 1 9 12 1 5 0 8 8 1 5 0 8 8 1 5 0 8 1 8 8 1 5 0 8 8 1 8 1 8 8 1 9 12 1 5 0 8 1 8 8 1 8 8 1 8 8 1 9 12 1 5 0 5 0 10 12 1 8 1 8 8 1 9 12 1 5 0 5 0 8 8 1 9 12 1 5 0 5 0 8 8 1 5 0 5 0 8 8 1 5 0 8 8 1 8 1 8 8 1 100 1 5 0 5 0 8 8 1 5 0 8 8 1 5 0 8 1 8 8 1 9 12 1 8 1 8 8 1 9 7 12 1 1 1 10 12 1 1 9 12 1 8 8 1 5 0 5 0 10 12 1 1 100 1 1 1 1 1 1 1 1 1 1 1 1 1 1 1 1 1 1 1 1 100 1 1 1 1 1 1 1 1 1 1 1 1 1 1 1 1 1 1 1 1 1 1 1 1 1 1 1 1 1 1
staticfield java/time/temporal/ChronoField NANO_OF_SECOND Ljava/time/temporal/ChronoField; java/time/temporal/ChronoField
staticfield java/time/temporal/ChronoField NANO_OF_DAY Ljava/time/temporal/ChronoField; java/time/temporal/ChronoField
staticfield java/time/temporal/ChronoField MICRO_OF_SECOND Ljava/time/temporal/ChronoField; java/time/temporal/ChronoField
staticfield java/time/temporal/ChronoField MICRO_OF_DAY Ljava/time/temporal/ChronoField; java/time/temporal/ChronoField
staticfield java/time/temporal/ChronoField MILLI_OF_SECOND Ljava/time/temporal/ChronoField; java/time/temporal/ChronoField
staticfield java/time/temporal/ChronoField MILLI_OF_DAY Ljava/time/temporal/ChronoField; java/time/temporal/ChronoField
staticfield java/time/temporal/ChronoField SECOND_OF_MINUTE Ljava/time/temporal/ChronoField; java/time/temporal/ChronoField
staticfield java/time/temporal/ChronoField SECOND_OF_DAY Ljava/time/temporal/ChronoField; java/time/temporal/ChronoField
staticfield java/time/temporal/ChronoField MINUTE_OF_HOUR Ljava/time/temporal/ChronoField; java/time/temporal/ChronoField
staticfield java/time/temporal/ChronoField MINUTE_OF_DAY Ljava/time/temporal/ChronoField; java/time/temporal/ChronoField
staticfield java/time/temporal/ChronoField HOUR_OF_AMPM Ljava/time/temporal/ChronoField; java/time/temporal/ChronoField
staticfield java/time/temporal/ChronoField CLOCK_HOUR_OF_AMPM Ljava/time/temporal/ChronoField; java/time/temporal/ChronoField
staticfield java/time/temporal/ChronoField HOUR_OF_DAY Ljava/time/temporal/ChronoField; java/time/temporal/ChronoField
staticfield java/time/temporal/ChronoField CLOCK_HOUR_OF_DAY Ljava/time/temporal/ChronoField; java/time/temporal/ChronoField
staticfield java/time/temporal/ChronoField AMPM_OF_DAY Ljava/time/temporal/ChronoField; java/time/temporal/ChronoField
staticfield java/time/temporal/ChronoField DAY_OF_WEEK Ljava/time/temporal/ChronoField; java/time/temporal/ChronoField
staticfield java/time/temporal/ChronoField ALIGNED_DAY_OF_WEEK_IN_MONTH Ljava/time/temporal/ChronoField; java/time/temporal/ChronoField
staticfield java/time/temporal/ChronoField ALIGNED_DAY_OF_WEEK_IN_YEAR Ljava/time/temporal/ChronoField; java/time/temporal/ChronoField
staticfield java/time/temporal/ChronoField DAY_OF_MONTH Ljava/time/temporal/ChronoField; java/time/temporal/ChronoField
staticfield java/time/temporal/ChronoField DAY_OF_YEAR Ljava/time/temporal/ChronoField; java/time/temporal/ChronoField
staticfield java/time/temporal/ChronoField EPOCH_DAY Ljava/time/temporal/ChronoField; java/time/temporal/ChronoField
staticfield java/time/temporal/ChronoField ALIGNED_WEEK_OF_MONTH Ljava/time/temporal/ChronoField; java/time/temporal/ChronoField
staticfield java/time/temporal/ChronoField ALIGNED_WEEK_OF_YEAR Ljava/time/temporal/ChronoField; java/time/temporal/ChronoField
staticfield java/time/temporal/ChronoField MONTH_OF_YEAR Ljava/time/temporal/ChronoField; java/time/temporal/ChronoField
staticfield java/time/temporal/ChronoField PROLEPTIC_MONTH Ljava/time/temporal/ChronoField; java/time/temporal/ChronoField
staticfield java/time/temporal/ChronoField YEAR_OF_ERA Ljava/time/temporal/ChronoField; java/time/temporal/ChronoField
staticfield java/time/temporal/ChronoField YEAR Ljava/time/temporal/ChronoField; java/time/temporal/ChronoField
staticfield java/time/temporal/ChronoField ERA Ljava/time/temporal/ChronoField; java/time/temporal/ChronoField
staticfield java/time/temporal/ChronoField INSTANT_SECONDS Ljava/time/temporal/ChronoField; java/time/temporal/ChronoField
staticfield java/time/temporal/ChronoField OFFSET_SECONDS Ljava/time/temporal/ChronoField; java/time/temporal/ChronoField
staticfield java/time/temporal/ChronoField $VALUES [Ljava/time/temporal/ChronoField; 30 [Ljava/time/temporal/ChronoField;
ciInstanceKlass java/time/temporal/ValueRange 1 1 167 100 1 8 1 10 12 1 1 7 1 10 12 1 8 1 10 12 1 1 8 1 8 1 8 1 8 1 10 7 12 1 1 9 12 1 1 9 12 1 9 12 1 9 12 1 10 12 1 1 100 1 5 0 10 12 1 5 0 10 12 1 1 10 12 1 1 100 1 10 12 1 1 10 10 12 1 100 1 10 8 1 10 12 1 1 10 12 1 8 1 8 1 10 12 1 10 12 1 1 8 1 10 100 12 1 1 100 1 10 10 100 12 1 1 1 10 12 1 8 1 100 1 1 1 5 0 1 1 1 1 1 1 1 1 1 1 1 1 1 1 1 1 1 1 1 1 1 1 1 1 1 100 1 100 1 1 1 1 1 1 1 1 1 1 1 1
ciInstanceKlass sun/security/util/DerValue 1 1 687 9 7 12 1 1 1 10 12 1 1 10 12 1 10 7 12 1 1 1 100 1 8 1 10 12 1 9 12 1 1 9 12 1 1 9 12 1 9 12 1 1 10 12 1 1 9 12 1 10 12 1 1 10 12 1 10 7 12 1 1 1 10 12 1 1 10 12 1 1 10 12 1 1 10 12 1 9 7 12 1 1 1 9 12 1 9 12 1 9 12 1 8 1 10 100 12 1 1 1 8 1 10 12 1 1 10 12 1 10 7 12 1 1 10 7 12 1 1 1 10 12 1 10 12 1 1 10 12 1 100 1 8 1 10 100 1 10 8 1 10 12 1 1 10 12 1 8 1 10 12 1 1 8 1 8 1 100 1 10 12 1 10 100 12 1 1 1 8 1 8 1 8 1 8 1 8 1 8 1 8 1 100 1 8 1 10 8 1 10 7 12 1 1 10 7 12 1 1 1 10 12 1 10 10 12 1 10 12 1 10 7 12 1 1 1 10 12 1 10 12 1 1 10 12 1 10 12 9 9 12 1 10 12 1 8 1 8 1 8 1 7 1 10 7 12 1 1 1 10 10 12 1 8 1 100 1 10 10 10 12 1 1 10 12 1 10 12 10 12 1 10 12 1 1 10 12 1 1 100 1 5 0 10 7 12 1 1 1 10 12 1 1 8 1 5 0 8 1 10 12 1 8 1 8 1 8 1 10 12 1 10 10 12 1 1 10 12 1 1 10 12 1 10 12 1 10 12 1 10 12 1 10 12 1 10 12 1 10 12 1 8 1 8 1 8 1 8 1 8 1 10 12 1 1 7 1 10 12 1 8 1 8 1 10 12 1 10 12 1 1 100 1 10 10 100 12 1 1 8 1 8 1 8 1 8 1 10 12 1 1 8 1 8 1 8 1 8 1 8 1 10 7 12 1 1 1 10 12 1 1 10 7 12 1 1 1 10 12 1 1 10 12 1 1 8 1 8 1 5 0 5 0 8 1 8 1 7 1 10 12 1 10 12 1 1 10 12 1 8 1 8 1 10 12 1 1 8 1 8 1 10 12 1 1 8 1 10 12 1 10 100 12 1 1 1 10 12 1 10 12 1 1 10 12 1 1 9 10 10 12 1 1 10 7 12 1 1 1 8 1 10 100 12 1 1 1 8 1 7 1 10 12 11 7 12 1 1 1 11 12 1 1 7 1 10 12 1 1 1 1 3 1 3 1 3 1 3 1 3 1 3 1 3 1 3 1 3 1 3 1 3 1 3 1 3 1 3 1 3 1 3 1 3 1 3 1 3 1 3 1 3 1 3 1 1 3 1 1 1 1 1 1 1 1 1 1 1 1 1 1 1 1 1 1 1 1 1 1 1 1 1 1 1 1 1 1 1 1 1 1 1 1 1 1 1 1 1 1 1 1 1 1 1 1 1 1 1 1 1 1 1 1 1 1 1 1 1 1 1 1 1 1 1 1 1 1 1 1 1 1 1 1 1 1 1 1 1 1 1 1 1 1 1 1 1 1 1 1 1 1 1 1 1 1 1 1 1 1 1 1 1 1 1 1 1 1
ciInstanceKlass java/time/zone/ZoneRules 1 1 524 7 1 8 1 10 7 12 1 1 1 8 1 8 1 8 1 8 1 10 12 1 1 8 1 10 12 1 10 7 12 1 1 11 7 12 1 1 1 9 12 1 1 7 1 9 12 1 1 11 12 1 1 7 1 10 12 1 1 10 12 1 1 7 1 10 11 12 1 1 11 12 1 1 11 100 12 1 1 1 11 12 1 1 10 12 1 10 12 1 1 10 12 1 7 1 11 12 1 1 7 1 9 12 1 100 9 12 1 9 12 1 11 12 1 100 1 10 7 12 1 1 1 100 1 8 1 10 12 1 9 12 7 1 10 9 12 1 1 9 12 1 9 12 1 10 12 1 9 12 1 100 1 8 1 10 7 1 10 12 1 11 100 12 1 1 1 10 12 1 1 10 12 1 1 11 12 1 10 7 12 1 1 1 11 7 12 1 1 8 1 10 12 1 1 10 12 1 1 8 1 11 12 1 1 10 12 1 1 10 12 1 10 12 1 10 7 12 1 1 10 12 1 1 10 12 1 1 10 12 1 10 12 1 1 10 12 1 1 10 12 1 1 10 7 12 1 1 1 10 12 1 1 10 12 1 10 12 1 1 10 10 12 1 10 10 12 1 10 12 1 10 12 1 10 100 12 1 1 1 11 100 12 1 1 100 1 10 12 1 1 11 12 1 1 10 12 1 9 7 12 1 1 1 10 12 1 1 10 12 1 10 12 1 1 10 12 1 11 12 1 100 1 3 10 12 1 100 1 5 0 3 10 100 12 1 1 1 5 0 5 0 5 0 5 0 5 0 5 0 5 0 5 0 5 0 5 0 10 12 1 1 10 12 1 1 11 12 1 1 10 12 1 10 12 1 10 12 1 1 10 12 1 100 1 10 8 1 10 12 1 1 10 12 1 8 1 10 12 1 1 100 1 1 1 1 5 0 1 1 3 1 1 1 3 1 1 1 1 1 1 1 1 1 1 1 1 1 1 1 1 1 1 1 1 1 1 1 1 1 100 1 1 1 100 1 1 1 1 1 1 1 1 1 1 100 1 1 1 1 1 1 1 1 1 1 1 1 100 1 1 1 1 1 1 1 1 1 1 1 1 1 1 1 1 1 1 1 1 1 1 1 1 1 1 1 1 1 1 1 1 1 1 1 1 1 1 1 1 1 1 1 1 1 1 1 1 1 1 1 1 1 1 1
staticfield java/time/zone/ZoneRules EMPTY_LONG_ARRAY [J 0
staticfield java/time/zone/ZoneRules EMPTY_LASTRULES [Ljava/time/zone/ZoneOffsetTransitionRule; 0 [Ljava/time/zone/ZoneOffsetTransitionRule;
staticfield java/time/zone/ZoneRules EMPTY_LDT_ARRAY [Ljava/time/LocalDateTime; 0 [Ljava/time/LocalDateTime;
ciInstanceKlass java/time/chrono/ChronoLocalDateTime 1 1 382 18 12 1 1 100 1 100 1 100 1 8 1 10 100 12 1 1 1 10 100 12 1 1 1 11 100 12 1 1 1 100 1 100 1 100 1 10 12 1 1 8 1 10 12 1 1 11 12 1 1 10 12 1 10 12 1 1 10 12 1 11 12 1 1 11 12 1 1 11 100 12 1 1 1 100 1 9 12 1 1 11 100 12 1 1 1 11 11 100 12 1 1 1 10 100 12 1 1 1 11 12 1 1 11 12 1 11 12 1 10 12 1 10 12 1 10 12 1 10 12 1 11 12 1 1 10 12 1 9 12 1 11 100 12 1 1 1 9 100 12 1 1 1 11 12 1 1 11 12 1 9 12 1 10 100 12 1 1 8 1 10 100 12 1 1 1 11 12 1 1 10 12 1 1 10 100 12 1 1 1 8 5 0 10 12 1 10 100 12 1 1 11 12 1 1 10 12 1 11 12 1 11 12 1 11 12 1 11 12 11 12 11 12 1 11 12 1 11 12 1 10 100 12 1 1 10 100 12 1 1 8 1 10 12 1 1 10 12 1 10 12 1 8 10 100 1 10 12 1 8 10 12 1 8 1 10 12 1 8 10 12 1 8 1 100 1 8 1 10 10 100 12 1 1 100 1 100 1 1 1 1 1 1 1 1 1 1 1 1 1 1 1 1 1 1 1 1 1 1 1 1 1 1 1 1 1 1 1 1 1 1 1 1 1 1 1 1 1 1 1 1 1 1 1 1 1 1 1 1 1 1 1 1 1 1 1 1 1 1 1 1 1 1 1 1 1 1 1 1 1 16 15 11 12 16 3 3 15 10 100 12 1 1 1 1 100 1 100 1 1 1 100 1 8 10 1 1 1 8 1 1
ciInstanceKlass java/time/zone/ZoneOffsetTransitionRule 1 1 364 8 1 10 7 12 1 1 1 8 1 8 1 8 1 8 1 8 1 100 1 8 1 10 12 1 1 9 7 12 1 1 1 10 12 1 1 8 1 10 12 1 1 8 1 7 1 10 12 1 10 7 12 1 1 9 12 1 1 100 1 10 9 12 1 9 12 1 1 9 12 1 1 9 12 9 12 1 9 12 1 9 12 1 9 12 9 12 100 1 8 1 10 100 1 10 12 1 3 10 12 1 10 7 12 1 1 10 12 1 10 7 12 1 1 10 7 1 10 7 12 1 1 11 100 12 1 1 1 11 7 12 1 1 10 12 1 1 3 3 10 12 1 3 10 12 1 1 10 12 1 1 10 12 1 10 12 1 1 10 12 1 9 100 12 1 1 1 10 12 1 1 10 12 1 1 10 100 12 1 1 10 100 12 1 1 1 10 12 1 1 10 12 1 10 12 1 1 10 100 12 1 1 10 12 1 1 100 1 10 12 1 10 10 10 10 12 1 100 1 10 8 1 10 12 1 1 10 12 1 1 8 1 8 1 10 12 1 8 1 8 1 10 12 1 1 8 1 10 8 1 10 12 1 8 1 8 1 10 12 1 8 1 8 1 10 12 1 8 1 8 1 10 10 7 12 1 1 1 100 1 1 1 1 5 0 1 1 1 1 1 1 1 1 1 1 1 1 1 1 1 1 1 1 1 1 1 1 1 1 1 1 1 1 1 1 100 1 1 1 1 1 1 1 1 1 1 1 1 1 1 1 1 1 1 1 1 1 1 1 1 1 1 1 1 1 1 1 1 1 1 1 1 1 1 1 100 1 1 1 1 1 1 1
staticfield java/time/zone/ZoneOffsetTransitionRule $assertionsDisabled Z 1
ciInstanceKlass java/time/LocalDateTime 1 1 782 7 1 10 100 12 1 1 1 10 7 12 1 1 1 10 12 1 1 8 1 10 7 12 1 1 1 10 12 1 1 10 12 1 1 10 100 12 1 1 1 10 100 12 1 1 1 10 100 12 1 1 1 10 12 1 1 10 12 1 1 10 7 12 1 1 1 10 12 1 10 12 1 1 10 12 1 10 12 1 10 12 1 8 1 8 1 8 8 1 8 1 9 7 12 1 1 1 10 12 1 1 10 7 12 1 1 3 10 7 12 1 1 1 10 12 1 1 10 12 1 1 5 0 10 12 1 1 100 1 10 12 1 1 100 1 10 10 12 1 1 10 12 1 100 1 100 1 10 12 1 8 1 10 12 1 1 10 12 1 8 1 11 100 12 1 1 1 10 100 12 1 1 1 10 12 1 10 12 1 9 100 12 1 1 1 10 12 1 1 8 1 18 12 1 1 10 12 1 10 7 1 9 12 1 9 12 1 10 12 1 1 10 12 1 11 100 12 1 1 1 11 100 12 1 1 1 10 12 1 1 10 11 12 1 1 10 12 1 1 10 11 10 12 1 1 10 11 12 1 1 10 12 1 10 12 1 10 12 1 1 10 12 1 10 12 1 10 12 1 1 10 12 1 10 12 1 10 12 1 10 10 12 1 1 11 100 12 1 1 1 10 12 1 10 12 1 11 12 1 10 12 1 1 10 12 1 10 12 1 10 12 1 10 12 1 1 10 12 1 10 12 1 10 12 1 10 12 1 1 100 1 10 12 1 1 8 1 11 100 12 1 1 100 1 9 100 12 1 1 1 10 12 1 10 12 1 1 5 0 10 12 1 5 0 5 0 5 0 10 12 1 10 12 1 10 12 1 5 0 5 0 10 12 1 11 100 12 1 10 12 1 10 12 1 10 12 1 10 12 10 12 1 1 10 12 1 8 1 11 12 1 100 1 5 0 5 0 10 12 1 10 12 10 12 10 12 5 0 5 0 5 0 5 0 5 0 5 0 10 12 1 10 12 1 10 12 10 100 12 1 1 11 12 1 1 11 10 12 1 11 10 12 1 1 10 12 1 1 10 12 1 10 12 5 0 10 12 1 10 12 1 1 10 12 1 1 10 12 1 10 12 10 12 10 11 12 1 1 10 12 1 1 10 12 1 10 12 1 10 12 1 1 11 12 1 1 10 12 1 1 10 12 1 10 12 1 1 10 12 1 11 12 1 11 12 11 12 1 10 12 1 1 10 10 12 1 10 10 12 1 10 100 12 1 1 1 100 1 10 12 1 100 1 8 1 10 12 1 10 12 1 1 10 10 12 1 1 10 12 1 10 12 10 12 10 12 1 10 12 10 12 1 10 12 1 10 12 1 1 10 9 12 1 9 12 9 12 1 9 12 1 9 12 9 12 100 1 100 1 1 1 1 5 0 1 1 1 1 1 1 1 1 1 1 1 1 1 1 1 1 1 1 1 1 1 1 1 1 1 1 1 1 1 1 1 1 1 1 1 1 1 1 1 1 1 1 1 1 1 1 1 1 100 1 1 1 1 1 1 1 1 1 1 1 1 1 1 1 1 1 1 1 1 1 1 1 1 1 1 1 1 1 1 1 1 1 1 1 1 1 1 1 1 1 1 1 1 1 1 1 1 1 1 1 1 1 1 1 1 1 1 1 1 1 1 1 1 1 1 100 1 1 1 1 1 1 1 1 1 1 1 1 1 1 1 1 1 1 1 1 1 1 1 1 16 1 15 16 15 10 100 12 1 1 1 1 100 1 100 1 1
staticfield java/time/LocalDateTime MIN Ljava/time/LocalDateTime; java/time/LocalDateTime
staticfield java/time/LocalDateTime MAX Ljava/time/LocalDateTime; java/time/LocalDateTime
ciInstanceKlass java/time/chrono/ChronoLocalDate 1 1 372 18 12 1 1 100 1 100 1 100 1 8 1 10 100 12 1 1 1 10 100 12 1 1 1 11 100 12 1 1 1 100 1 100 1 100 1 10 12 1 1 8 1 10 12 1 1 11 12 1 1 10 12 1 10 12 1 1 10 12 1 11 12 1 1 11 12 1 1 9 100 12 1 1 1 11 12 1 1 11 12 1 1 9 12 1 11 12 1 1 11 12 1 1 11 12 1 11 100 12 1 1 11 12 1 1 100 1 11 100 1 11 12 1 11 100 12 1 1 1 10 100 12 1 1 1 100 1 8 1 10 11 12 1 1 11 12 1 1 8 1 11 12 1 11 12 1 11 12 1 10 12 1 10 12 1 10 12 1 10 12 1 10 12 1 9 12 1 1 11 100 12 1 1 1 9 12 1 11 12 1 1 11 12 1 8 1 10 100 12 1 1 1 10 100 12 1 1 1 10 100 12 1 1 11 12 1 1 11 12 1 11 12 1 11 12 11 12 11 12 1 11 12 1 11 12 1 10 100 12 1 1 10 100 12 1 1 1 8 1 10 12 1 1 10 12 1 10 12 1 8 10 100 1 10 12 1 8 10 12 1 8 1 10 12 1 8 10 12 1 8 1 100 1 8 1 10 100 1 100 1 1 1 1 1 1 1 1 1 1 1 1 1 1 1 1 1 1 1 1 1 1 1 1 1 1 1 1 1 1 1 1 1 1 1 1 1 1 1 1 1 1 1 1 1 1 1 1 1 1 1 1 1 1 1 1 1 1 1 1 1 1 1 1 1 1 1 16 15 11 12 16 3 3 15 10 100 12 1 1 1 1 100 1 100 1 1 1 100 1 8 10
ciInstanceKlass java/time/LocalDate 1 1 976 7 1 100 1 10 100 12 1 1 1 10 12 1 1 10 12 1 1 8 1 10 100 12 1 1 1 10 12 1 1 10 12 1 1 10 12 1 1 9 7 12 1 1 1 10 12 1 1 8 1 9 12 1 10 100 12 1 1 1 10 12 1 1 9 12 1 9 12 1 9 7 12 1 1 1 10 12 1 1 100 1 100 1 10 12 1 1 8 1 10 12 1 1 10 12 1 8 1 10 12 1 1 10 12 1 10 12 1 1 10 12 1 1 10 12 1 10 12 1 1 10 12 1 8 8 1 10 100 12 1 1 1 10 100 12 1 1 1 10 100 12 1 1 1 10 100 12 1 1 3 10 7 12 1 1 1 10 12 1 1 9 12 1 5 0 5 0 5 0 5 0 5 0 5 0 5 0 5 0 8 1 10 100 12 1 1 1 11 100 12 1 1 1 8 1 10 12 1 8 1 11 12 1 1 10 100 12 1 1 9 100 12 1 1 1 10 12 1 1 8 1 18 12 1 10 12 1 8 1 8 1 10 12 1 8 1 8 1 10 12 1 1 10 7 1 9 12 1 1 9 12 1 9 12 1 11 100 12 1 1 1 11 12 1 10 12 1 1 9 100 12 1 1 1 10 12 1 10 12 1 10 100 12 1 1 10 12 1 10 12 1 1 9 12 1 1 10 12 5 0 10 12 1 100 1 5 0 5 0 11 100 12 1 1 1 100 1 8 1 10 11 12 1 1 10 12 1 1 11 12 1 10 12 1 9 12 1 10 12 1 11 12 1 1 10 12 1 1 10 100 1 10 12 1 8 1 8 1 5 0 9 100 12 1 1 1 9 12 1 5 0 10 12 1 1 10 12 1 11 100 12 1 1 1 10 12 1 9 12 1 10 12 1 1 9 12 1 10 12 1 1 10 12 1 9 12 1 10 12 1 9 12 1 10 12 1 10 12 1 10 12 1 9 12 1 11 12 1 10 12 1 10 12 10 12 1 1 100 1 10 12 1 10 12 1 8 1 11 100 12 1 1 100 1 9 12 1 10 10 12 1 10 12 1 10 12 1 1 10 12 1 1 8 1 11 100 12 1 10 12 1 1 5 0 5 0 10 12 1 10 12 1 8 1 11 12 1 100 1 5 0 5 0 10 12 1 11 11 10 12 1 1 10 12 1 1 5 0 10 12 1 5 0 5 0 5 0 11 12 1 1 5 0 10 12 1 10 12 1 10 12 1 100 1 8 1 10 11 100 12 1 1 18 12 1 1 11 12 1 1 10 12 1 8 1 8 1 11 100 12 1 1 1 8 1 11 12 1 18 12 1 5 0 5 0 9 12 1 1 9 12 1 18 12 1 10 12 1 1 10 100 12 1 1 10 12 1 10 12 1 1 10 12 1 10 12 1 10 100 12 1 1 1 10 12 1 10 100 12 1 1 9 12 1 1 10 12 1 1 10 100 12 1 1 10 12 1 1 10 100 12 1 1 5 0 5 0 5 0 5 0 5 0 5 0 5 0 5 0 8 1 8 1 5 0 10 12 1 10 12 1 1 11 12 1 1 11 12 1 1 11 12 1 11 12 1 10 12 1 10 100 12 1 1 1 100 1 10 12 1 100 1 8 1 10 11 100 12 1 1 11 12 1 11 100 12 1 1 11 12 1 1 10 12 1 10 12 1 10 12 10 12 1 10 12 1 1 10 12 1 1 10 12 1 1 10 3 3 9 12 1 100 1 100 1 1 1 1 5 0 1 3 1 1 1 1 1 1 1 1 1 1 1 1 1 1 1 1 1 1 1 1 1 1 1 1 1 1 1 1 1 1 1 1 1 1 1 1 1 1 1 1 1 1 1 1 1 1 1 1 1 1 1 1 1 1 1 1 1 1 1 1 1 1 1 1 1 1 1 1 1 1 1 1 1 1 1 1 1 1 1 1 1 1 1 1 1 1 1 1 1 1 1 1 1 1 1 1 1 1 1 100 1 1 1 1 1 1 1 1 1 1 1 1 1 1 1 1 1 1 1 1 1 1 1 1 1 1 1 1 1 1 1 1 1 1 1 1 1 1 1 1 1 1 1 1 1 100 1 1 1 1 1 1 1 1 1 1 1 1 1 1 1 1 1 1 1 1 1 1 1 1 1 1 1 1 1 1 16 1 15 16 16 1 15 16 15 10 12 15 10 12 15 10 100 12 1 1 1 1 100 1 100 1 1
staticfield java/time/LocalDate MIN Ljava/time/LocalDate; java/time/LocalDate
staticfield java/time/LocalDate MAX Ljava/time/LocalDate; java/time/LocalDate
staticfield java/time/LocalDate EPOCH Ljava/time/LocalDate; java/time/LocalDate
ciInstanceKlass java/time/LocalTime 1 1 694 7 1 10 100 12 1 1 1 10 12 1 1 10 12 1 1 8 1 10 100 12 1 1 1 10 12 1 1 10 12 1 1 10 12 1 1 9 7 12 1 1 1 10 12 1 1 9 12 1 1 9 12 1 10 12 1 1 9 12 1 9 12 1 10 12 1 1 8 8 1 10 100 12 1 1 1 10 100 12 1 1 1 10 100 12 1 1 1 10 100 12 1 1 1 3 10 100 12 1 1 1 5 0 10 12 1 10 12 1 1 9 12 1 5 0 5 0 9 12 1 5 0 5 0 8 1 10 100 12 1 1 1 11 100 12 1 1 1 100 1 100 1 10 12 1 8 1 10 12 1 1 10 12 1 8 1 11 12 1 1 10 100 12 1 1 1 10 12 1 10 12 1 9 100 12 1 1 1 10 12 1 1 8 1 18 12 1 10 12 1 10 7 1 9 12 1 1 9 12 1 9 12 1 9 12 1 1 11 100 12 1 1 1 11 12 1 1 100 1 11 100 1 11 12 1 11 100 12 1 1 1 10 12 1 1 11 12 1 10 12 1 9 12 1 5 0 11 12 1 1 9 100 12 1 1 1 10 12 1 100 1 8 1 10 8 1 3 5 0 10 12 1 8 1 11 100 12 1 1 1 10 12 1 1 10 12 1 10 12 1 10 12 1 10 12 1 10 12 1 5 0 10 12 1 5 0 11 12 1 9 12 1 1 11 12 1 1 10 100 12 1 1 5 0 8 1 10 12 1 5 0 8 1 11 100 12 1 1 9 12 1 10 10 12 1 5 0 5 0 5 0 8 1 11 12 5 0 11 12 1 100 1 5 0 5 0 10 12 1 1 10 12 1 10 12 1 10 12 10 12 1 10 12 1 10 12 1 11 100 12 1 1 11 12 1 1 10 12 1 1 5 0 11 12 1 1 10 12 1 1 10 100 12 1 1 1 10 100 12 1 1 8 1 8 10 100 12 1 1 10 100 12 1 1 1 10 12 1 1 10 12 1 1 10 12 1 10 100 12 1 1 1 100 1 10 12 1 100 1 8 1 10 11 100 12 1 1 11 12 1 11 100 12 1 1 1 11 12 1 10 12 10 12 1 10 12 1 10 12 10 12 1 10 12 1 9 12 1 1 9 12 1 9 12 1 3 9 12 1 100 1 100 1 1 1 3 1 3 1 3 1 1 3 1 1 1 1 1 1 1 1 1 1 1 1 5 0 1 1 1 1 1 1 1 1 1 1 1 1 1 1 1 1 1 1 1 1 1 1 1 1 1 1 1 1 1 1 1 1 1 1 1 1 1 1 1 1 1 1 1 1 1 1 1 1 1 1 1 1 1 1 1 1 1 1 1 1 1 1 1 1 1 1 1 1 1 1 1 1 1 1 1 1 1 1 1 1 1 1 1 1 1 1 1 1 1 1 1 1 1 1 1 1 1 1 1 1 1 1 1 1 1 1 1 1 1 1 1 1 1 1 1 1 1 1 1 1 100 1 1 1 1 1 1 1 1 1 1 1 1 1 1 1 1 1 1 1 16 15 16 15 10 100 12 1 1 1 1 100 1 100 1 1
staticfield java/time/LocalTime MIN Ljava/time/LocalTime; java/time/LocalTime
staticfield java/time/LocalTime MAX Ljava/time/LocalTime; java/time/LocalTime
staticfield java/time/LocalTime MIDNIGHT Ljava/time/LocalTime; java/time/LocalTime
staticfield java/time/LocalTime NOON Ljava/time/LocalTime; java/time/LocalTime
staticfield java/time/LocalTime HOURS [Ljava/time/LocalTime; 24 [Ljava/time/LocalTime;
ciInstanceKlass java/time/zone/ZoneOffsetTransition 1 1 257 8 1 10 100 12 1 1 1 8 1 8 1 10 7 12 1 1 1 100 1 8 1 10 12 1 1 10 7 12 1 1 1 8 1 7 1 10 12 1 10 7 12 1 1 9 12 1 1 100 1 10 10 12 1 1 9 12 1 1 9 12 1 9 12 1 9 12 10 12 1 1 100 1 8 1 10 100 1 10 12 1 10 12 1 1 10 12 1 1 10 12 1 1 10 12 1 1 10 12 1 10 7 12 1 1 10 12 1 10 12 1 1 10 100 12 1 1 1 10 12 1 1 10 12 1 10 12 1 10 12 1 1 11 100 12 1 1 1 11 12 1 10 100 12 1 1 1 10 12 1 10 10 100 12 1 1 1 100 1 10 8 1 10 12 1 1 8 1 8 1 8 1 10 12 1 8 1 10 12 1 10 12 1 1 10 12 1 1 10 7 12 1 1 100 1 100 1 1 1 5 0 1 1 1 1 1 1 1 1 1 1 1 1 1 1 1 1 1 1 100 1 1 1 1 1 1 1 1 1 1 1 1 1 1 1 1 1 1 1 1 1 1 1 1 1 1 1 1 100 1 1 1 1 1 1 1
staticfield java/time/zone/ZoneOffsetTransition $assertionsDisabled Z 1
instanceKlass javax/crypto/CryptoAllPermission
ciInstanceKlass javax/crypto/CryptoPermission 1 1 156 10 7 12 1 1 1 100 1 3 9 7 12 1 1 1 9 12 1 1 9 12 1 1 9 12 1 1 9 12 1 10 100 12 1 1 1 8 1 10 12 1 1 10 12 1 10 100 12 1 1 1 10 12 1 1 10 12 1 100 1 10 12 1 100 1 10 12 1 10 8 1 10 12 1 1 8 1 10 12 1 10 12 1 1 100 1 8 1 10 12 1 100 1 8 1 10 12 1 8 1 10 12 1 11 100 12 1 1 1 11 100 1 10 12 1 11 1 1 1 5 0 1 1 1 1 1 1 1 1 1 1 1 1 1 1 1 1 1 1 1 1 1 1 1 1 1 1 1 1 1 1 1 1 1 1
ciInstanceKlass java/time/zone/Ser 1 1 167 10 100 12 1 1 1 9 7 12 1 1 1 9 12 1 1 10 12 1 1 11 100 12 1 1 1 7 1 10 12 1 1 100 1 10 100 1 10 100 1 8 1 10 12 1 11 100 12 1 1 1 10 12 1 1 11 7 1 10 12 1 1 10 12 1 10 12 1 100 1 10 10 7 12 1 1 1 11 12 1 11 12 1 10 12 1 1 5 0 5 0 5 0 5 0 11 12 1 1 11 12 1 1 100 1 1 1 1 5 0 1 3 1 3 1 3 1 1 1 1 1 1 1 1 1 1 100 1 1 1 1 1 1 1 1 1 100 1 1 1 1 100 1 1 1 1 1 1 1 1 1 1 1 1 1 1 1 1 1 1 1 1 1 1 1 1
ciInstanceKlass java/time/Month 1 1 297 7 1 9 12 1 1 9 12 1 9 12 1 9 12 1 9 12 1 9 12 1 9 12 1 9 12 1 9 12 1 9 12 1 9 12 1 9 12 1 9 12 1 1 10 7 12 1 1 10 7 12 1 1 1 10 12 1 1 100 1 100 1 10 12 1 8 1 10 12 1 1 10 12 1 10 12 1 1 10 12 1 9 12 1 9 100 12 1 1 1 11 100 12 1 1 1 10 12 1 1 10 100 12 1 1 9 100 12 1 1 1 11 100 12 1 1 1 10 12 1 1 8 1 10 12 1 8 1 11 12 1 1 10 100 12 1 1 10 12 1 10 12 1 1 100 1 10 10 12 1 1 10 12 1 1 10 100 12 1 1 1 11 100 12 1 1 1 11 12 1 1 11 12 1 10 12 1 100 1 8 1 10 11 12 1 1 5 0 10 12 1 1 10 100 12 1 1 1 10 12 1 9 100 12 1 1 1 11 12 1 1 11 8 1 11 100 12 1 1 1 8 10 8 8 8 8 8 8 8 8 8 8 8 10 12 1 1 10 12 1 100 1 1 1 1 1 1 1 1 1 1 1 1 1 1 1 1 1 1 1 1 1 1 1 1 1 1 1 1 1 1 1 1 1 1 1 1 1 1 1 1 1 1 1 1 1 1 1 1 1 1 1 1 1 1 1
staticfield java/time/Month JANUARY Ljava/time/Month; java/time/Month
staticfield java/time/Month FEBRUARY Ljava/time/Month; java/time/Month
staticfield java/time/Month MARCH Ljava/time/Month; java/time/Month
staticfield java/time/Month APRIL Ljava/time/Month; java/time/Month
staticfield java/time/Month MAY Ljava/time/Month; java/time/Month
staticfield java/time/Month JUNE Ljava/time/Month; java/time/Month
staticfield java/time/Month JULY Ljava/time/Month; java/time/Month
staticfield java/time/Month AUGUST Ljava/time/Month; java/time/Month
staticfield java/time/Month SEPTEMBER Ljava/time/Month; java/time/Month
staticfield java/time/Month OCTOBER Ljava/time/Month; java/time/Month
staticfield java/time/Month NOVEMBER Ljava/time/Month; java/time/Month
staticfield java/time/Month DECEMBER Ljava/time/Month; java/time/Month
staticfield java/time/Month ENUMS [Ljava/time/Month; 12 [Ljava/time/Month;
staticfield java/time/Month $VALUES [Ljava/time/Month; 12 [Ljava/time/Month;
ciInstanceKlass java/time/DayOfWeek 1 1 241 7 1 9 12 1 1 9 12 1 9 12 1 9 12 1 9 12 1 9 12 1 9 12 1 9 12 1 1 10 7 12 1 1 10 7 12 1 1 1 10 12 1 1 100 1 100 1 10 12 1 8 1 10 12 1 1 10 12 1 10 12 1 1 10 12 1 9 12 1 9 100 12 1 1 1 11 100 12 1 1 1 10 12 1 1 8 1 10 12 1 8 1 11 12 1 1 10 100 12 1 1 10 12 1 10 12 1 1 100 1 10 10 12 1 1 10 12 1 1 10 100 12 1 1 1 11 100 12 1 1 1 11 12 1 1 11 12 1 10 12 1 100 1 8 1 10 11 12 1 1 5 0 10 12 1 1 10 100 12 1 1 1 9 100 12 1 1 1 11 12 1 1 11 100 12 1 1 1 8 10 8 8 8 8 8 8 10 12 1 1 10 12 1 100 1 1 1 1 1 1 1 1 1 1 1 1 1 1 1 1 1 1 1 1 1 1 1 1 1 1 1 1 1 1 1 1 1 1 1 1 1 1 1 1 1 1 1 1 1 1
staticfield java/time/DayOfWeek MONDAY Ljava/time/DayOfWeek; java/time/DayOfWeek
staticfield java/time/DayOfWeek TUESDAY Ljava/time/DayOfWeek; java/time/DayOfWeek
staticfield java/time/DayOfWeek WEDNESDAY Ljava/time/DayOfWeek; java/time/DayOfWeek
staticfield java/time/DayOfWeek THURSDAY Ljava/time/DayOfWeek; java/time/DayOfWeek
staticfield java/time/DayOfWeek FRIDAY Ljava/time/DayOfWeek; java/time/DayOfWeek
staticfield java/time/DayOfWeek SATURDAY Ljava/time/DayOfWeek; java/time/DayOfWeek
staticfield java/time/DayOfWeek SUNDAY Ljava/time/DayOfWeek; java/time/DayOfWeek
staticfield java/time/DayOfWeek ENUMS [Ljava/time/DayOfWeek; 7 [Ljava/time/DayOfWeek;
staticfield java/time/DayOfWeek $VALUES [Ljava/time/DayOfWeek; 7 [Ljava/time/DayOfWeek;
ciInstanceKlass java/time/zone/ZoneOffsetTransitionRule$TimeDefinition 1 1 87 7 1 9 12 1 1 9 12 1 9 12 1 9 12 1 1 10 7 12 1 1 10 7 12 1 1 1 10 12 1 1 10 12 1 1 10 100 12 1 1 9 12 1 10 100 12 1 1 1 8 10 8 8 10 12 1 1 1 1 1 1 1 1 1 1 1 1 1 1 1 1 1 1 1 1 1 1 1 1 1 1 1 100 1 1 1
staticfield java/time/zone/ZoneOffsetTransitionRule$TimeDefinition UTC Ljava/time/zone/ZoneOffsetTransitionRule$TimeDefinition; java/time/zone/ZoneOffsetTransitionRule$TimeDefinition
staticfield java/time/zone/ZoneOffsetTransitionRule$TimeDefinition WALL Ljava/time/zone/ZoneOffsetTransitionRule$TimeDefinition; java/time/zone/ZoneOffsetTransitionRule$TimeDefinition
staticfield java/time/zone/ZoneOffsetTransitionRule$TimeDefinition STANDARD Ljava/time/zone/ZoneOffsetTransitionRule$TimeDefinition; java/time/zone/ZoneOffsetTransitionRule$TimeDefinition
staticfield java/time/zone/ZoneOffsetTransitionRule$TimeDefinition $VALUES [Ljava/time/zone/ZoneOffsetTransitionRule$TimeDefinition; 3 [Ljava/time/zone/ZoneOffsetTransitionRule$TimeDefinition;
ciMethodData java/lang/Object <init> ()V 2 292425 orig 80 1 0 0 0 0 0 0 0 0 0 0 0 0 0 0 0 0 0 0 0 0 0 0 0 0 0 0 0 0 0 0 0 0 0 0 0 0 0 0 0 0 0 0 0 0 0 0 0 0 0 0 0 0 0 0 0 0 0 0 0 0 0 0 0 0 0 0 0 0 0 0 0 0 0 0 0 0 0 0 0 data 4 0x0 0x9 0x1 0x0 oops 0 methods 0
ciMethodData java/util/AbstractCollection <init> ()V 2 17045 orig 80 0 0 0 0 0 0 0 0 0 0 0 0 0 0 0 0 0 0 0 0 0 0 0 0 0 0 0 0 0 0 0 0 0 0 0 0 0 0 0 0 0 0 0 0 0 0 0 0 0 0 0 0 0 0 0 0 0 0 0 0 0 0 0 0 0 0 0 0 0 0 0 0 0 0 0 0 0 0 0 0 data 7 0x10002 0x4295 0x0 0x0 0x9 0x1 0x0 oops 0 methods 0
ciMethodData java/util/Objects requireNonNull (Ljava/lang/Object;Ljava/lang/String;)Ljava/lang/Object; 2 40022 orig 80 0 0 0 0 0 0 0 0 0 0 0 0 0 0 0 0 0 0 0 0 0 0 0 0 0 0 0 0 0 0 0 0 0 0 0 0 0 0 0 0 0 0 0 0 0 0 0 0 0 0 0 0 0 0 0 0 0 0 0 0 0 0 0 0 0 0 0 0 0 0 0 0 0 0 0 0 0 0 0 0 data 16 0x10007 0x9c56 0x30 0x0 0x90002 0x0 0x0 0x0 0x0 0x0 0x0 0x0 0x9 0x2 0x0 0x0 oops 0 methods 0
ciMethodData java/util/AbstractMap <init> ()V 2 4123 orig 80 0 0 0 0 0 0 0 0 0 0 0 0 0 0 0 0 0 0 0 0 0 0 0 0 0 0 0 0 0 0 0 0 0 0 0 0 0 0 0 0 0 0 0 0 0 0 0 0 0 0 0 0 0 0 0 0 0 0 0 0 0 0 0 0 0 0 0 0 0 0 0 0 0 0 0 0 0 0 0 0 data 7 0x10002 0x101b 0x0 0x0 0x9 0x1 0x0 oops 0 methods 0
ciMethod java/lang/AssertionError <init> ()V 0 0 1 0 -1
ciMethodData jdk/internal/util/ArraysSupport newLength (III)I 2 9870 orig 80 0 0 0 0 0 0 0 0 0 0 0 0 0 0 0 0 0 0 0 0 0 0 0 0 0 0 0 0 0 0 0 0 0 0 0 0 0 0 0 0 0 0 0 0 0 0 0 0 0 0 0 0 0 0 0 0 0 0 0 0 0 0 0 0 0 0 0 0 0 0 0 0 0 0 0 0 0 0 0 0 data 23 0x30002 0x268e 0xa0007 0x0 0x40 0x268e 0x100007 0x0 0x20 0x268e 0x170002 0x0 0x0 0x0 0x0 0x0 0x0 0x0 0x9 0x3 0x0 0x0 0x0 oops 0 methods 0
ciMethod java/io/DataInput readByte ()B 0 0 1 0 -1
ciMethod java/io/DataInput readInt ()I 0 0 1 0 -1
ciMethod java/time/DateTimeException <init> (Ljava/lang/String;)V 0 0 1 0 -1
ciMethodData jdk/internal/misc/Unsafe getIntUnaligned (Ljava/lang/Object;JZ)I 2 19653 orig 80 1 0 0 0 0 0 0 0 0 0 0 0 0 0 0 0 0 0 0 0 0 0 0 0 0 0 0 0 0 0 0 0 0 0 0 0 0 0 0 0 0 0 0 0 0 0 0 0 0 0 0 0 0 0 0 0 0 0 0 0 0 0 0 0 0 0 0 0 0 0 0 0 0 0 0 0 0 0 0 0 data 24 0x5000b 0x1aa 0x0 0x0 0x0 0x0 0x2 0x1 0x1e57cc74ad0 0x80002 0x4cc5 0x0 0x0 0x0 0x0 0x0 0x0 0x9 0x5 0x0 0x0 0x0 0x0 0x0 oops 1 8 [B methods 0
ciMethodData jdk/internal/misc/Unsafe convEndian (ZI)I 2 20256 orig 80 0 0 0 0 0 0 0 0 0 0 0 0 0 0 0 0 0 0 0 0 0 0 0 0 0 0 0 0 0 0 0 0 0 0 0 0 0 0 0 1 0 0 0 0 0 0 0 0 0 0 0 0 0 0 0 0 0 0 0 0 0 0 0 0 0 0 0 0 0 0 0 0 0 0 0 0 0 0 0 0 data 19 0x8000000600040007 0x17da 0x38 0x3747 0x80003 0x3747 0x28 0xc0002 0x17da 0x0 0x0 0x0 0x0 0x0 0x0 0x9 0x2 0x0 0x0 oops 0 methods 0
ciMethod java/lang/invoke/VarHandleByteArrayAsInts$ArrayHandle index ([BI)I 1024 0 13151 0 -1
ciMethod java/lang/invoke/VarHandleByteArrayAsInts$ArrayHandle get (Ljava/lang/invoke/VarHandle;Ljava/lang/Object;I)I 1024 0 12548 0 -1
ciMethod java/lang/invoke/VarHandleGuards guard_LI_I (Ljava/lang/invoke/VarHandle;Ljava/lang/Object;ILjava/lang/invoke/VarHandle$AccessDescriptor;)I 1024 0 18369 0 -1
ciMethod java/lang/invoke/VarForm getMemberName (I)Ljava/lang/invoke/MemberName; 1024 0 25769 0 -1
ciMethod java/lang/invoke/VarForm resolveMemberName (I)Ljava/lang/invoke/MemberName; 30 0 14 0 -1
ciMethodData java/util/Arrays copyOf ([Ljava/lang/Object;I)[Ljava/lang/Object; 2 6454 orig 80 0 0 0 0 0 0 0 0 0 0 0 0 0 0 0 0 0 0 0 0 0 0 0 0 0 0 0 0 0 0 0 0 0 0 0 0 0 0 0 0 0 0 0 0 0 0 0 0 0 0 0 0 0 0 0 0 0 0 0 0 0 0 0 0 0 0 0 0 0 0 0 0 0 0 0 0 0 0 0 0 data 18 0x30005 0x12f8 0x1e57d01ddb0 0x401 0x1e57d01dec0 0x23e 0x60002 0x1938 0x0 0x0 0x0 0x0 0x0 0x0 0x9 0x2 0x0 0x0 oops 2 2 [Ljava/lang/classfile/Attribute; 4 [Ljdk/internal/classfile/impl/Util$Writable; methods 0
ciMethod java/io/DataInputStream readFully ([BII)V 1024 1022 7169 0 7114
ciMethod java/io/DataInputStream readByte ()B 1024 0 10257 0 1931
ciMethod java/io/DataInputStream readUnsignedByte ()I 774 0 10259 0 0
ciMethod java/io/DataInputStream readInt ()I 772 0 5783 0 0
ciMethodData java/util/ArrayList add (Ljava/lang/Object;)Z 2 67997 orig 80 0 0 0 0 0 0 0 0 0 0 0 0 0 0 0 0 0 0 0 0 0 0 0 0 0 0 0 0 0 0 0 0 0 0 0 0 0 0 0 0 0 0 0 0 0 0 0 0 0 0 0 0 0 0 0 0 0 0 0 0 0 0 0 0 0 0 0 0 0 0 0 0 0 0 0 0 0 0 0 0 data 16 0x140005 0x1099d 0x0 0x0 0x0 0x0 0x0 0x0 0x0 0x0 0x0 0x0 0x9 0x2 0xe 0x0 oops 0 methods 0
ciMethodData java/util/ArrayList add (Ljava/lang/Object;[Ljava/lang/Object;I)V 2 67997 orig 80 0 0 0 0 0 0 0 0 0 0 0 0 0 0 0 0 0 0 0 0 0 0 0 0 0 0 0 0 0 0 0 0 0 0 0 0 0 0 0 0 0 0 0 0 0 0 0 0 0 0 0 0 0 0 0 0 0 0 0 0 0 0 0 0 0 0 0 0 0 0 0 0 0 0 0 0 0 0 0 0 data 28 0x30007 0xf623 0x50 0x137a 0x70005 0x137a 0x0 0x0 0x0 0x0 0xe0004 0x1046b 0x1e57f9647a8 0x3f 0x1e57cc5f0d0 0x4f3 0x0 0x0 0x0 0x0 0x0 0x0 0x9 0x4 0xc 0x0 0xffffffffffffffff 0x0 oops 2 12 jdk/internal/loader/URLClassPath$JarLoader 14 java/lang/Class methods 0
ciMethodData java/util/ArrayList grow ()[Ljava/lang/Object; 2 4986 orig 80 0 0 0 0 0 0 0 0 0 0 0 0 0 0 0 0 0 0 0 0 0 0 0 0 0 0 0 0 0 0 0 0 0 0 0 0 0 0 0 0 0 0 0 0 0 0 0 0 0 0 0 0 0 0 0 0 0 0 0 0 0 0 0 0 0 0 0 0 0 0 0 0 0 0 0 0 0 0 0 0 data 15 0x70005 0x137a 0x0 0x0 0x0 0x0 0x0 0x0 0x0 0x0 0x0 0x0 0x9 0x1 0xc oops 0 methods 0
ciMethodData java/util/ArrayList grow (I)[Ljava/lang/Object; 2 5329 orig 80 0 0 0 0 0 0 0 0 0 0 0 0 0 0 0 0 0 0 0 0 0 0 0 0 0 0 0 0 0 0 0 0 0 0 0 0 0 0 0 0 0 0 0 0 0 0 0 0 0 0 0 0 0 0 0 0 0 0 0 0 0 0 0 0 0 0 0 0 0 0 0 0 0 0 0 0 0 0 0 0 data 24 0x70007 0xc1f 0x40 0x8b2 0x110007 0x8b2 0x40 0x0 0x1b0002 0xc1f 0x250002 0xc1f 0x310002 0x8b2 0x0 0x0 0x0 0x0 0x0 0x0 0x9 0x2 0xc 0x0 oops 0 methods 0
ciMethodData java/util/ArrayList <init> ()V 2 4115 orig 80 0 0 0 0 0 0 0 0 0 0 0 0 0 0 0 0 0 0 0 0 0 0 0 0 0 0 0 0 0 0 0 0 0 0 0 0 0 0 0 0 0 0 0 0 0 0 0 0 0 0 0 0 0 0 0 0 0 0 0 0 0 0 0 0 0 0 0 0 0 0 0 0 0 0 0 0 0 0 0 0 data 9 0x10002 0x1013 0x0 0x0 0x0 0x0 0x9 0x1 0x0 oops 0 methods 0
ciMethodData java/util/AbstractList <init> ()V 2 11065 orig 80 0 0 0 0 0 0 0 0 0 0 0 0 0 0 0 0 0 0 0 0 0 0 0 0 0 0 0 0 0 0 0 0 0 0 0 0 0 0 0 0 0 0 0 0 0 0 0 0 0 0 0 0 0 0 0 0 0 0 0 0 0 0 0 0 0 0 0 0 0 0 0 0 0 0 0 0 0 0 0 0 data 9 0x10002 0x2b39 0x0 0x0 0x0 0x0 0x9 0x1 0x0 oops 0 methods 0
ciMethodData java/lang/invoke/VarHandle checkAccessModeThenIsDirect (Ljava/lang/invoke/VarHandle$AccessDescriptor;)Z 2 27803 orig 80 1 0 0 0 1 0 0 0 0 0 0 0 0 0 0 0 0 0 0 0 0 0 0 0 0 0 0 0 0 0 0 0 0 0 0 0 0 0 0 2 0 0 0 0 0 0 0 0 0 0 0 0 0 0 0 0 0 0 0 0 0 0 0 0 0 0 0 0 0 0 0 0 0 0 0 0 0 0 0 0 data 30 0x8000000600040007 0x4ec5 0xa0 0x1dd9 0xc0005 0x346 0x1e57d3672e8 0x1a93 0x0 0x0 0x130007 0x1dd9 0x50 0x0 0x180005 0x0 0x0 0x0 0x0 0x0 0x0 0x0 0x0 0x0 0x0 0x0 0x9 0x2 0xffffffffffffffff 0x0 oops 1 6 java/lang/invoke/VarHandleByteArrayAsInts$ArrayHandle methods 0
ciMethodData java/lang/invoke/VarForm getMemberName (I)Ljava/lang/invoke/MemberName; 2 25261 orig 80 0 0 0 0 0 0 0 0 0 0 0 0 0 0 0 0 0 0 0 0 0 0 0 0 0 0 0 0 0 0 0 0 0 0 0 0 0 0 0 0 0 0 0 0 0 0 0 0 0 0 0 0 0 0 0 0 0 0 0 0 0 0 0 0 0 0 0 0 0 0 0 0 0 0 0 0 0 0 0 0 data 34 0x80007 0x62ad 0xc0 0x1 0xd0005 0x0 0x1e57d369d60 0x1 0x0 0x0 0x120007 0x1 0x70 0x0 0x1a0002 0x0 0x1d0005 0x0 0x0 0x0 0x0 0x0 0x200002 0x0 0x0 0x0 0x0 0x0 0x0 0x0 0x9 0x2 0x0 0x0 oops 1 6 java/lang/invoke/VarForm methods 0
ciMethodData java/lang/invoke/VarHandleGuards guard_LI_I (Ljava/lang/invoke/VarHandle;Ljava/lang/Object;ILjava/lang/invoke/VarHandle$AccessDescriptor;)I 2 17857 orig 80 1 0 0 0 0 0 0 0 0 0 0 0 0 0 0 0 0 0 0 0 0 0 0 0 0 0 0 0 0 0 0 0 0 0 0 0 0 0 0 0 0 0 0 0 0 0 0 0 0 0 0 0 0 0 0 0 0 0 0 0 0 0 0 0 0 0 0 0 0 0 0 0 0 0 0 0 0 0 0 0 data 87 0x2000b 0x0 0x1e57d3672e8 0x32e6 0x1e57d36a8b8 0x12dc 0x2 0x1 0x1e57d367000 0x90007 0x0 0xb8 0x45c3 0x1c0007 0x0 0x98 0x45c3 0x2a000b 0xc2c 0x1e57d369d60 0x3997 0x0 0x0 0x1 0x1e57cc610c8 0x2d000a 0x45c3 0x4 0x0 0x2 0x1 0x1e57cc74ad0 0x36000b 0x0 0x0 0x0 0x0 0x0 0x1 0x0 0x41000b 0x0 0x0 0x0 0x0 0x0 0x3 0x1 0x1e57cc61370 0x0 0x45000b 0x0 0x0 0x0 0x0 0x0 0x1 0x0 0x4a000b 0x0 0x0 0x0 0x0 0x0 0x4 0x1 0x0 0x2 0x0 0x0 0x0 0x0 0x0 0x0 0x0 0x9 0x4 0x0 0x0 0x0 0x0 0xc 0x4 0x0 0x2 0x1 0x1e57cc74ad0 oops 8 2 java/lang/invoke/VarHandleByteArrayAsInts$ArrayHandle 4 java/lang/invoke/VarHandleByteArrayAsShorts$ArrayHandle 8 java/lang/invoke/VarHandle$AccessDescriptor 19 java/lang/invoke/VarForm 24 java/lang/invoke/MemberName 31 [B 48 java/lang/invoke/MethodType 86 [B methods 0
ciMethodData java/lang/invoke/VarHandleByteArrayAsInts$ArrayHandle get (Ljava/lang/invoke/VarHandle;Ljava/lang/Object;I)I 2 12036 orig 80 0 0 0 0 0 0 0 0 0 0 0 0 0 0 0 0 0 0 0 0 0 0 0 0 0 0 0 0 0 0 0 0 0 0 0 0 0 0 0 0 0 0 0 0 0 0 0 0 0 0 0 0 0 0 0 0 0 0 0 0 0 0 0 0 0 0 0 0 0 0 0 0 0 0 0 0 0 0 0 0 data 34 0x10004 0x0 0x1e57d3672e8 0x1951 0x0 0x0 0x60004 0x0 0x1e57cc74ad0 0x1951 0x0 0x0 0x130002 0x2f05 0x1f000b 0x16b 0x1e57cc61b88 0x2d9a 0x0 0x0 0x2 0x1 0x1e57cc74ad0 0x0 0x0 0x0 0x0 0x0 0x0 0x9 0x3 0x0 0x0 0x0 oops 4 2 java/lang/invoke/VarHandleByteArrayAsInts$ArrayHandle 8 [B 16 jdk/internal/misc/Unsafe 22 [B methods 0
ciMethodData java/lang/invoke/VarHandleByteArrayAsInts$ArrayHandle index ([BI)I 2 12639 orig 80 0 0 0 0 0 0 0 0 0 0 0 0 0 0 0 0 0 0 0 0 0 0 0 0 0 0 0 0 0 0 0 0 0 0 0 0 0 0 0 0 0 0 0 0 0 0 0 0 0 0 0 0 0 0 0 0 0 0 0 0 0 0 0 0 0 0 0 0 0 0 0 0 0 0 0 0 0 0 0 0 data 12 0x80002 0x3160 0x0 0x0 0x0 0x0 0x0 0x0 0x9 0x2 0x0 0x0 oops 0 methods 0
ciMethodData java/util/ArrayList toArray ([Ljava/lang/Object;)[Ljava/lang/Object; 2 2690 orig 80 0 0 0 0 0 0 0 0 0 0 0 0 0 0 0 0 0 0 0 0 0 0 0 0 0 0 0 0 0 0 0 0 0 0 0 0 0 0 0 0 0 0 0 0 0 0 0 0 0 0 0 0 0 0 0 0 0 0 0 0 0 0 0 0 0 0 0 0 0 0 0 0 0 0 0 0 0 0 0 0 data 34 0x60007 0x294 0x60 0x7ee 0x120005 0xbd 0x1e57d2457e8 0x72f 0x1e57d2458f8 0x2 0x150002 0x7ee 0x240002 0x294 0x2d0007 0x294 0x50 0x0 0x360004 0x0 0x0 0x0 0x0 0x0 0x0 0x0 0x0 0x0 0x0 0x0 0x9 0x2 0x0 0x0 oops 2 6 [Lsun/security/util/DerValue; 8 [Ljavax/crypto/CryptoPermission; methods 0
ciMethod java/util/concurrent/atomic/AtomicReferenceArray getOpaque (I)Ljava/lang/Object; 1024 0 6309 0 -1
ciMethod java/util/concurrent/atomic/AtomicReferenceArray compareAndExchange (ILjava/lang/Object;Ljava/lang/Object;)Ljava/lang/Object; 26 0 60 0 -1
ciMethod java/time/ZoneOffset ofTotalSeconds (I)Ljava/time/ZoneOffset; 1024 0 6548 0 2609
ciMethod java/time/ZoneOffset <init> (I)V 66 0 288 0 -1
ciMethod java/time/ZoneOffset getTotalSeconds ()I 444 0 222 0 0
ciMethod java/time/ZoneOffset getId ()Ljava/lang/String; 26 0 13 0 -1
ciMethod jdk/internal/util/ByteArray getInt ([BI)I 772 0 5938 0 0
ciMethodData java/io/BufferedInputStream getBufIfOpen ()[B 2 6294 orig 80 0 0 0 0 0 0 0 0 0 0 0 0 0 0 0 0 0 0 0 0 0 0 0 0 0 0 0 0 0 0 0 0 0 0 0 0 0 0 0 0 0 0 0 0 0 0 0 0 0 0 0 0 0 0 0 0 0 0 0 0 0 0 0 0 0 0 0 0 0 0 0 0 0 0 0 0 0 0 0 0 data 15 0x20005 0x1897 0x0 0x0 0x0 0x0 0x0 0x0 0x0 0x0 0x0 0x0 0x9 0x1 0x0 oops 0 methods 0
ciMethodData java/io/BufferedInputStream getBufIfOpen (Z)[B 2 6327 orig 80 0 0 0 0 0 0 0 0 0 0 0 0 0 0 0 0 0 0 0 0 0 0 0 0 0 0 0 0 0 0 0 0 0 0 0 0 0 0 0 0 0 0 0 0 0 0 0 0 0 0 0 0 0 0 0 0 0 0 0 0 0 0 0 0 0 0 0 0 0 0 0 0 0 0 0 0 0 0 0 0 data 34 0x60007 0x21 0x90 0x1897 0xd0007 0x1895 0x70 0x2 0x220005 0x0 0x0 0x0 0x0 0x0 0x250007 0x2 0x20 0x0 0x2e0007 0x18b8 0x30 0x0 0x370002 0x0 0x0 0x0 0x0 0x0 0x0 0x0 0x9 0x2 0xffffffffffffffff 0x0 oops 0 methods 0
ciMethodData java/io/DataInputStream readFully ([BII)V 2 6657 orig 80 0 0 0 0 0 0 0 0 0 0 0 0 0 0 0 0 0 0 0 0 0 0 0 0 0 0 0 0 0 0 0 0 0 0 0 0 0 0 0 0 0 0 0 0 0 0 0 0 0 0 0 0 0 0 0 0 0 0 0 0 0 0 0 0 0 0 0 0 0 0 0 0 0 0 0 0 0 0 0 0 data 33 0x40002 0x1a02 0xe0007 0x1a02 0x98 0x1a02 0x1e0005 0x0 0x1e57d4c3ee8 0x184c 0x1e57cc61c98 0x1b6 0x250007 0x1a02 0x30 0x0 0x2c0002 0x0 0x370003 0x1a02 0xffffffffffffff80 0x0 0x0 0x0 0x0 0x0 0x0 0x9 0x4 0x0 0xffffffffffffffff 0x0 0x0 oops 2 8 java/io/BufferedInputStream 10 java/io/ByteArrayInputStream methods 0
ciMethodData java/io/BufferedInputStream fill ()V 1 19 orig 80 0 0 0 0 0 0 0 0 0 0 0 0 0 0 0 0 0 0 0 0 0 0 0 0 0 0 0 0 0 0 0 0 0 0 0 0 0 0 0 0 0 0 0 0 0 0 0 0 0 0 0 0 0 0 0 0 0 0 0 0 0 0 0 0 0 0 0 0 0 0 0 0 0 0 0 0 0 0 0 0 data 89 0x10005 0x13 0x0 0x0 0x0 0x0 0xa0007 0x6 0x38 0xd 0x120003 0xd 0x158 0x1b0007 0x1 0x140 0x5 0x220007 0x5 0x48 0x0 0x370002 0x0 0x440003 0x0 0xf0 0x4d0007 0x5 0x38 0x0 0x5a0003 0x0 0xb8 0x660002 0x5 0x6f0007 0x5 0x20 0x0 0x830002 0x5 0x8f0005 0x5 0x0 0x0 0x0 0x0 0x920007 0x5 0x30 0x0 0x9b0002 0x0 0xaa0005 0x13 0x0 0x0 0x0 0x0 0xb90005 0x0 0x1e57d2b46f8 0x13 0x0 0x0 0xbe0007 0x0 0x20 0x13 0x0 0x0 0x0 0x0 0x0 0x0 0x0 0x0 0x0 0x0 0x0 0x0 0x0 0x0 0x0 0x0 0x0 0x9 0x1 0x0 oops 1 61 java/io/FileInputStream methods 0
ciMethodData java/io/DataInputStream readUnsignedByte ()I 2 9872 orig 80 0 0 0 0 0 0 0 0 0 0 0 0 0 0 0 0 0 0 0 0 0 0 0 0 0 0 0 0 0 0 0 0 0 0 0 0 0 0 0 0 0 0 0 0 0 0 0 0 0 0 0 0 0 0 0 0 0 0 0 0 0 0 0 0 0 0 0 0 0 0 0 0 0 0 0 0 0 0 0 0 data 21 0x40005 0x0 0x1e57cc61c98 0x268f 0x1e57d4c3ee8 0x1 0x90007 0x2690 0x30 0x0 0x100002 0x0 0x0 0x0 0x0 0x0 0x0 0x0 0x9 0x1 0x0 oops 2 2 java/io/ByteArrayInputStream 4 java/io/BufferedInputStream methods 0
ciMethodData java/io/DataInputStream readByte ()B 2 9746 orig 80 0 0 0 0 0 0 0 0 0 0 0 0 0 0 0 0 0 0 0 0 0 0 0 0 0 0 0 0 0 0 0 0 0 0 0 0 0 0 0 0 0 0 0 0 0 0 0 0 0 0 0 0 0 0 0 0 0 0 0 0 0 0 0 0 0 0 0 0 0 0 0 0 0 0 0 0 0 0 0 0 data 15 0x10005 0x17 0x1e57d4dc220 0x25fc 0x0 0x0 0x0 0x0 0x0 0x0 0x0 0x0 0x9 0x1 0x0 oops 1 2 java/io/DataInputStream methods 0
ciMethodData java/io/ByteArrayInputStream read ()I 2 5553 orig 80 0 0 0 0 0 0 0 0 0 0 0 0 0 0 0 0 0 0 0 0 0 0 0 0 0 0 0 0 0 0 0 0 0 0 0 0 0 0 0 0 0 0 0 0 0 0 0 0 0 0 0 0 0 0 0 0 0 0 0 0 0 0 0 0 0 0 0 0 0 0 0 0 0 0 0 0 0 0 0 0 data 14 0x80007 0x0 0x38 0x15b2 0x1f0003 0x15b2 0x18 0x0 0x0 0x0 0x0 0x9 0x1 0x0 oops 0 methods 0
ciMethod java/time/temporal/ChronoField range ()Ljava/time/temporal/ValueRange; 510 0 255 0 0
ciMethod java/time/temporal/ChronoField checkValidValue (J)J 954 0 21745 0 0
ciMethod java/time/temporal/ValueRange getMinimum ()J 608 0 304 0 0
ciMethod java/time/temporal/ValueRange getMaximum ()J 908 0 454 0 0
ciMethod java/time/temporal/ValueRange isValidValue (J)Z 652 0 5891 0 0
ciMethod java/time/temporal/ValueRange checkValidValue (JLjava/time/temporal/TemporalField;)J 1018 0 5891 0 184
ciMethod java/time/LocalTime of (II)Ljava/time/LocalTime; 804 0 400 0 0
ciMethod java/time/LocalTime ofSecondOfDay (J)Ljava/time/LocalTime; 8 0 4 0 0
ciMethod java/time/LocalTime ofNanoOfDay (J)Ljava/time/LocalTime; 1024 0 6093 0 560
ciMethod java/time/LocalTime create (IIII)Ljava/time/LocalTime; 1024 0 5914 0 288
ciMethod java/time/LocalTime <init> (IIII)V 78 0 208 0 0
ciMethod java/time/LocalTime getNano ()I 286 0 143 0 -1
ciMethod java/time/LocalTime toNanoOfDay ()J 1024 0 2611 0 144
ciMethod java/time/LocalTime equals (Ljava/lang/Object;)Z 0 0 1 0 -1
ciMethod java/time/zone/ZoneOffsetTransition <init> (JLjava/time/ZoneOffset;Ljava/time/ZoneOffset;)V 1024 0 7979 0 2032
ciMethod java/time/zone/ZoneOffsetTransition getDateTimeBefore ()Ljava/time/LocalDateTime; 468 0 234 0 0
ciMethod java/time/zone/ZoneOffsetTransition getDateTimeAfter ()Ljava/time/LocalDateTime; 1024 0 27217 0 2400
ciMethod java/time/zone/ZoneOffsetTransition getOffsetBefore ()Ljava/time/ZoneOffset; 904 0 452 0 0
ciMethod java/time/zone/ZoneOffsetTransition getOffsetAfter ()Ljava/time/ZoneOffset; 904 0 452 0 0
ciMethod java/time/zone/ZoneOffsetTransition getDurationSeconds ()I 1024 0 28256 0 0
ciMethod java/time/zone/ZoneOffsetTransition isGap ()Z 1024 0 25864 0 128
ciMethod java/time/zone/ZoneRules <init> ([J[Ljava/time/ZoneOffset;[J[Ljava/time/ZoneOffset;[Ljava/time/zone/ZoneOffsetTransitionRule;)V 222 13636 556 0 0
ciMethod java/time/zone/ZoneRules readExternal (Ljava/io/DataInput;)Ljava/time/zone/ZoneRules; 222 29044 556 0 -1
ciMethod java/time/zone/ZoneOffsetTransitionRule of (Ljava/time/Month;ILjava/time/DayOfWeek;Ljava/time/LocalTime;ZLjava/time/zone/ZoneOffsetTransitionRule$TimeDefinition;Ljava/time/ZoneOffset;Ljava/time/ZoneOffset;Ljava/time/ZoneOffset;)Ljava/time/zone/ZoneOffsetTransitionRule; 812 0 404 0 0
ciMethod java/time/zone/ZoneOffsetTransitionRule <init> (Ljava/time/Month;ILjava/time/DayOfWeek;Ljava/time/LocalTime;ZLjava/time/zone/ZoneOffsetTransitionRule$TimeDefinition;Ljava/time/ZoneOffset;Ljava/time/ZoneOffset;Ljava/time/ZoneOffset;)V 820 0 404 0 -1
ciMethod java/time/zone/ZoneOffsetTransitionRule readExternal (Ljava/io/DataInput;)Ljava/time/zone/ZoneOffsetTransitionRule; 172 0 404 0 0
ciMethod java/time/LocalDateTime ofEpochSecond (JILjava/time/ZoneOffset;)Ljava/time/LocalDateTime; 1024 0 7979 0 1776
ciMethod java/time/LocalDateTime <init> (Ljava/time/LocalDate;Ljava/time/LocalTime;)V 1024 0 16749 0 0
ciMethod java/time/LocalDateTime with (Ljava/time/LocalDate;Ljava/time/LocalTime;)Ljava/time/LocalDateTime; 1024 0 8767 0 0
ciMethod java/time/LocalDateTime plusSeconds (J)Ljava/time/LocalDateTime; 1024 0 8767 0 2176
ciMethod java/time/LocalDateTime plusWithOverflow (Ljava/time/LocalDate;JJJJI)Ljava/time/LocalDateTime; 1024 0 8767 0 2232
ciMethod java/time/LocalDate ofEpochDay (J)Ljava/time/LocalDate; 1024 0 7218 0 736
ciMethod java/time/LocalDate <init> (III)V 1024 0 8044 0 0
ciMethod java/time/LocalDate isLeapYear ()Z 494 0 994 0 -1
ciMethod java/time/LocalDate lengthOfMonth ()I 24 0 241 0 0
ciMethod java/time/LocalDate plusDays (J)Ljava/time/LocalDate; 1024 0 8499 0 888
ciMethod java/time/LocalDate toEpochDay ()J 28 0 1125 0 0
ciMethodData java/lang/Math floorMod (JJ)J 2 5494 orig 80 0 0 0 0 0 0 0 0 0 0 0 0 0 0 0 0 0 0 0 0 0 0 0 0 0 0 0 0 0 0 0 0 0 0 0 0 0 0 0 0 0 0 0 0 0 0 0 0 0 0 0 0 0 0 0 0 0 0 0 0 0 0 0 0 0 0 0 0 0 0 0 0 0 0 0 0 0 0 0 0 data 17 0xa0007 0x120a 0x40 0x36c 0x110007 0x77 0x20 0x2f5 0x0 0x0 0x0 0x9 0x4 0x0 0x0 0x0 0x0 oops 0 methods 0
ciMethod java/time/zone/Ser readOffset (Ljava/io/DataInput;)Ljava/time/ZoneOffset; 1024 0 30069 0 2089
ciMethod java/time/zone/Ser readEpochSec (Ljava/io/DataInput;)J 1024 0 7919 0 -1
ciMethod java/time/Month of (I)Ljava/time/Month; 812 0 404 0 0
ciMethod java/time/DayOfWeek of (I)Ljava/time/DayOfWeek; 812 0 404 0 0
ciMethod java/time/zone/ZoneOffsetTransitionRule$TimeDefinition values ()[Ljava/time/zone/ZoneOffsetTransitionRule$TimeDefinition; 812 0 404 0 0
ciMethodData java/time/temporal/ValueRange isValidValue (J)Z 2 5565 orig 80 0 0 0 0 0 0 0 0 0 0 0 0 0 0 0 0 0 0 0 0 0 0 0 0 0 0 0 0 0 0 0 0 0 0 0 0 0 0 0 0 0 0 0 0 0 0 0 0 0 0 0 0 0 0 0 0 0 0 0 0 0 0 0 0 0 0 0 0 0 0 0 0 0 0 0 0 0 0 0 0 data 34 0x20005 0x80 0x1e57f9ec778 0x153d 0x0 0x0 0x60007 0x0 0x88 0x15bd 0xb0005 0x80 0x1e57f9ec778 0x153d 0x0 0x0 0xf0007 0x0 0x38 0x15bd 0x130003 0x15bd 0x18 0x0 0x0 0x0 0x0 0x0 0x0 0x9 0x3 0x0 0x0 0x0 oops 2 2 java/time/temporal/ValueRange 12 java/time/temporal/ValueRange methods 0
ciMethodData java/time/temporal/ChronoField checkValidValue (J)J 2 21268 orig 80 0 0 0 0 0 0 0 0 0 0 0 0 0 0 0 0 0 0 0 0 0 0 0 0 0 0 0 0 0 0 0 0 0 0 0 0 0 0 0 0 0 0 0 0 0 0 0 0 0 0 0 0 0 0 0 0 0 0 0 0 0 0 0 0 0 0 0 0 0 0 0 0 0 0 0 0 0 0 0 0 data 23 0x10005 0x31 0x1e57dc823a0 0x52e3 0x0 0x0 0x60005 0x31 0x1e57f9ec778 0x52e3 0x0 0x0 0x0 0x0 0x0 0x0 0x0 0x0 0x9 0x3 0xffffffffffffffff 0x0 0x0 oops 2 2 java/time/temporal/ChronoField 8 java/time/temporal/ValueRange methods 0
ciMethodData java/time/temporal/ValueRange checkValidValue (JLjava/time/temporal/TemporalField;)J 2 5382 orig 80 0 0 0 0 0 0 0 0 0 0 0 0 0 0 0 0 0 0 0 0 0 0 0 0 0 0 0 0 0 0 0 0 0 0 0 0 0 0 0 0 0 0 0 0 0 0 0 0 0 0 0 0 0 0 0 0 0 0 0 0 0 0 0 0 0 0 0 0 0 0 0 0 0 0 0 0 0 0 0 0 data 30 0x20005 0x11 0x1e57f9ec778 0x14f5 0x0 0x0 0x50007 0x1506 0x60 0x0 0xf0005 0x0 0x0 0x0 0x0 0x0 0x120002 0x0 0x0 0x0 0x0 0x0 0x0 0x0 0x9 0x4 0xffffffffffffffff 0x0 0x0 0xffffffffffffffff oops 1 2 java/time/temporal/ValueRange methods 0
ciMethodData java/lang/Math floorDiv (JJ)J 2 5357 orig 80 0 0 0 0 0 0 0 0 0 0 0 0 0 0 0 0 0 0 0 0 0 0 0 0 0 0 0 0 0 0 0 0 0 0 0 0 0 0 0 0 0 0 0 0 0 0 0 0 0 0 0 0 0 0 0 0 0 0 0 0 0 0 0 0 0 0 0 0 0 0 0 0 0 0 0 0 0 0 0 0 data 17 0xa0007 0xe7e 0x40 0x670 0x130007 0x1f3 0x20 0x47d 0x0 0x0 0x0 0x9 0x4 0x0 0x0 0x0 0x0 oops 0 methods 0
ciMethodData java/time/LocalDateTime <init> (Ljava/time/LocalDate;Ljava/time/LocalTime;)V 2 16237 orig 80 0 0 0 0 0 0 0 0 0 0 0 0 0 0 0 0 0 0 0 0 0 0 0 0 0 0 0 0 0 0 0 0 0 0 0 0 0 0 0 0 0 0 0 0 0 0 0 0 0 0 0 0 0 0 0 0 0 0 0 0 0 0 0 0 0 0 0 0 0 0 0 0 0 0 0 0 0 0 0 0 data 11 0x10002 0x3f6e 0x0 0x0 0x0 0x0 0x9 0x3 0x6 0x0 0x0 oops 0 methods 0
ciMethodData java/time/LocalTime create (IIII)Ljava/time/LocalTime; 2 5402 orig 80 0 0 0 0 0 0 0 0 0 0 0 0 0 0 0 0 0 0 0 0 0 0 0 0 0 0 0 0 0 0 0 0 0 0 0 0 0 0 0 0 0 0 0 0 0 0 0 0 0 0 0 0 0 0 0 0 0 0 0 0 0 0 0 0 0 0 0 0 0 0 0 0 0 0 0 0 0 0 0 0 data 16 0x50007 0xab 0x20 0x1470 0x160002 0xab 0x0 0x0 0x0 0x0 0x9 0x4 0x0 0x0 0x0 0x0 oops 0 methods 0
ciMethodData java/time/LocalTime ofNanoOfDay (J)Ljava/time/LocalTime; 2 5581 orig 80 0 0 0 0 0 0 0 0 0 0 0 0 0 0 0 0 0 0 0 0 0 0 0 0 0 0 0 0 0 0 0 0 0 0 0 0 0 0 0 0 0 0 0 0 0 0 0 0 0 0 0 0 0 0 0 0 0 0 0 0 0 0 0 0 0 0 0 0 0 0 0 0 0 0 0 0 0 0 0 0 data 18 0x40005 0x2b3 0x1e57dc823a0 0x131b 0x0 0x0 0x400002 0x15ce 0x0 0x0 0x0 0x0 0x0 0x0 0x9 0x2 0x0 0x0 oops 1 2 java/time/temporal/ChronoField methods 0
ciMethodData java/time/ZoneOffset ofTotalSeconds (I)Ljava/time/ZoneOffset; 2 6036 orig 80 0 0 0 0 0 0 0 0 0 0 0 0 0 0 0 0 0 0 0 0 0 0 0 0 0 0 0 0 0 0 0 0 0 0 0 0 0 0 0 0 0 0 0 0 0 0 0 0 0 0 0 0 0 0 0 0 0 0 0 0 0 0 0 0 0 0 0 0 0 0 0 0 0 0 0 0 0 0 0 0 data 71 0x30007 0x0 0x40 0x1795 0x90007 0x1795 0x30 0x0 0x120002 0x0 0x230007 0xe5 0x190 0x16b0 0x300005 0x1c0 0x1e57df715c8 0x14f0 0x0 0x0 0x330104 0x0 0x1e57d4dc2c8 0x1687 0x0 0x0 0x380007 0x1687 0x110 0x29 0x400002 0x29 0x4a0005 0x5 0x1e57df715c8 0x24 0x0 0x0 0x4d0104 0x0 0x0 0x0 0x0 0x0 0x540007 0x29 0x20 0x0 0x5e0005 0x5 0x1e57d4dc2c8 0x24 0x0 0x0 0x620005 0x0 0x1e57cc62208 0x29 0x0 0x0 0x6f0002 0xe5 0x0 0x0 0x0 0x0 0x0 0x0 0x9 0x1 0x0 oops 5 16 java/util/concurrent/atomic/AtomicReferenceArray 22 java/time/ZoneOffset 34 java/util/concurrent/atomic/AtomicReferenceArray 50 java/time/ZoneOffset 56 java/util/concurrent/ConcurrentHashMap methods 0
ciMethodData java/time/zone/Ser readOffset (Ljava/io/DataInput;)Ljava/time/ZoneOffset; 2 29557 orig 80 0 0 0 0 0 0 0 0 0 0 0 0 0 0 0 0 0 0 0 0 0 0 0 0 0 0 0 0 0 0 0 0 0 0 0 0 0 0 0 0 0 0 0 0 0 0 0 0 0 0 0 0 0 0 0 0 0 0 0 0 0 0 0 0 0 0 0 0 0 0 0 0 0 0 0 0 0 0 0 0 data 32 0x10005 0x0 0x1e57d4dc220 0x7376 0x0 0x0 0xa0007 0x6e3b 0x78 0x53b 0xe0005 0x0 0x1e57d4dc220 0x53b 0x0 0x0 0x130002 0x53b 0x160003 0x53b 0x28 0x1e0002 0x6e3b 0x0 0x0 0x0 0x0 0x0 0x0 0x9 0x1 0x0 oops 2 2 java/io/DataInputStream 12 java/io/DataInputStream methods 0
ciMethodData java/lang/Math floorDiv (JI)J 2 8028 orig 80 0 0 0 0 0 0 0 0 0 0 0 0 0 0 0 0 0 0 0 0 0 0 0 0 0 0 0 0 0 0 0 0 0 0 0 0 0 0 0 0 0 0 0 0 0 0 0 0 0 0 0 0 0 0 0 0 0 0 0 0 0 0 0 0 0 0 0 0 0 0 0 0 0 0 0 0 0 0 0 0 data 13 0x30002 0x1f5d 0x0 0x0 0x0 0x0 0x0 0x0 0x9 0x3 0x0 0x0 0x0 oops 0 methods 0
ciMethodData java/time/LocalDate <init> (III)V 2 7532 orig 80 0 0 0 0 0 0 0 0 0 0 0 0 0 0 0 0 0 0 0 0 0 0 0 0 0 0 0 0 0 0 0 0 0 0 0 0 0 0 0 0 0 0 0 0 0 0 0 0 0 0 0 0 0 0 0 0 0 0 0 0 0 0 0 0 0 0 0 0 0 0 0 0 0 0 0 0 0 0 0 0 data 12 0x10002 0x1d6d 0x0 0x0 0x0 0x0 0x9 0x4 0xe 0x0 0x0 0x0 oops 0 methods 0
ciMethodData java/time/LocalDate ofEpochDay (J)Ljava/time/LocalDate; 2 6706 orig 80 0 0 0 0 0 0 0 0 0 0 0 0 0 0 0 0 0 0 0 0 0 0 0 0 0 0 0 0 0 0 0 0 0 0 0 0 0 0 0 0 0 0 0 0 0 0 0 0 0 0 0 0 0 0 0 0 0 0 0 0 0 0 0 0 0 0 0 0 0 0 0 0 0 0 0 0 0 0 0 0 data 36 0x40005 0x2f3 0x1e57dc823a0 0x1740 0x0 0x0 0x1a0007 0x1a33 0x20 0x0 0x6c0007 0x1a2e 0x20 0x5 0xb60007 0x190b 0x20 0x128 0xd30007 0x190b 0x20 0x128 0xe70002 0x1a33 0x0 0x0 0x0 0x0 0x0 0x0 0x0 0x0 0x9 0x2 0x0 0x0 oops 1 2 java/time/temporal/ChronoField methods 0
ciMethodData java/time/zone/ZoneOffsetTransition <init> (JLjava/time/ZoneOffset;Ljava/time/ZoneOffset;)V 2 7467 orig 80 0 0 0 0 0 0 0 0 0 0 0 0 0 0 0 0 0 0 0 0 0 0 0 0 0 0 0 0 0 0 0 0 0 0 0 0 0 0 0 0 0 0 0 0 0 0 0 0 0 0 0 0 0 0 0 0 0 0 0 0 0 0 0 0 0 0 0 0 0 0 0 0 0 0 0 0 0 0 0 0 data 17 0x10002 0x1d2c 0xd0002 0x1d2c 0x0 0x0 0x0 0x0 0x0 0x0 0x9 0x5 0x1e 0x0 0x0 0x0 0x0 oops 0 methods 0
ciMethodData java/time/LocalDateTime ofEpochSecond (JILjava/time/ZoneOffset;)Ljava/time/LocalDateTime; 2 7467 orig 80 0 0 0 0 0 0 0 0 0 0 0 0 0 0 0 0 0 0 0 0 0 0 0 0 0 0 0 0 0 0 0 0 0 0 0 0 0 0 0 0 0 0 0 0 0 0 0 0 0 0 0 0 0 0 0 0 0 0 0 0 0 0 0 0 0 0 0 0 0 0 0 0 0 0 0 0 0 0 0 0 data 36 0x30002 0x1d2c 0xc0005 0x2ef 0x1e57dc823a0 0x1a3d 0x0 0x0 0x120005 0x2ef 0x1e57d4dc2c8 0x1a3d 0x0 0x0 0x1d0002 0x1d2c 0x260002 0x1d2c 0x2d0002 0x1d2c 0x3c0002 0x1d2c 0x490002 0x1d2c 0x0 0x0 0x0 0x0 0x0 0x0 0x9 0x4 0x0 0x0 0x0 0x0 oops 2 4 java/time/temporal/ChronoField 10 java/time/ZoneOffset methods 0
ciMethodData java/lang/Math floorMod (JI)I 2 7467 orig 80 0 0 0 0 0 0 0 0 0 0 0 0 0 0 0 0 0 0 0 0 0 0 0 0 0 0 0 0 0 0 0 0 0 0 0 0 0 0 0 0 0 0 0 0 0 0 0 0 0 0 0 0 0 0 0 0 0 0 0 0 0 0 0 0 0 0 0 0 0 0 0 0 0 0 0 0 0 0 0 0 data 13 0x30002 0x1d2c 0x0 0x0 0x0 0x0 0x0 0x0 0x9 0x3 0x0 0x0 0x0 oops 0 methods 0
ciMethodData java/time/zone/ZoneOffsetTransition isGap ()Z 2 26385 orig 80 0 0 0 0 0 0 0 0 0 0 0 0 0 0 0 0 0 0 0 0 0 0 0 0 0 0 0 0 0 0 0 0 0 0 0 0 0 0 0 0 0 0 0 0 0 0 0 0 0 0 0 0 0 0 0 0 0 0 0 0 0 0 0 0 0 0 0 0 0 0 0 0 0 0 0 0 0 0 0 0 data 40 0x10005 0x3b5 0x1e57d119780 0x635d 0x0 0x0 0x40005 0x3b5 0x1e57d4dc2c8 0x635d 0x0 0x0 0x80005 0x3b5 0x1e57d119780 0x635d 0x0 0x0 0xb0005 0x3b5 0x1e57d4dc2c8 0x635d 0x0 0x0 0xe0007 0x32f6 0x38 0x341c 0x120003 0x341c 0x18 0x0 0x0 0x0 0x0 0x0 0x0 0x9 0x1 0x0 oops 4 2 java/time/zone/ZoneOffsetTransition 8 java/time/ZoneOffset 14 java/time/zone/ZoneOffsetTransition 20 java/time/ZoneOffset methods 0
ciMethodData java/time/zone/ZoneOffsetTransition getDateTimeAfter ()Ljava/time/LocalDateTime; 2 27744 orig 80 0 0 0 0 0 0 0 0 0 0 0 0 0 0 0 0 0 0 0 0 0 0 0 0 0 0 0 0 0 0 0 0 0 0 0 0 0 0 0 0 0 0 0 0 0 0 0 0 0 0 0 0 0 0 0 0 0 0 0 0 0 0 0 0 0 0 0 0 0 0 0 0 0 0 0 0 0 0 0 0 data 21 0x50005 0x6c61 0x0 0x0 0x0 0x0 0x90005 0x3e7 0x1e57d1190e0 0x687a 0x0 0x0 0x0 0x0 0x0 0x0 0x0 0x0 0x9 0x1 0x0 oops 1 8 java/time/LocalDateTime methods 0
ciMethodData java/time/zone/ZoneOffsetTransition getDurationSeconds ()I 2 27744 orig 80 0 0 0 0 0 0 0 0 0 0 0 0 0 0 0 0 0 0 0 0 0 0 0 0 0 0 0 0 0 0 0 0 0 0 0 0 0 0 0 0 0 0 0 0 0 0 0 0 0 0 0 0 0 0 0 0 0 0 0 0 0 0 0 0 0 0 0 0 0 0 0 0 0 0 0 0 0 0 0 0 data 33 0x10005 0x3e7 0x1e57d119780 0x687a 0x0 0x0 0x40005 0x3e7 0x1e57d4dc2c8 0x687a 0x0 0x0 0x80005 0x3e7 0x1e57d119780 0x687a 0x0 0x0 0xb0005 0x3e7 0x1e57d4dc2c8 0x687a 0x0 0x0 0x0 0x0 0x0 0x0 0x0 0x0 0x9 0x1 0x0 oops 4 2 java/time/zone/ZoneOffsetTransition 8 java/time/ZoneOffset 14 java/time/zone/ZoneOffsetTransition 20 java/time/ZoneOffset methods 0
ciMethodData java/time/LocalDateTime plusSeconds (J)Ljava/time/LocalDateTime; 2 8255 orig 80 0 0 0 0 0 0 0 0 0 0 0 0 0 0 0 0 0 0 0 0 0 0 0 0 0 0 0 0 0 0 0 0 0 0 0 0 0 0 0 0 0 0 0 0 0 0 0 0 0 0 0 0 0 0 0 0 0 0 0 0 0 0 0 0 0 0 0 0 0 0 0 0 0 0 0 0 0 0 0 0 data 17 0xa0005 0x2040 0x0 0x0 0x0 0x0 0x0 0x0 0x0 0x0 0x0 0x0 0x9 0x3 0x0 0x0 0x0 oops 0 methods 0
ciMethodData java/time/LocalDateTime plusWithOverflow (Ljava/time/LocalDate;JJJJI)Ljava/time/LocalDateTime; 2 8255 orig 80 0 0 0 0 0 0 0 0 0 0 0 0 0 0 0 0 0 0 0 0 0 0 0 0 0 0 0 0 0 0 0 0 0 0 0 0 0 0 0 0 0 0 0 0 0 0 0 0 0 0 0 0 0 0 0 0 0 0 0 0 0 0 0 0 0 0 0 0 0 0 0 0 0 0 0 0 0 0 0 0 data 63 0xc0007 0x2040 0x50 0x0 0x150005 0x0 0x0 0x0 0x0 0x0 0x690005 0x4f8 0x1e57fa3ce80 0x1b48 0x0 0x0 0x800002 0x2040 0x8b0002 0x2040 0x950007 0x2035 0x38 0xb 0x9c0003 0xb 0x28 0xa10002 0x2035 0xaa0005 0x4f8 0x1e57d1df6a8 0x1b48 0x0 0x0 0xaf0005 0x2040 0x0 0x0 0x0 0x0 0x0 0x0 0x0 0x0 0x0 0x0 0x0 0x0 0x0 0x9 0xb 0x0 0x0 0x0 0x0 0x0 0x0 0x0 0x0 0x0 0x0 0x0 oops 2 12 java/time/LocalTime 31 java/time/LocalDate methods 0
ciMethodData java/time/LocalTime toNanoOfDay ()J 2 2099 orig 80 0 0 0 0 0 0 0 0 0 0 0 0 0 0 0 0 0 0 0 0 0 0 0 0 0 0 0 0 0 0 0 0 0 0 0 0 0 0 0 0 0 0 0 0 0 0 0 0 0 0 0 0 0 0 0 0 0 0 0 0 0 0 0 0 0 0 0 0 0 0 0 0 0 0 0 0 0 0 0 0 data 7 0x0 0x0 0x0 0x0 0x9 0x1 0x0 oops 0 methods 0
ciMethodData java/time/LocalDate plusDays (J)Ljava/time/LocalDate; 2 7987 orig 80 0 0 0 0 0 0 0 0 0 0 0 0 0 0 0 0 0 0 0 0 0 0 0 0 0 0 0 0 0 0 0 0 0 0 0 0 0 0 0 0 0 0 0 0 0 0 0 0 0 0 0 0 0 0 0 0 0 0 0 0 0 0 0 0 0 0 0 0 0 0 0 0 0 0 0 0 0 0 0 0 data 69 0x30007 0x453 0x20 0x1ae1 0x130007 0x11d 0x140 0x336 0x1b0007 0x4d 0x30 0x2e9 0x2c0002 0x2e9 0x350007 0x0 0xf0 0x4d 0x390005 0xc 0x1e57d1df6a8 0x41 0x0 0x0 0x430007 0x17 0x30 0x36 0x540002 0x36 0x5e0007 0xa 0x30 0xd 0x740002 0xd 0x820005 0x0 0x1e57dc823a0 0xa 0x0 0x0 0x960002 0xa 0x9b0005 0xb 0x1e57d1df6a8 0x112 0x0 0x0 0x9f0002 0x11d 0xa60002 0x11d 0x0 0x0 0x0 0x0 0x0 0x0 0x0 0x0 0x0 0x0 0x9 0x3 0x0 0x0 0x0 oops 3 20 java/time/LocalDate 38 java/time/temporal/ChronoField 46 java/time/LocalDate methods 0
ciMethodData java/time/LocalDateTime with (Ljava/time/LocalDate;Ljava/time/LocalTime;)Ljava/time/LocalDateTime; 2 8255 orig 80 0 0 0 0 0 0 0 0 0 0 0 0 0 0 0 0 0 0 0 0 0 0 0 0 0 0 0 0 0 0 0 0 0 0 0 0 0 0 0 0 0 0 0 0 0 0 0 0 0 0 0 0 0 0 0 0 0 0 0 0 0 0 0 0 0 0 0 0 0 0 0 0 0 0 0 0 0 0 0 0 data 21 0x50007 0x490 0x40 0x1bb0 0xd0007 0x1bb0 0x20 0x0 0x180002 0x2040 0x0 0x0 0x0 0x0 0x0 0x0 0x9 0x3 0x0 0x0 0x0 oops 0 methods 0
ciMethodData java/time/LocalTime <init> (IIII)V 1 169 orig 80 0 0 0 0 0 0 0 0 0 0 0 0 0 0 0 0 0 0 0 0 0 0 0 0 0 0 0 0 0 0 0 0 0 0 0 0 0 0 0 0 0 0 0 0 0 0 0 0 0 0 0 0 0 0 0 0 0 0 0 0 0 0 0 0 0 0 0 0 0 0 0 0 0 0 0 0 0 0 0 0 data 13 0x10002 0xa9 0x0 0x0 0x0 0x0 0x9 0x5 0xe 0x0 0x0 0x0 0x0 oops 0 methods 0
ciMethodData java/time/LocalDate lengthOfMonth ()I 1 235 orig 80 0 0 0 0 0 0 0 0 0 0 0 0 0 0 0 0 0 0 0 0 0 0 0 0 0 0 0 0 0 0 0 0 0 0 0 0 0 0 0 0 0 0 0 0 0 0 0 0 0 0 0 0 0 0 0 0 0 0 0 0 0 0 0 0 0 0 0 0 0 0 0 0 0 0 0 0 0 0 0 0 data 52 0x40008 0x16 0x2a 0x158 0x0 0xc0 0x41 0x158 0x17 0x140 0x7 0x158 0x0 0x140 0x4 0x158 0x7 0x158 0x26 0x140 0x30 0x158 0x1 0x140 0x3d0005 0x0 0x0 0x0 0x0 0x0 0x400007 0x0 0x38 0x0 0x450003 0x0 0x48 0x4a0003 0x0 0x30 0x4f0003 0x3e 0x18 0x0 0x0 0x0 0x0 0x0 0x0 0x9 0x1 0x0 oops 0 methods 0
ciMethodData java/time/LocalDate toEpochDay ()J 2 1171 orig 80 0 0 0 0 0 0 0 0 0 0 0 0 0 0 0 0 0 0 0 0 0 0 0 0 0 0 0 0 0 0 0 0 0 0 0 0 0 0 0 0 0 0 0 0 0 0 0 0 0 0 0 0 0 0 0 0 0 0 0 0 0 0 0 0 0 0 0 0 0 0 0 0 0 0 0 0 0 0 0 0 data 33 0x1c0007 0x0 0x38 0x493 0x410003 0x493 0x18 0x7d0007 0x7e 0x70 0x415 0x870005 0xee 0x1e57d1df6a8 0x327 0x0 0x0 0x8a0007 0x114 0x20 0x301 0x0 0x0 0x0 0x0 0x0 0x0 0x0 0x0 0x0 0x9 0x1 0x0 oops 1 13 java/time/LocalDate methods 0
ciMethodData java/io/DataInputStream readInt ()I 2 5397 orig 80 0 0 0 0 0 0 0 0 0 0 0 0 0 0 0 0 0 0 0 0 0 0 0 0 0 0 0 0 0 0 0 0 0 0 0 0 0 0 0 0 0 0 0 0 0 0 0 0 0 0 0 0 0 0 0 0 0 0 0 0 0 0 0 0 0 0 0 0 0 0 0 0 0 0 0 0 0 0 0 0 data 17 0x70005 0x0 0x1e57d4dc220 0x1515 0x0 0x0 0xf0002 0x1515 0x0 0x0 0x0 0x0 0x0 0x0 0x9 0x1 0x0 oops 1 2 java/io/DataInputStream methods 0
ciMethodData jdk/internal/util/ByteArray getInt ([BI)I 2 5552 orig 80 0 0 0 0 0 0 0 0 0 0 0 0 0 0 0 0 0 0 0 0 0 0 0 0 0 0 0 0 0 0 0 0 0 0 0 0 0 0 0 0 0 0 0 0 0 0 0 0 0 0 0 0 0 0 0 0 0 0 0 0 0 0 0 0 0 0 0 0 0 0 0 0 0 0 0 0 0 0 0 0 data 19 0x5000b 0x15b0 0x0 0x0 0x0 0x0 0x2 0x1 0x1e57cc74ad0 0x0 0x0 0x0 0x0 0x0 0x0 0x9 0x2 0xffffffffffffffff 0x0 oops 1 8 [B methods 0
ciMethodData java/time/zone/ZoneRules readExternal (Ljava/io/DataInput;)Ljava/time/zone/ZoneRules; 2 445 orig 80 0 0 0 0 0 0 0 0 0 0 0 0 0 0 0 0 0 0 0 0 0 0 0 0 0 0 0 0 0 0 0 0 0 0 0 0 0 0 0 0 0 0 0 0 0 0 0 0 0 0 0 0 0 0 0 0 0 0 0 0 0 0 0 0 0 0 0 0 0 0 0 0 0 0 0 0 0 0 0 0 data 134 0x10005 0x0 0x1e57d4dc220 0x1bd 0x0 0x0 0xb0007 0x1bd 0x30 0x0 0x140002 0x0 0x190007 0x1a9 0x38 0x14 0x1f0003 0x14 0x18 0x2a0007 0x1bd 0x48 0x4f0 0x300002 0x4f0 0x370003 0x4f0 0xffffffffffffffd0 0x480007 0x1bd 0x78 0x6ad 0x4f0002 0x6ad 0x520004 0x0 0x1e57d4dc2c8 0x6ad 0x0 0x0 0x560003 0x6ad 0xffffffffffffffa0 0x5a0005 0x0 0x1e57d4dc220 0x1bd 0x0 0x0 0x660007 0x1bd 0x30 0x0 0x6f0002 0x0 0x750007 0x1b0 0x38 0xd 0x7b0003 0xd 0x18 0x8b0007 0x1bd 0x48 0x506a 0x930002 0x506a 0x9a0003 0x506a 0xffffffffffffffd0 0xae0007 0x1bd 0x78 0x5227 0xb60002 0x5227 0xb90004 0x0 0x1e57d4dc2c8 0x5227 0x0 0x0 0xbd0003 0x5227 0xffffffffffffffa0 0xc10005 0x0 0x1e57d4dc220 0x1bd 0x0 0x0 0xcc0007 0x1bd 0x30 0x0 0xd50002 0x0 0xdb0007 0x9f 0x38 0x11e 0xe10003 0x11e 0x18 0xf20007 0x1bd 0x78 0x13e 0xfa0002 0x13e 0xfd0004 0x0 0x1e57d4dc370 0x13e 0x0 0x0 0x1010003 0x13e 0xffffffffffffffa0 0x1100002 0x1bd 0x0 0x0 0x0 0x0 0x0 0x0 0x0 0x0 0x0 0x9 0x1 0x0 oops 6 2 java/io/DataInputStream 36 java/time/ZoneOffset 45 java/io/DataInputStream 79 java/time/ZoneOffset 88 java/io/DataInputStream 113 java/time/zone/ZoneOffsetTransitionRule methods 0
ciMethodData java/time/zone/ZoneOffsetTransitionRule readExternal (Ljava/io/DataInput;)Ljava/time/zone/ZoneOffsetTransitionRule; 1 318 orig 80 0 0 0 0 0 0 0 0 0 0 0 0 0 0 0 0 0 0 0 0 0 0 0 0 0 0 0 0 0 0 0 0 0 0 0 0 0 0 0 0 0 0 0 0 0 0 0 0 0 0 0 0 0 0 0 0 0 0 0 0 0 0 0 0 0 0 0 0 0 0 0 0 0 0 0 0 0 0 0 0 data 117 0x10005 0x0 0x1e57d4dc220 0x13e 0x0 0x0 0xb0002 0x13e 0x250007 0x13e 0x38 0x0 0x290003 0x0 0x28 0x2e0002 0x13e 0x3c0002 0x13e 0x640007 0x13e 0x78 0x0 0x680005 0x0 0x0 0x0 0x0 0x0 0x6e0002 0x0 0x710003 0x0 0x28 0x7a0002 0x13e 0x840007 0x13e 0x78 0x0 0x880005 0x0 0x0 0x0 0x0 0x0 0x8d0002 0x0 0x900003 0x0 0x28 0x9d0002 0x13e 0xa50007 0x13d 0x78 0x1 0xa90005 0x0 0x1e57d4dc220 0x1 0x0 0x0 0xae0002 0x1 0xb10003 0x1 0x58 0xb60005 0x13d 0x0 0x0 0x0 0x0 0xc00002 0x13d 0xc80007 0x13d 0x78 0x1 0xcc0005 0x0 0x1e57d4dc220 0x1 0x0 0x0 0xd10002 0x1 0xd40003 0x1 0x58 0xd90005 0x13d 0x0 0x0 0x0 0x0 0xe30002 0x13d 0xf20007 0x13e 0x38 0x0 0xf60003 0x0 0x18 0x1020002 0x13e 0x0 0x0 0x0 0x0 0x0 0x0 0x9 0x1 0x0 oops 3 2 java/io/DataInputStream 59 java/io/DataInputStream 82 java/io/DataInputStream methods 0
ciMethodData java/time/zone/ZoneRules <init> ([J[Ljava/time/ZoneOffset;[J[Ljava/time/ZoneOffset;[Ljava/time/zone/ZoneOffsetTransitionRule;)V 2 460 orig 80 0 0 0 0 0 0 0 0 0 0 0 0 0 0 0 0 0 0 0 0 0 0 0 0 0 0 0 0 0 0 0 0 0 0 0 0 0 0 0 0 0 0 0 0 0 0 0 0 0 0 0 0 0 0 0 0 0 0 0 0 0 0 0 0 0 0 0 0 0 0 0 0 0 0 0 0 0 0 0 0 data 124 0x10002 0x1cc 0x230007 0x12d 0x48 0x9f 0x2a0002 0x9f 0x2d0003 0x9f 0x18 0x360007 0x1b1 0x38 0x1b 0x400003 0x1b 0x2e8 0x470002 0x1b1 0x530007 0x1b1 0x230 0x50c0 0x720002 0x50c0 0x790005 0x6dd 0x1e57d119780 0x49e3 0x0 0x0 0x7c0007 0x27da 0xf8 0x28e6 0x830005 0x374 0x1e57d119780 0x2572 0x0 0x0 0x860005 0x0 0x1e57cc62338 0x28e6 0x0 0x0 0x900005 0x374 0x1e57d119780 0x2572 0x0 0x0 0x930005 0x0 0x1e57cc62338 0x28e6 0x0 0x0 0x990003 0x28e6 0xd8 0xa00005 0x369 0x1e57d119780 0x2471 0x0 0x0 0xa30005 0x0 0x1e57cc62338 0x27da 0x0 0x0 0xad0005 0x369 0x1e57d119780 0x2471 0x0 0x0 0xb00005 0x0 0x1e57cc62338 0x27da 0x0 0x0 0xb90003 0x50c0 0xfffffffffffffde8 0xc10005 0x0 0x1e57cc62338 0x1b1 0x0 0x0 0xc90005 0x0 0x1e57cc62338 0x1b1 0x0 0x0 0xce0004 0x0 0x1e57d119188 0x1b1 0x0 0x0 0x0 0x0 0x0 0x0 0x0 0x0 0x0 0x0 0x9 0x6 0x0 0x0 0x0 0x0 0x0 0x0 oops 12 28 java/time/zone/ZoneOffsetTransition 38 java/time/zone/ZoneOffsetTransition 44 java/util/ArrayList 50 java/time/zone/ZoneOffsetTransition 56 java/util/ArrayList 65 java/time/zone/ZoneOffsetTransition 71 java/util/ArrayList 77 java/time/zone/ZoneOffsetTransition 83 java/util/ArrayList 92 java/util/ArrayList 98 java/util/ArrayList 104 [Ljava/time/LocalDateTime; methods 0
ciMethodData java/util/concurrent/ConcurrentHashMap <init> ()V 1 152 orig 80 0 0 0 0 0 0 0 0 0 0 0 0 0 0 0 0 0 0 0 0 0 0 0 0 0 0 0 0 0 0 0 0 0 0 0 0 0 0 0 0 0 0 0 0 0 0 0 0 0 0 0 0 0 0 0 0 0 0 0 0 0 0 0 0 0 0 0 0 0 0 0 0 0 0 0 0 0 0 0 0 data 7 0x10002 0x98 0x0 0x0 0x9 0x1 0x0 oops 0 methods 0
ciMethodData java/time/Month of (I)Ljava/time/Month; 1 4 orig 80 0 0 0 0 0 0 0 0 0 0 0 0 0 0 0 0 0 0 0 0 0 0 0 0 0 0 0 0 0 0 0 0 0 0 0 0 0 0 0 0 0 0 0 0 0 0 0 0 0 0 0 0 0 0 0 0 0 0 0 0 0 0 0 0 0 0 0 0 0 0 0 0 0 0 0 0 0 0 0 0 data 39 0x20007 0x0 0x40 0x4 0x80007 0x4 0xd0 0x0 0x130002 0x0 0x180005 0x0 0x0 0x0 0x0 0x0 0x1c0005 0x0 0x0 0x0 0x0 0x0 0x1f0005 0x0 0x0 0x0 0x0 0x0 0x220002 0x0 0x0 0x0 0x0 0x0 0x0 0x0 0x9 0x1 0x0 oops 0 methods 0
ciMethodData java/time/DayOfWeek of (I)Ljava/time/DayOfWeek; 1 4 orig 80 0 0 0 0 0 0 0 0 0 0 0 0 0 0 0 0 0 0 0 0 0 0 0 0 0 0 0 0 0 0 0 0 0 0 0 0 0 0 0 0 0 0 0 0 0 0 0 0 0 0 0 0 0 0 0 0 0 0 0 0 0 0 0 0 0 0 0 0 0 0 0 0 0 0 0 0 0 0 0 0 data 39 0x20007 0x0 0x40 0x4 0x80007 0x4 0xd0 0x0 0x130002 0x0 0x180005 0x0 0x0 0x0 0x0 0x0 0x1c0005 0x0 0x0 0x0 0x0 0x0 0x1f0005 0x0 0x0 0x0 0x0 0x0 0x220002 0x0 0x0 0x0 0x0 0x0 0x0 0x0 0x9 0x1 0x0 oops 0 methods 0
ciMethodData java/time/zone/ZoneOffsetTransitionRule$TimeDefinition values ()[Ljava/time/zone/ZoneOffsetTransitionRule$TimeDefinition; 1 4 orig 80 0 0 0 0 0 0 0 0 0 0 0 0 0 0 0 0 0 0 0 0 0 0 0 0 0 0 0 0 0 0 0 0 0 0 0 0 0 0 0 0 0 0 0 0 0 0 0 0 0 0 0 0 0 0 0 0 0 0 0 0 0 0 0 0 0 0 0 0 0 0 0 0 0 0 0 0 0 0 0 0 data 20 0x30005 0x0 0x1e57fa3ca20 0x4 0x0 0x0 0x60004 0x0 0x1e57fa3ca20 0x4 0x0 0x0 0x0 0x0 0x0 0x0 0x0 0x0 0x9 0x0 oops 2 2 [Ljava/time/zone/ZoneOffsetTransitionRule$TimeDefinition; 8 [Ljava/time/zone/ZoneOffsetTransitionRule$TimeDefinition; methods 0
ciMethodData java/time/LocalTime ofSecondOfDay (J)Ljava/time/LocalTime; 1 0 orig 80 0 0 0 0 0 0 0 0 0 0 0 0 0 0 0 0 0 0 0 0 0 0 0 0 0 0 0 0 0 0 0 0 0 0 0 0 0 0 0 0 0 0 0 0 0 0 0 0 0 0 0 0 0 0 0 0 0 0 0 0 0 0 0 0 0 0 0 0 0 0 0 0 0 0 0 0 0 0 0 0 data 18 0x40005 0x0 0x0 0x0 0x0 0x0 0x2c0002 0x0 0x0 0x0 0x0 0x0 0x0 0x0 0x9 0x2 0x0 0x0 oops 0 methods 0
ciMethodData java/time/LocalTime of (II)Ljava/time/LocalTime; 1 4 orig 80 0 0 0 0 0 0 0 0 0 0 0 0 0 0 0 0 0 0 0 0 0 0 0 0 0 0 0 0 0 0 0 0 0 0 0 0 0 0 0 0 0 0 0 0 0 0 0 0 0 0 0 0 0 0 0 0 0 0 0 0 0 0 0 0 0 0 0 0 0 0 0 0 0 0 0 0 0 0 0 0 data 28 0x50005 0x4 0x0 0x0 0x0 0x0 0xa0007 0x0 0x20 0x4 0x180005 0x0 0x0 0x0 0x0 0x0 0x240002 0x0 0x0 0x0 0x0 0x0 0x0 0x0 0x9 0x2 0x0 0x0 oops 0 methods 0
ciMethodData java/time/zone/ZoneOffsetTransitionRule of (Ljava/time/Month;ILjava/time/DayOfWeek;Ljava/time/LocalTime;ZLjava/time/zone/ZoneOffsetTransitionRule$TimeDefinition;Ljava/time/ZoneOffset;Ljava/time/ZoneOffset;Ljava/time/ZoneOffset;)Ljava/time/zone/ZoneOffsetTransitionRule; 1 4 orig 80 0 0 0 0 0 0 0 0 0 0 0 0 0 0 0 0 0 0 0 0 0 0 0 0 0 0 0 0 0 0 0 0 0 0 0 0 0 0 0 0 0 0 0 0 0 0 0 0 0 0 0 0 0 0 0 0 0 0 0 0 0 0 0 0 0 0 0 0 0 0 0 0 0 0 0 0 0 0 0 0 data 73 0x30002 0x4 0xa0002 0x4 0x120002 0x4 0x1a0002 0x4 0x220002 0x4 0x2a0002 0x4 0x310007 0x0 0x60 0x4 0x370007 0x0 0x40 0x4 0x3b0007 0x4 0x30 0x0 0x440002 0x0 0x4a0007 0x4 0x80 0x0 0x510005 0x0 0x0 0x0 0x0 0x0 0x540007 0x0 0x30 0x0 0x5d0002 0x0 0x620005 0x4 0x0 0x0 0x0 0x0 0x650007 0x4 0x30 0x0 0x6e0002 0x0 0x840002 0x4 0x0 0x0 0x0 0x0 0x0 0x0 0x9 0x9 0x0 0x0 0x0 0x0 0x0 0x0 0x0 0x0 0x0 oops 0 methods 0
compile java/time/zone/ZoneRules readExternal (Ljava/io/DataInput;)Ljava/time/zone/ZoneRules; 169 4 inline 170 0 -1 0 java/time/zone/ZoneRules readExternal (Ljava/io/DataInput;)Ljava/time/zone/ZoneRules; 1 182 0 java/time/zone/Ser readOffset (Ljava/io/DataInput;)Ljava/time/ZoneOffset; 2 1 0 java/io/DataInputStream readByte ()B 3 1 0 java/io/DataInputStream readUnsignedByte ()I 4 4 0 java/io/ByteArrayInputStream read ()I 4 4 0 java/io/BufferedInputStream read ()I 5 29 0 java/io/BufferedInputStream getBufIfOpen ()[B 6 2 0 java/io/BufferedInputStream getBufIfOpen (Z)[B 2 14 0 java/io/DataInputStream readInt ()I 3 15 0 jdk/internal/util/ByteArray getInt ([BI)I 4 5 0 java/lang/invoke/VarHandleGuards guard_LI_I (Ljava/lang/invoke/VarHandle;Ljava/lang/Object;ILjava/lang/invoke/VarHandle$AccessDescriptor;)I 5 2 0 java/lang/invoke/VarHandle checkAccessModeThenIsDirect (Ljava/lang/invoke/VarHandle$AccessDescriptor;)Z 5 42 0 java/lang/invoke/VarForm getMemberName (I)Ljava/lang/invoke/MemberName; 5 45 0 java/lang/invoke/VarHandleByteArrayAsInts$ArrayHandle get (Ljava/lang/invoke/VarHandle;Ljava/lang/Object;I)I 6 19 0 java/lang/invoke/VarHandleByteArrayAsInts$ArrayHandle index ([BI)I 6 31 0 jdk/internal/misc/Unsafe getIntUnaligned (Ljava/lang/Object;JZ)I 7 8 0 jdk/internal/misc/Unsafe convEndian (ZI)I 1 193 0 java/io/DataInputStream readByte ()B 2 1 0 java/io/DataInputStream readUnsignedByte ()I 3 4 0 java/io/ByteArrayInputStream read ()I 3 4 0 java/io/BufferedInputStream read ()I 4 29 0 java/io/BufferedInputStream getBufIfOpen ()[B 5 2 0 java/io/BufferedInputStream getBufIfOpen (Z)[B 1 250 0 java/time/zone/ZoneOffsetTransitionRule readExternal (Ljava/io/DataInput;)Ljava/time/zone/ZoneOffsetTransitionRule; 2 182 0 java/time/ZoneOffset getTotalSeconds ()I 2 217 0 java/time/ZoneOffset getTotalSeconds ()I 1 272 0 java/time/zone/ZoneRules <init> ([J[Ljava/time/ZoneOffset;[J[Ljava/time/ZoneOffset;[Ljava/time/zone/ZoneOffsetTransitionRule;)V 2 1 0 java/lang/Object <init> ()V 2 42 0 java/util/concurrent/ConcurrentHashMap <init> ()V 3 1 0 java/util/AbstractMap <init> ()V 4 1 0 java/lang/Object <init> ()V 2 71 0 java/util/ArrayList <init> ()V 3 1 0 java/util/AbstractList <init> ()V 4 1 0 java/util/AbstractCollection <init> ()V 5 1 0 java/lang/Object <init> ()V 2 114 0 java/time/zone/ZoneOffsetTransition <init> (JLjava/time/ZoneOffset;Ljava/time/ZoneOffset;)V 3 1 0 java/lang/Object <init> ()V 3 13 0 java/time/LocalDateTime ofEpochSecond (JILjava/time/ZoneOffset;)Ljava/time/LocalDateTime; 4 3 0 java/util/Objects requireNonNull (Ljava/lang/Object;Ljava/lang/String;)Ljava/lang/Object; 4 12 0 java/time/temporal/ChronoField checkValidValue (J)J 5 1 0 java/time/temporal/ChronoField range ()Ljava/time/temporal/ValueRange; 5 6 0 java/time/temporal/ValueRange checkValidValue (JLjava/time/temporal/TemporalField;)J 6 2 0 java/time/temporal/ValueRange isValidValue (J)Z 7 2 0 java/time/temporal/ValueRange getMinimum ()J 7 11 0 java/time/temporal/ValueRange getMaximum ()J 4 18 0 java/time/ZoneOffset getTotalSeconds ()I 4 29 0 java/lang/Math floorDiv (JI)J 5 3 0 java/lang/Math floorDiv (JJ)J 4 38 0 java/lang/Math floorMod (JI)I 5 3 0 java/lang/Math floorMod (JJ)J 4 45 0 java/time/LocalDate ofEpochDay (J)Ljava/time/LocalDate; 5 4 0 java/time/temporal/ChronoField checkValidValue (J)J 6 1 0 java/time/temporal/ChronoField range ()Ljava/time/temporal/ValueRange; 6 6 0 java/time/temporal/ValueRange checkValidValue (JLjava/time/temporal/TemporalField;)J 7 2 0 java/time/temporal/ValueRange isValidValue (J)Z 8 2 0 java/time/temporal/ValueRange getMinimum ()J 8 11 0 java/time/temporal/ValueRange getMaximum ()J 5 231 0 java/time/LocalDate <init> (III)V 6 1 0 java/lang/Object <init> ()V 4 60 0 java/time/LocalTime ofNanoOfDay (J)Ljava/time/LocalTime; 5 4 0 java/time/temporal/ChronoField checkValidValue (J)J 6 1 0 java/time/temporal/ChronoField range ()Ljava/time/temporal/ValueRange; 6 6 0 java/time/temporal/ValueRange checkValidValue (JLjava/time/temporal/TemporalField;)J 7 2 0 java/time/temporal/ValueRange isValidValue (J)Z 8 2 0 java/time/temporal/ValueRange getMinimum ()J 8 11 0 java/time/temporal/ValueRange getMaximum ()J 5 64 0 java/time/LocalTime create (IIII)Ljava/time/LocalTime; 6 22 0 java/time/LocalTime <init> (IIII)V 7 1 0 java/lang/Object <init> ()V 4 73 0 java/time/LocalDateTime <init> (Ljava/time/LocalDate;Ljava/time/LocalTime;)V 5 1 0 java/lang/Object <init> ()V 2 121 0 java/time/zone/ZoneOffsetTransition isGap ()Z 3 1 0 java/time/zone/ZoneOffsetTransition getOffsetAfter ()Ljava/time/ZoneOffset; 3 4 0 java/time/ZoneOffset getTotalSeconds ()I 3 8 0 java/time/zone/ZoneOffsetTransition getOffsetBefore ()Ljava/time/ZoneOffset; 3 11 0 java/time/ZoneOffset getTotalSeconds ()I 2 131 0 java/time/zone/ZoneOffsetTransition getDateTimeBefore ()Ljava/time/LocalDateTime; 2 134 0 java/util/ArrayList add (Ljava/lang/Object;)Z 3 20 0 java/util/ArrayList add (Ljava/lang/Object;[Ljava/lang/Object;I)V 4 7 0 java/util/ArrayList grow ()[Ljava/lang/Object; 5 7 0 java/util/ArrayList grow (I)[Ljava/lang/Object; 6 27 0 jdk/internal/util/ArraysSupport newLength (III)I 6 37 0 java/util/Arrays copyOf ([Ljava/lang/Object;I)[Ljava/lang/Object; 2 144 0 java/time/zone/ZoneOffsetTransition getDateTimeAfter ()Ljava/time/LocalDateTime; 3 5 0 java/time/zone/ZoneOffsetTransition getDurationSeconds ()I 4 1 0 java/time/zone/ZoneOffsetTransition getOffsetAfter ()Ljava/time/ZoneOffset; 4 4 0 java/time/ZoneOffset getTotalSeconds ()I 4 8 0 java/time/zone/ZoneOffsetTransition getOffsetBefore ()Ljava/time/ZoneOffset; 4 11 0 java/time/ZoneOffset getTotalSeconds ()I 3 9 0 java/time/LocalDateTime plusSeconds (J)Ljava/time/LocalDateTime; 4 10 0 java/time/LocalDateTime plusWithOverflow (Ljava/time/LocalDate;JJJJI)Ljava/time/LocalDateTime; 5 105 0 java/time/LocalTime toNanoOfDay ()J 5 128 0 java/lang/Math floorDiv (JJ)J 5 139 0 java/lang/Math floorMod (JJ)J 5 161 0 java/time/LocalTime ofNanoOfDay (J)Ljava/time/LocalTime; 6 4 0 java/time/temporal/ChronoField checkValidValue (J)J 7 1 0 java/time/temporal/ChronoField range ()Ljava/time/temporal/ValueRange; 7 6 0 java/time/temporal/ValueRange checkValidValue (JLjava/time/temporal/TemporalField;)J 8 2 0 java/time/temporal/ValueRange isValidValue (J)Z 9 2 0 java/time/temporal/ValueRange getMinimum ()J 9 11 0 java/time/temporal/ValueRange getMaximum ()J 6 64 0 java/time/LocalTime create (IIII)Ljava/time/LocalTime; 7 22 0 java/time/LocalTime <init> (IIII)V 8 1 0 java/lang/Object <init> ()V 5 170 0 java/time/LocalDate plusDays (J)Ljava/time/LocalDate; 6 44 0 java/time/LocalDate <init> (III)V 7 1 0 java/lang/Object <init> ()V 6 84 0 java/time/LocalDate <init> (III)V 7 1 0 java/lang/Object <init> ()V 6 116 0 java/time/LocalDate <init> (III)V 7 1 0 java/lang/Object <init> ()V 6 150 0 java/time/LocalDate <init> (III)V 7 1 0 java/lang/Object <init> ()V 5 175 0 java/time/LocalDateTime with (Ljava/time/LocalDate;Ljava/time/LocalTime;)Ljava/time/LocalDateTime; 6 24 0 java/time/LocalDateTime <init> (Ljava/time/LocalDate;Ljava/time/LocalTime;)V 7 1 0 java/lang/Object <init> ()V 2 147 0 java/util/ArrayList add (Ljava/lang/Object;)Z 3 20 0 java/util/ArrayList add (Ljava/lang/Object;[Ljava/lang/Object;I)V 4 7 0 java/util/ArrayList grow ()[Ljava/lang/Object; 5 7 0 java/util/ArrayList grow (I)[Ljava/lang/Object; 6 27 0 jdk/internal/util/ArraysSupport newLength (III)I 6 37 0 java/util/Arrays copyOf ([Ljava/lang/Object;I)[Ljava/lang/Object; 2 160 0 java/time/zone/ZoneOffsetTransition getDateTimeAfter ()Ljava/time/LocalDateTime; 3 5 0 java/time/zone/ZoneOffsetTransition getDurationSeconds ()I 4 1 0 java/time/zone/ZoneOffsetTransition getOffsetAfter ()Ljava/time/ZoneOffset; 4 4 0 java/time/ZoneOffset getTotalSeconds ()I 4 8 0 java/time/zone/ZoneOffsetTransition getOffsetBefore ()Ljava/time/ZoneOffset; 4 11 0 java/time/ZoneOffset getTotalSeconds ()I 3 9 0 java/time/LocalDateTime plusSeconds (J)Ljava/time/LocalDateTime; 4 10 0 java/time/LocalDateTime plusWithOverflow (Ljava/time/LocalDate;JJJJI)Ljava/time/LocalDateTime; 5 105 0 java/time/LocalTime toNanoOfDay ()J 5 128 0 java/lang/Math floorDiv (JJ)J 5 139 0 java/lang/Math floorMod (JJ)J 5 161 0 java/time/LocalTime ofNanoOfDay (J)Ljava/time/LocalTime; 6 4 0 java/time/temporal/ChronoField checkValidValue (J)J 7 1 0 java/time/temporal/ChronoField range ()Ljava/time/temporal/ValueRange; 7 6 0 java/time/temporal/ValueRange checkValidValue (JLjava/time/temporal/TemporalField;)J 8 2 0 java/time/temporal/ValueRange isValidValue (J)Z 9 2 0 java/time/temporal/ValueRange getMinimum ()J 9 11 0 java/time/temporal/ValueRange getMaximum ()J 6 64 0 java/time/LocalTime create (IIII)Ljava/time/LocalTime; 7 22 0 java/time/LocalTime <init> (IIII)V 8 1 0 java/lang/Object <init> ()V 5 170 0 java/time/LocalDate plusDays (J)Ljava/time/LocalDate; 6 44 0 java/time/LocalDate <init> (III)V 7 1 0 java/lang/Object <init> ()V 6 84 0 java/time/LocalDate <init> (III)V 7 1 0 java/lang/Object <init> ()V 6 116 0 java/time/LocalDate <init> (III)V 7 1 0 java/lang/Object <init> ()V 6 150 0 java/time/LocalDate <init> (III)V 7 1 0 java/lang/Object <init> ()V 5 175 0 java/time/LocalDateTime with (Ljava/time/LocalDate;Ljava/time/LocalTime;)Ljava/time/LocalDateTime; 6 24 0 java/time/LocalDateTime <init> (Ljava/time/LocalDate;Ljava/time/LocalTime;)V 7 1 0 java/lang/Object <init> ()V 2 163 0 java/util/ArrayList add (Ljava/lang/Object;)Z 3 20 0 java/util/ArrayList add (Ljava/lang/Object;[Ljava/lang/Object;I)V 4 7 0 java/util/ArrayList grow ()[Ljava/lang/Object; 5 7 0 java/util/ArrayList grow (I)[Ljava/lang/Object; 6 27 0 jdk/internal/util/ArraysSupport newLength (III)I 6 37 0 java/util/Arrays copyOf ([Ljava/lang/Object;I)[Ljava/lang/Object; 2 173 0 java/time/zone/ZoneOffsetTransition getDateTimeBefore ()Ljava/time/LocalDateTime; 2 176 0 java/util/ArrayList add (Ljava/lang/Object;)Z 3 20 0 java/util/ArrayList add (Ljava/lang/Object;[Ljava/lang/Object;I)V 4 7 0 java/util/ArrayList grow ()[Ljava/lang/Object; 5 7 0 java/util/ArrayList grow (I)[Ljava/lang/Object; 6 27 0 jdk/internal/util/ArraysSupport newLength (III)I 6 37 0 java/util/Arrays copyOf ([Ljava/lang/Object;I)[Ljava/lang/Object; 2 193 0 java/util/ArrayList size ()I 2 201 0 java/util/ArrayList toArray ([Ljava/lang/Object;)[Ljava/lang/Object;
