version 2
JvmtiExport can_access_local_variables 0
JvmtiExport can_hotswap_or_post_breakpoint 1
JvmtiExport can_post_on_exceptions 0
# 233 ciObject found
instanceKlass sun/security/ec/ECOperations
ciInstanceKlass java/lang/Cloneable 1 0 7 100 1 100 1 1 1
instanceKlass com/sun/crypto/provider/GaloisCounterMode$EncryptOp
instanceKlass com/sun/crypto/provider/GHASH
instanceKlass com/sun/crypto/provider/GCM
instanceKlass com/sun/crypto/provider/GaloisCounterMode$GCMOperation
instanceKlass javax/crypto/spec/GCMParameterSpec
instanceKlass sun/security/ssl/ChangeCipherSpec$T13ChangeCipherSpecConsumer
instanceKlass sun/security/ssl/ChangeCipherSpec$T10ChangeCipherSpecProducer
instanceKlass sun/security/ssl/ChangeCipherSpec$T10ChangeCipherSpecConsumer
instanceKlass sun/security/ssl/ChangeCipherSpec
instanceKlass sun/security/internal/spec/TlsPrfParameterSpec
instanceKlass sun/security/ssl/Finished$1
instanceKlass sun/security/ssl/Finished$T13VerifyDataGenerator
instanceKlass sun/security/ssl/Finished$T12VerifyDataGenerator
instanceKlass sun/security/ssl/Finished$T10VerifyDataGenerator
instanceKlass sun/security/ssl/Finished$S30VerifyDataGenerator
instanceKlass sun/security/ssl/Finished$VerifyDataGenerator
instanceKlass sun/security/internal/spec/TlsKeyMaterialSpec
instanceKlass javax/crypto/spec/IvParameterSpec
instanceKlass sun/security/internal/spec/TlsKeyMaterialParameterSpec
instanceKlass sun/security/ssl/SSLTrafficKeyDerivation$LegacyTrafficKeyDerivation
instanceKlass sun/security/ssl/SSLTrafficKeyDerivation$1
instanceKlass sun/security/ssl/SSLTrafficKeyDerivation$T13TrafficKeyDerivationGenerator
instanceKlass sun/security/ssl/SSLTrafficKeyDerivation$T12TrafficKeyDerivationGenerator
instanceKlass sun/security/ssl/SSLTrafficKeyDerivation$T10TrafficKeyDerivationGenerator
instanceKlass sun/security/ssl/SSLTrafficKeyDerivation$S30TrafficKeyDerivationGenerator
instanceKlass com/sun/crypto/provider/TlsMasterSecretGenerator$TlsMasterSecretKey
instanceKlass sun/security/internal/interfaces/TlsMasterSecret
instanceKlass sun/security/internal/spec/TlsMasterSecretParameterSpec
instanceKlass sun/security/ssl/SSLMasterKeyDerivation$LegacyMasterKeyDerivation
instanceKlass sun/security/ssl/SSLMasterKeyDerivation$1
instanceKlass sun/security/ssl/SSLKeyDerivationGenerator
instanceKlass  @bci javax/crypto/spec/SecretKeySpec <clinit> ()V 0 <appendix> argL0 ; # javax/crypto/spec/SecretKeySpec$$Lambda+0x000000009057a990
instanceKlass jdk/internal/access/JavaxCryptoSpecAccess
instanceKlass javax/crypto/spec/SecretKeySpec
instanceKlass javax/crypto/KeyAgreementSpi
instanceKlass sun/security/ssl/KAKeyDerivation
instanceKlass sun/security/ssl/ECDHKeyExchange$1
instanceKlass sun/security/ssl/ECDHClientKeyExchange$ECDHEClientKeyExchangeProducer
instanceKlass sun/security/ssl/ECDHClientKeyExchange$ECDHEClientKeyExchangeConsumer
instanceKlass sun/security/ssl/ECDHClientKeyExchange$ECDHClientKeyExchangeProducer
instanceKlass sun/security/ssl/ECDHClientKeyExchange$ECDHClientKeyExchangeConsumer
instanceKlass sun/security/ssl/ECDHClientKeyExchange
instanceKlass sun/security/ssl/ECDHKeyExchange$ECDHECredentials
instanceKlass sun/security/ssl/NamedGroupCredentials
instanceKlass sun/security/ssl/ECDHServerKeyExchange$ECDHServerKeyExchangeProducer
instanceKlass sun/security/ssl/ECDHServerKeyExchange$ECDHServerKeyExchangeConsumer
instanceKlass sun/security/ssl/ECDHServerKeyExchange
instanceKlass sun/security/ssl/X509Authentication$X509Credentials
instanceKlass sun/security/validator/CamerfirmaTLSPolicy
instanceKlass sun/security/validator/EntrustTLSPolicy
instanceKlass sun/security/validator/SymantecTLSPolicy
instanceKlass java/security/cert/PKIXCertPathValidatorResult
instanceKlass sun/security/rsa/RSAPadding
instanceKlass sun/security/rsa/RSACore
instanceKlass java/security/interfaces/RSAPrivateCrtKey
instanceKlass java/security/interfaces/RSAPrivateKey
instanceKlass sun/security/util/SignatureUtil
instanceKlass java/security/interfaces/DSAPublicKey
instanceKlass java/security/interfaces/DSAKey
instanceKlass sun/security/util/Length
instanceKlass  @bci sun/security/util/DisabledAlgorithmConstraints getNamedParametersFromKey (Ljava/security/Key;)Ljava/util/List; 11 <appendix> member <vmtarget> ; # sun/security/util/DisabledAlgorithmConstraints$$TypeSwitch+0x00000000905748e8
# instanceKlass java/lang/invoke/LambdaForm$MH+0x00000000905e5000
# instanceKlass java/lang/invoke/LambdaForm$MH+0x00000000905e4c00
instanceKlass  @bci java/lang/invoke/BootstrapMethodInvoker invoke (Ljava/lang/Class;Ljava/lang/invoke/MethodHandle;Ljava/lang/String;Ljava/lang/Object;Ljava/lang/Object;Ljava/lang/Class;)Ljava/lang/Object; 211 <adapter> ; # java/lang/invoke/LambdaForm$MH+0x00000000905e4800
instanceKlass sun/security/provider/certpath/CertPathConstraintsParameters
instanceKlass sun/security/provider/certpath/PKIXMasterCertPathValidator
instanceKlass sun/security/provider/certpath/PolicyNodeImpl
instanceKlass java/security/cert/PolicyNode
instanceKlass sun/security/util/DisabledAlgorithmConstraints$CertPathHolder
instanceKlass  @bci sun/security/x509/X509CertImpl getFingerprint (Ljava/lang/String;Lsun/security/util/Debug;)Ljava/lang/String; 7 <appendix> member <vmtarget> ; # sun/security/x509/X509CertImpl$$Lambda+0x0000000090572bd8
instanceKlass sun/security/util/UntrustedCertificates
instanceKlass java/security/cert/X509CertSelector
instanceKlass sun/security/provider/certpath/PKIX$ValidatorParams
instanceKlass sun/security/provider/certpath/PKIX
instanceKlass java/security/cert/CertPathValidatorResult
instanceKlass java/security/cert/CertPathValidatorSpi
instanceKlass java/security/cert/CertPathValidator
instanceKlass java/security/Timestamp
instanceKlass sun/security/ssl/SSLAlgorithmConstraints$SupportedSignatureAlgorithmConstraints
instanceKlass jdk/internal/util/HexDigits
instanceKlass  @bci sun/security/pkcs/PKCS9Attribute <clinit> ()V 531 <appendix> argL0 ; # sun/security/pkcs/PKCS9Attribute$$Lambda+0x0000000090570758
instanceKlass  @bci sun/security/pkcs/PKCS9Attribute <clinit> ()V 526 <appendix> argL0 ; # sun/security/pkcs/PKCS9Attribute$$Lambda+0x0000000090570530
instanceKlass  @bci sun/security/pkcs/PKCS9Attribute <clinit> ()V 504 <appendix> argL0 ; # sun/security/pkcs/PKCS9Attribute$$Lambda+0x0000000090570308
instanceKlass  @bci sun/security/pkcs/PKCS9Attribute <clinit> ()V 499 <appendix> argL0 ; # sun/security/pkcs/PKCS9Attribute$$Lambda+0x00000000905700e0
instanceKlass  @bci sun/security/pkcs/PKCS9Attribute <clinit> ()V 477 <appendix> argL0 ; # sun/security/pkcs/PKCS9Attribute$$Lambda+0x000000009056feb8
instanceKlass  @bci sun/security/pkcs/PKCS9Attribute <clinit> ()V 472 <appendix> argL0 ; # sun/security/pkcs/PKCS9Attribute$$Lambda+0x000000009056fc90
instanceKlass sun/security/pkcs/SigningCertificateInfo
instanceKlass  @bci sun/security/pkcs/PKCS9Attribute <clinit> ()V 449 <appendix> argL0 ; # sun/security/pkcs/PKCS9Attribute$$Lambda+0x000000009056f848
instanceKlass  @bci sun/security/pkcs/PKCS9Attribute <clinit> ()V 444 <appendix> argL0 ; # sun/security/pkcs/PKCS9Attribute$$Lambda+0x000000009056f620
instanceKlass  @bci sun/security/pkcs/PKCS9Attribute <clinit> ()V 401 <appendix> argL0 ; # sun/security/pkcs/PKCS9Attribute$$Lambda+0x000000009056f3f8
instanceKlass  @bci sun/security/pkcs/PKCS9Attribute <clinit> ()V 396 <appendix> argL0 ; # sun/security/pkcs/PKCS9Attribute$$Lambda+0x000000009056f1d0
instanceKlass  @bci sun/security/pkcs/PKCS9Attribute <clinit> ()V 353 <appendix> argL0 ; # sun/security/pkcs/PKCS9Attribute$$Lambda+0x000000009056efa8
instanceKlass  @bci sun/security/pkcs/PKCS9Attribute <clinit> ()V 348 <appendix> argL0 ; # sun/security/pkcs/PKCS9Attribute$$Lambda+0x000000009056ed80
instanceKlass  @bci sun/security/pkcs/PKCS9Attribute <clinit> ()V 325 <appendix> argL0 ; # sun/security/pkcs/PKCS9Attribute$$Lambda+0x000000009056eb58
instanceKlass  @bci sun/security/pkcs/PKCS9Attribute <clinit> ()V 320 <appendix> argL0 ; # sun/security/pkcs/PKCS9Attribute$$Lambda+0x000000009056e930
instanceKlass sun/security/pkcs/SignerInfo
instanceKlass  @bci sun/security/pkcs/PKCS9Attribute <clinit> ()V 292 <appendix> argL0 ; # sun/security/pkcs/PKCS9Attribute$$Lambda+0x000000009056e460
instanceKlass  @bci sun/security/pkcs/PKCS9Attribute <clinit> ()V 287 <appendix> argL0 ; # sun/security/pkcs/PKCS9Attribute$$Lambda+0x000000009056e238
instanceKlass  @bci sun/security/pkcs/PKCS9Attribute <clinit> ()V 265 <appendix> argL0 ; # sun/security/pkcs/PKCS9Attribute$$Lambda+0x000000009056e010
instanceKlass  @bci sun/security/pkcs/PKCS9Attribute <clinit> ()V 260 <appendix> argL0 ; # sun/security/pkcs/PKCS9Attribute$$Lambda+0x000000009056dde8
instanceKlass  @bci sun/security/pkcs/PKCS9Attribute <clinit> ()V 238 <appendix> argL0 ; # sun/security/pkcs/PKCS9Attribute$$Lambda+0x000000009056dbc0
instanceKlass  @bci sun/security/pkcs/PKCS9Attribute <clinit> ()V 233 <appendix> argL0 ; # sun/security/pkcs/PKCS9Attribute$$Lambda+0x000000009056d998
instanceKlass  @bci sun/security/pkcs/PKCS9Attribute <clinit> ()V 185 <appendix> argL0 ; # sun/security/pkcs/PKCS9Attribute$$Lambda+0x000000009056d770
instanceKlass  @bci sun/security/pkcs/PKCS9Attribute <clinit> ()V 180 <appendix> argL0 ; # sun/security/pkcs/PKCS9Attribute$$Lambda+0x000000009056d548
instanceKlass  @bci sun/security/pkcs/PKCS9Attribute <clinit> ()V 157 <appendix> argL0 ; # sun/security/pkcs/PKCS9Attribute$$Lambda+0x000000009056d108
instanceKlass sun/security/pkcs/PKCS9Attribute$Encoder
instanceKlass  @bci sun/security/pkcs/PKCS9Attribute <clinit> ()V 152 <appendix> argL0 ; # sun/security/pkcs/PKCS9Attribute$$Lambda+0x000000009056ccd8
instanceKlass sun/security/pkcs/PKCS9Attribute$Decoder
instanceKlass sun/security/pkcs/PKCS9Attribute
instanceKlass sun/security/x509/AVAKeyword
instanceKlass javax/security/auth/x500/X500Principal$1
instanceKlass jdk/internal/access/JavaxSecurityAccess
instanceKlass sun/security/provider/certpath/CertPathHelper
instanceKlass java/security/cert/TrustAnchor
instanceKlass sun/security/validator/EndEntityChecker
instanceKlass java/security/cert/CertSelector
instanceKlass java/security/cert/PKIXCertPathChecker
instanceKlass java/security/cert/CertPathChecker
instanceKlass java/security/cert/PKIXParameters
instanceKlass java/security/cert/CertPathParameters
instanceKlass sun/security/validator/Validator
instanceKlass sun/security/ssl/SSLAuthentication
instanceKlass sun/security/ssl/SSLKeyExchange$SSLKeyExECDHERSAOrPSS
instanceKlass sun/security/ssl/SSLKeyExchange$1
instanceKlass sun/security/ssl/SessionTicketExtension$SessionTicketSpec
instanceKlass sun/security/ssl/ServerNameExtension$SHServerNamesSpec
instanceKlass sun/security/ssl/RenegoInfoExtension$RenegotiationInfoSpec
instanceKlass sun/security/ssl/HandshakeHash$CloneableHash
instanceKlass sun/security/ssl/HandshakeHash$T12HandshakeHash
instanceKlass sun/security/util/ByteArrays
instanceKlass sun/security/ssl/TransportContext$1
instanceKlass sun/security/ssl/Plaintext
instanceKlass sun/security/ssl/OutputRecord$T13PaddingHolder
instanceKlass sun/security/ssl/KeyShareExtension$CHKeyShareSpec
instanceKlass sun/security/util/math/IntegerModuloP$MultiplicativeInverser$Secp256R1
instanceKlass sun/security/ec/ECOperations$DefaultMultiplier
instanceKlass sun/security/ec/ECOperations$Secp256R1GeneratorMontgomeryMultiplier
instanceKlass  @bci sun/security/ec/ECPrivateKeyImpl calculatePublicKey ()Ljava/security/PublicKey; 9 <appendix> argL0 ; # sun/security/ec/ECPrivateKeyImpl$$Lambda+0x0000000090564ad8
instanceKlass sun/security/util/ArrayUtil
instanceKlass sun/security/ec/ECOperations$PointMultiplier
instanceKlass sun/security/ec/ECOperations
instanceKlass sun/security/ssl/ECDHKeyExchange$ECDHEPossession
instanceKlass sun/security/ssl/KeyShareExtension$KeyShareEntry
instanceKlass sun/security/ssl/XDHKeyExchange$1
instanceKlass java/security/interfaces/XECPrivateKey
instanceKlass java/security/interfaces/XECPublicKey
instanceKlass java/security/interfaces/XECKey
instanceKlass java/security/KeyPair
instanceKlass sun/security/util/math/IntegerModuloP$MultiplicativeInverser$Default
instanceKlass sun/security/util/math/IntegerModuloP$MultiplicativeInverser
instanceKlass sun/security/jca/JCAUtil$CachedSecureRandomHolder
instanceKlass sun/security/ec/XECOperations
instanceKlass sun/security/ec/XECParameters
instanceKlass  @bci sun/security/ec/XDHKeyPairGenerator initialize (Ljava/security/spec/AlgorithmParameterSpec;Ljava/security/SecureRandom;)V 0 <appendix> argL0 ; # sun/security/ec/XDHKeyPairGenerator$$Lambda+0x0000000090560280
instanceKlass sun/security/ssl/XDHKeyExchange$XDHEPossession
instanceKlass sun/security/ssl/ECDHKeyExchange$ECDHEXDHKAGenerator
instanceKlass sun/security/ssl/ECDHKeyExchange$ECDHEKAGenerator
instanceKlass sun/security/ssl/ECDHKeyExchange$ECDHKAGenerator
instanceKlass sun/security/ssl/ECDHKeyExchange$ECDHEPossessionGenerator
instanceKlass sun/security/ssl/ECDHKeyExchange
instanceKlass sun/security/ssl/DHKeyExchange$DHEKAGenerator
instanceKlass sun/security/ssl/DHKeyExchange$DHEPossessionGenerator
instanceKlass sun/security/ssl/DHKeyExchange
instanceKlass sun/security/ssl/RSAKeyExchange$RSAKAGenerator
instanceKlass sun/security/ssl/RSAKeyExchange$EphemeralRSAPossessionGenerator
instanceKlass sun/security/ssl/RSAKeyExchange
instanceKlass sun/security/ssl/SSLKeyExchange$T13KeyAgreement
instanceKlass sun/security/ssl/SSLKeyAgreement
instanceKlass sun/security/ssl/SSLPossessionGenerator
instanceKlass sun/security/ssl/SSLKeyExchange
instanceKlass sun/security/ssl/SSLHandshakeBinding
instanceKlass sun/security/ssl/SSLKeyAgreementGenerator
instanceKlass sun/security/ssl/PskKeyExchangeModesExtension$PskKeyExchangeModesSpec
instanceKlass sun/security/ssl/SupportedVersionsExtension$CHSupportedVersionsSpec
instanceKlass sun/security/ssl/SignatureAlgorithmsExtension$SignatureSchemesSpec
instanceKlass  @bci sun/security/util/DisabledAlgorithmConstraints permits (Ljava/lang/String;Ljava/util/Set;)Z 20 <appendix> member <vmtarget> ; # sun/security/util/DisabledAlgorithmConstraints$$Lambda+0x000000009055bfa8
instanceKlass sun/security/ssl/ExtendedMasterSecretExtension$ExtendedMasterSecretSpec
instanceKlass sun/security/ssl/CertStatusExtension$CertStatusRequestV2Spec
instanceKlass sun/security/ssl/ECPointFormatsExtension$ECPointFormatsSpec
instanceKlass sun/security/ssl/SupportedGroupsExtension$SupportedGroupsSpec
instanceKlass sun/security/ssl/CertStatusExtension$CertStatusRequest
instanceKlass sun/security/ssl/CertStatusExtension$CertStatusRequestSpec
instanceKlass sun/security/ssl/ServerNameExtension$CHServerNamesSpec
instanceKlass sun/security/ssl/SSLExtension$SSLExtensionSpec
instanceKlass sun/security/ssl/SSLExtension$ClientExtensions
instanceKlass sun/security/ssl/PreSharedKeyExtension$SHPreSharedKeyStringizer
instanceKlass sun/security/ssl/PreSharedKeyExtension$SHPreSharedKeyAbsence
instanceKlass sun/security/ssl/PreSharedKeyExtension$SHPreSharedKeyConsumer
instanceKlass sun/security/ssl/PreSharedKeyExtension$SHPreSharedKeyProducer
instanceKlass sun/security/ssl/PreSharedKeyExtension$CHPreSharedKeyStringizer
instanceKlass sun/security/ssl/PreSharedKeyExtension$CHPreSharedKeyOnTradeAbsence
instanceKlass sun/security/ssl/PreSharedKeyExtension$CHPreSharedKeyUpdate
instanceKlass sun/security/ssl/PreSharedKeyExtension$CHPreSharedKeyOnLoadAbsence
instanceKlass sun/security/ssl/PreSharedKeyExtension$CHPreSharedKeyConsumer
instanceKlass sun/security/ssl/PreSharedKeyExtension$CHPreSharedKeyProducer
instanceKlass sun/security/ssl/PreSharedKeyExtension
instanceKlass sun/security/ssl/RenegoInfoExtension$RenegotiationInfoStringizer
instanceKlass sun/security/ssl/RenegoInfoExtension$SHRenegotiationInfoAbsence
instanceKlass sun/security/ssl/RenegoInfoExtension$SHRenegotiationInfoConsumer
instanceKlass sun/security/ssl/RenegoInfoExtension$SHRenegotiationInfoProducer
instanceKlass sun/security/ssl/RenegoInfoExtension$CHRenegotiationInfoAbsence
instanceKlass sun/security/ssl/RenegoInfoExtension$CHRenegotiationInfoConsumer
instanceKlass sun/security/ssl/RenegoInfoExtension$CHRenegotiationInfoProducer
instanceKlass sun/security/ssl/RenegoInfoExtension
instanceKlass sun/security/ssl/KeyShareExtension$HRRKeyShareStringizer
instanceKlass sun/security/ssl/KeyShareExtension$HRRKeyShareReproducer
instanceKlass sun/security/ssl/KeyShareExtension$HRRKeyShareConsumer
instanceKlass sun/security/ssl/KeyShareExtension$HRRKeyShareProducer
instanceKlass sun/security/ssl/KeyShareExtension$SHKeyShareStringizer
instanceKlass sun/security/ssl/KeyShareExtension$SHKeyShareAbsence
instanceKlass sun/security/ssl/KeyShareExtension$SHKeyShareConsumer
instanceKlass sun/security/ssl/KeyShareExtension$SHKeyShareProducer
instanceKlass sun/security/ssl/KeyShareExtension$CHKeyShareStringizer
instanceKlass sun/security/ssl/KeyShareExtension$CHKeyShareOnTradeAbsence
instanceKlass sun/security/ssl/KeyShareExtension$CHKeyShareConsumer
instanceKlass sun/security/ssl/KeyShareExtension$CHKeyShareProducer
instanceKlass sun/security/ssl/KeyShareExtension
instanceKlass sun/security/ssl/CertSignAlgsExtension$CertSignatureSchemesStringizer
instanceKlass sun/security/ssl/CertSignAlgsExtension$CRCertSignatureSchemesUpdate
instanceKlass sun/security/ssl/CertSignAlgsExtension$CRCertSignatureSchemesConsumer
instanceKlass sun/security/ssl/CertSignAlgsExtension$CRCertSignatureSchemesProducer
instanceKlass sun/security/ssl/CertSignAlgsExtension$CHCertSignatureSchemesUpdate
instanceKlass sun/security/ssl/CertSignAlgsExtension$CHCertSignatureSchemesConsumer
instanceKlass sun/security/ssl/CertSignAlgsExtension$CHCertSignatureSchemesProducer
instanceKlass sun/security/ssl/CertSignAlgsExtension
instanceKlass sun/security/ssl/CertificateAuthoritiesExtension$CertificateAuthoritiesStringizer
instanceKlass sun/security/ssl/CertificateAuthoritiesExtension$CRCertificateAuthoritiesConsumer
instanceKlass sun/security/ssl/CertificateAuthoritiesExtension$CRCertificateAuthoritiesProducer
instanceKlass sun/security/ssl/CertificateAuthoritiesExtension$CHCertificateAuthoritiesConsumer
instanceKlass sun/security/ssl/CertificateAuthoritiesExtension$CHCertificateAuthoritiesProducer
instanceKlass sun/security/ssl/CertificateAuthoritiesExtension
instanceKlass sun/security/ssl/PskKeyExchangeModesExtension$PskKeyExchangeModesStringizer
instanceKlass sun/security/ssl/PskKeyExchangeModesExtension$PskKeyExchangeModesOnTradeAbsence
instanceKlass sun/security/ssl/PskKeyExchangeModesExtension$PskKeyExchangeModesOnLoadAbsence
instanceKlass sun/security/ssl/PskKeyExchangeModesExtension$PskKeyExchangeModesConsumer
instanceKlass sun/security/ssl/PskKeyExchangeModesExtension$PskKeyExchangeModesProducer
instanceKlass sun/security/ssl/PskKeyExchangeModesExtension
instanceKlass sun/security/ssl/CookieExtension$CookieStringizer
instanceKlass sun/security/ssl/CookieExtension$HRRCookieReproducer
instanceKlass sun/security/ssl/CookieExtension$HRRCookieConsumer
instanceKlass sun/security/ssl/CookieExtension$HRRCookieProducer
instanceKlass sun/security/ssl/CookieExtension$CHCookieUpdate
instanceKlass sun/security/ssl/CookieExtension$CHCookieConsumer
instanceKlass sun/security/ssl/CookieExtension$CHCookieProducer
instanceKlass sun/security/ssl/CookieExtension
instanceKlass sun/security/ssl/SupportedVersionsExtension$HRRSupportedVersionsReproducer
instanceKlass sun/security/ssl/SupportedVersionsExtension$HRRSupportedVersionsConsumer
instanceKlass sun/security/ssl/SupportedVersionsExtension$HRRSupportedVersionsProducer
instanceKlass sun/security/ssl/SupportedVersionsExtension$SHSupportedVersionsStringizer
instanceKlass sun/security/ssl/SupportedVersionsExtension$SHSupportedVersionsConsumer
instanceKlass sun/security/ssl/SupportedVersionsExtension$SHSupportedVersionsProducer
instanceKlass sun/security/ssl/SupportedVersionsExtension$CHSupportedVersionsStringizer
instanceKlass sun/security/ssl/SupportedVersionsExtension$CHSupportedVersionsConsumer
instanceKlass sun/security/ssl/SupportedVersionsExtension$CHSupportedVersionsProducer
instanceKlass sun/security/ssl/SupportedVersionsExtension
instanceKlass sun/security/ssl/SignatureAlgorithmsExtension$SignatureSchemesStringizer
instanceKlass sun/security/ssl/SignatureAlgorithmsExtension$CRSignatureSchemesUpdate
instanceKlass sun/security/ssl/SignatureAlgorithmsExtension$CRSignatureSchemesAbsence
instanceKlass sun/security/ssl/SignatureAlgorithmsExtension$CRSignatureSchemesConsumer
instanceKlass sun/security/ssl/SignatureAlgorithmsExtension$CRSignatureSchemesProducer
instanceKlass sun/security/ssl/SignatureAlgorithmsExtension$CHSignatureSchemesOnTradeAbsence
instanceKlass sun/security/ssl/SignatureAlgorithmsExtension$CHSignatureSchemesUpdate
instanceKlass sun/security/ssl/SignatureAlgorithmsExtension$CHSignatureSchemesOnLoadAbsence
instanceKlass sun/security/ssl/SignatureAlgorithmsExtension$CHSignatureSchemesConsumer
instanceKlass sun/security/ssl/SignatureAlgorithmsExtension$CHSignatureSchemesProducer
instanceKlass sun/security/ssl/SignatureAlgorithmsExtension
instanceKlass sun/security/ssl/SessionTicketExtension$SessionTicketStringizer
instanceKlass sun/security/ssl/SessionTicketExtension$T12SHSessionTicketConsumer
instanceKlass sun/security/ssl/SessionTicketExtension$T12SHSessionTicketProducer
instanceKlass sun/security/ssl/SessionTicketExtension$T12CHSessionTicketConsumer
instanceKlass sun/security/ssl/SessionTicketExtension$T12CHSessionTicketProducer
instanceKlass sun/security/ssl/SessionTicketExtension
instanceKlass sun/security/ssl/ExtendedMasterSecretExtension$ExtendedMasterSecretStringizer
instanceKlass sun/security/ssl/ExtendedMasterSecretExtension$SHExtendedMasterSecretAbsence
instanceKlass sun/security/ssl/ExtendedMasterSecretExtension$SHExtendedMasterSecretConsumer
instanceKlass sun/security/ssl/ExtendedMasterSecretExtension$SHExtendedMasterSecretProducer
instanceKlass sun/security/ssl/ExtendedMasterSecretExtension$CHExtendedMasterSecretAbsence
instanceKlass sun/security/ssl/ExtendedMasterSecretExtension$CHExtendedMasterSecretConsumer
instanceKlass sun/security/ssl/ExtendedMasterSecretExtension$CHExtendedMasterSecretProducer
instanceKlass sun/security/ssl/ExtendedMasterSecretExtension
instanceKlass sun/security/ssl/AlpnExtension$AlpnStringizer
instanceKlass sun/security/ssl/AlpnExtension$SHAlpnAbsence
instanceKlass sun/security/ssl/AlpnExtension$SHAlpnConsumer
instanceKlass sun/security/ssl/AlpnExtension$SHAlpnProducer
instanceKlass sun/security/ssl/AlpnExtension$CHAlpnAbsence
instanceKlass sun/security/ssl/AlpnExtension$CHAlpnConsumer
instanceKlass sun/security/ssl/AlpnExtension$CHAlpnProducer
instanceKlass sun/security/ssl/AlpnExtension
instanceKlass sun/security/ssl/ECPointFormatsExtension$ECPointFormatsStringizer
instanceKlass sun/security/ssl/ECPointFormatsExtension$SHECPointFormatsConsumer
instanceKlass sun/security/ssl/ECPointFormatsExtension$CHECPointFormatsConsumer
instanceKlass sun/security/ssl/ECPointFormatsExtension$CHECPointFormatsProducer
instanceKlass sun/security/ssl/ECPointFormatsExtension
instanceKlass sun/security/ssl/SupportedGroupsExtension$EESupportedGroupsConsumer
instanceKlass sun/security/ssl/SupportedGroupsExtension$EESupportedGroupsProducer
instanceKlass sun/security/ssl/SupportedGroupsExtension$SupportedGroupsStringizer
instanceKlass sun/security/ssl/SupportedGroupsExtension$CHSupportedGroupsOnTradeAbsence
instanceKlass sun/security/ssl/SupportedGroupsExtension$CHSupportedGroupsConsumer
instanceKlass sun/security/ssl/SupportedGroupsExtension$CHSupportedGroupsProducer
instanceKlass sun/security/ssl/SupportedGroupsExtension
instanceKlass sun/security/ssl/CertStatusExtension$CertStatusRespStringizer
instanceKlass sun/security/ssl/CertStatusExtension$CertStatusRequestsStringizer
instanceKlass sun/security/ssl/CertStatusExtension$SHCertStatusReqV2Consumer
instanceKlass sun/security/ssl/CertStatusExtension$SHCertStatusReqV2Producer
instanceKlass sun/security/ssl/CertStatusExtension$CHCertStatusReqV2Consumer
instanceKlass sun/security/ssl/CertStatusExtension$CHCertStatusReqV2Producer
instanceKlass sun/security/ssl/CertStatusExtension$CertStatusRequestStringizer
instanceKlass sun/security/ssl/CertStatusExtension$CTCertStatusResponseConsumer
instanceKlass sun/security/ssl/CertStatusExtension$CertStatusResponse
instanceKlass sun/security/ssl/CertStatusExtension$CTCertStatusResponseProducer
instanceKlass sun/security/ssl/CertStatusExtension$SHCertStatusReqConsumer
instanceKlass sun/security/ssl/CertStatusExtension$SHCertStatusReqProducer
instanceKlass sun/security/ssl/CertStatusExtension$CHCertStatusReqConsumer
instanceKlass sun/security/ssl/CertStatusExtension$CHCertStatusReqProducer
instanceKlass sun/security/ssl/CertStatusExtension
instanceKlass sun/security/ssl/MaxFragExtension$MaxFragLenStringizer
instanceKlass sun/security/ssl/MaxFragExtension$EEMaxFragmentLengthUpdate
instanceKlass sun/security/ssl/MaxFragExtension$EEMaxFragmentLengthConsumer
instanceKlass sun/security/ssl/MaxFragExtension$EEMaxFragmentLengthProducer
instanceKlass sun/security/ssl/MaxFragExtension$SHMaxFragmentLengthUpdate
instanceKlass sun/security/ssl/MaxFragExtension$SHMaxFragmentLengthConsumer
instanceKlass sun/security/ssl/MaxFragExtension$SHMaxFragmentLengthProducer
instanceKlass sun/security/ssl/MaxFragExtension$CHMaxFragmentLengthConsumer
instanceKlass sun/security/ssl/MaxFragExtension$CHMaxFragmentLengthProducer
instanceKlass sun/security/ssl/MaxFragExtension
instanceKlass sun/security/ssl/ServerNameExtension$EEServerNameConsumer
instanceKlass sun/security/ssl/ServerNameExtension$EEServerNameProducer
instanceKlass sun/security/ssl/ServerNameExtension$SHServerNamesStringizer
instanceKlass sun/security/ssl/ServerNameExtension$SHServerNameConsumer
instanceKlass sun/security/ssl/ServerNameExtension$SHServerNameProducer
instanceKlass sun/security/ssl/ServerNameExtension$CHServerNamesStringizer
instanceKlass sun/security/ssl/ServerNameExtension$CHServerNameConsumer
instanceKlass sun/security/ssl/ServerNameExtension$CHServerNameProducer
instanceKlass sun/security/ssl/SSLExtension$ExtensionConsumer
instanceKlass sun/security/ssl/ServerNameExtension
instanceKlass sun/security/ssl/SSLStringizer
instanceKlass sun/security/ssl/SSLExtensions
instanceKlass sun/security/ssl/RandomCookie
instanceKlass sun/security/util/KeyUtil
instanceKlass sun/security/ssl/NamedGroupPossession
instanceKlass javax/net/ssl/SNIMatcher
instanceKlass org/apache/http/client/methods/AbstractExecutionAwareRequest$2
instanceKlass org/apache/http/conn/routing/RouteTracker
instanceKlass org/apache/http/impl/entity/LaxContentLengthStrategy
instanceKlass org/apache/http/impl/entity/EntityDeserializer
instanceKlass org/apache/http/impl/entity/StrictContentLengthStrategy
instanceKlass org/apache/http/impl/entity/EntitySerializer
instanceKlass org/apache/http/io/SessionInputBuffer
instanceKlass org/apache/http/io/SessionOutputBuffer
instanceKlass org/apache/http/HttpResponseFactory
instanceKlass org/apache/http/io/HttpMessageWriter
instanceKlass org/apache/http/io/HttpMessageParser
instanceKlass org/apache/http/entity/ContentLengthStrategy
instanceKlass org/apache/http/impl/AbstractHttpClientConnection
instanceKlass org/apache/http/client/params/HttpClientParams
instanceKlass org/apache/http/client/methods/AbstractExecutionAwareRequest$1
instanceKlass org/apache/http/impl/conn/BasicClientConnectionManager$1
instanceKlass org/apache/http/impl/client/RoutedRequest
instanceKlass org/apache/http/impl/conn/ProxySelectorRoutePlanner$1
instanceKlass org/apache/http/util/Asserts
instanceKlass org/apache/http/conn/params/ConnRouteParams
instanceKlass org/apache/http/conn/params/ConnRoutePNames
instanceKlass org/apache/http/entity/HttpEntityWrapper
instanceKlass org/apache/http/auth/AuthState
instanceKlass org/apache/http/impl/client/AuthenticationStrategyAdaptor
instanceKlass org/apache/http/impl/client/DefaultRedirectStrategyAdaptor
instanceKlass org/apache/http/impl/auth/HttpAuthenticator
instanceKlass org/apache/http/conn/routing/HttpRouteDirector
instanceKlass org/apache/http/impl/client/DefaultRequestDirector
instanceKlass org/apache/http/impl/client/DefaultUserTokenHandler
instanceKlass org/apache/http/client/AuthCache
instanceKlass org/apache/http/impl/client/AuthenticationStrategyImpl
instanceKlass org/apache/http/impl/client/DefaultRedirectStrategy
instanceKlass org/apache/http/impl/client/DefaultHttpRequestRetryHandler
instanceKlass org/apache/http/HeaderElementIterator
instanceKlass org/apache/http/impl/client/DefaultConnectionKeepAliveStrategy
instanceKlass org/apache/http/TokenIterator
instanceKlass org/apache/http/impl/DefaultConnectionReuseStrategy
instanceKlass org/apache/http/client/config/RequestConfig$Builder
instanceKlass org/apache/http/client/config/RequestConfig
instanceKlass org/apache/http/client/params/HttpClientParamConfig
instanceKlass org/apache/http/protocol/DefaultedHttpContext
instanceKlass org/apache/http/impl/client/BasicCredentialsProvider
instanceKlass org/apache/http/cookie/CookieIdentityComparator
instanceKlass org/apache/http/impl/client/BasicCookieStore
instanceKlass org/apache/http/impl/cookie/IgnoreSpecFactory
instanceKlass org/apache/http/impl/cookie/RFC2965SpecFactory
instanceKlass org/apache/http/impl/cookie/RFC2109SpecFactory
instanceKlass org/apache/http/impl/cookie/NetscapeDraftSpecFactory
instanceKlass org/apache/http/impl/cookie/BrowserCompatSpecFactory
instanceKlass org/apache/http/impl/cookie/BasicDomainHandler
instanceKlass org/apache/http/impl/cookie/RFC2109DomainHandler
instanceKlass org/apache/http/impl/cookie/RFC2965DiscardAttributeHandler
instanceKlass org/apache/http/impl/cookie/RFC2965CommentUrlAttributeHandler
instanceKlass org/apache/http/impl/cookie/AbstractCookieAttributeHandler
instanceKlass org/apache/http/impl/cookie/RFC2965PortAttributeHandler
instanceKlass org/apache/http/impl/cookie/RFC2965DomainAttributeHandler
instanceKlass org/apache/http/impl/cookie/BasicPathHandler
instanceKlass org/apache/http/impl/cookie/RFC2965VersionAttributeHandler
instanceKlass org/apache/http/cookie/CommonCookieAttributeHandler
instanceKlass org/apache/http/cookie/CookieAttributeHandler
instanceKlass org/apache/http/cookie/SetCookie
instanceKlass org/apache/http/impl/cookie/AbstractCookieSpec
instanceKlass org/apache/http/impl/cookie/DefaultCookieSpec
instanceKlass org/apache/http/cookie/CookieSpec
instanceKlass org/apache/http/impl/cookie/BestMatchSpecFactory
instanceKlass org/apache/http/cookie/CookieSpecProvider
instanceKlass org/apache/http/impl/auth/KerberosSchemeFactory
instanceKlass org/apache/http/impl/auth/SPNegoSchemeFactory
instanceKlass org/apache/http/impl/auth/NTLMSchemeFactory
instanceKlass org/apache/http/impl/auth/DigestSchemeFactory
instanceKlass org/apache/http/impl/auth/BasicSchemeFactory
instanceKlass org/apache/http/auth/AuthSchemeProvider
instanceKlass org/apache/http/client/utils/URIUtils
instanceKlass io/restassured/internal/RestAssuredHttpBuilderGroovyHelper
instanceKlass org/apache/http/HeaderElement
instanceKlass org/apache/http/message/BasicHeader
instanceKlass org/apache/http/util/CharArrayBuffer
instanceKlass org/apache/http/util/TextUtils
instanceKlass org/apache/http/entity/ContentType
instanceKlass org/apache/http/protocol/BasicHttpContext
instanceKlass io/restassured/internal/http/HttpContextDecorator
instanceKlass java/util/concurrent/atomic/AtomicMarkableReference$Pair
instanceKlass java/util/concurrent/atomic/AtomicMarkableReference
instanceKlass org/apache/http/message/HeaderGroup
instanceKlass org/apache/http/concurrent/Cancellable
# instanceKlass java/lang/invoke/LambdaForm$MH+0x00000000905d0000
# instanceKlass java/lang/invoke/LambdaForm$MH+0x00000000905cbc00
# instanceKlass java/lang/invoke/LambdaForm$MH+0x00000000905cb800
# instanceKlass java/lang/invoke/LambdaForm$DMH+0x00000000905c5c00
instanceKlass io/restassured/internal/RestAssuredResponseOptionsGroovyImpl
instanceKlass io/restassured/response/ValidatableResponse
instanceKlass io/restassured/internal/RestAssuredResponseOptionsImpl
instanceKlass io/restassured/response/ExtractableResponse
instanceKlass groovy/transform/Internal
# instanceKlass java/lang/invoke/LambdaForm$MH+0x00000000905c5800
# instanceKlass java/lang/invoke/LambdaForm$MH+0x00000000905c1c00
# instanceKlass java/lang/invoke/LambdaForm$MH+0x00000000905c1800
instanceKlass org/apache/http/client/params/ClientPNames
instanceKlass  @bci org/codehaus/groovy/runtime/metaclass/ClosureMetaClass assignMethodChooser ()V 66 <appendix> member <vmtarget> ; # org/codehaus/groovy/runtime/metaclass/ClosureMetaClass$$Lambda+0x00000000905b8720
# instanceKlass java/lang/invoke/LambdaForm$MH+0x00000000905bd400
# instanceKlass java/lang/invoke/LambdaForm$MH+0x00000000905bd000
# instanceKlass java/lang/invoke/LambdaForm$MH+0x00000000905bc400
# instanceKlass java/lang/invoke/LambdaForm$MH+0x00000000905bc000
instanceKlass org/apache/http/impl/conn/ManagedClientConnectionImpl
instanceKlass org/apache/http/pool/PoolEntry
instanceKlass org/apache/http/HttpConnectionMetrics
instanceKlass org/apache/http/impl/conn/SystemDefaultDnsResolver
instanceKlass org/apache/http/conn/OperatedClientConnection
instanceKlass org/apache/http/conn/DnsResolver
instanceKlass org/apache/http/impl/conn/DefaultClientConnectionOperator
instanceKlass org/apache/http/conn/ClientConnectionOperator
instanceKlass org/apache/http/impl/conn/BasicClientConnectionManager
instanceKlass org/apache/http/util/VersionInfo
instanceKlass org/apache/http/params/HttpConnectionParams
instanceKlass org/apache/http/params/CoreConnectionPNames
instanceKlass org/apache/http/Consts
instanceKlass org/apache/http/protocol/HTTP
instanceKlass org/apache/http/params/HttpProtocolParams
instanceKlass org/apache/http/params/CoreProtocolPNames
instanceKlass org/apache/http/params/AbstractHttpParams
instanceKlass org/apache/http/params/HttpParamsNames
instanceKlass org/apache/http/conn/ssl/SSLContexts
instanceKlass org/apache/http/util/Args
instanceKlass org/apache/http/conn/scheme/PlainSocketFactory
instanceKlass org/apache/http/conn/scheme/SocketFactoryAdaptor
instanceKlass org/apache/http/conn/scheme/Scheme
instanceKlass org/apache/http/impl/conn/SchemeRegistryFactory
instanceKlass org/apache/http/impl/conn/ProxySelectorRoutePlanner
instanceKlass org/apache/http/entity/AbstractHttpEntity
instanceKlass io/restassured/internal/http/ContentEncoding$ResponseInterceptor
instanceKlass org/apache/http/client/protocol/RequestAuthenticationBase
instanceKlass org/apache/http/client/protocol/RequestAuthCache
instanceKlass org/apache/http/client/protocol/ResponseProcessCookies
instanceKlass org/apache/http/client/protocol/RequestAddCookies
instanceKlass org/apache/http/protocol/RequestExpectContinue
instanceKlass org/apache/http/protocol/RequestUserAgent
instanceKlass org/apache/http/client/protocol/RequestClientConnControl
instanceKlass org/apache/http/protocol/RequestTargetHost
instanceKlass org/apache/http/protocol/RequestContent
instanceKlass org/apache/http/client/protocol/RequestDefaultHeaders
instanceKlass io/restassured/internal/http/ContentEncoding$RequestInterceptor
instanceKlass io/restassured/internal/http/ContentEncoding
instanceKlass  @bci io/restassured/internal/RestAssuredHttpBuilder <init> (Lio/restassured/specification/FilterableResponseSpecification;Lio/restassured/http/Headers;Ljava/util/LinkedHashMap;Ljava/lang/Object;Ljava/lang/Object;ZLio/restassured/config/RestAssuredConfig;Lorg/apache/http/impl/client/AbstractHttpClient;ZLio/restassured/parsing/Parser;)V 33 <appendix> argL0 ; # io/restassured/internal/RestAssuredHttpBuilder$$Lambda+0x00000000905adf88
instanceKlass  @bci io/restassured/internal/RestAssuredHttpBuilder <init> (Lio/restassured/specification/FilterableResponseSpecification;Lio/restassured/http/Headers;Ljava/util/LinkedHashMap;Ljava/lang/Object;Ljava/lang/Object;ZLio/restassured/config/RestAssuredConfig;Lorg/apache/http/impl/client/AbstractHttpClient;ZLio/restassured/parsing/Parser;)V 20 <appendix> argL0 ; # io/restassured/internal/RestAssuredHttpBuilder$$Lambda+0x00000000905add40
instanceKlass  @bci io/restassured/internal/RestAssuredHttpBuilder <init> (Lio/restassured/specification/FilterableResponseSpecification;Lio/restassured/http/Headers;Ljava/util/LinkedHashMap;Ljava/lang/Object;Ljava/lang/Object;ZLio/restassured/config/RestAssuredConfig;Lorg/apache/http/impl/client/AbstractHttpClient;ZLio/restassured/parsing/Parser;)V 7 <appendix> argL0 ; # io/restassured/internal/RestAssuredHttpBuilder$$Lambda+0x00000000905adaf8
# instanceKlass java/lang/invoke/LambdaForm$MH+0x00000000905b0400
# instanceKlass java/lang/invoke/LambdaForm$MH+0x00000000905b0000
# instanceKlass java/lang/invoke/LambdaForm$DMH+0x00000000905abc00
# instanceKlass java/lang/invoke/LambdaForm$MH+0x00000000905ab800
# instanceKlass java/lang/invoke/LambdaForm$DMH+0x00000000905ab400
# instanceKlass java/lang/invoke/LambdaForm$MH+0x00000000905ab000
# instanceKlass java/lang/invoke/LambdaForm$MH+0x00000000905aac00
# instanceKlass java/lang/invoke/LambdaForm$MH+0x00000000905aa800
# instanceKlass java/lang/invoke/LambdaForm$MH+0x00000000905aa400
# instanceKlass java/lang/invoke/LambdaForm$MH+0x00000000905aa000
# instanceKlass java/lang/invoke/LambdaForm$BMH+0x00000000905a8c00
# instanceKlass java/lang/invoke/LambdaForm$DMH+0x00000000905a8800
# instanceKlass java/lang/invoke/LambdaForm$DMH+0x00000000905a0c00
instanceKlass io/restassured/internal/http/EncoderRegistry
instanceKlass io/restassured/internal/http/AuthConfig
instanceKlass org/apache/http/StatusLine
instanceKlass org/apache/http/HttpEntity
instanceKlass org/apache/http/auth/Credentials
instanceKlass org/apache/http/auth/AuthScope
instanceKlass org/apache/http/cookie/Cookie
instanceKlass org/apache/http/protocol/ImmutableHttpProcessor
instanceKlass org/apache/http/auth/AuthScheme
instanceKlass org/apache/http/conn/ClientConnectionRequest
instanceKlass org/apache/http/conn/routing/HttpRoute
instanceKlass org/apache/http/conn/routing/RouteInfo
instanceKlass org/apache/http/conn/scheme/SchemeRegistry
instanceKlass org/apache/http/conn/ManagedClientConnection
instanceKlass org/apache/http/conn/ConnectionReleaseTrigger
instanceKlass org/apache/http/conn/ManagedHttpClientConnection
instanceKlass org/apache/http/HttpClientConnection
instanceKlass org/apache/http/conn/HttpRoutedConnection
instanceKlass org/apache/http/HttpInetConnection
instanceKlass org/apache/http/HttpConnection
instanceKlass org/apache/http/HeaderIterator
instanceKlass org/apache/http/Header
instanceKlass org/apache/http/RequestLine
instanceKlass org/apache/http/auth/AuthSchemeRegistry
instanceKlass org/apache/http/cookie/CookieSpecRegistry
instanceKlass org/apache/http/config/Lookup
instanceKlass org/apache/http/protocol/BasicHttpProcessor
instanceKlass org/apache/http/protocol/HttpResponseInterceptorList
instanceKlass org/apache/http/protocol/HttpRequestInterceptorList
instanceKlass org/apache/http/protocol/HttpRequestExecutor
instanceKlass org/apache/http/client/BackoffManager
instanceKlass org/apache/http/client/ConnectionBackoffStrategy
instanceKlass org/apache/http/client/methods/CloseableHttpResponse
# instanceKlass java/lang/invoke/LambdaForm$MH+0x00000000905a0800
# instanceKlass java/lang/invoke/LambdaForm$MH+0x00000000905a0400
# instanceKlass java/lang/invoke/LambdaForm$MH+0x00000000905a0000
# instanceKlass java/lang/invoke/LambdaForm$DMH+0x0000000090595c00
instanceKlass org/apache/http/ProtocolVersion
instanceKlass org/apache/http/client/RequestDirector
instanceKlass org/apache/http/conn/ConnectionKeepAliveStrategy
instanceKlass org/apache/http/ConnectionReuseStrategy
instanceKlass org/apache/http/client/HttpRequestRetryHandler
instanceKlass org/apache/http/client/AuthenticationHandler
instanceKlass org/apache/http/client/AuthenticationStrategy
instanceKlass org/apache/http/client/RedirectHandler
instanceKlass org/apache/http/auth/AuthSchemeFactory
instanceKlass org/apache/http/conn/routing/HttpRoutePlanner
instanceKlass org/apache/http/protocol/HttpProcessor
instanceKlass org/apache/http/HttpResponseInterceptor
instanceKlass org/apache/http/HttpRequestInterceptor
instanceKlass org/apache/http/client/CookieStore
instanceKlass org/apache/http/client/RedirectStrategy
instanceKlass org/apache/http/client/CredentialsProvider
instanceKlass org/apache/http/client/UserTokenHandler
instanceKlass org/apache/http/cookie/CookieSpecFactory
instanceKlass org/apache/http/conn/ClientConnectionManager
instanceKlass org/apache/http/params/HttpParams
instanceKlass org/apache/http/protocol/HttpContext
instanceKlass org/apache/http/client/ResponseHandler
instanceKlass org/apache/http/HttpHost
# instanceKlass java/lang/invoke/LambdaForm$MH+0x0000000090595800
# instanceKlass java/lang/invoke/LambdaForm$MH+0x0000000090595400
# instanceKlass java/lang/invoke/LambdaForm$MH+0x0000000090595000
# instanceKlass java/lang/invoke/LambdaForm$MH+0x0000000090594c00
# instanceKlass java/lang/invoke/LambdaForm$MH+0x0000000090594800
# instanceKlass java/lang/invoke/LambdaForm$DMH+0x0000000090591400
instanceKlass org/codehaus/groovy/runtime/typehandling/NumberMath
instanceKlass io/restassured/internal/filter/FilterContextImpl
# instanceKlass java/lang/invoke/LambdaForm$MH+0x0000000090591000
# instanceKlass java/lang/invoke/LambdaForm$MH+0x0000000090590c00
# instanceKlass java/lang/invoke/LambdaForm$MH+0x0000000090590800
# instanceKlass java/lang/invoke/LambdaForm$DMH+0x000000009058bc00
# instanceKlass java/lang/invoke/LambdaForm$MH+0x000000009058b800
# instanceKlass java/lang/invoke/LambdaForm$MH+0x000000009058a400
instanceKlass jdk/internal/util/ImmutableBitSetPredicate
instanceKlass java/net/URLEncoder
instanceKlass org/apache/http/NameValuePair
instanceKlass io/restassured/internal/http/URIBuilder
# instanceKlass java/lang/invoke/LambdaForm$MH+0x000000009058a000
# instanceKlass java/lang/invoke/LambdaForm$MH+0x0000000090589c00
instanceKlass  @bci org/codehaus/groovy/vmplugin/v9/Java9 concealedPackageList (Ljava/lang/Module;)Ljava/util/Set; 7 <appendix> argL0 ; # org/codehaus/groovy/vmplugin/v9/Java9$$Lambda+0x000000009053f960
instanceKlass  @bci groovy/lang/MetaClassImpl selectConstructorAndTransformArguments0 (I[Ljava/lang/Object;)I 93 <appendix> argL0 ; # groovy/lang/MetaClassImpl$$Lambda+0x000000009053f6c0
# instanceKlass java/lang/invoke/LambdaForm$MH+0x0000000090589800
# instanceKlass java/lang/invoke/LambdaForm$MH+0x0000000090589400
# instanceKlass java/lang/invoke/LambdaForm$MH+0x0000000090589000
# instanceKlass java/lang/invoke/LambdaForm$MH+0x0000000090588c00
# instanceKlass java/lang/invoke/LambdaForm$MH+0x0000000090588800
# instanceKlass java/lang/invoke/LambdaForm$MH+0x0000000090588400
# instanceKlass java/lang/invoke/LambdaForm$DMH+0x0000000090588000
instanceKlass org/apache/commons/lang3/ArrayUtils
instanceKlass  @bci org/codehaus/groovy/runtime/metaclass/ClosureMetaClass assignMethodChooser ()V 191 <appendix> member <vmtarget> ; # org/codehaus/groovy/runtime/metaclass/ClosureMetaClass$$Lambda+0x000000009053e8c0
instanceKlass groovy/lang/MapWithDefault
instanceKlass org/codehaus/groovy/runtime/GStringUtil
instanceKlass  @bci org/codehaus/groovy/runtime/memoize/StampedCommonCache clearAll ()Ljava/util/Map; 1 <appendix> argL0 ; # org/codehaus/groovy/runtime/memoize/StampedCommonCache$$Lambda+0x000000009053d348
instanceKlass org/codehaus/groovy/runtime/memoize/EvictableCache$Action
instanceKlass java/util/WeakHashMap$HashIterator
instanceKlass  @bci org/codehaus/groovy/vmplugin/v9/Java9 lambda$doFindClasses$6 (Ljava/util/List;Ljava/util/Map$Entry;)Ljava/util/Set; 25 <appendix> argL0 ; # org/codehaus/groovy/vmplugin/v9/Java9$$Lambda+0x000000009053cef8
instanceKlass  @bci org/codehaus/groovy/vmplugin/v9/Java9 lambda$doFindClasses$6 (Ljava/util/List;Ljava/util/Map$Entry;)Ljava/util/Set; 15 <appendix> member <vmtarget> ; # org/codehaus/groovy/vmplugin/v9/Java9$$Lambda+0x000000009053cc98
instanceKlass  @bci org/codehaus/groovy/vmplugin/v9/Java9 lambda$doFindClasses$3 (Ljava/util/List;Ljava/util/Map$Entry;)Z 20 <appendix> member <vmtarget> ; # org/codehaus/groovy/vmplugin/v9/Java9$$Lambda+0x000000009053ca38
instanceKlass  @bci org/codehaus/groovy/vmplugin/v9/Java9 doFindClasses (Ljava/net/URI;Ljava/lang/String;Ljava/util/List;)Ljava/util/Map; 33 <appendix> member <vmtarget> ; # org/codehaus/groovy/vmplugin/v9/Java9$$Lambda+0x000000009053c7e8
instanceKlass  @bci org/codehaus/groovy/vmplugin/v9/Java9 doFindClasses (Ljava/net/URI;Ljava/lang/String;Ljava/util/List;)Ljava/util/Map; 27 <appendix> argL0 ; # org/codehaus/groovy/vmplugin/v9/Java9$$Lambda+0x000000009053c5a0
instanceKlass  @bci org/codehaus/groovy/vmplugin/v9/Java9 doFindClasses (Ljava/net/URI;Ljava/lang/String;Ljava/util/List;)Ljava/util/Map; 17 <appendix> member <vmtarget> ; # org/codehaus/groovy/vmplugin/v9/Java9$$Lambda+0x000000009053c340
instanceKlass jdk/nio/zipfs/ZipDirectoryStream$1
instanceKlass jdk/nio/zipfs/ZipDirectoryStream
instanceKlass jdk/nio/zipfs/ZipUtils
instanceKlass  @bci jdk/nio/zipfs/ZipFileSystem <init> (Ljdk/nio/zipfs/ZipFileSystemProvider;Ljava/nio/file/Path;Ljava/util/Map;)V 595 <appendix> member <vmtarget> ; # jdk/nio/zipfs/ZipFileSystem$$Lambda+0x00000000905811e0
instanceKlass java/nio/file/attribute/PosixFileAttributeView
instanceKlass jdk/nio/zipfs/ZipFileAttributeView
instanceKlass jdk/nio/zipfs/ZipPath
instanceKlass  @bci org/codehaus/groovy/vmplugin/v9/ClassFinder$1 visitFile (Ljava/nio/file/Path;Ljava/nio/file/attribute/BasicFileAttributes;)Ljava/nio/file/FileVisitResult; 153 <appendix> argL0 ; # org/codehaus/groovy/vmplugin/v9/ClassFinder$1$$Lambda+0x000000009053c0f8
instanceKlass jdk/nio/zipfs/ZipFileSystem$END
instanceKlass  @bci java/util/stream/StreamSpliterators$WrappingSpliterator initPartialTraversalState ()V 37 <appendix> member <vmtarget> ; # java/util/stream/StreamSpliterators$WrappingSpliterator$$Lambda+0x0000000090541680
instanceKlass jdk/nio/zipfs/ZipConstants
instanceKlass  @bci java/util/stream/StreamSpliterators$WrappingSpliterator initPartialTraversalState ()V 24 <appendix> member <vmtarget> ; # java/util/stream/StreamSpliterators$WrappingSpliterator$$Lambda+0x00000000905413c8
instanceKlass java/nio/file/Files$3
instanceKlass java/nio/file/FileTreeWalker$Event
instanceKlass jdk/internal/jrtfs/JrtDirectoryStream$1
instanceKlass  @bci jdk/internal/jrtfs/JrtFileSystem iteratorOf (Ljdk/internal/jrtfs/JrtPath;Ljava/nio/file/DirectoryStream$Filter;)Ljava/util/Iterator; 82 <appendix> member <vmtarget> ; # jdk/internal/jrtfs/JrtFileSystem$$Lambda+0x0000000090540210
instanceKlass sun/nio/fs/WindowsChannelFactory$2
instanceKlass  @bci jdk/internal/jrtfs/JrtFileSystem iteratorOf (Ljdk/internal/jrtfs/JrtPath;Ljava/nio/file/DirectoryStream$Filter;)Ljava/util/Iterator; 71 <appendix> member <vmtarget> ; # jdk/internal/jrtfs/JrtFileSystem$$Lambda+0x000000009037fdb0
instanceKlass java/nio/file/FileTreeWalker$DirectoryNode
instanceKlass jdk/nio/zipfs/ZipCoder
instanceKlass jdk/internal/jrtfs/JrtDirectoryStream
instanceKlass jdk/internal/jrtfs/JrtFileAttributes
instanceKlass  @bci jdk/internal/jimage/ImageReader$SharedImageReader handleModulesSubTree (Ljava/lang/String;Ljdk/internal/jimage/ImageLocation;)Ljdk/internal/jimage/ImageReader$Node; 37 <appendix> member <vmtarget> ; # jdk/internal/jimage/ImageReader$SharedImageReader$$Lambda+0x000000009037f1c0
instanceKlass jdk/internal/jimage/ImageReader$SharedImageReader$LocationVisitor
instanceKlass java/nio/file/FileTreeWalker
instanceKlass java/nio/file/SimpleFileVisitor
instanceKlass java/nio/file/attribute/PosixFileAttributes
instanceKlass jdk/internal/jrtfs/SystemImage$2
instanceKlass jdk/nio/zipfs/ZipFileAttributes
instanceKlass  @bci jdk/internal/jrtfs/SystemImage <clinit> ()V 0 <appendix> argL0 ; # jdk/internal/jrtfs/SystemImage$$Lambda+0x000000009037dda8
instanceKlass jdk/nio/zipfs/ZipFileSystem$IndexNode
instanceKlass jdk/internal/jrtfs/SystemImage
instanceKlass jdk/internal/jrtfs/JrtPath
instanceKlass groovy/grape/GrapeIvy
instanceKlass groovy/grape/GrapeEngine
instanceKlass org/codehaus/groovy/vmplugin/v9/ClassFinder
instanceKlass  @bci org/codehaus/groovy/vmplugin/v9/Java9 getDefaultImportClasses ([Ljava/lang/String;)Ljava/util/Map; 200 <appendix> member <vmtarget> ; # org/codehaus/groovy/vmplugin/v9/Java9$$Lambda+0x000000009053b200
instanceKlass  @bci org/codehaus/groovy/vmplugin/v9/Java9 getDefaultImportClasses ([Ljava/lang/String;)Ljava/util/Map; 172 <appendix> member <vmtarget> ; # org/codehaus/groovy/vmplugin/v9/Java9$$Lambda+0x000000009053afd0
instanceKlass groovy/lang/GroovyClassLoader$1
instanceKlass org/codehaus/groovy/runtime/memoize/CommonCache
instanceKlass java/util/concurrent/locks/StampedLock$Node
instanceKlass java/util/concurrent/locks/StampedLock
instanceKlass org/codehaus/groovy/runtime/memoize/StampedCommonCache
instanceKlass org/codehaus/groovy/runtime/memoize/ValueConvertable
instanceKlass org/codehaus/groovy/control/CompilationUnit$IPrimaryClassNodeOperation
instanceKlass org/codehaus/groovy/control/CompilationUnit$PhaseOperation
instanceKlass org/codehaus/groovy/control/CompilationUnit$ClassgenCallback
instanceKlass groovy/lang/GroovyResourceLoader
instanceKlass org/codehaus/groovy/runtime/memoize/UnlimitedConcurrentCache
instanceKlass org/codehaus/groovy/runtime/memoize/EvictableCache
instanceKlass org/codehaus/groovy/control/ProcessingUnit
instanceKlass org/codehaus/groovy/control/messages/Message
instanceKlass org/codehaus/groovy/ast/stmt/LoopingStatement
instanceKlass org/codehaus/groovy/ast/CodeVisitorSupport
instanceKlass org/codehaus/groovy/ast/GroovyCodeVisitor
instanceKlass org/codehaus/groovy/ast/GroovyClassVisitor
instanceKlass org/codehaus/groovy/transform/ErrorCollecting
instanceKlass org/codehaus/groovy/ast/expr/ExpressionTransformer
instanceKlass org/codehaus/groovy/runtime/FormatHelper
instanceKlass groovy/transform/ImmutableOptions
instanceKlass org/apache/groovy/runtime/ObjectUtil
instanceKlass org/codehaus/groovy/ast/expr/MethodCall
instanceKlass org/apache/groovy/ast/tools/ImmutablePropertyUtils
instanceKlass java/net/UrlDeserializedState
instanceKlass io/restassured/internal/support/PathSupport
instanceKlass jdk/internal/ValueBased
instanceKlass  @bci org/codehaus/groovy/runtime/typehandling/NumberMathModificationInfo checkNumberOps (Ljava/lang/String;Ljava/lang/Class;)V 202 <appendix> member <vmtarget> ; # org/codehaus/groovy/runtime/typehandling/NumberMathModificationInfo$$Lambda+0x00000000905257c0
instanceKlass  @bci org/codehaus/groovy/runtime/typehandling/NumberMathModificationInfo checkNumberOps (Ljava/lang/String;Ljava/lang/Class;)V 196 <appendix> member <vmtarget> ; # org/codehaus/groovy/runtime/typehandling/NumberMathModificationInfo$$Lambda+0x0000000090525580
instanceKlass  @bci org/codehaus/groovy/runtime/typehandling/NumberMathModificationInfo checkNumberOps (Ljava/lang/String;Ljava/lang/Class;)V 190 <appendix> member <vmtarget> ; # org/codehaus/groovy/runtime/typehandling/NumberMathModificationInfo$$Lambda+0x0000000090525340
instanceKlass  @bci org/codehaus/groovy/runtime/typehandling/NumberMathModificationInfo checkNumberOps (Ljava/lang/String;Ljava/lang/Class;)V 184 <appendix> member <vmtarget> ; # org/codehaus/groovy/runtime/typehandling/NumberMathModificationInfo$$Lambda+0x0000000090525100
instanceKlass  @bci org/codehaus/groovy/runtime/typehandling/NumberMathModificationInfo checkNumberOps (Ljava/lang/String;Ljava/lang/Class;)V 178 <appendix> member <vmtarget> ; # org/codehaus/groovy/runtime/typehandling/NumberMathModificationInfo$$Lambda+0x0000000090524ec0
instanceKlass  @bci org/codehaus/groovy/runtime/typehandling/NumberMathModificationInfo checkNumberOps (Ljava/lang/String;Ljava/lang/Class;)V 172 <appendix> member <vmtarget> ; # org/codehaus/groovy/runtime/typehandling/NumberMathModificationInfo$$Lambda+0x0000000090524c80
instanceKlass  @bci org/codehaus/groovy/runtime/typehandling/NumberMathModificationInfo checkNumberOps (Ljava/lang/String;Ljava/lang/Class;)V 95 <appendix> member <vmtarget> ; # org/codehaus/groovy/runtime/typehandling/NumberMathModificationInfo$$Lambda+0x0000000090524a40
instanceKlass  @bci org/codehaus/groovy/runtime/typehandling/NumberMathModificationInfo checkNumberOps (Ljava/lang/String;Ljava/lang/Class;)V 89 <appendix> member <vmtarget> ; # org/codehaus/groovy/runtime/typehandling/NumberMathModificationInfo$$Lambda+0x0000000090524800
instanceKlass  @bci org/codehaus/groovy/runtime/typehandling/NumberMathModificationInfo checkNumberOps (Ljava/lang/String;Ljava/lang/Class;)V 83 <appendix> member <vmtarget> ; # org/codehaus/groovy/runtime/typehandling/NumberMathModificationInfo$$Lambda+0x00000000905245c0
instanceKlass  @bci org/codehaus/groovy/runtime/typehandling/NumberMathModificationInfo checkNumberOps (Ljava/lang/String;Ljava/lang/Class;)V 77 <appendix> member <vmtarget> ; # org/codehaus/groovy/runtime/typehandling/NumberMathModificationInfo$$Lambda+0x0000000090524380
instanceKlass  @bci org/codehaus/groovy/runtime/typehandling/NumberMathModificationInfo checkNumberOps (Ljava/lang/String;Ljava/lang/Class;)V 71 <appendix> member <vmtarget> ; # org/codehaus/groovy/runtime/typehandling/NumberMathModificationInfo$$Lambda+0x0000000090524140
instanceKlass  @bci org/codehaus/groovy/runtime/typehandling/NumberMathModificationInfo checkNumberOps (Ljava/lang/String;Ljava/lang/Class;)V 65 <appendix> member <vmtarget> ; # org/codehaus/groovy/runtime/typehandling/NumberMathModificationInfo$$Lambda+0x0000000090523f00
instanceKlass  @bci org/codehaus/groovy/runtime/typehandling/NumberMathModificationInfo checkNumberOps (Ljava/lang/String;Ljava/lang/Class;)V 148 <appendix> member <vmtarget> ; # org/codehaus/groovy/runtime/typehandling/NumberMathModificationInfo$$Lambda+0x0000000090523cc0
instanceKlass  @bci org/codehaus/groovy/runtime/typehandling/NumberMathModificationInfo checkNumberOps (Ljava/lang/String;Ljava/lang/Class;)V 142 <appendix> member <vmtarget> ; # org/codehaus/groovy/runtime/typehandling/NumberMathModificationInfo$$Lambda+0x0000000090523a80
instanceKlass  @bci org/codehaus/groovy/runtime/typehandling/NumberMathModificationInfo checkNumberOps (Ljava/lang/String;Ljava/lang/Class;)V 136 <appendix> member <vmtarget> ; # org/codehaus/groovy/runtime/typehandling/NumberMathModificationInfo$$Lambda+0x0000000090523840
instanceKlass  @bci org/codehaus/groovy/runtime/typehandling/NumberMathModificationInfo checkNumberOps (Ljava/lang/String;Ljava/lang/Class;)V 130 <appendix> member <vmtarget> ; # org/codehaus/groovy/runtime/typehandling/NumberMathModificationInfo$$Lambda+0x0000000090523600
instanceKlass  @bci org/codehaus/groovy/runtime/typehandling/NumberMathModificationInfo checkNumberOps (Ljava/lang/String;Ljava/lang/Class;)V 124 <appendix> member <vmtarget> ; # org/codehaus/groovy/runtime/typehandling/NumberMathModificationInfo$$Lambda+0x00000000905233c0
instanceKlass  @bci org/codehaus/groovy/runtime/typehandling/NumberMathModificationInfo checkNumberOps (Ljava/lang/String;Ljava/lang/Class;)V 118 <appendix> member <vmtarget> ; # org/codehaus/groovy/runtime/typehandling/NumberMathModificationInfo$$Lambda+0x0000000090523180
instanceKlass  @bci org/codehaus/groovy/runtime/typehandling/NumberMathModificationInfo checkNumberOps (Ljava/lang/String;Ljava/lang/Class;)V 42 <appendix> member <vmtarget> ; # org/codehaus/groovy/runtime/typehandling/NumberMathModificationInfo$$Lambda+0x0000000090522f40
instanceKlass  @bci org/codehaus/groovy/runtime/typehandling/NumberMathModificationInfo checkNumberOps (Ljava/lang/String;Ljava/lang/Class;)V 36 <appendix> member <vmtarget> ; # org/codehaus/groovy/runtime/typehandling/NumberMathModificationInfo$$Lambda+0x0000000090522d00
instanceKlass  @bci org/codehaus/groovy/runtime/typehandling/NumberMathModificationInfo checkNumberOps (Ljava/lang/String;Ljava/lang/Class;)V 30 <appendix> member <vmtarget> ; # org/codehaus/groovy/runtime/typehandling/NumberMathModificationInfo$$Lambda+0x0000000090522ac0
instanceKlass  @bci org/codehaus/groovy/runtime/typehandling/NumberMathModificationInfo checkNumberOps (Ljava/lang/String;Ljava/lang/Class;)V 24 <appendix> member <vmtarget> ; # org/codehaus/groovy/runtime/typehandling/NumberMathModificationInfo$$Lambda+0x0000000090522880
instanceKlass  @bci org/codehaus/groovy/runtime/typehandling/NumberMathModificationInfo checkNumberOps (Ljava/lang/String;Ljava/lang/Class;)V 18 <appendix> member <vmtarget> ; # org/codehaus/groovy/runtime/typehandling/NumberMathModificationInfo$$Lambda+0x0000000090522640
instanceKlass  @bci org/codehaus/groovy/runtime/typehandling/NumberMathModificationInfo checkNumberOps (Ljava/lang/String;Ljava/lang/Class;)V 12 <appendix> member <vmtarget> ; # org/codehaus/groovy/runtime/typehandling/NumberMathModificationInfo$$Lambda+0x0000000090522400
instanceKlass  @bci org/codehaus/groovy/runtime/typehandling/NumberMathModificationInfo checkNumberOps (Ljava/lang/String;Ljava/lang/Class;)V 364 <appendix> member <vmtarget> ; # org/codehaus/groovy/runtime/typehandling/NumberMathModificationInfo$$Lambda+0x00000000905221c0
instanceKlass  @bci org/codehaus/groovy/runtime/typehandling/NumberMathModificationInfo checkNumberOps (Ljava/lang/String;Ljava/lang/Class;)V 358 <appendix> member <vmtarget> ; # org/codehaus/groovy/runtime/typehandling/NumberMathModificationInfo$$Lambda+0x0000000090521f80
instanceKlass  @bci org/codehaus/groovy/runtime/typehandling/NumberMathModificationInfo checkNumberOps (Ljava/lang/String;Ljava/lang/Class;)V 352 <appendix> member <vmtarget> ; # org/codehaus/groovy/runtime/typehandling/NumberMathModificationInfo$$Lambda+0x0000000090521d40
instanceKlass  @bci org/codehaus/groovy/runtime/typehandling/NumberMathModificationInfo checkNumberOps (Ljava/lang/String;Ljava/lang/Class;)V 346 <appendix> member <vmtarget> ; # org/codehaus/groovy/runtime/typehandling/NumberMathModificationInfo$$Lambda+0x0000000090521b00
instanceKlass  @bci org/codehaus/groovy/runtime/typehandling/NumberMathModificationInfo checkNumberOps (Ljava/lang/String;Ljava/lang/Class;)V 340 <appendix> member <vmtarget> ; # org/codehaus/groovy/runtime/typehandling/NumberMathModificationInfo$$Lambda+0x00000000905218c0
instanceKlass  @bci org/codehaus/groovy/runtime/typehandling/NumberMathModificationInfo checkNumberOps (Ljava/lang/String;Ljava/lang/Class;)V 334 <appendix> member <vmtarget> ; # org/codehaus/groovy/runtime/typehandling/NumberMathModificationInfo$$Lambda+0x0000000090521680
instanceKlass  @bci org/codehaus/groovy/runtime/typehandling/NumberMathModificationInfo checkNumberOps (Ljava/lang/String;Ljava/lang/Class;)V 634 <appendix> member <vmtarget> ; # org/codehaus/groovy/runtime/typehandling/NumberMathModificationInfo$$Lambda+0x0000000090521440
instanceKlass  @bci org/codehaus/groovy/runtime/typehandling/NumberMathModificationInfo checkNumberOps (Ljava/lang/String;Ljava/lang/Class;)V 628 <appendix> member <vmtarget> ; # org/codehaus/groovy/runtime/typehandling/NumberMathModificationInfo$$Lambda+0x0000000090521200
instanceKlass  @bci org/codehaus/groovy/runtime/typehandling/NumberMathModificationInfo checkNumberOps (Ljava/lang/String;Ljava/lang/Class;)V 622 <appendix> member <vmtarget> ; # org/codehaus/groovy/runtime/typehandling/NumberMathModificationInfo$$Lambda+0x0000000090520fc0
instanceKlass  @bci org/codehaus/groovy/runtime/typehandling/NumberMathModificationInfo checkNumberOps (Ljava/lang/String;Ljava/lang/Class;)V 616 <appendix> member <vmtarget> ; # org/codehaus/groovy/runtime/typehandling/NumberMathModificationInfo$$Lambda+0x0000000090520d80
instanceKlass  @bci org/codehaus/groovy/runtime/typehandling/NumberMathModificationInfo checkNumberOps (Ljava/lang/String;Ljava/lang/Class;)V 610 <appendix> member <vmtarget> ; # org/codehaus/groovy/runtime/typehandling/NumberMathModificationInfo$$Lambda+0x0000000090520b40
instanceKlass  @bci org/codehaus/groovy/runtime/typehandling/NumberMathModificationInfo checkNumberOps (Ljava/lang/String;Ljava/lang/Class;)V 604 <appendix> member <vmtarget> ; # org/codehaus/groovy/runtime/typehandling/NumberMathModificationInfo$$Lambda+0x0000000090520900
instanceKlass  @bci org/codehaus/groovy/runtime/typehandling/NumberMathModificationInfo checkNumberOps (Ljava/lang/String;Ljava/lang/Class;)V 580 <appendix> member <vmtarget> ; # org/codehaus/groovy/runtime/typehandling/NumberMathModificationInfo$$Lambda+0x00000000905206c0
instanceKlass  @bci org/codehaus/groovy/runtime/typehandling/NumberMathModificationInfo checkNumberOps (Ljava/lang/String;Ljava/lang/Class;)V 574 <appendix> member <vmtarget> ; # org/codehaus/groovy/runtime/typehandling/NumberMathModificationInfo$$Lambda+0x0000000090520480
instanceKlass  @bci org/codehaus/groovy/runtime/typehandling/NumberMathModificationInfo checkNumberOps (Ljava/lang/String;Ljava/lang/Class;)V 568 <appendix> member <vmtarget> ; # org/codehaus/groovy/runtime/typehandling/NumberMathModificationInfo$$Lambda+0x0000000090520240
instanceKlass  @bci org/codehaus/groovy/runtime/typehandling/NumberMathModificationInfo checkNumberOps (Ljava/lang/String;Ljava/lang/Class;)V 562 <appendix> member <vmtarget> ; # org/codehaus/groovy/runtime/typehandling/NumberMathModificationInfo$$Lambda+0x0000000090520000
instanceKlass  @bci org/codehaus/groovy/runtime/typehandling/NumberMathModificationInfo checkNumberOps (Ljava/lang/String;Ljava/lang/Class;)V 556 <appendix> member <vmtarget> ; # org/codehaus/groovy/runtime/typehandling/NumberMathModificationInfo$$Lambda+0x000000009051d400
instanceKlass  @bci org/codehaus/groovy/runtime/typehandling/NumberMathModificationInfo checkNumberOps (Ljava/lang/String;Ljava/lang/Class;)V 550 <appendix> member <vmtarget> ; # org/codehaus/groovy/runtime/typehandling/NumberMathModificationInfo$$Lambda+0x000000009051dc80
instanceKlass  @bci org/codehaus/groovy/runtime/typehandling/NumberMathModificationInfo checkNumberOps (Ljava/lang/String;Ljava/lang/Class;)V 256 <appendix> member <vmtarget> ; # org/codehaus/groovy/runtime/typehandling/NumberMathModificationInfo$$Lambda+0x000000009051da40
instanceKlass  @bci org/codehaus/groovy/runtime/typehandling/NumberMathModificationInfo checkNumberOps (Ljava/lang/String;Ljava/lang/Class;)V 250 <appendix> member <vmtarget> ; # org/codehaus/groovy/runtime/typehandling/NumberMathModificationInfo$$Lambda+0x000000009051d800
instanceKlass  @bci org/codehaus/groovy/runtime/typehandling/NumberMathModificationInfo checkNumberOps (Ljava/lang/String;Ljava/lang/Class;)V 244 <appendix> member <vmtarget> ; # org/codehaus/groovy/runtime/typehandling/NumberMathModificationInfo$$Lambda+0x000000009051fd40
instanceKlass  @bci org/codehaus/groovy/runtime/typehandling/NumberMathModificationInfo checkNumberOps (Ljava/lang/String;Ljava/lang/Class;)V 238 <appendix> member <vmtarget> ; # org/codehaus/groovy/runtime/typehandling/NumberMathModificationInfo$$Lambda+0x000000009051fb00
instanceKlass  @bci org/codehaus/groovy/runtime/typehandling/NumberMathModificationInfo checkNumberOps (Ljava/lang/String;Ljava/lang/Class;)V 232 <appendix> member <vmtarget> ; # org/codehaus/groovy/runtime/typehandling/NumberMathModificationInfo$$Lambda+0x000000009051f8c0
instanceKlass  @bci org/codehaus/groovy/runtime/typehandling/NumberMathModificationInfo checkNumberOps (Ljava/lang/String;Ljava/lang/Class;)V 226 <appendix> member <vmtarget> ; # org/codehaus/groovy/runtime/typehandling/NumberMathModificationInfo$$Lambda+0x000000009051f680
instanceKlass  @bci org/codehaus/groovy/runtime/typehandling/NumberMathModificationInfo checkNumberOps (Ljava/lang/String;Ljava/lang/Class;)V 472 <appendix> member <vmtarget> ; # org/codehaus/groovy/runtime/typehandling/NumberMathModificationInfo$$Lambda+0x000000009051f440
instanceKlass  @bci org/codehaus/groovy/runtime/typehandling/NumberMathModificationInfo checkNumberOps (Ljava/lang/String;Ljava/lang/Class;)V 466 <appendix> member <vmtarget> ; # org/codehaus/groovy/runtime/typehandling/NumberMathModificationInfo$$Lambda+0x000000009051f200
instanceKlass  @bci org/codehaus/groovy/runtime/typehandling/NumberMathModificationInfo checkNumberOps (Ljava/lang/String;Ljava/lang/Class;)V 460 <appendix> member <vmtarget> ; # org/codehaus/groovy/runtime/typehandling/NumberMathModificationInfo$$Lambda+0x000000009051efc0
instanceKlass  @bci org/codehaus/groovy/runtime/typehandling/NumberMathModificationInfo checkNumberOps (Ljava/lang/String;Ljava/lang/Class;)V 454 <appendix> member <vmtarget> ; # org/codehaus/groovy/runtime/typehandling/NumberMathModificationInfo$$Lambda+0x000000009051ed80
instanceKlass  @bci org/codehaus/groovy/runtime/typehandling/NumberMathModificationInfo checkNumberOps (Ljava/lang/String;Ljava/lang/Class;)V 448 <appendix> member <vmtarget> ; # org/codehaus/groovy/runtime/typehandling/NumberMathModificationInfo$$Lambda+0x000000009051eb40
instanceKlass  @bci org/codehaus/groovy/runtime/typehandling/NumberMathModificationInfo checkNumberOps (Ljava/lang/String;Ljava/lang/Class;)V 442 <appendix> member <vmtarget> ; # org/codehaus/groovy/runtime/typehandling/NumberMathModificationInfo$$Lambda+0x000000009051e900
instanceKlass  @bci org/codehaus/groovy/runtime/typehandling/NumberMathModificationInfo checkNumberOps (Ljava/lang/String;Ljava/lang/Class;)V 526 <appendix> member <vmtarget> ; # org/codehaus/groovy/runtime/typehandling/NumberMathModificationInfo$$Lambda+0x000000009051e6c0
instanceKlass  @bci org/codehaus/groovy/runtime/typehandling/NumberMathModificationInfo checkNumberOps (Ljava/lang/String;Ljava/lang/Class;)V 520 <appendix> member <vmtarget> ; # org/codehaus/groovy/runtime/typehandling/NumberMathModificationInfo$$Lambda+0x000000009051e480
instanceKlass  @bci org/codehaus/groovy/runtime/typehandling/NumberMathModificationInfo checkNumberOps (Ljava/lang/String;Ljava/lang/Class;)V 514 <appendix> member <vmtarget> ; # org/codehaus/groovy/runtime/typehandling/NumberMathModificationInfo$$Lambda+0x000000009051e240
instanceKlass  @bci org/codehaus/groovy/runtime/typehandling/NumberMathModificationInfo checkNumberOps (Ljava/lang/String;Ljava/lang/Class;)V 508 <appendix> member <vmtarget> ; # org/codehaus/groovy/runtime/typehandling/NumberMathModificationInfo$$Lambda+0x000000009051e000
instanceKlass  @bci org/codehaus/groovy/runtime/typehandling/NumberMathModificationInfo checkNumberOps (Ljava/lang/String;Ljava/lang/Class;)V 502 <appendix> member <vmtarget> ; # org/codehaus/groovy/runtime/typehandling/NumberMathModificationInfo$$Lambda+0x0000000090517c70
instanceKlass  @bci org/codehaus/groovy/runtime/typehandling/NumberMathModificationInfo checkNumberOps (Ljava/lang/String;Ljava/lang/Class;)V 496 <appendix> member <vmtarget> ; # org/codehaus/groovy/runtime/typehandling/NumberMathModificationInfo$$Lambda+0x0000000090517a30
instanceKlass  @bci org/codehaus/groovy/runtime/typehandling/NumberMathModificationInfo checkNumberOps (Ljava/lang/String;Ljava/lang/Class;)V 418 <appendix> member <vmtarget> ; # org/codehaus/groovy/runtime/typehandling/NumberMathModificationInfo$$Lambda+0x00000000905177f0
instanceKlass  @bci org/codehaus/groovy/runtime/typehandling/NumberMathModificationInfo checkNumberOps (Ljava/lang/String;Ljava/lang/Class;)V 412 <appendix> member <vmtarget> ; # org/codehaus/groovy/runtime/typehandling/NumberMathModificationInfo$$Lambda+0x00000000905175b0
instanceKlass  @bci org/codehaus/groovy/runtime/typehandling/NumberMathModificationInfo checkNumberOps (Ljava/lang/String;Ljava/lang/Class;)V 406 <appendix> member <vmtarget> ; # org/codehaus/groovy/runtime/typehandling/NumberMathModificationInfo$$Lambda+0x0000000090517370
instanceKlass  @bci org/codehaus/groovy/runtime/typehandling/NumberMathModificationInfo checkNumberOps (Ljava/lang/String;Ljava/lang/Class;)V 400 <appendix> member <vmtarget> ; # org/codehaus/groovy/runtime/typehandling/NumberMathModificationInfo$$Lambda+0x0000000090517130
instanceKlass  @bci org/codehaus/groovy/runtime/typehandling/NumberMathModificationInfo checkNumberOps (Ljava/lang/String;Ljava/lang/Class;)V 394 <appendix> member <vmtarget> ; # org/codehaus/groovy/runtime/typehandling/NumberMathModificationInfo$$Lambda+0x0000000090516ef0
instanceKlass  @bci org/codehaus/groovy/runtime/typehandling/NumberMathModificationInfo checkNumberOps (Ljava/lang/String;Ljava/lang/Class;)V 388 <appendix> member <vmtarget> ; # org/codehaus/groovy/runtime/typehandling/NumberMathModificationInfo$$Lambda+0x0000000090516cb0
instanceKlass  @bci org/codehaus/groovy/runtime/typehandling/NumberMathModificationInfo checkNumberOps (Ljava/lang/String;Ljava/lang/Class;)V 310 <appendix> member <vmtarget> ; # org/codehaus/groovy/runtime/typehandling/NumberMathModificationInfo$$Lambda+0x0000000090516a70
instanceKlass  @bci org/codehaus/groovy/runtime/typehandling/NumberMathModificationInfo checkNumberOps (Ljava/lang/String;Ljava/lang/Class;)V 304 <appendix> member <vmtarget> ; # org/codehaus/groovy/runtime/typehandling/NumberMathModificationInfo$$Lambda+0x0000000090516830
instanceKlass  @bci org/codehaus/groovy/runtime/typehandling/NumberMathModificationInfo checkNumberOps (Ljava/lang/String;Ljava/lang/Class;)V 298 <appendix> member <vmtarget> ; # org/codehaus/groovy/runtime/typehandling/NumberMathModificationInfo$$Lambda+0x00000000905165f0
instanceKlass  @bci org/codehaus/groovy/runtime/typehandling/NumberMathModificationInfo checkNumberOps (Ljava/lang/String;Ljava/lang/Class;)V 292 <appendix> member <vmtarget> ; # org/codehaus/groovy/runtime/typehandling/NumberMathModificationInfo$$Lambda+0x00000000905163b0
instanceKlass  @bci org/codehaus/groovy/runtime/typehandling/NumberMathModificationInfo checkNumberOps (Ljava/lang/String;Ljava/lang/Class;)V 286 <appendix> member <vmtarget> ; # org/codehaus/groovy/runtime/typehandling/NumberMathModificationInfo$$Lambda+0x0000000090516170
instanceKlass  @bci org/codehaus/groovy/runtime/typehandling/NumberMathModificationInfo checkNumberOps (Ljava/lang/String;Ljava/lang/Class;)V 280 <appendix> member <vmtarget> ; # org/codehaus/groovy/runtime/typehandling/NumberMathModificationInfo$$Lambda+0x0000000090515f30
instanceKlass org/codehaus/groovy/runtime/typehandling/NumberMathModificationInfo
# instanceKlass java/lang/invoke/LambdaForm$MH+0x000000009051d000
# instanceKlass java/lang/invoke/LambdaForm$MH+0x000000009051cc00
# instanceKlass java/lang/invoke/LambdaForm$MH+0x000000009051c800
# instanceKlass java/lang/invoke/LambdaForm$MH+0x000000009051c400
# instanceKlass java/lang/invoke/LambdaForm$DMH+0x000000009051c000
# instanceKlass java/lang/invoke/LambdaForm$MH+0x000000009051a400
# instanceKlass java/lang/invoke/LambdaForm$MH+0x000000009051a000
# instanceKlass java/lang/invoke/LambdaForm$MH+0x000000009050dc00
instanceKlass io/restassured/internal/filter/SendRequestFilter
instanceKlass io/restassured/filter/time/TimingFilter
instanceKlass groovy/util/ClosureComparator
instanceKlass io/restassured/filter/log/StatusCodeBasedLoggingFilter
instanceKlass io/restassured/internal/filter/CsrfFilter
instanceKlass io/restassured/authentication/FormAuthScheme
# instanceKlass java/lang/invoke/LambdaForm$MH+0x000000009050d800
# instanceKlass java/lang/invoke/LambdaForm$MH+0x000000009050cc00
# instanceKlass java/lang/invoke/LambdaForm$DMH+0x000000009050c800
instanceKlass com/fasterxml/jackson/annotation/JsonFilter
instanceKlass com/fasterxml/jackson/annotation/JsonIncludeProperties
instanceKlass com/fasterxml/jackson/annotation/JsonIgnoreProperties
instanceKlass com/fasterxml/jackson/databind/annotation/JsonAppend
instanceKlass com/fasterxml/jackson/databind/ser/impl/PropertySerializerMap
instanceKlass com/fasterxml/jackson/databind/introspect/POJOPropertyBuilder$1
instanceKlass com/fasterxml/jackson/databind/ser/PropertyBuilder$1
instanceKlass com/fasterxml/jackson/databind/annotation/JsonTypeResolver
instanceKlass com/fasterxml/jackson/databind/BeanProperty$Std
instanceKlass com/fasterxml/jackson/databind/introspect/POJOPropertyBuilder$2
instanceKlass com/fasterxml/jackson/annotation/JsonTypeId
instanceKlass com/fasterxml/jackson/databind/introspect/POJOPropertyBuilder$3
instanceKlass com/fasterxml/jackson/databind/ser/PropertyBuilder
instanceKlass com/fasterxml/jackson/annotation/JsonIgnoreType
instanceKlass com/fasterxml/jackson/databind/ser/BeanSerializerBuilder
instanceKlass com/fasterxml/jackson/databind/util/BeanUtil
instanceKlass com/fasterxml/jackson/databind/ext/Java7Handlers
instanceKlass com/fasterxml/jackson/databind/ext/OptionalHandlerFactory
instanceKlass com/fasterxml/jackson/databind/PropertyMetadata
instanceKlass com/fasterxml/jackson/annotation/JsonPropertyDescription
instanceKlass com/fasterxml/jackson/annotation/JsonPropertyOrder
instanceKlass com/fasterxml/jackson/databind/annotation/JsonNaming
instanceKlass com/fasterxml/jackson/annotation/JacksonInject
instanceKlass com/fasterxml/jackson/databind/introspect/POJOPropertyBuilder$6
instanceKlass com/fasterxml/jackson/databind/introspect/POJOPropertyBuilder$5
instanceKlass com/fasterxml/jackson/annotation/JsonCreator
instanceKlass com/fasterxml/jackson/annotation/JsonSetter
instanceKlass com/fasterxml/jackson/databind/introspect/AnnotatedMethodMap
instanceKlass com/fasterxml/jackson/databind/introspect/AnnotatedMethodCollector$MethodBuilder
instanceKlass com/fasterxml/jackson/databind/introspect/MemberKey
instanceKlass com/fasterxml/jackson/databind/introspect/POJOPropertyBuilder$Linked
instanceKlass com/fasterxml/jackson/databind/introspect/POJOPropertyBuilder$WithMember
instanceKlass com/fasterxml/jackson/annotation/JsonIgnore
instanceKlass com/fasterxml/jackson/annotation/JsonAutoDetect$1
instanceKlass com/fasterxml/jackson/annotation/JsonGetter
instanceKlass com/fasterxml/jackson/annotation/JsonAnySetter
instanceKlass com/fasterxml/jackson/annotation/JsonAnyGetter
instanceKlass com/fasterxml/jackson/annotation/JsonValue
instanceKlass com/fasterxml/jackson/annotation/JsonKey
instanceKlass com/fasterxml/jackson/databind/introspect/AnnotatedFieldCollector$FieldBuilder
instanceKlass com/fasterxml/jackson/databind/introspect/TypeResolutionContext$Basic
instanceKlass com/fasterxml/jackson/databind/introspect/AnnotationMap
instanceKlass com/fasterxml/jackson/databind/introspect/CollectorBase
instanceKlass com/fasterxml/jackson/databind/introspect/PotentialCreators
instanceKlass com/fasterxml/jackson/databind/util/ArrayIterator
instanceKlass com/fasterxml/jackson/annotation/JsonIdentityInfo
instanceKlass com/fasterxml/jackson/databind/introspect/POJOPropertiesCollector
instanceKlass com/fasterxml/jackson/databind/introspect/AnnotationCollector$OneAnnotation
instanceKlass com/fasterxml/jackson/annotation/JacksonAnnotationsInside
instanceKlass com/fasterxml/jackson/databind/util/internal/PrivateMaxEntriesMap$AddTask
instanceKlass com/fasterxml/jackson/databind/util/internal/PrivateMaxEntriesMap$WeightedValue
instanceKlass com/fasterxml/jackson/databind/type/ClassStack
instanceKlass com/fasterxml/jackson/databind/util/internal/PrivateMaxEntriesMap$EntryIterator
instanceKlass  @bci com/fasterxml/jackson/databind/ser/impl/ReadOnlyClassToSerializerMap <init> (Lcom/fasterxml/jackson/databind/util/LookupCache;)V 38 <appendix> member <vmtarget> ; # com/fasterxml/jackson/databind/ser/impl/ReadOnlyClassToSerializerMap$$Lambda+0x00000000904fe840
instanceKlass com/fasterxml/jackson/databind/util/TypeKey
instanceKlass com/fasterxml/jackson/databind/ser/impl/ReadOnlyClassToSerializerMap$Bucket
instanceKlass com/fasterxml/jackson/databind/ser/impl/ReadOnlyClassToSerializerMap
instanceKlass com/fasterxml/jackson/core/util/TextBuffer
instanceKlass com/fasterxml/jackson/core/util/BufferRecyclers
instanceKlass com/fasterxml/jackson/core/FormatFeature
instanceKlass com/fasterxml/jackson/core/util/BufferRecycler
instanceKlass com/fasterxml/jackson/core/io/ContentReference
instanceKlass com/fasterxml/jackson/core/io/OutputDecorator
instanceKlass com/fasterxml/jackson/core/io/InputDecorator
instanceKlass com/fasterxml/jackson/core/io/IOContext
instanceKlass com/fasterxml/jackson/core/format/InputAccessor
instanceKlass com/fasterxml/jackson/databind/introspect/PotentialCreator
instanceKlass com/fasterxml/jackson/annotation/JsonIgnoreProperties$Value
instanceKlass com/fasterxml/jackson/databind/AnnotationIntrospector$ReferenceProperty
instanceKlass com/fasterxml/jackson/annotation/JacksonInject$Value
instanceKlass com/fasterxml/jackson/databind/annotation/JsonPOJOBuilder$Value
instanceKlass com/fasterxml/jackson/annotation/JsonIncludeProperties$Value
instanceKlass com/fasterxml/jackson/databind/util/NameTransformer
instanceKlass com/fasterxml/jackson/databind/jsontype/TypeDeserializer
instanceKlass com/fasterxml/jackson/annotation/JsonTypeInfo$Value
instanceKlass com/fasterxml/jackson/databind/deser/ValueInstantiator
instanceKlass com/fasterxml/jackson/databind/jsontype/TypeIdResolver
instanceKlass com/fasterxml/jackson/databind/PropertyName
instanceKlass com/fasterxml/jackson/databind/ser/impl/WritableObjectId
instanceKlass com/fasterxml/jackson/databind/util/Converter
instanceKlass com/fasterxml/jackson/annotation/ObjectIdResolver
instanceKlass com/fasterxml/jackson/databind/introspect/ObjectIdInfo
instanceKlass sun/reflect/generics/tree/ByteSignature
instanceKlass com/fasterxml/jackson/databind/jsonFormatVisitors/JsonBooleanFormatVisitor
instanceKlass com/fasterxml/jackson/databind/jsonFormatVisitors/JsonMapFormatVisitor
instanceKlass com/fasterxml/jackson/databind/jsonFormatVisitors/JsonNullFormatVisitor
instanceKlass com/fasterxml/jackson/databind/jsonFormatVisitors/JsonObjectFormatVisitor
instanceKlass com/fasterxml/jackson/databind/jsonFormatVisitors/JsonAnyFormatVisitor
instanceKlass com/fasterxml/jackson/databind/jsonFormatVisitors/JsonArrayFormatVisitor
instanceKlass com/fasterxml/jackson/databind/jsonFormatVisitors/JsonNumberFormatVisitor
instanceKlass com/fasterxml/jackson/databind/jsonFormatVisitors/JsonIntegerFormatVisitor
instanceKlass com/fasterxml/jackson/databind/jsonFormatVisitors/JsonStringFormatVisitor
instanceKlass com/fasterxml/jackson/databind/jsonFormatVisitors/JsonValueFormatVisitor
instanceKlass com/fasterxml/jackson/annotation/JsonAutoDetect
instanceKlass com/fasterxml/jackson/databind/jsontype/TypeSerializer
instanceKlass com/fasterxml/jackson/databind/ser/BeanPropertyFilter
instanceKlass com/fasterxml/jackson/databind/ser/PropertyFilter
instanceKlass java/text/AttributedCharacterIterator
instanceKlass com/fasterxml/jackson/databind/jsonFormatVisitors/JsonFormatVisitorWrapper
instanceKlass com/fasterxml/jackson/databind/jsonFormatVisitors/JsonFormatVisitorWithSerializerProvider
instanceKlass com/fasterxml/jackson/databind/EnumNamingStrategy
instanceKlass com/fasterxml/jackson/databind/PropertyNamingStrategy
instanceKlass com/fasterxml/jackson/annotation/JsonAutoDetect$Value
instanceKlass com/fasterxml/jackson/databind/jsontype/NamedType
instanceKlass com/fasterxml/jackson/databind/jsonschema/JsonSchema
instanceKlass com/fasterxml/jackson/databind/cfg/ConstructorDetector
instanceKlass com/fasterxml/jackson/databind/cfg/HandlerInstantiator
instanceKlass com/fasterxml/jackson/databind/MappingIterator
instanceKlass com/fasterxml/jackson/databind/deser/DeserializationProblemHandler
instanceKlass com/fasterxml/jackson/databind/ser/FilterProvider
instanceKlass com/fasterxml/jackson/databind/ObjectWriter
instanceKlass com/fasterxml/jackson/databind/InjectableValues
instanceKlass com/fasterxml/jackson/core/io/CharacterEscapes
instanceKlass com/fasterxml/jackson/core/type/WritableTypeId
instanceKlass com/fasterxml/jackson/core/JsonPointer
instanceKlass com/fasterxml/jackson/core/util/RequestPayload
instanceKlass com/fasterxml/jackson/core/JsonStreamContext
instanceKlass com/fasterxml/jackson/core/util/JacksonFeatureSet
instanceKlass com/fasterxml/jackson/core/JsonLocation
instanceKlass com/fasterxml/jackson/core/FormatSchema
instanceKlass com/fasterxml/jackson/core/type/TypeReference
instanceKlass com/fasterxml/jackson/core/Version
instanceKlass com/fasterxml/jackson/databind/Module
instanceKlass com/fasterxml/jackson/databind/ser/BeanSerializerModifier
instanceKlass com/fasterxml/jackson/databind/ser/Serializers
instanceKlass com/fasterxml/jackson/databind/cfg/SerializerFactoryConfig
instanceKlass com/fasterxml/jackson/databind/ser/std/StdJdkSerializers
instanceKlass com/fasterxml/jackson/databind/ser/std/NumberSerializers
instanceKlass com/fasterxml/jackson/databind/deser/DeserializerCache
instanceKlass com/fasterxml/jackson/databind/KeyDeserializer
instanceKlass com/fasterxml/jackson/databind/deser/std/StdKeyDeserializers
instanceKlass com/fasterxml/jackson/databind/deser/KeyDeserializers
instanceKlass com/fasterxml/jackson/databind/deser/ValueInstantiators
instanceKlass com/fasterxml/jackson/databind/AbstractTypeResolver
instanceKlass com/fasterxml/jackson/databind/deser/BeanDeserializerModifier
instanceKlass com/fasterxml/jackson/databind/cfg/DeserializerFactoryConfig
instanceKlass com/fasterxml/jackson/databind/deser/Deserializers
instanceKlass com/fasterxml/jackson/annotation/ObjectIdGenerator
instanceKlass com/fasterxml/jackson/databind/deser/ResolvableDeserializer
instanceKlass com/fasterxml/jackson/databind/deser/ValueInstantiator$Gettable
instanceKlass com/fasterxml/jackson/databind/deser/ContextualDeserializer
instanceKlass com/fasterxml/jackson/databind/JsonDeserializer
instanceKlass com/fasterxml/jackson/databind/deser/NullValueProvider
instanceKlass com/fasterxml/jackson/databind/ser/SerializerCache
instanceKlass com/fasterxml/jackson/databind/ser/ResolvableSerializer
instanceKlass com/fasterxml/jackson/databind/ser/ContextualSerializer
instanceKlass com/fasterxml/jackson/databind/jsonschema/SchemaAware
instanceKlass com/fasterxml/jackson/databind/JsonSerializer
instanceKlass com/fasterxml/jackson/databind/jsonFormatVisitors/JsonFormatVisitable
instanceKlass com/fasterxml/jackson/databind/node/JsonNodeFactory
instanceKlass com/fasterxml/jackson/databind/node/JsonNodeCreator
instanceKlass com/fasterxml/jackson/databind/cfg/ContextAttributes
instanceKlass com/fasterxml/jackson/databind/cfg/DatatypeFeature
instanceKlass com/fasterxml/jackson/databind/cfg/DatatypeFeatures$DefaultHolder
instanceKlass com/fasterxml/jackson/databind/cfg/DatatypeFeatures
instanceKlass com/fasterxml/jackson/core/util/DefaultPrettyPrinter$NopIndenter
instanceKlass com/fasterxml/jackson/core/util/Separators
instanceKlass com/fasterxml/jackson/core/util/DefaultPrettyPrinter$Indenter
instanceKlass com/fasterxml/jackson/core/util/DefaultPrettyPrinter
instanceKlass com/fasterxml/jackson/core/util/Instantiatable
instanceKlass com/fasterxml/jackson/databind/cfg/ConfigFeature
instanceKlass com/fasterxml/jackson/databind/cfg/ConfigOverride
instanceKlass com/fasterxml/jackson/annotation/JsonFormat$Features
instanceKlass com/fasterxml/jackson/annotation/JsonFormat$Value
instanceKlass com/fasterxml/jackson/core/PrettyPrinter
instanceKlass com/fasterxml/jackson/databind/cfg/CoercionConfig
instanceKlass com/fasterxml/jackson/databind/cfg/CoercionConfigs
instanceKlass com/fasterxml/jackson/databind/introspect/VisibilityChecker$Std
instanceKlass com/fasterxml/jackson/annotation/JsonSetter$Value
instanceKlass com/fasterxml/jackson/annotation/JsonInclude$Value
instanceKlass com/fasterxml/jackson/annotation/JacksonAnnotationValue
instanceKlass com/fasterxml/jackson/databind/cfg/ConfigOverrides
instanceKlass com/fasterxml/jackson/databind/introspect/AnnotatedClass$Creators
instanceKlass com/fasterxml/jackson/databind/introspect/AnnotationCollector$NoAnnotations
instanceKlass com/fasterxml/jackson/databind/util/Annotations
instanceKlass com/fasterxml/jackson/databind/introspect/AnnotationCollector
instanceKlass com/fasterxml/jackson/databind/introspect/AnnotatedClassResolver
instanceKlass com/fasterxml/jackson/databind/BeanDescription
instanceKlass com/fasterxml/jackson/databind/cfg/MapperConfig
instanceKlass com/fasterxml/jackson/databind/introspect/SimpleMixInResolver
instanceKlass com/fasterxml/jackson/databind/introspect/ClassIntrospector$MixInResolver
instanceKlass com/fasterxml/jackson/databind/util/RootNameLookup
instanceKlass com/fasterxml/jackson/core/sym/CharsToNameCanonicalizer$Bucket
instanceKlass com/fasterxml/jackson/core/sym/CharsToNameCanonicalizer$TableInfo
instanceKlass com/fasterxml/jackson/core/sym/CharsToNameCanonicalizer
instanceKlass com/fasterxml/jackson/core/ErrorReportConfiguration
instanceKlass com/fasterxml/jackson/core/StreamWriteConstraints
instanceKlass com/fasterxml/jackson/core/StreamReadConstraints
instanceKlass com/fasterxml/jackson/core/util/RecyclerPool$WithPool
instanceKlass com/fasterxml/jackson/core/util/RecyclerPool$ThreadLocalPoolBase
instanceKlass com/fasterxml/jackson/core/util/RecyclerPool
instanceKlass com/fasterxml/jackson/core/util/JsonRecyclerPools
instanceKlass com/fasterxml/jackson/core/sym/ByteQuadsCanonicalizer$TableInfo
instanceKlass com/fasterxml/jackson/core/sym/ByteQuadsCanonicalizer
instanceKlass com/fasterxml/jackson/core/io/CharTypes
instanceKlass com/fasterxml/jackson/core/io/JsonStringEncoder
instanceKlass com/fasterxml/jackson/core/io/SerializedString
instanceKlass com/fasterxml/jackson/core/util/JacksonFeature
instanceKlass com/fasterxml/jackson/core/async/ByteBufferFeeder
instanceKlass com/fasterxml/jackson/core/async/ByteArrayFeeder
instanceKlass com/fasterxml/jackson/core/async/NonBlockingInputFeeder
instanceKlass com/fasterxml/jackson/core/TSFBuilder
instanceKlass com/fasterxml/jackson/core/SerializableString
instanceKlass com/fasterxml/jackson/databind/cfg/DefaultCacheProvider
instanceKlass com/fasterxml/jackson/databind/cfg/CacheProvider
instanceKlass com/fasterxml/jackson/databind/introspect/AccessorNamingStrategy
instanceKlass com/fasterxml/jackson/core/Base64Variant
instanceKlass com/fasterxml/jackson/core/Base64Variants
instanceKlass com/fasterxml/jackson/databind/type/TypeBindings
instanceKlass com/fasterxml/jackson/databind/type/TypeParser
instanceKlass com/fasterxml/jackson/databind/type/TypeFactory
instanceKlass com/fasterxml/jackson/databind/cfg/BaseSettings
instanceKlass com/fasterxml/jackson/databind/util/internal/Linked
instanceKlass com/fasterxml/jackson/databind/util/internal/PrivateMaxEntriesMap$Builder
instanceKlass com/fasterxml/jackson/databind/util/LRUMap
instanceKlass com/fasterxml/jackson/databind/util/LookupCache
instanceKlass com/fasterxml/jackson/databind/util/ClassUtil$Ctor
instanceKlass com/fasterxml/jackson/databind/util/ClassUtil
instanceKlass com/fasterxml/jackson/databind/ext/Java7Support
instanceKlass com/fasterxml/jackson/annotation/JsonMerge
instanceKlass com/fasterxml/jackson/databind/annotation/JsonDeserialize
instanceKlass com/fasterxml/jackson/annotation/JsonManagedReference
instanceKlass com/fasterxml/jackson/annotation/JsonBackReference
instanceKlass com/fasterxml/jackson/annotation/JsonUnwrapped
instanceKlass com/fasterxml/jackson/annotation/JsonRawValue
instanceKlass com/fasterxml/jackson/annotation/JsonTypeInfo
instanceKlass com/fasterxml/jackson/annotation/JsonFormat
instanceKlass com/fasterxml/jackson/annotation/JsonView
instanceKlass com/fasterxml/jackson/databind/annotation/JsonSerialize
instanceKlass com/fasterxml/jackson/databind/introspect/ConcreteBeanPropertyBase
instanceKlass com/fasterxml/jackson/databind/BeanProperty
instanceKlass com/fasterxml/jackson/databind/introspect/BeanPropertyDefinition
instanceKlass com/fasterxml/jackson/databind/util/Named
instanceKlass com/fasterxml/jackson/databind/introspect/TypeResolutionContext
instanceKlass com/fasterxml/jackson/databind/introspect/Annotated
instanceKlass com/fasterxml/jackson/databind/Module$SetupContext
instanceKlass com/fasterxml/jackson/databind/introspect/ClassIntrospector
instanceKlass com/fasterxml/jackson/databind/introspect/VisibilityChecker
instanceKlass com/fasterxml/jackson/core/type/ResolvedType
instanceKlass com/fasterxml/jackson/core/util/BufferRecycler$Gettable
instanceKlass com/fasterxml/jackson/core/JsonParser
instanceKlass com/fasterxml/jackson/databind/jsontype/TypeResolverBuilder
instanceKlass com/fasterxml/jackson/databind/JsonSerializable$Base
instanceKlass com/fasterxml/jackson/databind/JsonSerializable
instanceKlass com/fasterxml/jackson/core/TreeNode
instanceKlass com/fasterxml/jackson/databind/jsontype/PolymorphicTypeValidator
instanceKlass com/fasterxml/jackson/databind/introspect/AccessorNamingStrategy$Provider
instanceKlass com/fasterxml/jackson/databind/AnnotationIntrospector
instanceKlass com/fasterxml/jackson/databind/ser/SerializerFactory
instanceKlass com/fasterxml/jackson/databind/deser/DeserializerFactory
instanceKlass com/fasterxml/jackson/databind/DatabindContext
instanceKlass com/fasterxml/jackson/databind/jsontype/SubtypeResolver
instanceKlass com/fasterxml/jackson/core/TokenStreamFactory
# instanceKlass java/lang/invoke/LambdaForm$MH+0x0000000090498800
# instanceKlass java/lang/invoke/LambdaForm$MH+0x0000000090498400
# instanceKlass java/lang/invoke/LambdaForm$MH+0x0000000090498000
instanceKlass com/fasterxml/jackson/annotation/JsonProperty
instanceKlass com/fasterxml/jackson/annotation/JacksonAnnotation
instanceKlass com/fasterxml/jackson/annotation/JsonInclude
instanceKlass io/restassured/internal/path/json/mapping/JsonPathJackson2ObjectDeserializer
instanceKlass io/restassured/path/json/mapping/JsonPathObjectDeserializer
instanceKlass io/restassured/common/mapper/DataToDeserialize
instanceKlass io/restassured/internal/mapping/Jackson2Mapper
# instanceKlass java/lang/invoke/LambdaForm$MH+0x0000000090490400
# instanceKlass java/lang/invoke/LambdaForm$MH+0x0000000090490000
# instanceKlass java/lang/invoke/LambdaForm$MH+0x0000000090483400
instanceKlass io/restassured/internal/mapping/ObjectMapperSerializationContextImpl
instanceKlass sun/reflect/generics/tree/CharSignature
instanceKlass io/restassured/internal/http/ContentTypeSubTypeExtractor
instanceKlass io/restassured/internal/http/CharsetExtractor
instanceKlass io/restassured/internal/mapping/ObjectMapping
# instanceKlass java/lang/invoke/LambdaForm$MH+0x0000000090483000
instanceKlass io/restassured/authentication/ExplicitNoAuthScheme
# instanceKlass java/lang/invoke/LambdaForm$MH+0x0000000090481400
# instanceKlass java/lang/invoke/LambdaForm$MH+0x0000000090481000
# instanceKlass java/lang/invoke/LambdaForm$MH+0x000000009047bc00
instanceKlass  @bci jdk/internal/reflect/MethodHandleIntegerFieldAccessorImpl setInt (Ljava/lang/Object;I)V 41 <adapter> ; # java/lang/invoke/LambdaForm$MH+0x000000009047b800
instanceKlass io/restassured/internal/SpecificationMerger
instanceKlass org/codehaus/groovy/runtime/callsite/BooleanReturningMethodInvoker
# instanceKlass java/lang/invoke/LambdaForm$MH+0x0000000090478400
# instanceKlass java/lang/invoke/LambdaForm$DMH+0x0000000090478000
instanceKlass  @bci org/codehaus/groovy/runtime/metaclass/ClosureMetaClass assignMethodChooser ()V 138 <appendix> member <vmtarget> ; # org/codehaus/groovy/runtime/metaclass/ClosureMetaClass$$Lambda+0x0000000090476868
instanceKlass org/codehaus/groovy/runtime/metaclass/ClosureMetaClass$StandardClosureChooser
instanceKlass org/codehaus/groovy/runtime/metaclass/ClosureMetaClass$MethodChooser
instanceKlass org/codehaus/groovy/runtime/callsite/BooleanClosureWrapper
instanceKlass com/sun/beans/finder/FinderUtils
instanceKlass com/sun/beans/finder/AbstractFinder
# instanceKlass java/lang/invoke/LambdaForm$MH+0x0000000090473c00
instanceKlass io/restassured/internal/serialization/SerializationSupport
# instanceKlass java/lang/invoke/LambdaForm$MH+0x0000000090473800
# instanceKlass java/lang/invoke/LambdaForm$MH+0x0000000090472c00
# instanceKlass java/lang/invoke/LambdaForm$MH+0x0000000090472800
# instanceKlass java/lang/invoke/LambdaForm$MH+0x0000000090472400
# instanceKlass java/lang/invoke/LambdaForm$DMH+0x0000000090472000
instanceKlass QAcart/Testing_APIs/Base/Specs
# instanceKlass java/lang/invoke/LambdaForm$MH+0x0000000090470c00
# instanceKlass java/lang/invoke/LambdaForm$MH+0x0000000090470800
# instanceKlass java/lang/invoke/LambdaForm$MH+0x0000000090470400
# instanceKlass java/lang/invoke/LambdaForm$MH+0x0000000090470000
instanceKlass  @bci jdk/internal/reflect/DirectMethodHandleAccessor invokeImpl (Ljava/lang/Object;[Ljava/lang/Object;)Ljava/lang/Object; 92 <adapter> ; # java/lang/invoke/LambdaForm$MH+0x000000009046b400
# instanceKlass java/lang/invoke/LambdaForm$MH+0x000000009046b000
# instanceKlass java/lang/invoke/LambdaForm$MH+0x000000009046ac00
# instanceKlass java/lang/invoke/LambdaForm$MH+0x000000009046a800
instanceKlass org/hamcrest/Description
# instanceKlass java/lang/invoke/LambdaForm$MH+0x000000009046a400
# instanceKlass java/lang/invoke/LambdaForm$MH+0x000000009046a000
instanceKlass io/restassured/internal/ResponseSpecificationImpl$HamcrestAssertionClosure
instanceKlass io/restassured/internal/assertion/BodyMatcher
instanceKlass io/restassured/internal/assertion/BodyMatcherGroup
instanceKlass io/restassured/internal/ResponseSpecificationImpl
instanceKlass  @bci jdk/internal/reflect/MethodHandleIntegerFieldAccessorImpl getInt (Ljava/lang/Object;)I 11 <adapter> ; # java/lang/invoke/LambdaForm$MH+0x0000000090469c00
instanceKlass io/restassured/specification/Argument
instanceKlass io/restassured/authentication/PreemptiveAuthProvider
instanceKlass io/restassured/authentication/CertificateAuthSettings
instanceKlass io/restassured/authentication/FormAuthConfig
# instanceKlass java/lang/invoke/LambdaForm$MH+0x0000000090469800
# instanceKlass java/lang/invoke/LambdaForm$MH+0x0000000090469400
# instanceKlass java/lang/invoke/LambdaForm$MH+0x0000000090469000
instanceKlass  @cpi org/codehaus/groovy/runtime/metaclass/ClosureMetaClass 457 form vmentry <vmtarget> ; # java/lang/invoke/LambdaForm$DMH+0x0000000090468c00
instanceKlass java/lang/invoke/MethodHandles$1
instanceKlass sun/invoke/util/ValueConversions$1
# instanceKlass java/lang/invoke/LambdaForm$DMH+0x0000000090468800
instanceKlass org/codehaus/groovy/reflection/AccessPermissionChecker
instanceKlass io/restassured/internal/NoParameterValue
instanceKlass io/restassured/mapper/ObjectMapperSerializationContext
instanceKlass io/restassured/mapper/ObjectMapperDeserializationContext
instanceKlass io/restassured/common/mapper/ObjectDeserializationContext
instanceKlass io/restassured/filter/FilterContext
instanceKlass io/restassured/specification/FilterableResponseSpecification
instanceKlass io/restassured/internal/RequestSpecificationImpl$1
instanceKlass io/restassured/internal/support/ParameterUpdater$Serializer
instanceKlass io/restassured/internal/support/ParameterUpdater
instanceKlass io/restassured/internal/MultiValueEntity
instanceKlass  @bci org/codehaus/groovy/reflection/ReflectionUtils makeAccessibleInPrivilegedAction (Ljava/lang/reflect/AccessibleObject;)Ljava/util/Optional; 1 <appendix> member <vmtarget> ; # org/codehaus/groovy/reflection/ReflectionUtils$$Lambda+0x0000000090462fc8
instanceKlass  @bci org/codehaus/groovy/ast/ClassHelper <clinit> ()V 1327 <appendix> argL0 ; # org/codehaus/groovy/ast/ClassHelper$$Lambda+0x0000000090461330
instanceKlass java/lang/Override
instanceKlass groovy/transform/Sealed
instanceKlass java/lang/invoke/SerializedLambda
instanceKlass  @bci org/codehaus/groovy/ast/ClassNode <init> (Ljava/lang/String;ILorg/codehaus/groovy/ast/ClassNode;[Lorg/codehaus/groovy/ast/ClassNode;[Lorg/codehaus/groovy/ast/MixinNode;)V 107 <appendix> argL0 ; # org/codehaus/groovy/ast/ClassNode$$Lambda+0x0000000090460c30
instanceKlass org/apache/groovy/util/concurrent/ConcurrentReferenceHashMap$KeyReference
instanceKlass org/codehaus/groovy/ast/ClassNode$MapOfLists
instanceKlass org/apache/groovy/util/concurrent/ConcurrentReferenceHashMap$HashEntry
instanceKlass org/codehaus/groovy/ast/ClassHelper$ClassHelperCache
instanceKlass org/codehaus/groovy/runtime/GeneratedLambda
instanceKlass org/codehaus/groovy/ast/ClassHelper
instanceKlass org/codehaus/groovy/classgen/asm/util/TypeUtil
# instanceKlass java/lang/invoke/LambdaForm$MH+0x0000000090459000
# instanceKlass java/lang/invoke/LambdaForm$MH+0x0000000090458c00
# instanceKlass java/lang/invoke/LambdaForm$MH+0x0000000090458800
# instanceKlass java/lang/invoke/LambdaForm$MH+0x0000000090458400
# instanceKlass java/lang/invoke/LambdaForm$MH+0x0000000090458000
instanceKlass io/restassured/internal/RequestSpecificationImpl
instanceKlass groovy/lang/GroovyInterceptable
instanceKlass io/restassured/specification/FilterableRequestSpecification
instanceKlass io/restassured/specification/QueryableRequestSpecification
instanceKlass io/restassured/internal/TestSpecificationImpl
instanceKlass io/restassured/internal/log/LogRepository
instanceKlass io/restassured/config/CsrfConfig
instanceKlass io/restassured/response/ValidatableResponseOptions
instanceKlass io/restassured/path/xml/config/XmlPathConfig
instanceKlass io/restassured/path/json/config/JsonPathConfig
instanceKlass io/restassured/path/json/JsonPath
instanceKlass io/restassured/path/xml/XmlPath
instanceKlass io/restassured/common/mapper/TypeRef
instanceKlass org/hamcrest/BaseMatcher
instanceKlass org/hamcrest/Matcher
instanceKlass org/hamcrest/SelfDescribing
instanceKlass io/restassured/specification/ResponseLogSpecification
instanceKlass io/restassured/specification/MultiPartSpecification
instanceKlass io/restassured/specification/RedirectSpecification
instanceKlass io/restassured/http/Cookies
instanceKlass io/restassured/http/Headers
instanceKlass io/restassured/http/Cookie
instanceKlass io/restassured/http/Header
instanceKlass io/restassured/internal/NameAndValue
instanceKlass io/restassured/specification/AuthenticationSpecification
instanceKlass io/restassured/mapper/ObjectMapper
instanceKlass io/restassured/specification/ProxySpecification
instanceKlass io/restassured/filter/Filter
instanceKlass io/restassured/specification/RequestLogSpecification
instanceKlass io/restassured/specification/LogSpecification
instanceKlass io/restassured/response/Response
instanceKlass io/restassured/response/Validatable
instanceKlass io/restassured/response/ResponseOptions
instanceKlass io/restassured/response/ResponseBody
instanceKlass io/restassured/response/ResponseBodyExtractionOptions
instanceKlass io/restassured/response/ResponseBodyData
instanceKlass io/restassured/internal/LogRequestAndResponseOnFailListener
instanceKlass io/restassured/listener/ResponseValidationFailureListener
instanceKlass io/restassured/config/FailureConfig
instanceKlass io/restassured/config/OAuthConfig
instanceKlass io/restassured/config/ParamConfig
instanceKlass io/restassured/config/MultiPartConfig
instanceKlass io/restassured/config/HeaderConfig
instanceKlass sun/reflect/generics/tree/IntSignature
instanceKlass io/restassured/config/MatcherConfig
instanceKlass org/codehaus/groovy/runtime/metaclass/MetaMethodIndex$CacheEntry
instanceKlass org/codehaus/groovy/runtime/ArrayUtil
# instanceKlass java/lang/invoke/LambdaForm$MH+0x000000009044b400
# instanceKlass java/lang/invoke/LambdaForm$MH+0x000000009044b000
# instanceKlass java/lang/invoke/LambdaForm$DMH+0x000000009044ac00
# instanceKlass java/lang/invoke/LambdaForm$DMH+0x000000009044a800
# instanceKlass java/lang/invoke/LambdaForm$DMH+0x000000009044a400
instanceKlass java/lang/invoke/MethodHandleImpl$ArrayAccessor
# instanceKlass java/lang/invoke/LambdaForm$MH+0x000000009044a000
# instanceKlass java/lang/invoke/LambdaForm$DMH+0x0000000090449c00
instanceKlass java/lang/invoke/ClassSpecializer$Factory$1$5$1
instanceKlass java/lang/invoke/ClassSpecializer$Factory$1$5
instanceKlass java/lang/invoke/ClassSpecializer$Factory$1$4
instanceKlass java/lang/invoke/ClassSpecializer$Factory$1$3
instanceKlass java/lang/invoke/ClassSpecializer$Factory$1$2
instanceKlass java/lang/invoke/ClassSpecializer$Factory$1$1Var
instanceKlass java/lang/invoke/ClassSpecializer$Factory$1$1
instanceKlass java/lang/invoke/ClassSpecializer$Factory$1
# instanceKlass java/lang/invoke/LambdaForm$MH+0x0000000090449800
# instanceKlass java/lang/invoke/LambdaForm$MH+0x0000000090449400
# instanceKlass java/lang/invoke/LambdaForm$MH+0x0000000090449000
# instanceKlass java/lang/invoke/LambdaForm$MH+0x0000000090448c00
# instanceKlass java/lang/invoke/LambdaForm$DMH+0x0000000090448800
instanceKlass  @bci org/codehaus/groovy/reflection/ClassLoaderForClassArtifacts definePrivileged (Ljava/lang/String;[B)Ljava/lang/Class; 3 <appendix> member <vmtarget> ; # org/codehaus/groovy/reflection/ClassLoaderForClassArtifacts$$Lambda+0x0000000090444e50
instanceKlass groovyjarjarasm/asm/Attribute
instanceKlass groovyjarjarasm/asm/Handler
instanceKlass org/codehaus/groovy/classgen/asm/BytecodeHelper
instanceKlass groovyjarjarasm/asm/Edge
instanceKlass groovyjarjarasm/asm/Label
instanceKlass groovyjarjarasm/asm/Type
instanceKlass groovyjarjarasm/asm/Frame
instanceKlass org/codehaus/groovy/GroovyExceptionInterface
instanceKlass org/codehaus/groovy/control/CompilerConfiguration
instanceKlass  @bci org/codehaus/groovy/reflection/CachedClass$5 initValue ()Lorg/codehaus/groovy/runtime/callsite/CallSiteClassLoader; 1 <appendix> member <vmtarget> ; # org/codehaus/groovy/reflection/CachedClass$5$$Lambda+0x0000000090442790
instanceKlass groovyjarjarasm/asm/ByteVector
instanceKlass groovyjarjarasm/asm/Symbol
instanceKlass groovyjarjarasm/asm/SymbolTable
instanceKlass groovyjarjarasm/asm/ModuleVisitor
instanceKlass groovyjarjarasm/asm/AnnotationVisitor
instanceKlass groovyjarjarasm/asm/RecordComponentVisitor
instanceKlass groovyjarjarasm/asm/FieldVisitor
instanceKlass groovyjarjarasm/asm/MethodVisitor
instanceKlass org/codehaus/groovy/classgen/GeneratorContext
instanceKlass org/codehaus/groovy/reflection/android/AndroidSupport
instanceKlass  @bci org/codehaus/groovy/runtime/callsite/GroovySunClassLoader <clinit> ()V 0 <appendix> argL0 ; # org/codehaus/groovy/runtime/callsite/GroovySunClassLoader$$Lambda+0x000000009043f630
instanceKlass  @bci org/codehaus/groovy/reflection/SunClassLoader <clinit> ()V 0 <appendix> argL0 ; # org/codehaus/groovy/reflection/SunClassLoader$$Lambda+0x000000009043f408
instanceKlass org/codehaus/groovy/runtime/callsite/CallSiteGenerator
instanceKlass sun/reflect/generics/reflectiveObjects/GenericArrayTypeImpl
instanceKlass  @bci java/lang/reflect/Executable typeVarBounds (Ljava/lang/reflect/TypeVariable;)Ljava/lang/String; 58 <appendix> argL0 ; # java/lang/reflect/Executable$$Lambda+0x0000000090376c80
instanceKlass sun/reflect/generics/tree/BooleanSignature
instanceKlass  @bci java/lang/reflect/Executable sharedToGenericString (IZ)Ljava/lang/String; 33 <appendix> argL0 ; # java/lang/reflect/Executable$$Lambda+0x00000000902be128
instanceKlass java/lang/Class$EnclosingMethodInfo
instanceKlass groovy/lang/AdaptingMetaClass
instanceKlass  @bci groovy/lang/MetaClassImpl setupProperties ([Ljava/beans/PropertyDescriptor;)V 113 <appendix> argL0 ; # groovy/lang/MetaClassImpl$$Lambda+0x000000009043d4a8
instanceKlass  @bci groovy/lang/MetaClassImpl setupProperties ([Ljava/beans/PropertyDescriptor;)V 64 <appendix> argL0 ; # groovy/lang/MetaClassImpl$$Lambda+0x000000009043d260
instanceKlass javax/security/cert/Certificate
instanceKlass javax/net/ssl/HandshakeCompletedListener
instanceKlass  @bci java/lang/Class methodToString (Ljava/lang/String;[Ljava/lang/Class;)Ljava/lang/String; 42 <appendix> argL0 ; # java/lang/Class$$Lambda+0x0000000090375d18
instanceKlass javax/security/auth/x500/X500Principal
instanceKlass org/codehaus/groovy/runtime/InvokerHelper
instanceKlass  @bci org/codehaus/groovy/runtime/callsite/CallSiteArray createCallStaticSite (Lorg/codehaus/groovy/runtime/callsite/CallSite;Ljava/lang/Class;[Ljava/lang/Object;)Lorg/codehaus/groovy/runtime/callsite/CallSite; 1 <appendix> member <vmtarget> ; # org/codehaus/groovy/runtime/callsite/CallSiteArray$$Lambda+0x000000009043bde8
instanceKlass org/codehaus/groovy/runtime/typehandling/DefaultTypeTransformation
instanceKlass org/codehaus/groovy/runtime/wrappers/Wrapper
instanceKlass org/codehaus/groovy/runtime/ScriptBytecodeAdapter
instanceKlass org/codehaus/groovy/runtime/metaclass/DefaultMetaClassInfo$ConstantMetaClassVersioning
instanceKlass org/codehaus/groovy/runtime/metaclass/DefaultMetaClassInfo
instanceKlass org/codehaus/groovy/runtime/BytecodeInterface8
instanceKlass java/util/stream/Streams$RangeIntSpliterator
instanceKlass io/restassured/internal/common/assertion/AssertParameter
instanceKlass org/slf4j/spi/LocationAwareLogger
instanceKlass org/apache/commons/logging/impl/SLF4JLog
instanceKlass org/apache/commons/logging/impl/SLF4JLocationAwareLog
instanceKlass org/apache/commons/logging/Log
instanceKlass org/apache/commons/logging/LogFactory
instanceKlass org/apache/http/conn/ssl/AbstractVerifier
instanceKlass org/apache/http/conn/ssl/X509HostnameVerifier
instanceKlass org/apache/http/conn/ssl/SSLSocketFactory
instanceKlass org/apache/http/conn/scheme/LayeredSocketFactory
instanceKlass org/apache/http/conn/scheme/SocketFactory
instanceKlass org/apache/http/conn/scheme/LayeredSchemeSocketFactory
instanceKlass org/apache/http/conn/scheme/SchemeLayeredSocketFactory
instanceKlass org/apache/http/conn/scheme/SchemeSocketFactory
instanceKlass org/apache/http/conn/socket/LayeredConnectionSocketFactory
instanceKlass org/apache/http/conn/socket/ConnectionSocketFactory
instanceKlass io/restassured/config/SSLConfig
instanceKlass io/restassured/config/XmlConfig
instanceKlass io/restassured/config/JsonConfig
instanceKlass io/restassured/config/ConnectionConfig
instanceKlass io/restassured/path/json/mapper/factory/DefaultYassonObjectMapperFactory
instanceKlass io/restassured/path/json/mapper/factory/DefaultJohnzonObjectMapperFactory
instanceKlass com/google/gson/Gson
instanceKlass com/fasterxml/jackson/core/JsonGenerator
instanceKlass com/fasterxml/jackson/core/TreeCodec
instanceKlass com/fasterxml/jackson/core/Versioned
instanceKlass io/restassured/internal/common/classpath/ClassPathResolver
instanceKlass io/restassured/common/mapper/resolver/ObjectMapperResolver
instanceKlass io/restassured/path/json/mapper/factory/DefaultJackson2ObjectMapperFactory
instanceKlass io/restassured/path/json/mapper/factory/DefaultJackson1ObjectMapperFactory
instanceKlass io/restassured/path/json/mapper/factory/DefaultGsonObjectMapperFactory
instanceKlass io/restassured/path/xml/mapper/factory/JAXBObjectMapperFactory
instanceKlass io/restassured/path/xml/mapper/factory/JakartaEEObjectMapperFactory
instanceKlass io/restassured/path/json/mapper/factory/GsonObjectMapperFactory
instanceKlass io/restassured/path/json/mapper/factory/Jackson1ObjectMapperFactory
instanceKlass io/restassured/path/json/mapper/factory/Jackson2ObjectMapperFactory
instanceKlass io/restassured/path/json/mapper/factory/JohnzonObjectMapperFactory
instanceKlass io/restassured/path/json/mapper/factory/JsonbObjectMapperFactory
instanceKlass io/restassured/common/mapper/factory/ObjectMapperFactory
instanceKlass io/restassured/config/ObjectMapperConfig
instanceKlass io/restassured/config/SessionConfig
instanceKlass io/restassured/config/DecoderConfig
instanceKlass  @bci org/apache/commons/lang3/Validate toSupplier (Ljava/lang/String;[Ljava/lang/Object;)Ljava/util/function/Supplier; 2 <appendix> member <vmtarget> ; # org/apache/commons/lang3/Validate$$Lambda+0x00000000904313e8
instanceKlass org/apache/commons/lang3/Validate
instanceKlass io/restassured/config/LogConfig
instanceKlass io/restassured/config/HttpClientConfig$2
instanceKlass io/restassured/config/HttpClientConfig$HttpClientFactory
instanceKlass io/restassured/config/HttpClientConfig
instanceKlass io/restassured/config/RedirectConfig
instanceKlass io/restassured/config/RestAssuredConfig
instanceKlass org/codehaus/groovy/reflection/CachedClass$CachedMethodComparatorWithString
instanceKlass io/restassured/internal/http/ContentEncodingRegistry
instanceKlass io/restassured/internal/http/HttpResponseDecorator
instanceKlass org/apache/http/HttpResponse
instanceKlass io/restassured/internal/http/HTTPBuilder$RequestConfigDelegate
instanceKlass org/apache/http/impl/client/CloseableHttpClient
instanceKlass org/apache/http/client/HttpClient
instanceKlass io/restassured/internal/http/HttpResponseContentTypeFinder
instanceKlass io/restassured/config/EncoderConfig
instanceKlass io/restassured/config/Config
instanceKlass org/apache/http/HttpEntityEnclosingRequest
instanceKlass org/apache/http/message/AbstractHttpMessage
instanceKlass org/apache/http/client/methods/AbortableHttpRequest
instanceKlass org/apache/http/client/methods/HttpExecutionAware
instanceKlass org/apache/http/client/methods/Configurable
instanceKlass org/apache/http/client/methods/HttpUriRequest
instanceKlass org/apache/http/HttpRequest
instanceKlass org/apache/http/HttpMessage
instanceKlass org/codehaus/groovy/reflection/CachedClass$CachedMethodComparatorByName
instanceKlass io/restassured/internal/http/HTTPBuilder
instanceKlass org/apache/groovy/plugin/GroovyRunnerRegistry
instanceKlass  @bci org/codehaus/groovy/runtime/metaclass/MetaClassRegistryImpl <init> (IZ)V 377 <appendix> member <vmtarget> ; # org/codehaus/groovy/runtime/metaclass/MetaClassRegistryImpl$$Lambda+0x0000000090429958
instanceKlass java/util/EventObject
instanceKlass  @bci groovy/lang/MetaClassImpl makeStaticPropertyIndex ()V 8 <appendix> argL0 ; # groovy/lang/MetaClassImpl$$Lambda+0x00000000904294c0
instanceKlass org/apache/groovy/util/BeanUtils
instanceKlass  @bci groovy/lang/MetaClassImpl getPropName (Ljava/lang/String;)Ljava/lang/String; 5 <appendix> member <vmtarget> ; # groovy/lang/MetaClassImpl$$Lambda+0x0000000090429060
instanceKlass  @bci groovy/lang/MetaClassImpl applyStrayPropertyMethods (Ljava/util/LinkedList;Ljava/util/Map;Z)V 45 <appendix> argL0 ; # groovy/lang/MetaClassImpl$$Lambda+0x0000000090428e18
instanceKlass  @bci groovy/lang/MetaClassImpl addMetaBeanProperty (Lgroovy/lang/MetaBeanProperty;)V 36 <appendix> argL0 ; # groovy/lang/MetaClassImpl$$Lambda+0x0000000090428bd0
instanceKlass  @bci groovy/lang/MetaClassImpl establishStaticMetaProperty (Lgroovy/lang/MetaProperty;)Lgroovy/lang/MetaProperty; 24 <appendix> argL0 ; # groovy/lang/MetaClassImpl$$Lambda+0x0000000090428978
instanceKlass org/codehaus/groovy/runtime/GroovyCategorySupport
instanceKlass  @bci org/codehaus/groovy/reflection/CachedMethod find (Ljava/lang/reflect/Method;)Lorg/codehaus/groovy/reflection/CachedMethod; 13 <appendix> argL0 ; # org/codehaus/groovy/reflection/CachedMethod$$Lambda+0x0000000090428248
instanceKlass  @bci groovy/lang/MetaClassImpl inheritFields (Ljava/lang/Iterable;)V 78 <appendix> argL0 ; # groovy/lang/MetaClassImpl$$Lambda+0x0000000090428000
instanceKlass  @bci groovy/lang/MetaClassImpl inheritFields (Ljava/lang/Iterable;)V 35 <appendix> argL0 ; # groovy/lang/MetaClassImpl$$Lambda+0x0000000090427bd0
instanceKlass  @bci groovy/lang/MetaClassImpl inheritStaticInterfaceFields (Ljava/util/List;Ljava/util/Set;)V 110 <appendix> argL0 ; # groovy/lang/MetaClassImpl$$Lambda+0x0000000090427988
instanceKlass  @bci org/codehaus/groovy/reflection/CachedClass$1 lambda$initValue$2 ()[Lorg/codehaus/groovy/reflection/CachedField; 33 <appendix> argL0 ; # org/codehaus/groovy/reflection/CachedClass$1$$Lambda+0x0000000090427760
instanceKlass  @bci org/codehaus/groovy/reflection/CachedClass$1 lambda$initValue$2 ()[Lorg/codehaus/groovy/reflection/CachedField; 23 <appendix> argL0 ; # org/codehaus/groovy/reflection/CachedClass$1$$Lambda+0x0000000090427518
instanceKlass  @bci org/codehaus/groovy/reflection/CachedClass$1 lambda$initValue$2 ()[Lorg/codehaus/groovy/reflection/CachedField; 13 <appendix> argL0 ; # org/codehaus/groovy/reflection/CachedClass$1$$Lambda+0x00000000904272c0
instanceKlass  @bci org/codehaus/groovy/reflection/CachedClass$1 initValue ()[Lorg/codehaus/groovy/reflection/CachedField; 1 <appendix> member <vmtarget> ; # org/codehaus/groovy/reflection/CachedClass$1$$Lambda+0x0000000090427090
instanceKlass  @bci groovy/lang/MetaClassImpl inheritStaticInterfaceFields (Ljava/util/List;Ljava/util/Set;)V 33 <appendix> argL0 ; # groovy/lang/MetaClassImpl$$Lambda+0x0000000090426a48
instanceKlass sun/reflect/generics/tree/ArrayTypeSignature
instanceKlass java/beans/SimpleBeanInfo
instanceKlass java/beans/BeanProperty
instanceKlass  @bci com/sun/beans/introspect/PropertyInfo get (Ljava/lang/Class;)Ljava/util/Map; 440 <appendix> argL0 ; # com/sun/beans/introspect/PropertyInfo$$Lambda+0x00000000903740b8
instanceKlass com/sun/beans/WildcardTypeImpl
instanceKlass com/sun/beans/introspect/PropertyInfo
instanceKlass  @bci com/sun/beans/introspect/EventSetInfo get (Ljava/lang/Class;)Ljava/util/Map; 314 <appendix> argL0 ; # com/sun/beans/introspect/EventSetInfo$$Lambda+0x0000000090373520
instanceKlass com/sun/beans/introspect/EventSetInfo
instanceKlass  @bci java/lang/reflect/Executable sharedToGenericString (IZ)Ljava/lang/String; 193 <appendix> argL0 ; # java/lang/reflect/Executable$$Lambda+0x0000000090372b38
instanceKlass sun/reflect/generics/tree/Wildcard
instanceKlass sun/reflect/generics/tree/BottomSignature
instanceKlass com/sun/beans/WeakCache
instanceKlass com/sun/beans/TypeResolver
instanceKlass java/beans/MethodRef
instanceKlass com/sun/beans/introspect/MethodInfo$MethodOrder
instanceKlass  @bci java/util/ArrayDeque copyElements (Ljava/util/Collection;)V 2 <appendix> member <vmtarget> ; # java/util/ArrayDeque$$Lambda+0x00000000903715f0
instanceKlass com/sun/beans/introspect/MethodInfo
instanceKlass com/sun/beans/util/Cache$CacheEntry
instanceKlass com/sun/beans/util/Cache$Ref
instanceKlass com/sun/beans/util/Cache
instanceKlass com/sun/beans/introspect/ClassInfo
instanceKlass javax/swing/SwingContainer
instanceKlass java/beans/JavaBean
instanceKlass com/sun/beans/finder/ClassFinder
instanceKlass com/sun/beans/finder/InstanceFinder
instanceKlass java/beans/WeakIdentityMap
instanceKlass java/beans/ThreadGroupContext
instanceKlass java/beans/Introspector$1
instanceKlass jdk/internal/access/JavaBeansAccess
instanceKlass java/beans/Introspector
instanceKlass  @bci groovy/lang/MetaClassImpl addProperties ()V 29 <appendix> member <vmtarget> ; # groovy/lang/MetaClassImpl$$Lambda+0x0000000090426818
instanceKlass org/codehaus/groovy/reflection/MixinInMetaClass
instanceKlass java/beans/BeanInfo
instanceKlass groovyjarjarasm/asm/ClassVisitor
instanceKlass java/beans/FeatureDescriptor
instanceKlass java/security/PrivilegedExceptionAction
instanceKlass  @bci org/codehaus/groovy/runtime/metaclass/MetaMethodIndex getHeader (Ljava/lang/Class;)Lorg/codehaus/groovy/runtime/metaclass/MetaMethodIndex$Header; 6 <appendix> member <vmtarget> ; # org/codehaus/groovy/runtime/metaclass/MetaMethodIndex$$Lambda+0x00000000904249a8
instanceKlass  @bci org/codehaus/groovy/reflection/CachedClass$2 lambda$initValue$4 ()[Lorg/codehaus/groovy/reflection/CachedConstructor; 44 <appendix> argL0 ; # org/codehaus/groovy/reflection/CachedClass$2$$Lambda+0x0000000090424780
instanceKlass  @bci org/codehaus/groovy/reflection/CachedClass$2 lambda$initValue$4 ()[Lorg/codehaus/groovy/reflection/CachedConstructor; 34 <appendix> member <vmtarget> ; # org/codehaus/groovy/reflection/CachedClass$2$$Lambda+0x0000000090424530
instanceKlass  @bci org/codehaus/groovy/reflection/CachedClass$2 lambda$initValue$4 ()[Lorg/codehaus/groovy/reflection/CachedConstructor; 23 <appendix> argL0 ; # org/codehaus/groovy/reflection/CachedClass$2$$Lambda+0x00000000904242d8
instanceKlass  @bci org/codehaus/groovy/reflection/CachedClass$2 lambda$initValue$4 ()[Lorg/codehaus/groovy/reflection/CachedConstructor; 13 <appendix> argL0 ; # org/codehaus/groovy/reflection/CachedClass$2$$Lambda+0x0000000090424080
instanceKlass groovy/lang/ClosureInvokingMethod
instanceKlass org/codehaus/groovy/runtime/MethodKey
instanceKlass groovy/lang/ExpandoMetaClass$Callable
instanceKlass  @bci org/codehaus/groovy/reflection/CachedClass$2 initValue ()[Lorg/codehaus/groovy/reflection/CachedConstructor; 1 <appendix> member <vmtarget> ; # org/codehaus/groovy/reflection/CachedClass$2$$Lambda+0x0000000090422d28
instanceKlass org/codehaus/groovy/runtime/metaclass/MetaMethodIndex$Header
instanceKlass org/codehaus/groovy/runtime/metaclass/MetaMethodIndex$Entry
instanceKlass org/codehaus/groovy/runtime/metaclass/MetaMethodIndex$EntryIterator
instanceKlass org/codehaus/groovy/runtime/metaclass/MetaMethodIndex
instanceKlass  @bci groovy/lang/MetaClassImpl <clinit> ()V 112 <appendix> argL0 ; # groovy/lang/MetaClassImpl$$Lambda+0x0000000090421b70
instanceKlass  @bci groovy/lang/MetaClassImpl <clinit> ()V 104 <appendix> argL0 ; # groovy/lang/MetaClassImpl$$Lambda+0x0000000090421948
instanceKlass org/codehaus/groovy/util/SingleKeyHashMap$Copier
instanceKlass  @bci groovy/lang/MetaClassImpl <clinit> ()V 55 <appendix> argL0 ; # groovy/lang/MetaClassImpl$$Lambda+0x00000000904214f8
instanceKlass groovy/lang/MetaClassImpl$MethodIndexAction
instanceKlass org/codehaus/groovy/runtime/GeneratedClosure
instanceKlass groovy/lang/MetaClassImpl
instanceKlass groovy/lang/MutableMetaClass
instanceKlass  @bci org/codehaus/groovy/runtime/metaclass/MetaClassRegistryImpl$DefaultModuleListener onModule (Lorg/codehaus/groovy/runtime/m12n/ExtensionModule;)V 157 <appendix> argL0 ; # org/codehaus/groovy/runtime/metaclass/MetaClassRegistryImpl$DefaultModuleListener$$Lambda+0x000000009041f2d0
instanceKlass org/w3c/dom/UserDataHandler
instanceKlass org/w3c/dom/NamedNodeMap
instanceKlass org/w3c/dom/TypeInfo
instanceKlass org/w3c/dom/Attr
instanceKlass org/codehaus/groovy/runtime/metaclass/MethodHelper
instanceKlass org/w3c/dom/Element
instanceKlass org/w3c/dom/NodeList
instanceKlass org/apache/groovy/xml/extensions/XmlExtensions
instanceKlass org/codehaus/groovy/runtime/m12n/ExtensionModule
instanceKlass org/codehaus/groovy/runtime/m12n/PropertiesModuleFactory
instanceKlass org/codehaus/groovy/util/URLStreams
instanceKlass org/codehaus/groovy/runtime/metaclass/MetaClassRegistryImpl$DefaultModuleListener
instanceKlass org/codehaus/groovy/runtime/m12n/ExtensionModuleScanner
instanceKlass org/codehaus/groovy/runtime/DefaultGroovyStaticMethods
instanceKlass  @bci org/codehaus/groovy/runtime/metaclass/MetaClassRegistryImpl registerMethods (Ljava/lang/Class;ZZLjava/util/Map;)V 307 <appendix> argL0 ; # org/codehaus/groovy/runtime/metaclass/MetaClassRegistryImpl$$Lambda+0x000000009041cd38
instanceKlass java/lang/Deprecated
instanceKlass org/codehaus/groovy/runtime/RangeInfo
instanceKlass java/util/function/DoubleFunction
instanceKlass java/util/function/IntPredicate
instanceKlass java/util/function/LongPredicate
instanceKlass java/util/function/DoublePredicate
instanceKlass org/codehaus/groovy/vmplugin/v10/PluginDefaultGroovyMethods
instanceKlass  @bci org/codehaus/groovy/runtime/metaclass/MetaClassRegistryImpl createMetaMethodFromClass (Ljava/util/Map;Ljava/lang/Class;)V 28 <appendix> argL0 ; # org/codehaus/groovy/runtime/metaclass/MetaClassRegistryImpl$$Lambda+0x000000009041c2b0
instanceKlass java/util/stream/Gatherer
instanceKlass java/util/function/ToDoubleFunction
instanceKlass java/lang/ProcessHandle$Info
instanceKlass  @bci org/codehaus/groovy/reflection/stdclasses/CachedSAMClass getSAMMethod (Ljava/lang/Class;)Ljava/lang/reflect/Method; 152 <appendix> member <vmtarget> ; # org/codehaus/groovy/reflection/stdclasses/CachedSAMClass$$Lambda+0x00000000904176a8
instanceKlass  @bci org/codehaus/groovy/reflection/stdclasses/CachedSAMClass getDeclaredMethods (Ljava/lang/Class;)[Ljava/lang/reflect/Method; 6 <appendix> member <vmtarget> ; # org/codehaus/groovy/reflection/stdclasses/CachedSAMClass$$Lambda+0x0000000090417478
instanceKlass org/codehaus/groovy/runtime/MetaClassHelper
instanceKlass java/lang/SecurityManager
instanceKlass  @bci org/codehaus/groovy/vmplugin/v9/Java9 <clinit> ()V 149 <appendix> argL0 ; # org/codehaus/groovy/vmplugin/v9/Java9$$Lambda+0x0000000090416688
instanceKlass  @bci org/codehaus/groovy/vmplugin/v9/Java9 isExported (Ljava/lang/module/ModuleDescriptor;Ljava/lang/String;)Z 10 <appendix> member <vmtarget> ; # org/codehaus/groovy/vmplugin/v9/Java9$$Lambda+0x0000000090416428
instanceKlass  @bci org/codehaus/groovy/vmplugin/v9/Java9 isOpen (Ljava/lang/module/ModuleDescriptor;Ljava/lang/String;)Z 10 <appendix> member <vmtarget> ; # org/codehaus/groovy/vmplugin/v9/Java9$$Lambda+0x00000000904161c8
instanceKlass  @bci org/codehaus/groovy/vmplugin/v9/Java9 lambda$static$10 (Ljava/util/Map;Ljava/lang/module/ModuleDescriptor;)V 6 <appendix> member <vmtarget> ; # org/codehaus/groovy/vmplugin/v9/Java9$$Lambda+0x0000000090415f88
instanceKlass  @cpi org/codehaus/groovy/vmplugin/v9/Java9 3377 form vmentry <vmtarget> ; # java/lang/invoke/LambdaForm$DMH+0x0000000090418400
instanceKlass  @bci org/codehaus/groovy/vmplugin/v9/Java9 <clinit> ()V 37 <appendix> member <vmtarget> ; # org/codehaus/groovy/vmplugin/v9/Java9$$Lambda+0x0000000090415d48
instanceKlass  @cpi sun/security/pkcs/PKCS9Attribute 571 form vmentry <vmtarget> ; # java/lang/invoke/LambdaForm$DMH+0x0000000090418000
instanceKlass  @bci org/codehaus/groovy/vmplugin/v9/Java9 <clinit> ()V 26 <appendix> argL0 ; # org/codehaus/groovy/vmplugin/v9/Java9$$Lambda+0x0000000090415b00
instanceKlass org/codehaus/groovy/ast/Variable
instanceKlass org/codehaus/groovy/ast/ASTNode
instanceKlass org/codehaus/groovy/ast/NodeMetaDataHandler
instanceKlass groovy/lang/groovydoc/GroovydocHolder
instanceKlass org/codehaus/groovy/vmplugin/v8/Java8
instanceKlass org/codehaus/groovy/runtime/NumberAwareComparator
instanceKlass org/codehaus/groovy/runtime/StreamGroovyMethods
instanceKlass org/codehaus/groovy/runtime/EncodingGroovyMethods
instanceKlass org/codehaus/groovy/runtime/DefaultGroovyMethodsSupport
instanceKlass  @bci org/codehaus/groovy/vmplugin/VMPluginFactory createPlugin ()Lorg/codehaus/groovy/vmplugin/VMPlugin; 0 <appendix> argL0 ; # org/codehaus/groovy/vmplugin/VMPluginFactory$$Lambda+0x0000000090408a60
instanceKlass org/codehaus/groovy/vmplugin/VMPlugin
instanceKlass org/apache/groovy/util/Maps
instanceKlass org/codehaus/groovy/vmplugin/VMPluginFactory
instanceKlass org/codehaus/groovy/reflection/ReflectionUtils
instanceKlass  @bci org/codehaus/groovy/reflection/CachedClass$3 lambda$initValue$4 ()[Lorg/codehaus/groovy/reflection/CachedMethod; 44 <appendix> argL0 ; # org/codehaus/groovy/reflection/CachedClass$3$$Lambda+0x0000000090408000
instanceKlass  @bci org/codehaus/groovy/reflection/CachedClass$3 lambda$initValue$4 ()[Lorg/codehaus/groovy/reflection/CachedMethod; 34 <appendix> member <vmtarget> ; # org/codehaus/groovy/reflection/CachedClass$3$$Lambda+0x0000000090407c78
instanceKlass  @bci org/codehaus/groovy/reflection/CachedClass$3 lambda$initValue$4 ()[Lorg/codehaus/groovy/reflection/CachedMethod; 23 <appendix> argL0 ; # org/codehaus/groovy/reflection/CachedClass$3$$Lambda+0x0000000090407a20
instanceKlass  @bci org/codehaus/groovy/reflection/CachedClass$3 lambda$initValue$4 ()[Lorg/codehaus/groovy/reflection/CachedMethod; 13 <appendix> argL0 ; # org/codehaus/groovy/reflection/CachedClass$3$$Lambda+0x00000000904077c8
instanceKlass org/codehaus/groovy/runtime/memoize/MemoizeCache
instanceKlass  @bci org/codehaus/groovy/reflection/CachedClass$3 initValue ()[Lorg/codehaus/groovy/reflection/CachedMethod; 1 <appendix> member <vmtarget> ; # org/codehaus/groovy/reflection/CachedClass$3$$Lambda+0x00000000904057c0
instanceKlass org/codehaus/groovy/transform/trait/Traits$Implemented
instanceKlass  @bci org/codehaus/groovy/reflection/stdclasses/CachedSAMClass <clinit> ()V 15 <appendix> argL0 ; # org/codehaus/groovy/reflection/stdclasses/CachedSAMClass$$Lambda+0x0000000090404e18
instanceKlass  @bci org/codehaus/groovy/runtime/metaclass/MetaClassRegistryImpl registerMethods (Ljava/lang/Class;ZZLjava/util/Map;)V 142 <appendix> argL0 ; # org/codehaus/groovy/runtime/metaclass/MetaClassRegistryImpl$$Lambda+0x0000000090404bd0
instanceKlass org/codehaus/groovy/util/ComplexKeyHashMap$Entry
instanceKlass org/codehaus/groovy/util/ComplexKeyHashMap$EntryIterator
instanceKlass org/codehaus/groovy/util/ComplexKeyHashMap
instanceKlass org/codehaus/groovy/reflection/ReflectionCache
instanceKlass java/util/OptionalInt
instanceKlass java/util/OptionalDouble
instanceKlass java/util/Timer
instanceKlass java/util/TimerTask
instanceKlass groovy/lang/Buildable
instanceKlass groovy/lang/Writable
instanceKlass groovy/lang/MetaProperty
instanceKlass groovy/lang/groovydoc/Groovydoc
instanceKlass groovy/lang/ListWithDefault
instanceKlass groovy/lang/Range
instanceKlass groovy/util/BufferedIterator
instanceKlass groovy/lang/GroovyObjectSupport
instanceKlass groovy/lang/GroovyCallable
instanceKlass org/codehaus/groovy/reflection/GeneratedMetaMethod$DgmMethodRecord
instanceKlass groovy/lang/MetaClassRegistry$MetaClassCreationHandle
instanceKlass org/codehaus/groovy/runtime/m12n/ExtensionModuleRegistry
instanceKlass org/codehaus/groovy/util/FastArray
instanceKlass groovy/lang/MetaClassRegistryChangeEventListener
instanceKlass java/util/EventListener
instanceKlass groovy/lang/MetaClass
instanceKlass groovy/lang/MetaObjectProtocol
instanceKlass org/codehaus/groovy/runtime/m12n/ExtensionModuleScanner$ExtensionModuleListener
instanceKlass org/codehaus/groovy/runtime/metaclass/MetaClassRegistryImpl
instanceKlass groovy/lang/MetaClassRegistry
instanceKlass groovy/lang/GroovySystem
instanceKlass java/lang/ClassValue$RemovalToken
instanceKlass org/codehaus/groovy/util/ReferenceType$HardRef
instanceKlass org/codehaus/groovy/util/ManagedReference
instanceKlass org/codehaus/groovy/reflection/ParameterTypes
instanceKlass org/codehaus/groovy/reflection/ClassInfo$GlobalClassSet
instanceKlass org/apache/groovy/util/SystemUtil
instanceKlass org/codehaus/groovy/reflection/GroovyClassValue
instanceKlass org/codehaus/groovy/reflection/GroovyClassValueFactory
instanceKlass org/codehaus/groovy/reflection/ClassInfo$1
instanceKlass org/codehaus/groovy/util/ManagedConcurrentLinkedQueue
instanceKlass org/codehaus/groovy/util/Reference
instanceKlass org/codehaus/groovy/util/ReferenceManager
instanceKlass org/codehaus/groovy/util/ReferenceBundle
instanceKlass org/codehaus/groovy/reflection/CachedClass
instanceKlass org/codehaus/groovy/reflection/GroovyClassValue$ComputeValue
instanceKlass org/codehaus/groovy/reflection/ClassInfo
instanceKlass org/codehaus/groovy/util/Finalizable
instanceKlass java/util/stream/Sink$ChainedInt
instanceKlass  @bci org/codehaus/groovy/runtime/callsite/CallSiteArray <init> (Ljava/lang/Class;[Ljava/lang/String;)V 28 <appendix> argL0 ; # org/codehaus/groovy/runtime/callsite/CallSiteArray$$Lambda+0x00000000903f31c8
instanceKlass  @bci org/codehaus/groovy/runtime/callsite/CallSiteArray <init> (Ljava/lang/Class;[Ljava/lang/String;)V 18 <appendix> member <vmtarget> ; # org/codehaus/groovy/runtime/callsite/CallSiteArray$$Lambda+0x00000000903f2d98
instanceKlass org/codehaus/groovy/runtime/callsite/AbstractCallSite
instanceKlass org/codehaus/groovy/runtime/callsite/CallSite
instanceKlass org/codehaus/groovy/runtime/callsite/CallSiteArray
instanceKlass io/restassured/authentication/NoAuthScheme
instanceKlass groovy/lang/GroovyObject
instanceKlass io/restassured/internal/ResponseParserRegistrar
instanceKlass io/restassured/specification/RequestSpecification
instanceKlass io/restassured/specification/ResponseSpecification
instanceKlass io/restassured/specification/RequestSender
instanceKlass io/restassured/specification/RequestSenderOptions
instanceKlass io/restassured/authentication/AuthenticationScheme
instanceKlass io/restassured/RestAssured
instanceKlass QAcart/Testing_APIs/Apis/UsersApi
instanceKlass QAcart/Shared/Pojos/UserPojo
instanceKlass jdk/internal/icu/impl/NormalizerImpl$IsAcceptable
instanceKlass jdk/internal/icu/impl/NormalizerImpl
instanceKlass jdk/internal/icu/impl/Norm2AllModes$Norm2AllModesSingleton
instanceKlass jdk/internal/icu/impl/Norm2AllModes$NFKCSingleton
instanceKlass jdk/internal/icu/impl/Norm2AllModes
instanceKlass jdk/internal/icu/text/NormalizerBase$ModeImpl
instanceKlass jdk/internal/icu/text/NormalizerBase$NFKDModeImpl
instanceKlass jdk/internal/icu/text/NormalizerBase$1
instanceKlass jdk/internal/icu/text/Normalizer2
instanceKlass jdk/internal/icu/text/NormalizerBase$Mode
instanceKlass jdk/internal/icu/text/NormalizerBase
instanceKlass java/text/Normalizer
instanceKlass jdk/internal/icu/util/CodePointTrie$Data
instanceKlass jdk/internal/icu/util/CodePointMap$StringIterator
instanceKlass jdk/internal/icu/util/CodePointMap
instanceKlass jdk/internal/icu/impl/Trie2$UTrie2Header
instanceKlass jdk/internal/icu/impl/Trie2$1
instanceKlass jdk/internal/icu/impl/Trie2$ValueMapper
instanceKlass jdk/internal/icu/impl/Trie2
instanceKlass jdk/internal/icu/impl/UCharacterProperty$IsAcceptable
instanceKlass jdk/internal/icu/impl/UCharacterProperty$IntProperty
instanceKlass jdk/internal/icu/impl/UCharacterProperty
instanceKlass jdk/internal/icu/lang/UCharacter
instanceKlass jdk/internal/icu/util/VersionInfo
instanceKlass jdk/internal/icu/impl/Trie
instanceKlass jdk/internal/icu/text/StringPrep$StringPrepTrieImpl
instanceKlass jdk/internal/icu/impl/ICUBinary
instanceKlass jdk/internal/icu/impl/StringPrepDataReader
instanceKlass jdk/internal/icu/impl/ICUBinary$Authenticate
instanceKlass jdk/internal/icu/impl/Trie$DataManipulate
instanceKlass jdk/internal/icu/text/StringPrep
instanceKlass java/net/IDN
instanceKlass com/github/javafaker/service/FakerIDN
instanceKlass  @bci org/apache/commons/lang3/stream/LangCollectors joining (Ljava/lang/CharSequence;Ljava/lang/CharSequence;Ljava/lang/CharSequence;Ljava/util/function/Function;)Ljava/util/stream/Collector; 23 <appendix> argL0 ; # org/apache/commons/lang3/stream/LangCollectors$$Lambda+0x00000000903f0490
instanceKlass  @bci org/apache/commons/lang3/stream/LangCollectors joining (Ljava/lang/CharSequence;Ljava/lang/CharSequence;Ljava/lang/CharSequence;Ljava/util/function/Function;)Ljava/util/stream/Collector; 18 <appendix> argL0 ; # org/apache/commons/lang3/stream/LangCollectors$$Lambda+0x00000000903f0240
instanceKlass  @bci org/apache/commons/lang3/stream/LangCollectors joining (Ljava/lang/CharSequence;Ljava/lang/CharSequence;Ljava/lang/CharSequence;Ljava/util/function/Function;)Ljava/util/stream/Collector; 13 <appendix> member <vmtarget> ; # org/apache/commons/lang3/stream/LangCollectors$$Lambda+0x00000000903f0000
instanceKlass  @bci org/apache/commons/lang3/stream/LangCollectors joining (Ljava/lang/CharSequence;Ljava/lang/CharSequence;Ljava/lang/CharSequence;Ljava/util/function/Function;)Ljava/util/stream/Collector; 7 <appendix> member <vmtarget> ; # org/apache/commons/lang3/stream/LangCollectors$$Lambda+0x00000000903efc90
instanceKlass org/apache/commons/lang3/stream/LangCollectors$SimpleCollector
instanceKlass org/apache/commons/lang3/stream/LangCollectors
instanceKlass  @bci org/apache/commons/lang3/StringUtils join ([Ljava/lang/Object;Ljava/lang/String;II)Ljava/lang/String; 33 <appendix> argL0 ; # org/apache/commons/lang3/StringUtils$$Lambda+0x00000000903ef5e8
instanceKlass java/util/Spliterator$OfDouble
instanceKlass java/util/stream/StreamSpliterators$SliceSpliterator
instanceKlass java/util/stream/SliceOps
instanceKlass org/apache/commons/lang3/stream/Streams
instanceKlass org/apache/commons/lang3/ObjectUtils$Null
instanceKlass org/apache/commons/lang3/ObjectUtils
instanceKlass java/util/TreeMap$NavigableSubMap$SubMapIterator
instanceKlass java/util/Collections$ReverseComparator
instanceKlass java/net/URLDecoder
instanceKlass org/yaml/snakeyaml/parser/ParserImpl$ParseDocumentStart
instanceKlass org/yaml/snakeyaml/parser/ParserImpl$ParseBlockSequenceEntry
instanceKlass org/yaml/snakeyaml/parser/ParserImpl$ParseBlockSequenceFirstEntry
instanceKlass org/yaml/snakeyaml/nodes/NodeTuple
instanceKlass org/yaml/snakeyaml/parser/ParserImpl$ParseFlowSequenceEntry
instanceKlass org/yaml/snakeyaml/parser/ParserImpl$ParseFlowSequenceFirstEntry
instanceKlass org/yaml/snakeyaml/events/ImplicitTuple
instanceKlass org/yaml/snakeyaml/parser/ParserImpl$ParseBlockMappingValue
instanceKlass org/yaml/snakeyaml/parser/ParserImpl$ParseBlockMappingKey
instanceKlass org/yaml/snakeyaml/resolver/Resolver$1
instanceKlass org/yaml/snakeyaml/parser/ParserImpl$ParseBlockMappingFirstKey
instanceKlass org/yaml/snakeyaml/parser/ParserImpl$ParseBlockNode
instanceKlass org/yaml/snakeyaml/parser/ParserImpl$ParseDocumentEnd
instanceKlass org/yaml/snakeyaml/scanner/SimpleKey
instanceKlass org/yaml/snakeyaml/scanner/Constant
instanceKlass org/yaml/snakeyaml/parser/ParserImpl$ParseImplicitDocumentStart
instanceKlass org/yaml/snakeyaml/parser/ParserImpl$ParseStreamStart
instanceKlass org/yaml/snakeyaml/parser/VersionTagsTuple
instanceKlass org/yaml/snakeyaml/error/Mark
instanceKlass org/yaml/snakeyaml/util/ArrayStack
instanceKlass org/yaml/snakeyaml/tokens/Token
instanceKlass org/yaml/snakeyaml/scanner/ScannerImpl
instanceKlass org/yaml/snakeyaml/events/Event
instanceKlass org/yaml/snakeyaml/parser/Production
instanceKlass org/yaml/snakeyaml/scanner/Scanner
instanceKlass org/yaml/snakeyaml/parser/ParserImpl
instanceKlass org/yaml/snakeyaml/composer/Composer
instanceKlass org/yaml/snakeyaml/reader/StreamReader
instanceKlass org/yaml/snakeyaml/resolver/ResolverTuple
instanceKlass org/yaml/snakeyaml/resolver/Resolver
instanceKlass org/yaml/snakeyaml/LoaderOptions
instanceKlass org/yaml/snakeyaml/serializer/NumberAnchorGenerator
instanceKlass org/yaml/snakeyaml/serializer/AnchorGenerator
instanceKlass org/yaml/snakeyaml/DumperOptions
instanceKlass org/yaml/snakeyaml/representer/Representer$RepresentJavaBean
instanceKlass org/yaml/snakeyaml/representer/SafeRepresenter$RepresentEnum
instanceKlass org/yaml/snakeyaml/representer/SafeRepresenter$RepresentDate
instanceKlass org/yaml/snakeyaml/representer/SafeRepresenter$RepresentArray
instanceKlass org/yaml/snakeyaml/representer/SafeRepresenter$RepresentIterator
instanceKlass org/yaml/snakeyaml/representer/SafeRepresenter$RepresentSet
instanceKlass org/yaml/snakeyaml/representer/SafeRepresenter$RepresentMap
instanceKlass org/yaml/snakeyaml/representer/SafeRepresenter$RepresentList
instanceKlass org/yaml/snakeyaml/representer/SafeRepresenter$RepresentNumber
instanceKlass org/yaml/snakeyaml/representer/SafeRepresenter$RepresentPrimitiveArray
instanceKlass org/yaml/snakeyaml/representer/SafeRepresenter$RepresentByteArray
instanceKlass org/yaml/snakeyaml/representer/SafeRepresenter$RepresentUuid
instanceKlass org/yaml/snakeyaml/representer/SafeRepresenter$RepresentBoolean
instanceKlass org/yaml/snakeyaml/representer/SafeRepresenter$RepresentString
instanceKlass org/yaml/snakeyaml/representer/SafeRepresenter$RepresentNull
instanceKlass org/yaml/snakeyaml/representer/Represent
instanceKlass org/yaml/snakeyaml/representer/BaseRepresenter
instanceKlass org/yaml/snakeyaml/util/PlatformFeatureDetector
instanceKlass org/yaml/snakeyaml/introspector/Property
instanceKlass org/yaml/snakeyaml/introspector/PropertyUtils
instanceKlass org/yaml/snakeyaml/constructor/Constructor$ConstructSequence
instanceKlass org/yaml/snakeyaml/constructor/Constructor$ConstructMapping
instanceKlass org/yaml/snakeyaml/constructor/Constructor$ConstructYamlObject
instanceKlass org/yaml/snakeyaml/constructor/SafeConstructor$ConstructYamlMap
instanceKlass org/yaml/snakeyaml/constructor/SafeConstructor$ConstructYamlSeq
instanceKlass org/yaml/snakeyaml/constructor/SafeConstructor$ConstructYamlSet
instanceKlass org/yaml/snakeyaml/external/com/google/gdata/util/common/base/UnicodeEscaper
instanceKlass org/yaml/snakeyaml/external/com/google/gdata/util/common/base/Escaper
instanceKlass org/yaml/snakeyaml/util/UriEncoder
instanceKlass org/yaml/snakeyaml/nodes/Tag
instanceKlass org/yaml/snakeyaml/TypeDescription
instanceKlass org/yaml/snakeyaml/constructor/AbstractConstruct
instanceKlass org/yaml/snakeyaml/constructor/Construct
instanceKlass org/yaml/snakeyaml/nodes/Node
instanceKlass org/yaml/snakeyaml/emitter/Emitable
instanceKlass org/yaml/snakeyaml/parser/Parser
instanceKlass org/yaml/snakeyaml/constructor/BaseConstructor
instanceKlass org/yaml/snakeyaml/Yaml
instanceKlass com/github/javafaker/ProgrammingLanguage
instanceKlass com/github/javafaker/AquaTeenHungerForce
instanceKlass com/github/javafaker/Dune
instanceKlass com/github/javafaker/Nation
instanceKlass com/github/javafaker/Relationships
instanceKlass com/github/javafaker/Buffy
instanceKlass com/github/javafaker/PrincessBride
instanceKlass com/github/javafaker/BackToTheFuture
instanceKlass com/github/javafaker/Animal
instanceKlass com/github/javafaker/Country
instanceKlass com/github/javafaker/Medical
instanceKlass com/github/javafaker/Lebowski
instanceKlass com/github/javafaker/Weather
instanceKlass com/github/javafaker/StarTrek
instanceKlass com/github/javafaker/Robin
instanceKlass com/github/javafaker/Overwatch
instanceKlass com/github/javafaker/LeagueOfLegends
instanceKlass com/github/javafaker/HowIMetYourMother
instanceKlass com/github/javafaker/Hobbit
instanceKlass com/github/javafaker/HitchhikersGuideToTheGalaxy
instanceKlass com/github/javafaker/FunnyName
instanceKlass com/github/javafaker/DragonBall
instanceKlass com/github/javafaker/Witcher
instanceKlass com/github/javafaker/Matz
instanceKlass com/github/javafaker/Yoda
instanceKlass com/github/javafaker/RickAndMorty
instanceKlass com/github/javafaker/TwinPeaks
instanceKlass com/github/javafaker/Job
instanceKlass com/github/javafaker/Hipster
instanceKlass com/github/javafaker/Friends
instanceKlass com/github/javafaker/Esports
instanceKlass com/github/javafaker/RockBand
instanceKlass com/github/javafaker/HarryPotter
instanceKlass com/github/javafaker/Zelda
instanceKlass com/github/javafaker/LordOfTheRings
instanceKlass com/github/javafaker/Stock
instanceKlass com/github/javafaker/Cat
instanceKlass com/github/javafaker/University
instanceKlass com/github/javafaker/Beer
instanceKlass com/github/javafaker/Bool
instanceKlass com/github/javafaker/Team
instanceKlass com/github/javafaker/Superhero
instanceKlass com/github/javafaker/Space
instanceKlass com/github/javafaker/SlackEmoji
instanceKlass com/github/javafaker/Shakespeare
instanceKlass com/github/javafaker/Educator
instanceKlass com/github/javafaker/Dog
instanceKlass com/github/javafaker/Demographic
instanceKlass com/github/javafaker/DateAndTime
instanceKlass com/github/javafaker/GameOfThrones
instanceKlass com/github/javafaker/Food
instanceKlass com/github/javafaker/Finance
instanceKlass com/github/javafaker/File
instanceKlass com/github/javafaker/Code
instanceKlass com/github/javafaker/Options
instanceKlass com/github/javafaker/Currency
instanceKlass com/github/javafaker/Commerce
instanceKlass com/github/javafaker/ElderScrolls
instanceKlass com/github/javafaker/Crypto
instanceKlass com/github/javafaker/Company
instanceKlass com/github/javafaker/Hacker
instanceKlass com/github/javafaker/IdNumber
instanceKlass com/github/javafaker/Color
instanceKlass com/github/javafaker/ChuckNorris
instanceKlass com/github/javafaker/Business
instanceKlass com/github/javafaker/Book
instanceKlass com/github/javafaker/Address
instanceKlass com/github/javafaker/Pokemon
instanceKlass com/github/javafaker/PhoneNumber
instanceKlass com/github/javafaker/Internet
instanceKlass com/github/javafaker/Number
instanceKlass com/github/javafaker/Name
instanceKlass com/github/javafaker/Music
instanceKlass com/github/javafaker/Lorem
instanceKlass com/github/javafaker/Aviation
instanceKlass com/github/javafaker/Avatar
instanceKlass com/github/javafaker/Artist
instanceKlass com/github/javafaker/App
instanceKlass com/github/javafaker/Ancient
instanceKlass com/github/javafaker/service/FakeValues
instanceKlass com/github/javafaker/service/files/EnFile
instanceKlass com/github/javafaker/service/FakeValuesGrouping
instanceKlass com/github/javafaker/service/FakeValuesInterface
instanceKlass com/github/javafaker/service/FakeValuesService
instanceKlass com/github/javafaker/service/RandomService
instanceKlass com/github/javafaker/Faker
instanceKlass QAcart/Shared/Builds/UserBuild
instanceKlass  @bci io/qameta/allure/listener/LifecycleNotifier beforeContainerUpdate (Lio/qameta/allure/model/TestResultContainer;)V 5 <appendix> argL0 ; # io/qameta/allure/listener/LifecycleNotifier$$Lambda+0x00000000903cc1e0
instanceKlass  @bci io/qameta/allure/testng/AllureTestNg addChildToContainer (Ljava/lang/String;Ljava/lang/String;)V 27 <appendix> member <vmtarget> ; # io/qameta/allure/testng/AllureTestNg$$Lambda+0x00000000903cbfa0
instanceKlass  @bci io/qameta/allure/testng/AllureTestNg onTestStart (Lorg/testng/ITestResult;)V 83 <appendix> member <vmtarget> ; # io/qameta/allure/testng/AllureTestNg$$Lambda+0x00000000903cbd60
instanceKlass  @bci io/qameta/allure/testng/AllureTestNg onTestStart (Lorg/testng/ITestResult;)V 73 <appendix> argL0 ; # io/qameta/allure/testng/AllureTestNg$$Lambda+0x00000000903cbb18
instanceKlass  @bci io/qameta/allure/testng/AllureTestNg onTestStart (Lorg/testng/ITestResult;)V 65 <appendix> argL0 ; # io/qameta/allure/testng/AllureTestNg$$Lambda+0x00000000903cb8d0
instanceKlass  @bci io/qameta/allure/listener/LifecycleNotifier afterTestStart (Lio/qameta/allure/model/TestResult;)V 5 <appendix> argL0 ; # io/qameta/allure/listener/LifecycleNotifier$$Lambda+0x00000000903cb698
instanceKlass  @bci io/qameta/allure/listener/LifecycleNotifier beforeTestStart (Lio/qameta/allure/model/TestResult;)V 5 <appendix> argL0 ; # io/qameta/allure/listener/LifecycleNotifier$$Lambda+0x00000000903cb460
instanceKlass  @bci io/qameta/allure/listener/LifecycleNotifier afterTestSchedule (Lio/qameta/allure/model/TestResult;)V 5 <appendix> argL0 ; # io/qameta/allure/listener/LifecycleNotifier$$Lambda+0x00000000903cb228
instanceKlass  @bci io/qameta/allure/listener/LifecycleNotifier beforeTestSchedule (Lio/qameta/allure/model/TestResult;)V 5 <appendix> argL0 ; # io/qameta/allure/listener/LifecycleNotifier$$Lambda+0x00000000903caff0
instanceKlass  @bci io/qameta/allure/AllureLifecycle scheduleTestCase (Ljava/lang/String;Lio/qameta/allure/model/TestResult;)V 10 <appendix> member <vmtarget> ; # io/qameta/allure/AllureLifecycle$$Lambda+0x00000000903cadb0
instanceKlass  @bci io/qameta/allure/testng/AllureTestNg startTestCase (Lorg/testng/ITestContext;Lorg/testng/ITestNGMethod;Lorg/testng/IClass;[Ljava/lang/Object;Ljava/lang/String;Ljava/lang/String;)V 295 <appendix> member <vmtarget> ; # io/qameta/allure/testng/AllureTestNg$$Lambda+0x00000000903cab70
instanceKlass  @bci io/qameta/allure/testng/AllureTestNg startTestCase (Lorg/testng/ITestContext;Lorg/testng/ITestNGMethod;Lorg/testng/IClass;[Ljava/lang/Object;Ljava/lang/String;Ljava/lang/String;)V 283 <appendix> member <vmtarget> ; # io/qameta/allure/testng/AllureTestNg$$Lambda+0x00000000903ca930
instanceKlass  @bci io/qameta/allure/testng/AllureTestNg getLinks (Lorg/testng/ITestNGMethod;Lorg/testng/IClass;)Ljava/util/List; 54 <appendix> member <vmtarget> ; # io/qameta/allure/testng/AllureTestNg$$Lambda+0x00000000903ca6f0
instanceKlass  @bci io/qameta/allure/testng/AllureTestNg getLinks (Lorg/testng/ITestNGMethod;Lorg/testng/IClass;)Ljava/util/List; 40 <appendix> argL0 ; # io/qameta/allure/testng/AllureTestNg$$Lambda+0x00000000903ca4a8
instanceKlass  @bci io/qameta/allure/testng/AllureTestNg getLinks (Lorg/testng/ITestNGMethod;Lorg/testng/IClass;)Ljava/util/List; 27 <appendix> member <vmtarget> ; # io/qameta/allure/testng/AllureTestNg$$Lambda+0x00000000903ca268
instanceKlass io/qameta/allure/LinkAnnotations
instanceKlass  @bci io/qameta/allure/util/AnnotationUtils getLinks (Ljava/util/Collection;)Ljava/util/Set; 2 <appendix> argL0 ; # io/qameta/allure/util/AnnotationUtils$$Lambda+0x00000000903c9c28
instanceKlass io/qameta/allure/LinkAnnotation
instanceKlass  @bci io/qameta/allure/testng/AllureTestNg getLinks (Lorg/testng/ITestNGMethod;Lorg/testng/IClass;)Ljava/util/List; 13 <appendix> argL0 ; # io/qameta/allure/testng/AllureTestNg$$Lambda+0x00000000903c97d8
instanceKlass  @bci io/qameta/allure/testng/AllureTestNg isMuted (Lorg/testng/ITestNGMethod;Lorg/testng/IClass;)Z 32 <appendix> argL0 ; # io/qameta/allure/testng/AllureTestNg$$Lambda+0x00000000903c9590
instanceKlass io/qameta/allure/Muted
instanceKlass  @bci io/qameta/allure/testng/AllureTestNg isMuted (Lorg/testng/ITestNGMethod;Lorg/testng/IClass;)Z 5 <appendix> argL0 ; # io/qameta/allure/testng/AllureTestNg$$Lambda+0x00000000903c9140
instanceKlass  @bci io/qameta/allure/testng/AllureTestNg isFlaky (Lorg/testng/ITestNGMethod;Lorg/testng/IClass;)Z 32 <appendix> argL0 ; # io/qameta/allure/testng/AllureTestNg$$Lambda+0x00000000903c8ef8
instanceKlass io/qameta/allure/Flaky
instanceKlass  @bci io/qameta/allure/testng/AllureTestNg isFlaky (Lorg/testng/ITestNGMethod;Lorg/testng/IClass;)Z 5 <appendix> argL0 ; # io/qameta/allure/testng/AllureTestNg$$Lambda+0x00000000903c8aa8
instanceKlass java/math/MutableBigInteger
instanceKlass sun/security/provider/ByteArrayAccess$LE
instanceKlass  @bci io/qameta/allure/testng/AllureTestNg getHistoryId (Lorg/testng/ITestNGMethod;Ljava/util/List;)Ljava/lang/String; 79 <appendix> member <vmtarget> ; # io/qameta/allure/testng/AllureTestNg$$Lambda+0x00000000903c8868
instanceKlass  @bci java/util/Comparator thenComparing (Ljava/util/Comparator;)Ljava/util/Comparator; 7 <appendix> member <vmtarget> ; # java/util/Comparator$$Lambda+0x0000000090358dd8
instanceKlass  @bci io/qameta/allure/testng/AllureTestNg getHistoryId (Lorg/testng/ITestNGMethod;Ljava/util/List;)Ljava/lang/String; 63 <appendix> argL0 ; # io/qameta/allure/testng/AllureTestNg$$Lambda+0x00000000903c8620
instanceKlass  @bci io/qameta/allure/testng/AllureTestNg getHistoryId (Lorg/testng/ITestNGMethod;Ljava/util/List;)Ljava/lang/String; 55 <appendix> argL0 ; # io/qameta/allure/testng/AllureTestNg$$Lambda+0x00000000903c83d8
instanceKlass io/qameta/allure/model/TestResult
instanceKlass  @bci io/qameta/allure/testng/AllureTestNg getParameters (Lorg/testng/ITestContext;Lorg/testng/ITestNGMethod;[Ljava/lang/Object;)Ljava/util/List; 97 <appendix> argL0 ; # io/qameta/allure/testng/AllureTestNg$$Lambda+0x00000000903c4a28
instanceKlass  @bci io/qameta/allure/testng/AllureTestNg lambda$getParameters$21 ([Ljava/lang/Object;Ljava/util/Map;Ljava/lang/reflect/Method;)V 63 <appendix> argL0 ; # io/qameta/allure/testng/AllureTestNg$$Lambda+0x00000000903c4800
instanceKlass  @bci io/qameta/allure/testng/AllureTestNg lambda$getParameters$21 ([Ljava/lang/Object;Ljava/util/Map;Ljava/lang/reflect/Method;)V 53 <appendix> argL0 ; # io/qameta/allure/testng/AllureTestNg$$Lambda+0x00000000903c5da8
instanceKlass  @bci io/qameta/allure/testng/AllureTestNg lambda$getParameters$21 ([Ljava/lang/Object;Ljava/util/Map;Ljava/lang/reflect/Method;)V 26 <appendix> argL0 ; # io/qameta/allure/testng/AllureTestNg$$Lambda+0x00000000903c5b60
instanceKlass  @bci io/qameta/allure/testng/AllureTestNg getParameters (Lorg/testng/ITestContext;Lorg/testng/ITestNGMethod;[Ljava/lang/Object;)Ljava/util/List; 77 <appendix> member <vmtarget> ; # io/qameta/allure/testng/AllureTestNg$$Lambda+0x00000000903c5920
instanceKlass  @bci io/qameta/allure/testng/AllureTestNg getParameters (Lorg/testng/ITestContext;Lorg/testng/ITestNGMethod;[Ljava/lang/Object;)Ljava/util/List; 59 <appendix> member <vmtarget> ; # io/qameta/allure/testng/AllureTestNg$$Lambda+0x00000000903c56e0
instanceKlass  @bci io/qameta/allure/testng/AllureTestNg getParameters (Lorg/testng/ITestContext;Lorg/testng/ITestNGMethod;[Ljava/lang/Object;)Ljava/util/List; 45 <appendix> argL0 ; # io/qameta/allure/testng/AllureTestNg$$Lambda+0x00000000903c5488
instanceKlass  @bci io/qameta/allure/testng/AllureTestNg getLabels (Lorg/testng/ITestNGMethod;Lorg/testng/IClass;)Ljava/util/List; 118 <appendix> member <vmtarget> ; # io/qameta/allure/testng/AllureTestNg$$Lambda+0x00000000903c5248
instanceKlass  @bci io/qameta/allure/testng/AllureTestNg getLabels (Lorg/testng/ITestNGMethod;Lorg/testng/IClass;)Ljava/util/List; 104 <appendix> argL0 ; # io/qameta/allure/testng/AllureTestNg$$Lambda+0x00000000903c5000
instanceKlass  @bci io/qameta/allure/testng/AllureTestNg getLabels (Lorg/testng/ITestNGMethod;Lorg/testng/IClass;)Ljava/util/List; 90 <appendix> member <vmtarget> ; # io/qameta/allure/testng/AllureTestNg$$Lambda+0x00000000903c7cb0
instanceKlass  @bci io/qameta/allure/testng/AllureTestNg getLabels (Lorg/testng/ITestNGMethod;Lorg/testng/IClass;)Ljava/util/List; 76 <appendix> argL0 ; # io/qameta/allure/testng/AllureTestNg$$Lambda+0x00000000903c7a58
instanceKlass  @bci io/qameta/allure/testng/AllureTestNg getSeverity (Ljava/lang/reflect/AnnotatedElement;)Ljava/util/Optional; 15 <appendix> argL0 ; # io/qameta/allure/testng/AllureTestNg$$Lambda+0x00000000903c7810
instanceKlass io/qameta/allure/Severity
instanceKlass  @bci io/qameta/allure/testng/AllureTestNg getLabels (Lorg/testng/ITestNGMethod;Lorg/testng/IClass;)Ljava/util/List; 68 <appendix> member <vmtarget> ; # io/qameta/allure/testng/AllureTestNg$$Lambda+0x00000000903c6f68
instanceKlass  @bci io/qameta/allure/testng/AllureTestNg getLabels (Lorg/testng/ITestNGMethod;Lorg/testng/IClass;)Ljava/util/List; 54 <appendix> member <vmtarget> ; # io/qameta/allure/testng/AllureTestNg$$Lambda+0x00000000903c6d28
instanceKlass  @bci io/qameta/allure/testng/AllureTestNg getLabels (Lorg/testng/ITestNGMethod;Lorg/testng/IClass;)Ljava/util/List; 40 <appendix> argL0 ; # io/qameta/allure/testng/AllureTestNg$$Lambda+0x00000000903c6ae0
instanceKlass  @bci io/qameta/allure/testng/AllureTestNg getClass (Lorg/testng/IClass;)Ljava/util/Optional; 4 <appendix> argL0 ; # io/qameta/allure/testng/AllureTestNg$$Lambda+0x00000000903c6898
instanceKlass  @bci io/qameta/allure/testng/AllureTestNg getLabels (Lorg/testng/ITestNGMethod;Lorg/testng/IClass;)Ljava/util/List; 27 <appendix> member <vmtarget> ; # io/qameta/allure/testng/AllureTestNg$$Lambda+0x00000000903c6658
instanceKlass  @bci io/qameta/allure/util/AnnotationUtils extractMetaAnnotations (Ljava/lang/Class;Ljava/util/function/BiFunction;Ljava/lang/annotation/Annotation;Ljava/util/Set;)Ljava/util/stream/Stream; 74 <appendix> member <vmtarget> ; # io/qameta/allure/util/AnnotationUtils$$Lambda+0x00000000903c6408
instanceKlass io/qameta/allure/LabelAnnotations
instanceKlass java/lang/annotation/Repeatable
instanceKlass sun/reflect/annotation/AnnotationSupport
instanceKlass  @bci io/qameta/allure/util/AnnotationUtils extractMetaAnnotations (Ljava/lang/Class;Ljava/util/function/BiFunction;Ljava/lang/annotation/Annotation;Ljava/util/Set;)Ljava/util/stream/Stream; 47 <appendix> member <vmtarget> ; # io/qameta/allure/util/AnnotationUtils$$Lambda+0x00000000903c3cd8
instanceKlass  @bci io/qameta/allure/util/AnnotationUtils extractMetaAnnotations (Ljava/lang/Class;Ljava/util/function/BiFunction;Ljava/lang/annotation/Annotation;Ljava/util/Set;)Ljava/util/stream/Stream; 34 <appendix> argL0 ; # io/qameta/allure/util/AnnotationUtils$$Lambda+0x00000000903c3a90
instanceKlass  @bci io/qameta/allure/util/AnnotationUtils isRepeatableWrapper (Ljava/lang/annotation/Annotation;)Z 32 <appendix> argL0 ; # io/qameta/allure/util/AnnotationUtils$$Lambda+0x00000000903c3838
instanceKlass  @bci io/qameta/allure/util/AnnotationUtils isRepeatableWrapper (Ljava/lang/annotation/Annotation;)Z 22 <appendix> argL0 ; # io/qameta/allure/util/AnnotationUtils$$Lambda+0x00000000903c35e0
instanceKlass  @bci io/qameta/allure/util/AnnotationUtils isRepeatableWrapper (Ljava/lang/annotation/Annotation;)Z 12 <appendix> argL0 ; # io/qameta/allure/util/AnnotationUtils$$Lambda+0x00000000903c3388
instanceKlass  @bci io/qameta/allure/util/AnnotationUtils extractMetaAnnotations (Ljava/lang/Class;Ljava/util/function/BiFunction;Ljava/util/Collection;)Ljava/util/stream/Stream; 27 <appendix> member <vmtarget> ; # io/qameta/allure/util/AnnotationUtils$$Lambda+0x00000000903c3138
instanceKlass  @bci io/qameta/allure/util/AnnotationUtils extractMetaAnnotations (Ljava/lang/Class;Ljava/util/function/BiFunction;Ljava/util/Collection;)Ljava/util/stream/Stream; 14 <appendix> argL0 ; # io/qameta/allure/util/AnnotationUtils$$Lambda+0x00000000903c2ef0
instanceKlass  @bci io/qameta/allure/util/AnnotationUtils getLabels (Ljava/util/Collection;)Ljava/util/Set; 2 <appendix> argL0 ; # io/qameta/allure/util/AnnotationUtils$$Lambda+0x00000000903c2cb8
instanceKlass io/qameta/allure/LabelAnnotation
instanceKlass  @bci io/qameta/allure/testng/AllureTestNg getLabels (Lorg/testng/ITestNGMethod;Lorg/testng/IClass;)Ljava/util/List; 13 <appendix> argL0 ; # io/qameta/allure/testng/AllureTestNg$$Lambda+0x00000000903c2868
instanceKlass io/qameta/allure/util/AnnotationUtils
instanceKlass  @bci io/qameta/allure/testng/AllureTestNg getMethod (Lorg/testng/ITestNGMethod;)Ljava/util/Optional; 12 <appendix> argL0 ; # io/qameta/allure/testng/AllureTestNg$$Lambda+0x00000000903c2410
instanceKlass  @bci io/qameta/allure/testng/AllureTestNg getMethod (Lorg/testng/ITestNGMethod;)Ljava/util/Optional; 4 <appendix> argL0 ; # io/qameta/allure/testng/AllureTestNg$$Lambda+0x00000000903c21c8
instanceKlass  @bci sun/management/VMManagementImpl getVmId ()Ljava/lang/String; 21 <appendix> form vmentry <vmtarget> ; # java/lang/invoke/LambdaForm$MH+0x00000000903c4400
instanceKlass  @bci io/qameta/allure/util/ResultsUtils getThreadName ()Ljava/lang/String; 42 <appendix> argL0 ; # io/qameta/allure/util/ResultsUtils$$Lambda+0x00000000903c1fa0
instanceKlass  @bci io/qameta/allure/util/ResultsUtils getThreadName ()Ljava/lang/String; 27 <appendix> argL0 ; # io/qameta/allure/util/ResultsUtils$$Lambda+0x00000000903c1d48
instanceKlass java/net/InetAddress$CachedLocalHost
instanceKlass  @bci io/qameta/allure/util/ResultsUtils getHostName ()Ljava/lang/String; 42 <appendix> argL0 ; # io/qameta/allure/util/ResultsUtils$$Lambda+0x00000000903c1b20
instanceKlass  @bci io/qameta/allure/util/ResultsUtils getHostName ()Ljava/lang/String; 27 <appendix> argL0 ; # io/qameta/allure/util/ResultsUtils$$Lambda+0x00000000903c18c8
instanceKlass  @bci io/qameta/allure/testng/AllureTestNg safeExtractTestTag (Lorg/testng/ITestClass;)Ljava/lang/String; 11 <appendix> argL0 ; # io/qameta/allure/testng/AllureTestNg$$Lambda+0x00000000903c1680
instanceKlass  @bci io/qameta/allure/testng/AllureTestNg safeExtractSuiteName (Lorg/testng/ITestClass;)Ljava/lang/String; 19 <appendix> argL0 ; # io/qameta/allure/testng/AllureTestNg$$Lambda+0x00000000903c1438
instanceKlass  @bci io/qameta/allure/testng/AllureTestNg safeExtractSuiteName (Lorg/testng/ITestClass;)Ljava/lang/String; 11 <appendix> argL0 ; # io/qameta/allure/testng/AllureTestNg$$Lambda+0x00000000903c11f0
instanceKlass  @bci io/qameta/allure/util/ResultsUtils getProvidedLabels ()Ljava/util/Set; 36 <appendix> argL0 ; # io/qameta/allure/util/ResultsUtils$$Lambda+0x00000000903c0d98
instanceKlass  @bci io/qameta/allure/util/ResultsUtils getProvidedLabels ()Ljava/util/Set; 26 <appendix> member <vmtarget> ; # io/qameta/allure/util/ResultsUtils$$Lambda+0x00000000903c0b48
instanceKlass io/qameta/allure/model/Label
instanceKlass  @bci io/qameta/allure/util/ResultsUtils getProvidedLabels ()Ljava/util/Set; 15 <appendix> argL0 ; # io/qameta/allure/util/ResultsUtils$$Lambda+0x00000000903c06b8
instanceKlass  @bci io/qameta/allure/testng/AllureTestNg shouldSkipReportingFor (Lorg/testng/ITestResult;)Z 20 <appendix> argL0 ; # io/qameta/allure/testng/AllureTestNg$$Lambda+0x00000000903c0490
instanceKlass  @bci io/qameta/allure/testng/AllureTestNg shouldSkipReportingFor (Lorg/testng/ITestResult;)Z 12 <appendix> argL0 ; # io/qameta/allure/testng/AllureTestNg$$Lambda+0x00000000903c0248
instanceKlass  @bci io/qameta/allure/testng/AllureTestNg shouldSkipReportingFor (Lorg/testng/ITestResult;)Z 4 <appendix> argL0 ; # io/qameta/allure/testng/AllureTestNg$$Lambda+0x00000000903c0000
instanceKlass  @bci org/testng/internal/TestResult copyAttributes (Lorg/testng/ITestResult;Lorg/testng/ITestResult;)V 8 <appendix> member <vmtarget> ; # org/testng/internal/TestResult$$Lambda+0x00000000903bfcf8
instanceKlass  @bci org/testng/TestRunner$ConfigurationListener removeConfigurationResultAfterExecution (Lorg/testng/ITestResult;)V 13 <appendix> member <vmtarget> ; # org/testng/TestRunner$ConfigurationListener$$Lambda+0x00000000903bfa98
instanceKlass  @bci org/testng/internal/invokers/ConfigInvoker copyAttributesFromNativelyInjectedTestResult ([Ljava/lang/Object;Lorg/testng/ITestResult;)V 29 <appendix> member <vmtarget> ; # org/testng/internal/invokers/ConfigInvoker$$Lambda+0x00000000903bf858
instanceKlass  @bci org/testng/internal/invokers/ConfigInvoker copyAttributesFromNativelyInjectedTestResult ([Ljava/lang/Object;Lorg/testng/ITestResult;)V 13 <appendix> argL0 ; # org/testng/internal/invokers/ConfigInvoker$$Lambda+0x00000000903bf600
instanceKlass  @bci io/qameta/allure/listener/LifecycleNotifier afterContainerWrite (Lio/qameta/allure/model/TestResultContainer;)V 5 <appendix> argL0 ; # io/qameta/allure/listener/LifecycleNotifier$$Lambda+0x00000000903bf3c8
instanceKlass java/io/FileOutputStream$1
instanceKlass io/qameta/allure/internal/shadowed/jackson/core/io/NumberOutput
instanceKlass io/qameta/allure/model/Parameter
instanceKlass io/qameta/allure/model/Attachment
instanceKlass io/qameta/allure/model/StepResult
instanceKlass io/qameta/allure/model/StatusDetails
instanceKlass io/qameta/allure/internal/shadowed/jackson/databind/ser/impl/PropertySerializerMap$SerializerAndMapResult
instanceKlass io/qameta/allure/internal/shadowed/jackson/annotation/JacksonAnnotation
instanceKlass io/qameta/allure/internal/shadowed/jackson/databind/annotation/JacksonStdImpl
instanceKlass sun/reflect/generics/tree/VoidDescriptor
instanceKlass io/qameta/allure/internal/shadowed/jackson/databind/introspect/PotentialCreator
instanceKlass io/qameta/allure/internal/shadowed/jackson/annotation/JsonCreator
instanceKlass io/qameta/allure/internal/shadowed/jackson/databind/ser/std/NumberSerializers$1
instanceKlass io/qameta/allure/internal/shadowed/jackson/annotation/JsonFilter
instanceKlass io/qameta/allure/internal/shadowed/jackson/annotation/JsonIncludeProperties$Value
instanceKlass io/qameta/allure/internal/shadowed/jackson/annotation/JsonIncludeProperties
instanceKlass io/qameta/allure/internal/shadowed/jackson/annotation/JsonIgnoreProperties$Value
instanceKlass io/qameta/allure/internal/shadowed/jackson/annotation/JsonIgnoreProperties
instanceKlass io/qameta/allure/internal/shadowed/jackson/databind/annotation/JsonAppend
instanceKlass io/qameta/allure/internal/shadowed/jackson/databind/ser/impl/PropertySerializerMap
instanceKlass io/qameta/allure/internal/shadowed/jackson/databind/introspect/POJOPropertyBuilder$1
instanceKlass io/qameta/allure/internal/shadowed/jackson/databind/ser/PropertyBuilder$1
instanceKlass io/qameta/allure/internal/shadowed/jackson/databind/annotation/JsonTypeResolver
instanceKlass io/qameta/allure/internal/shadowed/jackson/databind/BeanProperty$Std
instanceKlass io/qameta/allure/internal/shadowed/jackson/databind/introspect/POJOPropertyBuilder$2
instanceKlass io/qameta/allure/internal/shadowed/jackson/annotation/JsonTypeId
instanceKlass io/qameta/allure/internal/shadowed/jackson/databind/introspect/POJOPropertyBuilder$3
instanceKlass io/qameta/allure/internal/shadowed/jackson/annotation/JsonInclude
instanceKlass io/qameta/allure/internal/shadowed/jackson/databind/ser/PropertyBuilder
instanceKlass io/qameta/allure/model/Link
instanceKlass io/qameta/allure/internal/shadowed/jackson/databind/type/TypeBindings$AsKey
instanceKlass io/qameta/allure/internal/shadowed/jackson/databind/type/TypeBindings$TypeParamStash
instanceKlass sun/reflect/generics/tree/MethodTypeSignature
instanceKlass io/qameta/allure/internal/shadowed/jackson/annotation/JsonIgnoreType
instanceKlass io/qameta/allure/internal/shadowed/jackson/databind/ser/BeanSerializerBuilder
instanceKlass io/qameta/allure/internal/shadowed/jackson/databind/ObjectWriter
instanceKlass io/qameta/allure/internal/shadowed/jackson/databind/util/BeanUtil
instanceKlass io/qameta/allure/internal/shadowed/jackson/databind/ext/Java7Handlers
instanceKlass org/w3c/dom/Document
instanceKlass org/w3c/dom/Node
instanceKlass io/qameta/allure/internal/shadowed/jackson/databind/ext/OptionalHandlerFactory
instanceKlass io/qameta/allure/internal/shadowed/jackson/databind/PropertyMetadata
instanceKlass io/qameta/allure/internal/shadowed/jackson/annotation/JsonPropertyDescription
instanceKlass io/qameta/allure/internal/shadowed/jackson/annotation/JsonPropertyOrder
instanceKlass io/qameta/allure/internal/shadowed/jackson/databind/annotation/JsonNaming
instanceKlass io/qameta/allure/internal/shadowed/jackson/annotation/JacksonInject
instanceKlass io/qameta/allure/internal/shadowed/jackson/databind/introspect/POJOPropertyBuilder$6
instanceKlass io/qameta/allure/internal/shadowed/jackson/databind/introspect/POJOPropertyBuilder$5
instanceKlass io/qameta/allure/internal/shadowed/jackson/databind/cfg/ConstructorDetector
instanceKlass io/qameta/allure/internal/shadowed/jackson/annotation/JsonSetter
instanceKlass io/qameta/allure/internal/shadowed/jackson/databind/introspect/AnnotatedMethodMap
instanceKlass io/qameta/allure/internal/shadowed/jackson/databind/introspect/AnnotatedMethodCollector$MethodBuilder
instanceKlass io/qameta/allure/internal/shadowed/jackson/databind/introspect/MemberKey
instanceKlass io/qameta/allure/internal/shadowed/jackson/databind/introspect/POJOPropertyBuilder$Linked
instanceKlass io/qameta/allure/internal/shadowed/jackson/databind/AnnotationIntrospector$ReferenceProperty
instanceKlass io/qameta/allure/internal/shadowed/jackson/databind/introspect/POJOPropertyBuilder$WithMember
instanceKlass io/qameta/allure/internal/shadowed/jackson/annotation/JsonIgnore
instanceKlass io/qameta/allure/internal/shadowed/jackson/annotation/JsonAutoDetect$1
instanceKlass io/qameta/allure/internal/shadowed/jackson/annotation/JsonProperty
instanceKlass io/qameta/allure/internal/shadowed/jackson/annotation/JsonGetter
instanceKlass io/qameta/allure/internal/shadowed/jackson/databind/PropertyName
instanceKlass io/qameta/allure/internal/shadowed/jackson/annotation/JsonAnySetter
instanceKlass io/qameta/allure/internal/shadowed/jackson/annotation/JsonAnyGetter
instanceKlass io/qameta/allure/internal/shadowed/jackson/annotation/JsonValue
instanceKlass io/qameta/allure/internal/shadowed/jackson/annotation/JsonKey
instanceKlass io/qameta/allure/internal/shadowed/jackson/databind/introspect/AnnotatedFieldCollector$FieldBuilder
instanceKlass io/qameta/allure/internal/shadowed/jackson/databind/introspect/TypeResolutionContext$Basic
instanceKlass io/qameta/allure/internal/shadowed/jackson/databind/introspect/AnnotationMap
instanceKlass io/qameta/allure/internal/shadowed/jackson/databind/introspect/CollectorBase
instanceKlass io/qameta/allure/internal/shadowed/jackson/databind/introspect/PotentialCreators
instanceKlass io/qameta/allure/internal/shadowed/jackson/databind/util/ArrayIterator
instanceKlass io/qameta/allure/internal/shadowed/jackson/annotation/JsonIdentityInfo
instanceKlass io/qameta/allure/internal/shadowed/jackson/annotation/JsonAutoDetect
instanceKlass io/qameta/allure/internal/shadowed/jackson/databind/introspect/POJOPropertiesCollector
# instanceKlass java/lang/invoke/LambdaForm$MH+0x00000000903a8400
instanceKlass io/qameta/allure/internal/shadowed/jackson/databind/introspect/AnnotationCollector$OneAnnotation
instanceKlass  @bci sun/reflect/annotation/AnnotationParser parseEnumArray (ILjava/lang/Class;Ljava/nio/ByteBuffer;Ljdk/internal/reflect/ConstantPool;Ljava/lang/Class;)Ljava/lang/Object; 16 <appendix> member <vmtarget> ; # sun/reflect/annotation/AnnotationParser$$Lambda+0x0000000090356550
instanceKlass io/qameta/allure/internal/shadowed/jackson/annotation/JacksonAnnotationsInside
instanceKlass java/lang/FunctionalInterface
instanceKlass io/qameta/allure/internal/shadowed/jackson/databind/util/internal/PrivateMaxEntriesMap$AddTask
instanceKlass io/qameta/allure/internal/shadowed/jackson/databind/util/internal/PrivateMaxEntriesMap$WeightedValue
instanceKlass io/qameta/allure/internal/shadowed/jackson/databind/type/ClassStack
instanceKlass io/qameta/allure/internal/shadowed/jackson/databind/util/internal/PrivateMaxEntriesMap$EntryIterator
instanceKlass  @bci io/qameta/allure/internal/shadowed/jackson/databind/ser/impl/ReadOnlyClassToSerializerMap <init> (Lio/qameta/allure/internal/shadowed/jackson/databind/util/LookupCache;)V 38 <appendix> member <vmtarget> ; # io/qameta/allure/internal/shadowed/jackson/databind/ser/impl/ReadOnlyClassToSerializerMap$$Lambda+0x00000000903afbc8
instanceKlass io/qameta/allure/internal/shadowed/jackson/databind/util/TypeKey
instanceKlass io/qameta/allure/internal/shadowed/jackson/databind/ser/impl/ReadOnlyClassToSerializerMap$Bucket
instanceKlass io/qameta/allure/internal/shadowed/jackson/databind/ser/impl/ReadOnlyClassToSerializerMap
instanceKlass io/qameta/allure/internal/shadowed/jackson/core/FormatFeature
instanceKlass io/qameta/allure/internal/shadowed/jackson/core/util/JacksonFeatureSet
instanceKlass io/qameta/allure/internal/shadowed/jackson/core/JsonStreamContext
instanceKlass io/qameta/allure/internal/shadowed/jackson/core/util/TextBuffer
instanceKlass io/qameta/allure/internal/shadowed/jackson/core/io/IOContext
instanceKlass io/qameta/allure/internal/shadowed/jackson/core/util/BufferRecycler
instanceKlass io/qameta/allure/internal/shadowed/jackson/core/util/BufferRecyclers
instanceKlass io/qameta/allure/internal/shadowed/jackson/core/io/ContentReference
instanceKlass sun/nio/fs/WindowsPath$1
instanceKlass  @bci io/qameta/allure/listener/LifecycleNotifier beforeContainerWrite (Lio/qameta/allure/model/TestResultContainer;)V 5 <appendix> argL0 ; # io/qameta/allure/listener/LifecycleNotifier$$Lambda+0x00000000903ac238
instanceKlass  @bci io/qameta/allure/listener/LifecycleNotifier afterContainerUpdate (Lio/qameta/allure/model/TestResultContainer;)V 5 <appendix> argL0 ; # io/qameta/allure/listener/LifecycleNotifier$$Lambda+0x00000000903ac000
instanceKlass  @bci io/qameta/allure/listener/LifecycleNotifier beforeContainerStop (Lio/qameta/allure/model/TestResultContainer;)V 5 <appendix> argL0 ; # io/qameta/allure/listener/LifecycleNotifier$$Lambda+0x00000000903a7ba8
instanceKlass  @bci io/qameta/allure/listener/LifecycleNotifier afterFixtureStop (Lio/qameta/allure/model/FixtureResult;)V 5 <appendix> argL0 ; # io/qameta/allure/listener/LifecycleNotifier$$Lambda+0x00000000903a7970
instanceKlass  @bci io/qameta/allure/listener/LifecycleNotifier beforeFixtureStop (Lio/qameta/allure/model/FixtureResult;)V 5 <appendix> argL0 ; # io/qameta/allure/listener/LifecycleNotifier$$Lambda+0x00000000903a7738
instanceKlass  @bci io/qameta/allure/listener/LifecycleNotifier afterFixtureUpdate (Lio/qameta/allure/model/FixtureResult;)V 5 <appendix> argL0 ; # io/qameta/allure/listener/LifecycleNotifier$$Lambda+0x00000000903a7500
instanceKlass  @bci io/qameta/allure/listener/LifecycleNotifier beforeFixtureUpdate (Lio/qameta/allure/model/FixtureResult;)V 5 <appendix> argL0 ; # io/qameta/allure/listener/LifecycleNotifier$$Lambda+0x00000000903a70c8
instanceKlass  @bci io/qameta/allure/testng/AllureTestNg afterInvocation (Lorg/testng/IInvokedMethod;Lorg/testng/ITestResult;)V 49 <appendix> argL0 ; # io/qameta/allure/testng/AllureTestNg$$Lambda+0x00000000903a6e90
instanceKlass  @bci org/openqa/selenium/chromium/AddHasCdp getImplementation (Lorg/openqa/selenium/Capabilities;Lorg/openqa/selenium/remote/ExecuteMethod;)Lorg/openqa/selenium/chromium/HasCdp; 1 <appendix> member <vmtarget> ; # org/openqa/selenium/chromium/AddHasCdp$$Lambda+0x00000000903a6c60
instanceKlass org/openqa/selenium/chromium/AddHasCasting$1
instanceKlass  @bci org/openqa/selenium/PersistentCapabilities asMap ()Ljava/util/Map; 13 <appendix> member <vmtarget> ; # org/openqa/selenium/PersistentCapabilities$$Lambda+0x00000000903a6788
instanceKlass java/util/Spliterators$EmptySpliterator
instanceKlass  @bci org/openqa/selenium/ImmutableCapabilities <init> (Ljava/util/Map;)V 21 <appendix> member <vmtarget> ; # org/openqa/selenium/ImmutableCapabilities$$Lambda+0x00000000903a6548
instanceKlass  @bci org/openqa/selenium/SharedCapabilitiesMethods hashCode (Lorg/openqa/selenium/Capabilities;)I 19 <appendix> argL0 ; # org/openqa/selenium/SharedCapabilitiesMethods$$Lambda+0x00000000903a62a8
instanceKlass org/openqa/selenium/PersistentCapabilities
instanceKlass  @bci org/openqa/selenium/chromium/ChromiumDriver <init> (Lorg/openqa/selenium/remote/CommandExecutor;Lorg/openqa/selenium/Capabilities;Ljava/lang/String;)V 313 <appendix> member <vmtarget> ; # org/openqa/selenium/chromium/ChromiumDriver$$Lambda+0x00000000903a5da8
instanceKlass org/openqa/selenium/ImmutableCapabilities
instanceKlass org/openqa/selenium/devtools/noop/NoOpDomains
instanceKlass  @bci org/openqa/selenium/chromium/ChromiumDriver lambda$new$5 (Lorg/openqa/selenium/devtools/CdpInfo;Lorg/openqa/selenium/devtools/Connection;)Lorg/openqa/selenium/devtools/DevTools; 10 <appendix> member <vmtarget> ; # org/openqa/selenium/chromium/ChromiumDriver$$Lambda+0x00000000903a5630
instanceKlass  @bci org/openqa/selenium/chromium/ChromiumDriver <init> (Lorg/openqa/selenium/remote/CommandExecutor;Lorg/openqa/selenium/Capabilities;Ljava/lang/String;)V 297 <appendix> member <vmtarget> ; # org/openqa/selenium/chromium/ChromiumDriver$$Lambda+0x00000000903a53e0
instanceKlass  @bci org/openqa/selenium/devtools/noop/NoOpCdpInfo <init> ()V 2 <appendix> argL0 ; # org/openqa/selenium/devtools/noop/NoOpCdpInfo$$Lambda+0x00000000903a5198
instanceKlass  @bci org/openqa/selenium/chromium/ChromiumDriver <init> (Lorg/openqa/selenium/remote/CommandExecutor;Lorg/openqa/selenium/Capabilities;Ljava/lang/String;)V 277 <appendix> member <vmtarget> ; # org/openqa/selenium/chromium/ChromiumDriver$$Lambda+0x00000000903a4f68
instanceKlass java/time/LocalTime$1
instanceKlass java/time/ZonedDateTime$1
instanceKlass java/util/Formatter$DateTime
instanceKlass java/util/logging/Level$RbAccess
instanceKlass java/text/FieldPosition$Delegate
instanceKlass  @bci java/text/DecimalFormat format (Ljava/lang/Object;Ljava/text/Format$StringBuf;Ljava/text/FieldPosition;)Ljava/text/Format$StringBuf; 10 <appendix> member <vmtarget> ; # java/text/DecimalFormat$$TypeSwitch+0x0000000090354468
instanceKlass  @bci java/util/logging/LogRecord inferCaller ()V 18 <appendix> member <vmtarget> ; # java/util/logging/LogRecord$$Lambda+0x0000000090354228
instanceKlass java/lang/StackStreamFactory$FrameBuffer
instanceKlass java/lang/StackStreamFactory
instanceKlass  @bci java/util/logging/LogRecord$CallerFinder get ()Ljava/util/Optional; 4 <appendix> member <vmtarget> ; # java/util/logging/LogRecord$CallerFinder$$Lambda+0x0000000090352250
instanceKlass java/util/logging/LogRecord$CallerFinder
instanceKlass java/time/LocalDate$1
instanceKlass  @bci java/time/temporal/TemporalAdjusters nextOrSame (Ljava/time/DayOfWeek;)Ljava/time/temporal/TemporalAdjuster; 6 <appendix> member <vmtarget> ; # java/time/temporal/TemporalAdjusters$$Lambda+0x0000000090351bc0
instanceKlass  @cpi java/time/temporal/TemporalAdjusters 209 form vmentry <vmtarget> ; # java/lang/invoke/LambdaForm$DMH+0x00000000903a8000
instanceKlass java/time/temporal/TemporalAdjusters
instanceKlass java/util/logging/LogManager$CloseOnReset
instanceKlass jdk/internal/logger/SimpleConsoleLogger$Formatting
instanceKlass  @bci java/util/logging/SimpleFormatter <init> ()V 5 <appendix> argL0 ; # java/util/logging/SimpleFormatter$$Lambda+0x0000000090351340
instanceKlass java/util/logging/Formatter
instanceKlass java/util/logging/LogRecord
instanceKlass  @bci org/openqa/selenium/devtools/v142/v142CdpInfo <init> ()V 4 <appendix> argL0 ; # org/openqa/selenium/devtools/v142/v142CdpInfo$$Lambda+0x00000000903a4d20
instanceKlass org/openqa/selenium/devtools/v142/v142Domains
instanceKlass  @bci org/openqa/selenium/devtools/v141/v141CdpInfo <init> ()V 4 <appendix> argL0 ; # org/openqa/selenium/devtools/v141/v141CdpInfo$$Lambda+0x000000009039bda8
instanceKlass org/openqa/selenium/devtools/v141/v141Domains
instanceKlass  @bci org/openqa/selenium/devtools/v140/v140CdpInfo <init> ()V 4 <appendix> argL0 ; # org/openqa/selenium/devtools/v140/v140CdpInfo$$Lambda+0x000000009039ae40
instanceKlass org/openqa/selenium/devtools/DevTools
instanceKlass org/openqa/selenium/devtools/idealized/Javascript
instanceKlass org/openqa/selenium/devtools/idealized/Network
instanceKlass org/openqa/selenium/devtools/idealized/Events
instanceKlass org/openqa/selenium/devtools/idealized/log/Log
instanceKlass org/openqa/selenium/devtools/idealized/target/Target
instanceKlass org/openqa/selenium/devtools/v140/v140Domains
instanceKlass org/openqa/selenium/devtools/idealized/Domains
instanceKlass org/openqa/selenium/devtools/CdpVersionFinder
instanceKlass org/openqa/selenium/remote/http/Message
instanceKlass org/openqa/selenium/remote/http/jdk/JdkHttpClient$4
instanceKlass jdk/internal/net/http/websocket/UTF8AccumulatingDecoder
instanceKlass  @bci jdk/internal/net/http/websocket/MessageDecoder <clinit> ()V 19 <appendix> member <vmtarget> ; # jdk/internal/net/http/websocket/MessageDecoder$$Lambda+0x00000000903a06d8
instanceKlass jdk/internal/net/http/websocket/MessageDecoder
instanceKlass jdk/internal/net/http/websocket/Frame$Consumer
instanceKlass jdk/internal/net/http/websocket/TransportImpl$ReadEvent
instanceKlass jdk/internal/net/http/websocket/TransportImpl$WriteEvent
instanceKlass jdk/internal/net/http/websocket/Frame$Reader
instanceKlass jdk/internal/net/http/websocket/Frame
instanceKlass jdk/internal/net/http/websocket/Frame$Masker
instanceKlass jdk/internal/net/http/websocket/Frame$HeaderWriter
instanceKlass  @bci jdk/internal/net/http/websocket/MessageEncoder <clinit> ()V 3 <appendix> member <vmtarget> ; # jdk/internal/net/http/websocket/MessageEncoder$$Lambda+0x000000009039eb80
instanceKlass jdk/internal/net/http/websocket/MessageEncoder
instanceKlass jdk/internal/net/http/websocket/TransportImpl$SendTask$2
instanceKlass jdk/internal/net/http/websocket/TransportImpl$SendTask$1
instanceKlass jdk/internal/net/http/websocket/MessageQueue$QueueCallback
instanceKlass  @bci jdk/internal/net/http/websocket/TransportImpl <clinit> ()V 19 <appendix> member <vmtarget> ; # jdk/internal/net/http/websocket/TransportImpl$$Lambda+0x000000009039dd20
instanceKlass jdk/internal/net/http/websocket/RawChannel$RawEvent
instanceKlass jdk/internal/net/http/websocket/TransportImpl
instanceKlass jdk/internal/net/http/websocket/WebSocketImpl$SignallingMessageConsumer
instanceKlass jdk/internal/net/http/websocket/MessageQueue$Message
instanceKlass jdk/internal/net/http/websocket/MessageQueue
instanceKlass jdk/internal/net/http/websocket/Transport
instanceKlass jdk/internal/net/http/websocket/TransportFactoryImpl
instanceKlass jdk/internal/net/http/RawChannelTube$WriteSubscription
instanceKlass  @bci jdk/internal/net/http/RawChannelTube <init> (Ljdk/internal/net/http/HttpConnection;Ljava/util/function/Supplier;)V 116 <appendix> member <vmtarget> ; # jdk/internal/net/http/RawChannelTube$$Lambda+0x000000009039c000
instanceKlass jdk/internal/net/http/RawChannelTube$ReadSubscriber
instanceKlass jdk/internal/net/http/RawChannelTube$WritePublisher
instanceKlass jdk/internal/net/http/RawChannelTube
instanceKlass  @bci jdk/internal/net/http/HttpResponseImpl$RawChannelProvider rawChannel0 ()Ljdk/internal/net/http/websocket/RawChannel; 38 <appendix> member <vmtarget> ; # jdk/internal/net/http/HttpResponseImpl$RawChannelProvider$$Lambda+0x000000009038b5a8
instanceKlass  @bci java/net/http/HttpResponse$BodySubscribers ofString (Ljava/nio/charset/Charset;)Ljava/net/http/HttpResponse$BodySubscriber; 10 <appendix> member <vmtarget> ; # java/net/http/HttpResponse$BodySubscribers$$Lambda+0x000000009038b358
instanceKlass sun/net/www/HeaderParser
instanceKlass  @bci jdk/internal/net/http/websocket/OpeningHandshake send ()Ljava/util/concurrent/CompletableFuture; 15 <appendix> member <vmtarget> ; # jdk/internal/net/http/websocket/OpeningHandshake$$Lambda+0x000000009038b108
instanceKlass  @bci jdk/internal/net/http/HttpClientImpl sendAsync (Ljava/net/http/HttpRequest;Ljava/net/http/HttpResponse$BodyHandler;Ljava/net/http/HttpResponse$PushPromiseHandler;Ljava/util/concurrent/Executor;)Ljava/util/concurrent/CompletableFuture; 317 <appendix> argL0 ; # jdk/internal/net/http/HttpClientImpl$$Lambda+0x000000009038aed0
instanceKlass  @bci java/net/http/HttpResponse$BodyHandlers ofString ()Ljava/net/http/HttpResponse$BodyHandler; 0 <appendix> argL0 ; # java/net/http/HttpResponse$BodyHandlers$$Lambda+0x000000009038aca8
instanceKlass jdk/internal/net/http/websocket/TransportFactory
instanceKlass jdk/internal/net/http/websocket/OpeningHandshake
instanceKlass  @bci jdk/internal/net/http/websocket/WebSocketImpl newInstanceAsync (Ljdk/internal/net/http/websocket/BuilderImpl;)Ljava/util/concurrent/CompletableFuture; 1 <appendix> member <vmtarget> ; # jdk/internal/net/http/websocket/WebSocketImpl$$Lambda+0x000000009038a160
instanceKlass jdk/internal/net/http/websocket/OpeningHandshake$Result
instanceKlass  @bci jdk/internal/net/http/websocket/WebSocketImpl <clinit> ()V 3 <appendix> member <vmtarget> ; # jdk/internal/net/http/websocket/WebSocketImpl$$Lambda+0x0000000090389d18
instanceKlass jdk/internal/net/http/websocket/MessageStreamConsumer
instanceKlass jdk/internal/net/http/websocket/WebSocketImpl
instanceKlass java/net/http/WebSocket
instanceKlass org/openqa/selenium/remote/http/jdk/JdkHttpClient$3
instanceKlass  @bci org/openqa/selenium/remote/http/jdk/JdkHttpClient openSocket (Lorg/openqa/selenium/remote/http/HttpRequest;Lorg/openqa/selenium/remote/http/WebSocket$Listener;)Lorg/openqa/selenium/remote/http/WebSocket; 39 <appendix> member <vmtarget> ; # org/openqa/selenium/remote/http/jdk/JdkHttpClient$$Lambda+0x00000000903984d8
instanceKlass jdk/internal/net/http/websocket/BuilderImpl
instanceKlass org/openqa/selenium/devtools/Connection$Listener
instanceKlass  @bci org/openqa/selenium/devtools/Connection <clinit> ()V 21 <appendix> argL0 ; # org/openqa/selenium/devtools/Connection$$Lambda+0x0000000090398000
instanceKlass org/openqa/selenium/remote/http/WebSocket$Listener
instanceKlass  @bci org/openqa/selenium/chromium/ChromiumDriver <init> (Lorg/openqa/selenium/remote/CommandExecutor;Lorg/openqa/selenium/Capabilities;Ljava/lang/String;)V 206 <appendix> member <vmtarget> ; # org/openqa/selenium/chromium/ChromiumDriver$$Lambda+0x0000000090390a80
instanceKlass org/openqa/selenium/devtools/Connection
instanceKlass  @bci jdk/internal/net/http/ConnectionPool purgeExpiredConnectionsAndReturnNextDeadline (Ljdk/internal/net/http/common/Deadline;)J 185 <appendix> member <vmtarget> ; # jdk/internal/net/http/ConnectionPool$$Lambda+0x0000000090389008
instanceKlass java/util/LinkedList$DescendingIterator
instanceKlass  @bci org/openqa/selenium/chromium/ChromiumDriver <init> (Lorg/openqa/selenium/remote/CommandExecutor;Lorg/openqa/selenium/Capabilities;Ljava/lang/String;)V 161 <appendix> argL0 ; # org/openqa/selenium/chromium/ChromiumDriver$$Lambda+0x0000000090391d60
instanceKlass  @bci org/openqa/selenium/chromium/ChromiumDriver <init> (Lorg/openqa/selenium/remote/CommandExecutor;Lorg/openqa/selenium/Capabilities;Ljava/lang/String;)V 149 <appendix> member <vmtarget> ; # org/openqa/selenium/chromium/ChromiumDriver$$Lambda+0x0000000090391b10
instanceKlass org/openqa/selenium/devtools/CdpEndpointFinder
instanceKlass  @bci org/openqa/selenium/chromium/ChromiumDriver <init> (Lorg/openqa/selenium/remote/CommandExecutor;Lorg/openqa/selenium/Capabilities;Ljava/lang/String;)V 114 <appendix> argL0 ; # org/openqa/selenium/chromium/ChromiumDriver$$Lambda+0x00000000903916b8
instanceKlass  @bci org/openqa/selenium/chromium/AddHasLaunchApp getImplementation (Lorg/openqa/selenium/Capabilities;Lorg/openqa/selenium/remote/ExecuteMethod;)Lorg/openqa/selenium/chromium/HasLaunchApp; 1 <appendix> member <vmtarget> ; # org/openqa/selenium/chromium/AddHasLaunchApp$$Lambda+0x0000000090391488
instanceKlass org/openqa/selenium/chromium/AddHasNetworkConditions$1
instanceKlass  @bci org/openqa/selenium/chromium/AddHasPermissions getImplementation (Lorg/openqa/selenium/Capabilities;Lorg/openqa/selenium/remote/ExecuteMethod;)Lorg/openqa/selenium/chromium/HasPermissions; 1 <appendix> member <vmtarget> ; # org/openqa/selenium/chromium/AddHasPermissions$$Lambda+0x0000000090391000
instanceKlass  @bci org/openqa/selenium/MutableCapabilities <init> (Ljava/util/Map;)V 17 <appendix> member <vmtarget> ; # org/openqa/selenium/MutableCapabilities$$Lambda+0x0000000090393d28
instanceKlass org/openqa/selenium/remote/RemoteWebElement
instanceKlass org/openqa/selenium/interactions/Locatable
instanceKlass  @bci org/openqa/selenium/remote/JsonToWebElementConverter apply (Ljava/lang/Object;)Ljava/lang/Object; 129 <appendix> member <vmtarget> ; # org/openqa/selenium/remote/JsonToWebElementConverter$$Lambda+0x00000000903934a0
instanceKlass org/openqa/selenium/remote/Response
instanceKlass org/openqa/selenium/remote/ErrorCodec$W3CError
instanceKlass org/openqa/selenium/remote/ErrorCodec
instanceKlass org/openqa/selenium/remote/codec/AbstractHttpResponseCodec
instanceKlass org/openqa/selenium/safari/HasPermissions
instanceKlass org/openqa/selenium/safari/AddHasPermissions
instanceKlass org/openqa/selenium/safari/AddHasDebugger
instanceKlass org/openqa/selenium/firefox/HasFullPageScreenshot
instanceKlass org/openqa/selenium/firefox/AddHasFullPageScreenshot
instanceKlass org/openqa/selenium/firefox/HasExtensions
instanceKlass org/openqa/selenium/firefox/AddHasExtensions
instanceKlass org/openqa/selenium/firefox/HasContext
instanceKlass org/openqa/selenium/firefox/AddHasContext
instanceKlass  @bci org/openqa/selenium/remote/Dialect lambda$bindAdditionalCommands$1 (Lorg/openqa/selenium/remote/CommandCodec;Lorg/openqa/selenium/remote/AdditionalHttpCommands;)V 7 <appendix> member <vmtarget> ; # org/openqa/selenium/remote/Dialect$$Lambda+0x00000000903964f8
instanceKlass  @bci org/openqa/selenium/remote/Dialect bindAdditionalCommands (Lorg/openqa/selenium/remote/CommandCodec;)Lorg/openqa/selenium/remote/CommandCodec; 6 <appendix> member <vmtarget> ; # org/openqa/selenium/remote/Dialect$$Lambda+0x00000000903962b8
instanceKlass  @bci org/openqa/selenium/remote/codec/AbstractHttpCommandCodec$CommandSpec <init> (Lorg/openqa/selenium/remote/http/HttpMethod;Ljava/lang/String;)V 32 <appendix> argL0 ; # org/openqa/selenium/remote/codec/AbstractHttpCommandCodec$CommandSpec$$Lambda+0x0000000090396060
instanceKlass org/openqa/selenium/remote/codec/AbstractHttpCommandCodec$CommandSpec
instanceKlass org/openqa/selenium/remote/codec/AbstractHttpCommandCodec
instanceKlass  @bci org/openqa/selenium/remote/ProtocolHandshake createSession (Lorg/openqa/selenium/remote/http/HttpHandler;Lorg/openqa/selenium/remote/http/Contents$Supplier;)Lorg/openqa/selenium/internal/Either; 273 <appendix> member <vmtarget> ; # org/openqa/selenium/remote/ProtocolHandshake$$Lambda+0x00000000903956d8
instanceKlass  @bci org/openqa/selenium/remote/ProtocolHandshake createSession (Lorg/openqa/selenium/remote/http/HttpHandler;Lorg/openqa/selenium/remote/http/Contents$Supplier;)Lorg/openqa/selenium/internal/Either; 263 <appendix> argL0 ; # org/openqa/selenium/remote/ProtocolHandshake$$Lambda+0x0000000090395490
instanceKlass org/openqa/selenium/internal/Either
instanceKlass  @bci org/openqa/selenium/Proxy <init> (Ljava/util/Map;)V 191 <appendix> member <vmtarget> ; # org/openqa/selenium/Proxy$$Lambda+0x0000000090394fc0
instanceKlass  @bci org/openqa/selenium/Proxy <init> (Ljava/util/Map;)V 178 <appendix> member <vmtarget> ; # org/openqa/selenium/Proxy$$Lambda+0x0000000090394d80
instanceKlass  @bci org/openqa/selenium/Proxy <init> (Ljava/util/Map;)V 163 <appendix> member <vmtarget> ; # org/openqa/selenium/Proxy$$Lambda+0x0000000090394b40
instanceKlass  @bci org/openqa/selenium/Proxy <init> (Ljava/util/Map;)V 148 <appendix> member <vmtarget> ; # org/openqa/selenium/Proxy$$Lambda+0x0000000090394900
instanceKlass  @bci org/openqa/selenium/Proxy <init> (Ljava/util/Map;)V 133 <appendix> member <vmtarget> ; # org/openqa/selenium/Proxy$$Lambda+0x00000000903946c0
instanceKlass  @bci org/openqa/selenium/Proxy <init> (Ljava/util/Map;)V 118 <appendix> member <vmtarget> ; # org/openqa/selenium/Proxy$$Lambda+0x0000000090394480
instanceKlass  @bci org/openqa/selenium/Proxy <init> (Ljava/util/Map;)V 103 <appendix> member <vmtarget> ; # org/openqa/selenium/Proxy$$Lambda+0x0000000090394240
instanceKlass  @bci org/openqa/selenium/Proxy <init> (Ljava/util/Map;)V 88 <appendix> member <vmtarget> ; # org/openqa/selenium/Proxy$$Lambda+0x0000000090394000
instanceKlass  @bci org/openqa/selenium/Proxy <init> (Ljava/util/Map;)V 73 <appendix> member <vmtarget> ; # org/openqa/selenium/Proxy$$Lambda+0x000000009038fd10
instanceKlass  @bci org/openqa/selenium/Proxy <init> (Ljava/util/Map;)V 58 <appendix> member <vmtarget> ; # org/openqa/selenium/Proxy$$Lambda+0x000000009038fad0
instanceKlass  @bci org/openqa/selenium/Proxy <init> (Ljava/util/Map;)V 43 <appendix> member <vmtarget> ; # org/openqa/selenium/Proxy$$Lambda+0x000000009038f890
instanceKlass  @bci org/openqa/selenium/Proxy <init> (Ljava/util/Map;)V 28 <appendix> member <vmtarget> ; # org/openqa/selenium/Proxy$$Lambda+0x000000009038f650
instanceKlass org/openqa/selenium/remote/SessionId
instanceKlass  @bci org/openqa/selenium/remote/ProtocolHandshake$Result <clinit> ()V 0 <appendix> argL0 ; # org/openqa/selenium/remote/ProtocolHandshake$Result$$Lambda+0x000000009038eda0
instanceKlass org/openqa/selenium/Proxy
instanceKlass  @bci org/openqa/selenium/remote/W3CHandshakeResponse successHandler ()Ljava/util/function/Function; 0 <appendix> argL0 ; # org/openqa/selenium/remote/W3CHandshakeResponse$$Lambda+0x000000009038e888
instanceKlass  @bci org/openqa/selenium/remote/W3CHandshakeResponse errorHandler ()Ljava/util/function/Function; 0 <appendix> argL0 ; # org/openqa/selenium/remote/W3CHandshakeResponse$$Lambda+0x000000009038e640
instanceKlass  @bci org/openqa/selenium/remote/ProtocolHandshake createSession (Lorg/openqa/selenium/remote/http/HttpHandler;Lorg/openqa/selenium/remote/http/Contents$Supplier;)Lorg/openqa/selenium/internal/Either; 248 <appendix> argL0 ; # org/openqa/selenium/remote/ProtocolHandshake$$Lambda+0x000000009038e3e8
instanceKlass  @bci org/openqa/selenium/remote/ProtocolHandshake createSession (Lorg/openqa/selenium/remote/http/HttpHandler;Lorg/openqa/selenium/remote/http/Contents$Supplier;)Lorg/openqa/selenium/internal/Either; 238 <appendix> member <vmtarget> ; # org/openqa/selenium/remote/ProtocolHandshake$$Lambda+0x000000009038e198
instanceKlass  @bci org/openqa/selenium/remote/HandshakeResponse getResponseFunction ()Ljava/util/function/Function; 1 <appendix> member <vmtarget> ; # org/openqa/selenium/remote/HandshakeResponse$$Lambda+0x000000009038df48
instanceKlass  @cpi org/openqa/selenium/remote/HandshakeResponse 48 form vmentry <vmtarget> ; # java/lang/invoke/LambdaForm$DMH+0x0000000090390000
instanceKlass org/openqa/selenium/remote/ProtocolHandshake$Result
instanceKlass org/openqa/selenium/remote/W3CHandshakeResponse
instanceKlass org/openqa/selenium/remote/HandshakeResponse
instanceKlass org/openqa/selenium/remote/InitialHandshakeResponse
instanceKlass java/math/MathContext
instanceKlass org/openqa/selenium/json/NumberCoercer$1
instanceKlass  @bci org/openqa/selenium/json/NumberCoercer apply (Ljava/lang/reflect/Type;)Ljava/util/function/BiFunction; 1 <appendix> member <vmtarget> ; # org/openqa/selenium/json/NumberCoercer$$Lambda+0x000000009038d248
instanceKlass  @bci org/openqa/selenium/json/JsonInput nextBoolean ()Z 27 <appendix> argL0 ; # org/openqa/selenium/json/JsonInput$$Lambda+0x000000009038d000
instanceKlass  @bci org/openqa/selenium/json/BooleanCoercer apply (Ljava/lang/reflect/Type;)Ljava/util/function/BiFunction; 0 <appendix> argL0 ; # org/openqa/selenium/json/BooleanCoercer$$Lambda+0x000000009038cdc8
instanceKlass  @bci org/openqa/selenium/remote/http/HttpMessage getContentEncoding ()Ljava/nio/charset/Charset; 54 <appendix> argL0 ; # org/openqa/selenium/remote/http/HttpMessage$$Lambda+0x000000009038cb80
instanceKlass  @bci org/openqa/selenium/remote/http/HttpMessage getContentEncoding ()Ljava/nio/charset/Charset; 44 <appendix> argL0 ; # org/openqa/selenium/remote/http/HttpMessage$$Lambda+0x000000009038c938
instanceKlass  @bci org/openqa/selenium/remote/http/HttpMessage getContentEncoding ()Ljava/nio/charset/Charset; 34 <appendix> argL0 ; # org/openqa/selenium/remote/http/HttpMessage$$Lambda+0x000000009038c6e0
instanceKlass  @bci org/openqa/selenium/remote/http/HttpMessage getContentEncoding ()Ljava/nio/charset/Charset; 24 <appendix> argL0 ; # org/openqa/selenium/remote/http/HttpMessage$$Lambda+0x000000009038c498
instanceKlass  @bci org/openqa/selenium/remote/http/jdk/JdkHttpMessages lambda$createResponse$4 (Lorg/openqa/selenium/remote/http/HttpResponse;Ljava/lang/String;Ljava/util/List;)V 18 <appendix> member <vmtarget> ; # org/openqa/selenium/remote/http/jdk/JdkHttpMessages$$Lambda+0x000000009038c258
instanceKlass  @bci org/openqa/selenium/remote/http/jdk/JdkHttpMessages lambda$createResponse$4 (Lorg/openqa/selenium/remote/http/HttpResponse;Ljava/lang/String;Ljava/util/List;)V 6 <appendix> argL0 ; # org/openqa/selenium/remote/http/jdk/JdkHttpMessages$$Lambda+0x000000009038c000
instanceKlass  @bci org/openqa/selenium/remote/http/jdk/JdkHttpMessages createResponse (Ljava/net/http/HttpResponse;)Lorg/openqa/selenium/remote/http/HttpResponse; 29 <appendix> member <vmtarget> ; # org/openqa/selenium/remote/http/jdk/JdkHttpMessages$$Lambda+0x0000000090327c78
instanceKlass jdk/internal/net/http/websocket/RawChannel
instanceKlass jdk/internal/net/http/HttpResponseImpl$RawChannelProvider
instanceKlass  @bci jdk/internal/net/http/HttpResponseImpl connectionLabel (Ljdk/internal/net/http/Exchange;)Ljava/util/Optional; 20 <appendix> argL0 ; # jdk/internal/net/http/HttpResponseImpl$$Lambda+0x0000000090388980
instanceKlass  @bci jdk/internal/net/http/HttpResponseImpl connectionLabel (Ljdk/internal/net/http/Exchange;)Ljava/util/Optional; 12 <appendix> argL0 ; # jdk/internal/net/http/HttpResponseImpl$$Lambda+0x0000000090388738
instanceKlass  @bci jdk/internal/net/http/HttpResponseImpl connectionLabel (Ljdk/internal/net/http/Exchange;)Ljava/util/Optional; 4 <appendix> argL0 ; # jdk/internal/net/http/HttpResponseImpl$$Lambda+0x00000000903884f0
instanceKlass jdk/internal/net/http/HttpResponseImpl
instanceKlass jdk/internal/net/http/websocket/RawChannel$Provider
instanceKlass jdk/internal/net/http/ConnectionPool$ExpiryEntry
instanceKlass jdk/internal/net/http/ConnectionPool$CleanupTrigger
instanceKlass  @bci jdk/internal/net/http/HttpConnection closeOrReturnToCache (Ljava/net/http/HttpHeaders;)V 63 <appendix> argL0 ; # jdk/internal/net/http/HttpConnection$$Lambda+0x0000000090385800
instanceKlass jdk/internal/net/http/common/HttpBodySubscriberWrapper$SubscriptionWrapper
instanceKlass  @bci jdk/internal/net/http/MultiExchange lambda$responseAsync0$1 (Ljdk/internal/net/http/Response;)Ljava/util/concurrent/CompletionStage; 59 <appendix> member <vmtarget> ; # jdk/internal/net/http/MultiExchange$$Lambda+0x0000000090387b00
instanceKlass  @bci jdk/internal/net/http/Exchange readBodyAsync (Ljava/net/http/HttpResponse$BodyHandler;)Ljava/util/concurrent/CompletableFuture; 40 <appendix> member <vmtarget> ; # jdk/internal/net/http/Exchange$$Lambda+0x00000000903878c0
instanceKlass  @bci jdk/internal/net/http/Http1Response readBody (Ljava/net/http/HttpResponse$BodySubscriber;ZLjava/util/concurrent/Executor;)Ljava/util/concurrent/CompletableFuture; 240 <appendix> member <vmtarget> ; # jdk/internal/net/http/Http1Response$$Lambda+0x0000000090387680
instanceKlass  @bci jdk/internal/net/http/ResponseSubscribers lambda$getBodyAsync$0 (Ljava/net/http/HttpResponse$BodySubscriber;Ljava/util/concurrent/CompletableFuture;Ljava/util/function/Consumer;)V 7 <appendix> member <vmtarget> ; # jdk/internal/net/http/ResponseSubscribers$$Lambda+0x0000000090387440
instanceKlass  @bci jdk/internal/net/http/ResponseSubscribers getBodyAsync (Ljava/util/concurrent/Executor;Ljava/net/http/HttpResponse$BodySubscriber;Ljava/util/concurrent/CompletableFuture;Ljava/util/function/Consumer;)Ljava/util/concurrent/CompletableFuture; 95 <appendix> member <vmtarget> ; # jdk/internal/net/http/ResponseSubscribers$$Lambda+0x0000000090387210
instanceKlass  @bci jdk/internal/net/http/Http1Response readBody (Ljava/net/http/HttpResponse$BodySubscriber;ZLjava/util/concurrent/Executor;)Ljava/util/concurrent/CompletableFuture; 227 <appendix> member <vmtarget> ; # jdk/internal/net/http/Http1Response$$Lambda+0x0000000090386fd0
instanceKlass  @bci jdk/internal/net/http/HttpConnection$TrailingOperations add (Ljava/util/concurrent/CompletionStage;)V 24 <appendix> member <vmtarget> ; # jdk/internal/net/http/HttpConnection$TrailingOperations$$Lambda+0x0000000090386d90
instanceKlass  @bci jdk/internal/net/http/Http1Response lambda$readBody$0 (JLjava/net/http/HttpResponse$BodySubscriber;Ljava/util/concurrent/CompletableFuture;Ljdk/internal/net/http/Http1Response$ClientRefCountTracker;)V 169 <appendix> member <vmtarget> ; # jdk/internal/net/http/Http1Response$$Lambda+0x0000000090386b50
instanceKlass  @cpi jdk/internal/net/http/Http1Response 728 form vmentry <vmtarget> ; # java/lang/invoke/LambdaForm$DMH+0x0000000090385400
instanceKlass  @bci jdk/internal/net/http/ResponseContent$FixedLengthBodyParser <init> (Ljdk/internal/net/http/ResponseContent;JLjava/util/function/Consumer;)V 16 <appendix> member <vmtarget> ; # jdk/internal/net/http/ResponseContent$FixedLengthBodyParser$$Lambda+0x0000000090386920
instanceKlass jdk/internal/net/http/ResponseContent$FixedLengthBodyParser
instanceKlass  @bci jdk/internal/net/http/Http1Response lambda$readBody$0 (JLjava/net/http/HttpResponse$BodySubscriber;Ljava/util/concurrent/CompletableFuture;Ljdk/internal/net/http/Http1Response$ClientRefCountTracker;)V 98 <appendix> member <vmtarget> ; # jdk/internal/net/http/Http1Response$$Lambda+0x0000000090386438
instanceKlass  @bci jdk/internal/net/http/Http1Response lambda$readBody$0 (JLjava/net/http/HttpResponse$BodySubscriber;Ljava/util/concurrent/CompletableFuture;Ljdk/internal/net/http/Http1Response$ClientRefCountTracker;)V 19 <appendix> member <vmtarget> ; # jdk/internal/net/http/Http1Response$$Lambda+0x0000000090386208
instanceKlass jdk/internal/net/http/ResponseContent$BodyParser
instanceKlass jdk/internal/net/http/ResponseContent
instanceKlass  @bci jdk/internal/net/http/Http1Response readBody (Ljava/net/http/HttpResponse$BodySubscriber;ZLjava/util/concurrent/Executor;)Ljava/util/concurrent/CompletableFuture; 208 <adapter> ; # java/lang/invoke/LambdaForm$MH+0x0000000090385000
# instanceKlass java/lang/invoke/LambdaForm$DMH+0x0000000090384c00
instanceKlass  @bci jdk/internal/net/http/Http1Response readBody (Ljava/net/http/HttpResponse$BodySubscriber;ZLjava/util/concurrent/Executor;)Ljava/util/concurrent/CompletableFuture; 208 <appendix> form vmentry <vmtarget> ; # java/lang/invoke/LambdaForm$DMH+0x0000000090384800
instanceKlass  @bci jdk/internal/net/http/Http1Response readBody (Ljava/net/http/HttpResponse$BodySubscriber;ZLjava/util/concurrent/Executor;)Ljava/util/concurrent/CompletableFuture; 208 <appendix> member <vmtarget> ; # jdk/internal/net/http/Http1Response$$Lambda+0x0000000090383ac8
instanceKlass  @cpi jdk/internal/net/http/Http1Response 696 form vmentry <vmtarget> ; # java/lang/invoke/LambdaForm$DMH+0x0000000090384400
instanceKlass jdk/internal/net/http/Http1Response$ClientRefCountTracker
instanceKlass  @bci java/util/stream/FindOps$FindSink$OfLong <clinit> ()V 6 <appendix> argL0 ; # java/util/stream/FindOps$FindSink$OfLong$$Lambda+0x000000009034f050
instanceKlass  @bci java/util/stream/FindOps$FindSink$OfLong <clinit> ()V 0 <appendix> argL0 ; # java/util/stream/FindOps$FindSink$OfLong$$Lambda+0x000000009034edf8
instanceKlass java/util/OptionalLong
instanceKlass java/util/stream/LongStream$Builder
instanceKlass java/util/Spliterator$OfLong
instanceKlass  @bci java/net/http/HttpHeaders firstValueAsLong (Ljava/lang/String;)Ljava/util/OptionalLong; 10 <appendix> argL0 ; # java/net/http/HttpHeaders$$Lambda+0x0000000090383688
instanceKlass  @cpi java/net/http/HttpHeaders 290 form vmentry <vmtarget> ; # java/lang/invoke/LambdaForm$DMH+0x0000000090384000
instanceKlass java/util/function/ToLongFunction
instanceKlass jdk/internal/net/http/ResponseSubscribers
instanceKlass jdk/internal/net/http/ResponseSubscribers$ByteArraySubscriber
instanceKlass java/net/http/HttpResponse$BodySubscribers
instanceKlass jdk/internal/net/http/ResponseInfoImpl
instanceKlass  @bci jdk/internal/net/http/Http1HeaderParser addHeaderFromString (Ljava/lang/String;)V 147 <appendix> argL0 ; # jdk/internal/net/http/Http1HeaderParser$$Lambda+0x0000000090382af0
instanceKlass  @bci jdk/internal/net/http/Exchange sendRequestBody (Ljdk/internal/net/http/ExchangeImpl;)Ljava/util/concurrent/CompletableFuture; 65 <appendix> member <vmtarget> ; # jdk/internal/net/http/Exchange$$Lambda+0x00000000903828a0
instanceKlass  @bci jdk/internal/net/http/Exchange wrapForUpgrade (Ljava/util/concurrent/CompletableFuture;)Ljava/util/concurrent/CompletableFuture; 9 <appendix> member <vmtarget> ; # jdk/internal/net/http/Exchange$$Lambda+0x0000000090382650
instanceKlass  @bci jdk/internal/net/http/Http1Response readHeadersAsync (Ljava/util/concurrent/Executor;)Ljava/util/concurrent/CompletableFuture; 225 <appendix> member <vmtarget> ; # jdk/internal/net/http/Http1Response$$Lambda+0x0000000090382400
instanceKlass  @bci jdk/internal/net/http/Exchange startSendingBody (Ljdk/internal/net/http/HttpClientImpl$DelegatingExecutor;)Ljava/util/concurrent/CompletableFuture; 8 <appendix> member <vmtarget> ; # jdk/internal/net/http/Exchange$$Lambda+0x00000000903821b0
instanceKlass  @bci jdk/internal/net/http/Http1Exchange getOutgoing ()Ljdk/internal/net/http/Http1Exchange$DataPair; 241 <appendix> member <vmtarget> ; # jdk/internal/net/http/Http1Exchange$$Lambda+0x0000000090381f80
instanceKlass  @bci jdk/internal/net/http/Http1Exchange getOutgoing ()Ljdk/internal/net/http/Http1Exchange$DataPair; 256 <appendix> member <vmtarget> ; # jdk/internal/net/http/Http1Exchange$$Lambda+0x0000000090381d50
instanceKlass  @bci jdk/internal/net/http/Http1Exchange sendBodyAsync ()Ljava/util/concurrent/CompletableFuture; 153 <appendix> member <vmtarget> ; # jdk/internal/net/http/Http1Exchange$$Lambda+0x0000000090381b10
instanceKlass  @bci jdk/internal/net/http/Http1Exchange cancelIfFailed (Ljava/util/concurrent/Flow$Subscription;)V 9 <appendix> member <vmtarget> ; # jdk/internal/net/http/Http1Exchange$$Lambda+0x00000000903818d0
instanceKlass  @bci jdk/internal/net/http/Http1Exchange sendBodyAsync ()Ljava/util/concurrent/CompletableFuture; 144 <appendix> member <vmtarget> ; # jdk/internal/net/http/Http1Exchange$$Lambda+0x0000000090381690
instanceKlass  @bci jdk/internal/net/http/RequestPublishers$StreamIterator <init> (Ljava/io/InputStream;)V 2 <appendix> argL0 ; # jdk/internal/net/http/RequestPublishers$StreamIterator$$Lambda+0x0000000090381230
instanceKlass jdk/internal/net/http/RequestPublishers$StreamIterator
instanceKlass jdk/internal/net/http/PullPublisher$Subscription
instanceKlass  @bci jdk/internal/net/http/RequestPublishers$InputStreamPublisher iterableOf (Ljava/io/InputStream;)Ljava/lang/Iterable; 1 <appendix> member <vmtarget> ; # jdk/internal/net/http/RequestPublishers$InputStreamPublisher$$Lambda+0x0000000090380b28
instanceKlass jdk/internal/net/http/RequestPublishers
instanceKlass jdk/internal/net/http/PullPublisher
instanceKlass  @bci jdk/internal/net/http/SocketTube$InternalWriteSubscriber tryFlushCurrent (Z)V 280 <appendix> member <vmtarget> ; # jdk/internal/net/http/SocketTube$InternalWriteSubscriber$$Lambda+0x00000000903804b0
instanceKlass sun/nio/ch/NativeObject
instanceKlass sun/nio/ch/IOVecWrapper
instanceKlass  @bci jdk/internal/net/http/Http1Exchange getOutgoing ()Ljdk/internal/net/http/Http1Exchange$DataPair; 181 <appendix> member <vmtarget> ; # jdk/internal/net/http/Http1Exchange$$Lambda+0x0000000090380000
instanceKlass jdk/internal/net/http/Http1Exchange$DataPair
instanceKlass  @bci jdk/internal/net/http/Http1Request collectHeaders0 (Ljava/lang/StringBuilder;)V 89 <appendix> member <vmtarget> ; # jdk/internal/net/http/Http1Request$$Lambda+0x000000009033db20
instanceKlass  @bci java/util/function/BiPredicate and (Ljava/util/function/BiPredicate;)Ljava/util/function/BiPredicate; 7 <appendix> member <vmtarget> ; # java/util/function/BiPredicate$$Lambda+0x000000009034b3d8
instanceKlass  @cpi java/util/function/BiPredicate 54 form vmentry <vmtarget> ; # java/lang/invoke/LambdaForm$DMH+0x000000009033cc00
instanceKlass  @bci jdk/internal/net/http/SocketTube$InternalReadPublisher$InternalReadSubscription resumeReadEvent ()V 47 <appendix> member <vmtarget> ; # jdk/internal/net/http/SocketTube$InternalReadPublisher$InternalReadSubscription$$Lambda+0x000000009033d8e0
instanceKlass  @bci jdk/internal/net/http/SocketTube$InternalWriteSubscriber startSubscription ()V 135 <appendix> member <vmtarget> ; # jdk/internal/net/http/SocketTube$InternalWriteSubscriber$$Lambda+0x000000009033d6b0
instanceKlass jdk/internal/net/http/SocketTube$InternalWriteSubscriber$WriteSubscription
instanceKlass jdk/internal/net/http/SocketTube$InternalReadPublisher$ReadSubscription
instanceKlass  @bci jdk/internal/net/http/Http1Exchange lambda$sendHeadersAsync$2 (Ljava/lang/Void;)Ljava/util/concurrent/CompletionStage; 16 <appendix> member <vmtarget> ; # jdk/internal/net/http/Http1Exchange$$Lambda+0x000000009033d000
instanceKlass  @bci jdk/internal/net/http/HttpClientImpl$SelectorManager run ()V 1394 <appendix> argL0 ; # jdk/internal/net/http/HttpClientImpl$SelectorManager$$Lambda+0x000000009033fcd0
instanceKlass  @bci jdk/internal/net/http/HttpClientImpl$SelectorManager run ()V 1377 <appendix> member <vmtarget> ; # jdk/internal/net/http/HttpClientImpl$SelectorManager$$Lambda+0x000000009033fa90
instanceKlass jdk/internal/net/http/common/Pair
instanceKlass  @bci jdk/internal/net/http/PlainHttpConnection$ConnectEvent handle ()V 211 <appendix> argL0 ; # jdk/internal/net/http/PlainHttpConnection$ConnectEvent$$Lambda+0x000000009033f450
instanceKlass  @bci jdk/internal/net/http/HttpClientImpl$SelectorManager run ()V 1359 <appendix> member <vmtarget> ; # jdk/internal/net/http/HttpClientImpl$SelectorManager$$Lambda+0x000000009033f210
instanceKlass  @bci jdk/internal/net/http/HttpClientImpl registerPending (Ljdk/internal/net/http/HttpClientImpl$PendingRequest;Ljava/util/concurrent/CompletableFuture;)Ljava/util/concurrent/CompletableFuture; 43 <appendix> member <vmtarget> ; # jdk/internal/net/http/HttpClientImpl$$Lambda+0x000000009033efd0
instanceKlass  @bci jdk/internal/net/http/HttpClientImpl$SelectorManager run ()V 1304 <appendix> form vmentry <vmtarget> ; # java/lang/invoke/LambdaForm$DMH+0x000000009033c800
instanceKlass jdk/internal/net/http/HttpClientImpl$PendingRequest
instanceKlass  @bci jdk/internal/net/http/HttpClientImpl sendAsync (Ljava/net/http/HttpRequest;Ljava/net/http/HttpResponse$BodyHandler;Ljava/net/http/HttpResponse$PushPromiseHandler;Ljava/util/concurrent/Executor;)Ljava/util/concurrent/CompletableFuture; 238 <appendix> member <vmtarget> ; # jdk/internal/net/http/HttpClientImpl$$Lambda+0x000000009033eb58
instanceKlass  @bci jdk/internal/net/http/HttpClientImpl$SelectorManager run ()V 1304 <appendix> member <vmtarget> ; # jdk/internal/net/http/HttpClientImpl$SelectorManager$$Lambda+0x000000009033e928
instanceKlass  @bci jdk/internal/net/http/MultiExchange responseAsyncImpl ()Ljava/util/concurrent/CompletableFuture; 115 <appendix> member <vmtarget> ; # jdk/internal/net/http/MultiExchange$$Lambda+0x000000009033e6e8
instanceKlass  @bci jdk/internal/net/http/HttpClientImpl$SelectorManager run ()V 1289 <appendix> member <vmtarget> ; # jdk/internal/net/http/HttpClientImpl$SelectorManager$$Lambda+0x000000009033e4a8
instanceKlass  @bci jdk/internal/net/http/MultiExchange responseAsyncImpl ()Ljava/util/concurrent/CompletableFuture; 105 <appendix> member <vmtarget> ; # jdk/internal/net/http/MultiExchange$$Lambda+0x000000009033e258
instanceKlass  @bci jdk/internal/net/http/HttpClientImpl$SelectorAttachment events (I)Ljava/util/stream/Stream; 10 <appendix> member <vmtarget> ; # jdk/internal/net/http/HttpClientImpl$SelectorAttachment$$Lambda+0x000000009033e000
instanceKlass  @cpi jdk/internal/net/http/HttpClientImpl$SelectorAttachment 241 form vmentry <vmtarget> ; # java/lang/invoke/LambdaForm$DMH+0x000000009033c400
instanceKlass  @bci jdk/internal/net/http/Exchange lambda$responseAsyncImpl$0 (Ljava/util/function/Function;Ljdk/internal/net/http/ExchangeImpl;)Ljava/util/concurrent/CompletableFuture; 6 <appendix> member <vmtarget> ; # jdk/internal/net/http/Exchange$$Lambda+0x000000009033bd70
instanceKlass  @bci jdk/internal/net/http/Http1Exchange sendHeadersAsync ()Ljava/util/concurrent/CompletableFuture; 251 <appendix> member <vmtarget> ; # jdk/internal/net/http/Http1Exchange$$Lambda+0x000000009033bb20
instanceKlass  @bci jdk/internal/net/http/Http1Exchange sendHeadersAsync ()Ljava/util/concurrent/CompletableFuture; 242 <appendix> member <vmtarget> ; # jdk/internal/net/http/Http1Exchange$$Lambda+0x000000009033b8d0
instanceKlass  @bci jdk/internal/net/http/Http1Exchange sendHeadersAsync ()Ljava/util/concurrent/CompletableFuture; 126 <appendix> member <vmtarget> ; # jdk/internal/net/http/Http1Exchange$$Lambda+0x000000009033b680
instanceKlass java/lang/invoke/ConstantBootstraps
instanceKlass  @bci jdk/internal/net/http/PlainHttpConnection connectAsync (Ljdk/internal/net/http/Exchange;)Ljava/util/concurrent/CompletableFuture; 468 <appendix> member <vmtarget> ; # jdk/internal/net/http/PlainHttpConnection$$Lambda+0x000000009033b440
instanceKlass  @bci jdk/internal/net/http/HttpClientImpl$SelectorAttachment <clinit> ()V 18 <appendix> member <vmtarget> ; # jdk/internal/net/http/HttpClientImpl$SelectorAttachment$$Lambda+0x000000009033afc0
instanceKlass  @bci jdk/internal/net/http/Exchange checkCancelled (Ljava/util/concurrent/CompletableFuture;Ljdk/internal/net/http/HttpConnection;)Ljava/util/concurrent/CompletableFuture; 4 <appendix> member <vmtarget> ; # jdk/internal/net/http/Exchange$$Lambda+0x000000009033ad80
instanceKlass jdk/internal/net/http/HttpClientImpl$SelectorAttachment
instanceKlass  @bci jdk/internal/net/http/MultiExchange remainingConnectTimeout ()Ljava/util/Optional; 7 <appendix> argL0 ; # jdk/internal/net/http/MultiExchange$$Lambda+0x000000009033a900
instanceKlass  @bci jdk/internal/net/http/common/Demand increase (J)Z 25 <appendix> argL0 ; # jdk/internal/net/http/common/Demand$$Lambda+0x000000009033a6d8
instanceKlass  @cpi jdk/internal/net/http/common/Demand 92 form vmentry <vmtarget> ; # java/lang/invoke/LambdaForm$DMH+0x000000009033c000
instanceKlass java/util/function/LongBinaryOperator
instanceKlass  @bci jdk/internal/net/http/Http1AsyncReceiver handlePendingDelegate ()Z 50 <appendix> member <vmtarget> ; # jdk/internal/net/http/Http1AsyncReceiver$$Lambda+0x000000009033a4a8
instanceKlass  @bci jdk/internal/net/http/Http1AsyncReceiver handlePendingDelegate ()Z 42 <appendix> member <vmtarget> ; # jdk/internal/net/http/Http1AsyncReceiver$$Lambda+0x000000009033a268
instanceKlass jdk/internal/net/http/Http1HeaderParser
instanceKlass  @bci jdk/internal/net/http/Http1Response <init> (Ljdk/internal/net/http/HttpConnection;Ljdk/internal/net/http/Http1Exchange;Ljdk/internal/net/http/Http1AsyncReceiver;)V 97 <appendix> member <vmtarget> ; # jdk/internal/net/http/Http1Response$$Lambda+0x0000000090339998
instanceKlass  @bci jdk/internal/net/http/Http1Response <init> (Ljdk/internal/net/http/HttpConnection;Ljdk/internal/net/http/Http1Exchange;Ljdk/internal/net/http/Http1AsyncReceiver;)V 79 <appendix> member <vmtarget> ; # jdk/internal/net/http/Http1Response$$Lambda+0x0000000090339758
instanceKlass  @bci jdk/internal/net/http/Http1Response <init> (Ljdk/internal/net/http/HttpConnection;Ljdk/internal/net/http/Http1Exchange;Ljdk/internal/net/http/Http1AsyncReceiver;)V 13 <appendix> member <vmtarget> ; # jdk/internal/net/http/Http1Response$$Lambda+0x0000000090339528
instanceKlass jdk/internal/net/http/Http1Response$Receiver
instanceKlass jdk/internal/net/http/Http1AsyncReceiver$Http1AsyncDelegate
instanceKlass jdk/internal/net/http/Http1Response
instanceKlass  @bci jdk/internal/net/http/Exchange responseAsyncImpl (Ljdk/internal/net/http/HttpConnection;)Ljava/util/concurrent/CompletableFuture; 70 <appendix> member <vmtarget> ; # jdk/internal/net/http/Exchange$$Lambda+0x0000000090338250
instanceKlass  @bci jdk/internal/net/http/Exchange establishExchange (Ljdk/internal/net/http/HttpConnection;)Ljava/util/concurrent/CompletableFuture; 152 <appendix> member <vmtarget> ; # jdk/internal/net/http/Exchange$$Lambda+0x0000000090338000
instanceKlass  @bci jdk/internal/net/http/Exchange establishExchange (Ljdk/internal/net/http/HttpConnection;)Ljava/util/concurrent/CompletableFuture; 135 <appendix> member <vmtarget> ; # jdk/internal/net/http/Exchange$$Lambda+0x0000000090331b88
instanceKlass  @cpi com/fasterxml/jackson/databind/ser/impl/ReadOnlyClassToSerializerMap 88 form vmentry <vmtarget> ; # java/lang/invoke/LambdaForm$DMH+0x0000000090330c00
instanceKlass  @bci jdk/internal/net/http/ExchangeImpl get (Ljdk/internal/net/http/Exchange;Ljdk/internal/net/http/HttpConnection;)Ljava/util/concurrent/CompletableFuture; 95 <appendix> argL0 ; # jdk/internal/net/http/ExchangeImpl$$Lambda+0x0000000090331940
instanceKlass  @bci jdk/internal/net/http/ExchangeImpl createExchangeImpl (Ljdk/internal/net/http/Http2Connection;Ljava/lang/Throwable;Ljdk/internal/net/http/Exchange;Ljdk/internal/net/http/HttpConnection;)Ljava/util/concurrent/CompletableFuture; 234 <appendix> member <vmtarget> ; # jdk/internal/net/http/ExchangeImpl$$Lambda+0x00000000903316f0
instanceKlass jdk/internal/net/http/Http1AsyncReceiver$Http1TubeSubscriber
instanceKlass  @bci jdk/internal/net/http/Http1AsyncReceiver <init> (Ljava/util/concurrent/Executor;Ljdk/internal/net/http/Http1Exchange;)V 33 <appendix> member <vmtarget> ; # jdk/internal/net/http/Http1AsyncReceiver$$Lambda+0x0000000090331230
instanceKlass  @bci jdk/internal/net/http/Http1AsyncReceiver <init> (Ljava/util/concurrent/Executor;Ljdk/internal/net/http/Http1Exchange;)V 6 <appendix> member <vmtarget> ; # jdk/internal/net/http/Http1AsyncReceiver$$Lambda+0x0000000090331000
instanceKlass jdk/internal/net/http/AbstractSubscription
instanceKlass jdk/internal/net/http/Http1AsyncReceiver
instanceKlass  @bci jdk/internal/net/http/Http1Request <init> (Ljdk/internal/net/http/HttpRequestImpl;Ljdk/internal/net/http/Http1Exchange;)V 6 <appendix> member <vmtarget> ; # jdk/internal/net/http/Http1Request$$Lambda+0x00000000903334f8
instanceKlass  @bci jdk/internal/net/http/Http1Request <clinit> ()V 0 <appendix> argL0 ; # jdk/internal/net/http/Http1Request$$Lambda+0x00000000903332a0
instanceKlass jdk/internal/net/http/Http1Exchange$Http1RequestBodySubscriber
instanceKlass jdk/internal/net/http/Http1Request
instanceKlass  @bci jdk/internal/net/http/SocketTube$InternalWriteSubscriber <init> (Ljdk/internal/net/http/SocketTube;)V 26 <appendix> member <vmtarget> ; # jdk/internal/net/http/SocketTube$InternalWriteSubscriber$$Lambda+0x00000000903326e0
instanceKlass  @bci jdk/internal/net/http/SocketTube$InternalWriteSubscriber <init> (Ljdk/internal/net/http/SocketTube;)V 20 <appendix> member <vmtarget> ; # jdk/internal/net/http/SocketTube$InternalWriteSubscriber$$Lambda+0x00000000903324a0
instanceKlass jdk/internal/net/http/SocketTube$InternalWriteSubscriber
instanceKlass  @bci jdk/internal/net/http/SocketTube$InternalReadPublisher$InternalReadSubscription <init> (Ljdk/internal/net/http/SocketTube$InternalReadPublisher;)V 61 <appendix> member <vmtarget> ; # jdk/internal/net/http/SocketTube$InternalReadPublisher$InternalReadSubscription$$Lambda+0x0000000090337bd8
instanceKlass  @bci jdk/internal/net/http/SocketTube$InternalReadPublisher$InternalReadSubscription <init> (Ljdk/internal/net/http/SocketTube$InternalReadPublisher;)V 55 <appendix> member <vmtarget> ; # jdk/internal/net/http/SocketTube$InternalReadPublisher$InternalReadSubscription$$Lambda+0x0000000090337998
instanceKlass  @bci jdk/internal/net/http/SocketTube$InternalReadPublisher$InternalReadSubscription <init> (Ljdk/internal/net/http/SocketTube$InternalReadPublisher;)V 35 <appendix> member <vmtarget> ; # jdk/internal/net/http/SocketTube$InternalReadPublisher$InternalReadSubscription$$Lambda+0x0000000090337768
instanceKlass jdk/internal/net/http/SocketTube$SocketFlowTask
instanceKlass jdk/internal/net/http/SocketTube$InternalReadPublisher$InternalReadSubscription
instanceKlass jdk/internal/net/http/SocketTube$InternalReadPublisher
instanceKlass jdk/internal/net/http/SocketTube$SliceBufferSource
instanceKlass jdk/internal/net/http/SocketTube$BufferSource
instanceKlass  @bci jdk/internal/net/http/SocketTube <init> (Ljdk/internal/net/http/HttpClientImpl;Ljava/nio/channels/SocketChannel;Ljava/util/function/Supplier;Ljava/lang/String;)V 6 <appendix> member <vmtarget> ; # jdk/internal/net/http/SocketTube$$Lambda+0x00000000903365b8
instanceKlass  @bci jdk/internal/net/http/PlainHttpConnection <init> (Ljava/net/InetSocketAddress;Ljdk/internal/net/http/HttpClientImpl;Ljava/lang/String;)V 263 <appendix> argL0 ; # jdk/internal/net/http/PlainHttpConnection$$Lambda+0x0000000090336390
instanceKlass jdk/internal/net/http/SocketTube
instanceKlass sun/nio/ch/SocketChannelImpl$DefaultOptionsHolder
instanceKlass  @bci jdk/internal/net/http/HttpConnection$PlainHttpPublisher <init> (Ljdk/internal/net/http/HttpConnection;Ljava/lang/Object;)V 42 <appendix> member <vmtarget> ; # jdk/internal/net/http/HttpConnection$PlainHttpPublisher$$Lambda+0x0000000090335c60
instanceKlass jdk/internal/net/http/HttpConnection$PlainHttpPublisher
instanceKlass jdk/internal/net/http/HttpConnection$TrailingOperations
instanceKlass  @bci jdk/internal/net/http/HttpConnection <init> (Ljava/net/InetSocketAddress;Ljdk/internal/net/http/HttpClientImpl;Ljava/lang/String;)V 6 <appendix> member <vmtarget> ; # jdk/internal/net/http/HttpConnection$$Lambda+0x00000000903355b0
instanceKlass jdk/internal/net/http/AsyncEvent
instanceKlass jdk/internal/net/http/common/FlowTube
instanceKlass jdk/internal/net/http/HttpConnection$HttpPublisher
instanceKlass jdk/internal/net/http/ConnectionPool$CacheKey
instanceKlass jdk/internal/net/http/common/SequentialScheduler$SchedulableTask
instanceKlass jdk/internal/net/http/common/SequentialScheduler$CompleteRestartableTask
instanceKlass jdk/internal/net/http/common/SequentialScheduler$RestartableTask
instanceKlass jdk/internal/net/http/common/SequentialScheduler$DeferredCompleter
instanceKlass jdk/internal/net/http/common/SequentialScheduler
instanceKlass jdk/internal/net/http/Http1Exchange$Http1Publisher$WriteTask
instanceKlass jdk/internal/net/http/common/Demand
instanceKlass jdk/internal/net/http/Http1Exchange$Http1Publisher$Http1WriteSubscription
instanceKlass  @bci jdk/internal/net/http/Http1Exchange$Http1Publisher <init> (Ljdk/internal/net/http/Http1Exchange;)V 16 <appendix> member <vmtarget> ; # jdk/internal/net/http/Http1Exchange$Http1Publisher$$Lambda+0x000000009032ebc0
instanceKlass jdk/internal/net/http/Http1Exchange$Http1Publisher
instanceKlass java/util/concurrent/ConcurrentLinkedDeque$Node
instanceKlass  @bci jdk/internal/net/http/Http1Exchange <init> (Ljdk/internal/net/http/Exchange;Ljdk/internal/net/http/HttpConnection;)V 7 <appendix> member <vmtarget> ; # jdk/internal/net/http/Http1Exchange$$Lambda+0x000000009032e750
instanceKlass  @bci jdk/internal/net/http/ExchangeImpl get (Ljdk/internal/net/http/Exchange;Ljdk/internal/net/http/HttpConnection;)Ljava/util/concurrent/CompletableFuture; 83 <appendix> member <vmtarget> ; # jdk/internal/net/http/ExchangeImpl$$Lambda+0x000000009032deb8
instanceKlass  @bci jdk/internal/net/http/Http2Connection keyString (ZLjava/net/InetSocketAddress;Ljava/lang/String;I)Ljava/lang/String; 79 <appendix> form vmentry <vmtarget> ; # java/lang/invoke/LambdaForm$MH+0x0000000090330800
instanceKlass  @bci jdk/internal/net/http/Http2Connection keyString (ZLjava/net/InetSocketAddress;Ljava/lang/String;I)Ljava/lang/String; 79 <appendix> form names 6 function resolvedHandle form vmentry <vmtarget> ; # java/lang/invoke/LambdaForm$DMH+0x0000000090330400
instanceKlass  @bci jdk/internal/net/http/Http2Connection <clinit> ()V 19 <appendix> member <vmtarget> ; # jdk/internal/net/http/Http2Connection$$Lambda+0x000000009032dc88
instanceKlass jdk/internal/net/http/hpack/DecodingCallback
instanceKlass jdk/internal/net/http/frame/Http2Frame
instanceKlass jdk/internal/net/http/Http2Connection
instanceKlass  @bci jdk/internal/net/http/ExchangeImpl <clinit> ()V 2 <appendix> member <vmtarget> ; # jdk/internal/net/http/ExchangeImpl$$Lambda+0x000000009032b108
instanceKlass  @bci jdk/internal/net/http/Exchange responseAsyncImpl (Ljdk/internal/net/http/HttpConnection;)Ljava/util/concurrent/CompletableFuture; 57 <appendix> member <vmtarget> ; # jdk/internal/net/http/Exchange$$Lambda+0x000000009032aeb8
instanceKlass  @bci jdk/internal/net/http/Exchange responseAsyncImpl (Ljdk/internal/net/http/HttpConnection;)Ljava/util/concurrent/CompletableFuture; 49 <appendix> member <vmtarget> ; # jdk/internal/net/http/Exchange$$Lambda+0x000000009032ac68
instanceKlass jdk/internal/net/http/AuthenticationFilter$Cache
instanceKlass jdk/internal/net/http/common/Deadline
instanceKlass  @bci jdk/internal/net/http/ResponseTimerEvent <clinit> ()V 2 <appendix> member <vmtarget> ; # jdk/internal/net/http/ResponseTimerEvent$$Lambda+0x000000009032a5f0
instanceKlass  @bci jdk/internal/net/http/MultiExchange responseAsync (Ljava/util/concurrent/Executor;)Ljava/util/concurrent/CompletableFuture; 12 <appendix> argL0 ; # jdk/internal/net/http/MultiExchange$$Lambda+0x000000009032a3c8
instanceKlass  @bci jdk/internal/net/http/MultiExchange responseAsync0 (Ljava/util/concurrent/CompletableFuture;)Ljava/util/concurrent/CompletableFuture; 20 <appendix> member <vmtarget> ; # jdk/internal/net/http/MultiExchange$$Lambda+0x000000009032a178
instanceKlass  @bci jdk/internal/net/http/MultiExchange responseAsync0 (Ljava/util/concurrent/CompletableFuture;)Ljava/util/concurrent/CompletableFuture; 11 <appendix> member <vmtarget> ; # jdk/internal/net/http/MultiExchange$$Lambda+0x0000000090329f28
instanceKlass jdk/internal/net/http/Response
instanceKlass  @bci jdk/internal/net/http/MultiExchange responseAsync0 (Ljava/util/concurrent/CompletableFuture;)Ljava/util/concurrent/CompletableFuture; 2 <appendix> member <vmtarget> ; # jdk/internal/net/http/MultiExchange$$Lambda+0x0000000090329a98
instanceKlass jdk/internal/net/http/MultiExchange$CancelableRef
instanceKlass jdk/internal/net/http/Exchange$ConnectionAborter
instanceKlass  @bci jdk/internal/net/http/Exchange <init> (Ljdk/internal/net/http/HttpRequestImpl;Ljdk/internal/net/http/MultiExchange;)V 6 <appendix> member <vmtarget> ; # jdk/internal/net/http/Exchange$$Lambda+0x0000000090329420
instanceKlass jdk/internal/net/http/ExchangeImpl
instanceKlass jdk/internal/net/http/Exchange
instanceKlass  @bci jdk/internal/net/http/MultiExchange <init> (Ljava/net/http/HttpRequest;Ljdk/internal/net/http/HttpRequestImpl;Ljdk/internal/net/http/HttpClientImpl;Ljava/net/http/HttpResponse$BodyHandler;Ljava/net/http/HttpResponse$PushPromiseHandler;)V 139 <appendix> argL0 ; # jdk/internal/net/http/MultiExchange$$Lambda+0x00000000903288f8
instanceKlass jdk/internal/net/http/MultiExchange$ConnectTimeoutTracker
instanceKlass java/util/Base64$Encoder
instanceKlass java/util/Base64
instanceKlass  @bci jdk/internal/net/http/MultiExchange <clinit> ()V 19 <appendix> member <vmtarget> ; # jdk/internal/net/http/MultiExchange$$Lambda+0x00000000903284b0
instanceKlass jdk/internal/net/http/TimeoutEvent
instanceKlass jdk/internal/net/http/MultiExchange
instanceKlass jdk/internal/net/http/common/Cancelable
instanceKlass  @bci java/net/http/HttpHeaders lambda$headersOf$0 (Ljava/util/function/BiPredicate;Ljava/util/ArrayList;Ljava/util/TreeMap;Ljava/util/TreeSet;Ljava/lang/String;Ljava/util/List;)V 47 <appendix> member <vmtarget> ; # java/net/http/HttpHeaders$$Lambda+0x0000000090321800
instanceKlass  @bci java/net/http/HttpHeaders headersOf (Ljava/util/Map;Ljava/util/function/BiPredicate;)Ljava/net/http/HttpHeaders; 37 <appendix> member <vmtarget> ; # java/net/http/HttpHeaders$$Lambda+0x0000000090323d88
instanceKlass  @cpi java/net/http/HttpHeaders 300 form vmentry <vmtarget> ; # java/lang/invoke/LambdaForm$DMH+0x0000000090321400
instanceKlass java/net/http/HttpHeaders
instanceKlass  @bci jdk/internal/net/http/common/HttpHeadersBuilder addHeader (Ljava/lang/String;Ljava/lang/String;)V 5 <appendix> argL0 ; # jdk/internal/net/http/common/HttpHeadersBuilder$$Lambda+0x0000000090323928
instanceKlass  @bci org/openqa/selenium/remote/http/HttpMessage lambda$forEachHeader$1 (Ljava/util/function/BiConsumer;Ljava/lang/String;Ljava/util/List;)V 3 <appendix> member <vmtarget> ; # org/openqa/selenium/remote/http/HttpMessage$$Lambda+0x0000000090327a38
instanceKlass  @bci org/openqa/selenium/remote/http/HttpMessage forEachHeader (Ljava/util/function/BiConsumer;)V 5 <appendix> member <vmtarget> ; # org/openqa/selenium/remote/http/HttpMessage$$Lambda+0x00000000903277f8
instanceKlass  @bci org/openqa/selenium/remote/http/jdk/JdkHttpMessages createRequest (Lorg/openqa/selenium/remote/http/HttpRequest;Lorg/openqa/selenium/remote/http/HttpMethod;Ljava/net/URI;)Ljava/net/http/HttpRequest; 201 <appendix> member <vmtarget> ; # org/openqa/selenium/remote/http/jdk/JdkHttpMessages$$Lambda+0x00000000903275b8
instanceKlass jdk/internal/net/http/RequestPublishers$PublisherAdapter
instanceKlass jdk/internal/net/http/RequestPublishers$InputStreamPublisher
instanceKlass java/net/http/HttpRequest$BodyPublisher
instanceKlass java/net/http/HttpRequest$BodyPublishers
instanceKlass org/openqa/selenium/remote/http/jdk/JdkHttpMessages$1
instanceKlass jdk/internal/net/http/common/HttpHeadersBuilder
instanceKlass jdk/internal/net/http/HttpRequestBuilderImpl
instanceKlass java/net/http/HttpRequest$Builder
instanceKlass  @bci org/openqa/selenium/remote/http/jdk/JdkHttpMessages createRequest (Lorg/openqa/selenium/remote/http/HttpRequest;Lorg/openqa/selenium/remote/http/HttpMethod;Ljava/net/URI;)Ljava/net/http/HttpRequest; 20 <appendix> member <vmtarget> ; # org/openqa/selenium/remote/http/jdk/JdkHttpMessages$$Lambda+0x0000000090327158
instanceKlass  @bci java/net/http/HttpResponse$BodyHandlers ofByteArray ()Ljava/net/http/HttpResponse$BodyHandler; 0 <appendix> argL0 ; # java/net/http/HttpResponse$BodyHandlers$$Lambda+0x0000000090322410
instanceKlass java/net/http/HttpResponse
instanceKlass java/net/http/HttpResponse$ResponseInfo
instanceKlass java/net/http/HttpResponse$BodyHandler
instanceKlass java/net/http/HttpResponse$BodyHandlers
instanceKlass java/util/concurrent/CompletableFuture$Canceller
instanceKlass  @bci org/openqa/selenium/remote/http/AddSeleniumUserAgent apply (Lorg/openqa/selenium/remote/http/HttpHandler;)Lorg/openqa/selenium/remote/http/HttpHandler; 1 <appendix> member <vmtarget> ; # org/openqa/selenium/remote/http/AddSeleniumUserAgent$$Lambda+0x0000000090326f18
instanceKlass java/util/concurrent/CompletableFuture$Timeout
instanceKlass  @bci org/openqa/selenium/remote/http/jdk/JdkHttpClient executeAsync (Lorg/openqa/selenium/remote/http/HttpRequest;)Ljava/util/concurrent/CompletableFuture; 28 <appendix> member <vmtarget> ; # org/openqa/selenium/remote/http/jdk/JdkHttpClient$$Lambda+0x0000000090326cd8
instanceKlass java/util/concurrent/Executors$RunnableAdapter
instanceKlass  @bci org/openqa/selenium/remote/http/jdk/JdkHttpClient executeAsync (Lorg/openqa/selenium/remote/http/HttpRequest;)Ljava/util/concurrent/CompletableFuture; 15 <appendix> member <vmtarget> ; # org/openqa/selenium/remote/http/jdk/JdkHttpClient$$Lambda+0x0000000090326aa8
instanceKlass  @bci org/openqa/selenium/remote/http/HttpMessage addHeader (Ljava/lang/String;Ljava/lang/String;)Lorg/openqa/selenium/remote/http/HttpMessage; 13 <appendix> argL0 ; # org/openqa/selenium/remote/http/HttpMessage$$Lambda+0x0000000090326860
instanceKlass  @bci org/openqa/selenium/remote/NewSessionPayload lambda$validate$4 (Ljava/util/Map;)V 21 <appendix> argL0 ; # org/openqa/selenium/remote/NewSessionPayload$$Lambda+0x00000000903261c8
instanceKlass  @bci org/openqa/selenium/remote/NewSessionPayload lambda$validate$4 (Ljava/util/Map;)V 11 <appendix> argL0 ; # org/openqa/selenium/remote/NewSessionPayload$$Lambda+0x0000000090325f70
instanceKlass  @bci org/openqa/selenium/remote/NewSessionPayload lambda$validate$1 (Ljava/util/Map;Ljava/util/Map;)V 16 <appendix> member <vmtarget> ; # org/openqa/selenium/remote/NewSessionPayload$$Lambda+0x0000000090325d10
instanceKlass  @bci org/openqa/selenium/remote/NewSessionPayload validate ()V 98 <appendix> argL0 ; # org/openqa/selenium/remote/NewSessionPayload$$Lambda+0x0000000090325ad8
instanceKlass  @bci org/openqa/selenium/remote/NewSessionPayload validate ()V 88 <appendix> argL0 ; # org/openqa/selenium/remote/NewSessionPayload$$Lambda+0x00000000903258a0
instanceKlass  @bci org/openqa/selenium/remote/NewSessionPayload validate ()V 78 <appendix> argL0 ; # org/openqa/selenium/remote/NewSessionPayload$$Lambda+0x0000000090325668
instanceKlass  @bci org/openqa/selenium/remote/NewSessionPayload validate ()V 68 <appendix> member <vmtarget> ; # org/openqa/selenium/remote/NewSessionPayload$$Lambda+0x0000000090325418
instanceKlass  @bci org/openqa/selenium/remote/NewSessionPayload validate ()V 57 <appendix> member <vmtarget> ; # org/openqa/selenium/remote/NewSessionPayload$$Lambda+0x00000000903251d8
instanceKlass org/openqa/selenium/json/ObjectCoercer$1
instanceKlass  @bci org/openqa/selenium/json/ObjectCoercer apply (Ljava/lang/reflect/Type;)Ljava/util/function/BiFunction; 1 <appendix> member <vmtarget> ; # org/openqa/selenium/json/ObjectCoercer$$Lambda+0x0000000090324d88
instanceKlass org/openqa/selenium/json/StringCoercer$1
instanceKlass  @bci org/openqa/selenium/json/StringCoercer apply (Ljava/lang/reflect/Type;)Ljava/util/function/BiFunction; 0 <appendix> argL0 ; # org/openqa/selenium/json/StringCoercer$$Lambda+0x0000000090324940
instanceKlass  @bci org/openqa/selenium/json/MapCoercer lambda$apply$1 (Ljava/lang/reflect/Type;Ljava/lang/reflect/Type;Lorg/openqa/selenium/json/JsonInput;Lorg/openqa/selenium/json/PropertySetting;)Ljava/lang/Object; 20 <appendix> member <vmtarget> ; # org/openqa/selenium/json/MapCoercer$$Lambda+0x00000000903246f0
instanceKlass  @bci org/openqa/selenium/json/MapCoercer apply (Ljava/lang/reflect/Type;)Ljava/util/function/BiFunction; 77 <appendix> member <vmtarget> ; # org/openqa/selenium/json/MapCoercer$$Lambda+0x00000000903244b0
instanceKlass  @bci org/openqa/selenium/json/StaticInitializerCoercer getMethods (Ljava/lang/Class;)Ljava/util/stream/Stream; 27 <appendix> argL0 ; # org/openqa/selenium/json/StaticInitializerCoercer$$Lambda+0x0000000090324258
instanceKlass  @bci org/openqa/selenium/json/StaticInitializerCoercer getMethods (Ljava/lang/Class;)Ljava/util/stream/Stream; 17 <appendix> argL0 ; # org/openqa/selenium/json/StaticInitializerCoercer$$Lambda+0x0000000090324000
instanceKlass  @bci org/openqa/selenium/json/StaticInitializerCoercer getMethods (Ljava/lang/Class;)Ljava/util/stream/Stream; 7 <appendix> argL0 ; # org/openqa/selenium/json/StaticInitializerCoercer$$Lambda+0x000000009031fca8
instanceKlass  @bci org/openqa/selenium/json/CollectionCoercer lambda$apply$1 (Ljava/lang/reflect/Type;Lorg/openqa/selenium/json/JsonInput;Lorg/openqa/selenium/json/PropertySetting;)Ljava/util/Collection; 18 <appendix> member <vmtarget> ; # org/openqa/selenium/json/CollectionCoercer$$Lambda+0x000000009031fa58
instanceKlass org/openqa/selenium/json/JsonInputIterator
instanceKlass  @bci org/openqa/selenium/json/JsonTypeCoercer buildCoercer (Ljava/lang/reflect/Type;)Ljava/util/function/BiFunction; 43 <appendix> member <vmtarget> ; # org/openqa/selenium/json/JsonTypeCoercer$$Lambda+0x000000009031f5b0
instanceKlass  @bci org/openqa/selenium/json/JsonTypeCoercer lambda$buildCoercer$7 (Ljava/util/function/BiFunction;)Ljava/util/function/BiFunction; 1 <appendix> member <vmtarget> ; # org/openqa/selenium/json/JsonTypeCoercer$$Lambda+0x000000009031f370
instanceKlass  @bci org/openqa/selenium/json/JsonTypeCoercer buildCoercer (Ljava/lang/reflect/Type;)Ljava/util/function/BiFunction; 34 <appendix> argL0 ; # org/openqa/selenium/json/JsonTypeCoercer$$Lambda+0x000000009031f128
instanceKlass  @bci org/openqa/selenium/json/CollectionCoercer apply (Ljava/lang/reflect/Type;)Ljava/util/function/BiFunction; 61 <appendix> member <vmtarget> ; # org/openqa/selenium/json/CollectionCoercer$$Lambda+0x000000009031eee8
instanceKlass  @bci org/openqa/selenium/json/JsonTypeCoercer buildCoercer (Ljava/lang/reflect/Type;)Ljava/util/function/BiFunction; 26 <appendix> member <vmtarget> ; # org/openqa/selenium/json/JsonTypeCoercer$$Lambda+0x000000009031ec98
instanceKlass org/openqa/selenium/json/Types
instanceKlass  @bci org/openqa/selenium/json/JsonTypeCoercer buildCoercer (Ljava/lang/reflect/Type;)Ljava/util/function/BiFunction; 10 <appendix> member <vmtarget> ; # org/openqa/selenium/json/JsonTypeCoercer$$Lambda+0x000000009031e828
instanceKlass  @bci org/openqa/selenium/json/JsonTypeCoercer coerce (Lorg/openqa/selenium/json/JsonInput;Ljava/lang/reflect/Type;Lorg/openqa/selenium/json/PropertySetting;)Ljava/lang/Object; 6 <appendix> member <vmtarget> ; # org/openqa/selenium/json/JsonTypeCoercer$$Lambda+0x000000009031e5d8
instanceKlass org/openqa/selenium/json/JsonInput$1
instanceKlass org/openqa/selenium/json/Input
instanceKlass org/openqa/selenium/json/JsonInput
instanceKlass org/openqa/selenium/remote/http/Contents$1
instanceKlass  @bci org/openqa/selenium/json/JsonOutput lambda$new$23 (Ljava/lang/Object;II)V 46 <appendix> member <vmtarget> ; # org/openqa/selenium/json/JsonOutput$$Lambda+0x000000009031cd08
instanceKlass  @cpi org/openqa/selenium/json/JsonOutput 848 form vmentry <vmtarget> ; # java/lang/invoke/LambdaForm$DMH+0x0000000090321000
instanceKlass  @bci org/openqa/selenium/json/JsonOutput lambda$new$23 (Ljava/lang/Object;II)V 33 <appendix> argL0 ; # org/openqa/selenium/json/JsonOutput$$Lambda+0x000000009031cab0
instanceKlass java/io/ObjectOutput
instanceKlass java/util/function/UnaryOperator
instanceKlass  @bci org/openqa/selenium/json/JsonOutput asString (Ljava/lang/Object;)Ljava/lang/String; 19 <appendix> member <vmtarget> ; # org/openqa/selenium/json/JsonOutput$$Lambda+0x000000009031c650
instanceKlass  @cpi org/openqa/selenium/json/JsonOutput 825 form vmentry <vmtarget> ; # java/lang/invoke/LambdaForm$DMH+0x0000000090320c00
instanceKlass java/util/stream/IntStream$Builder
instanceKlass java/lang/StringLatin1$CharsSpliterator
instanceKlass  @bci org/openqa/selenium/json/JsonOutput lambda$new$23 (Ljava/lang/Object;II)V 46 <adapter> ; # java/lang/invoke/LambdaForm$MH+0x0000000090320800
instanceKlass  @bci org/openqa/selenium/json/JsonOutput lambda$new$23 (Ljava/lang/Object;II)V 46 <appendix> form vmentry <vmtarget> ; # java/lang/invoke/LambdaForm$DMH+0x0000000090320400
instanceKlass  @bci org/openqa/selenium/json/JsonOutput lambda$new$25 (Ljava/lang/Object;II)V 31 <appendix> member <vmtarget> ; # org/openqa/selenium/json/JsonOutput$$Lambda+0x000000009031c410
instanceKlass  @cpi org/openqa/selenium/json/JsonOutput 842 form vmentry <vmtarget> ; # java/lang/invoke/LambdaForm$DMH+0x0000000090320000
instanceKlass  @bci org/openqa/selenium/json/JsonOutput write0 (Ljava/lang/Object;II)Lorg/openqa/selenium/json/JsonOutput; 39 <appendix> member <vmtarget> ; # org/openqa/selenium/json/JsonOutput$$Lambda+0x000000009031bfb8
instanceKlass  @bci org/openqa/selenium/json/JsonOutput write0 (Ljava/lang/Object;II)Lorg/openqa/selenium/json/JsonOutput; 30 <appendix> argL0 ; # org/openqa/selenium/json/JsonOutput$$Lambda+0x000000009031bd70
instanceKlass  @bci org/openqa/selenium/json/JsonOutput write0 (Ljava/lang/Object;II)Lorg/openqa/selenium/json/JsonOutput; 15 <appendix> member <vmtarget> ; # org/openqa/selenium/json/JsonOutput$$Lambda+0x000000009031bb10
instanceKlass  @bci org/openqa/selenium/json/JsonOutput <init> (Ljava/lang/Appendable;)V 552 <appendix> member <vmtarget> ; # org/openqa/selenium/json/JsonOutput$$Lambda+0x000000009031b8e0
instanceKlass  @bci org/openqa/selenium/json/JsonOutput <init> (Ljava/lang/Appendable;)V 546 <appendix> argL0 ; # org/openqa/selenium/json/JsonOutput$$Lambda+0x000000009031b688
instanceKlass  @bci org/openqa/selenium/json/JsonOutput <init> (Ljava/lang/Appendable;)V 534 <appendix> member <vmtarget> ; # org/openqa/selenium/json/JsonOutput$$Lambda+0x000000009031b458
instanceKlass  @bci org/openqa/selenium/json/JsonOutput <init> (Ljava/lang/Appendable;)V 528 <appendix> member <vmtarget> ; # org/openqa/selenium/json/JsonOutput$$Lambda+0x000000009031b1f8
instanceKlass  @bci org/openqa/selenium/json/JsonOutput <init> (Ljava/lang/Appendable;)V 509 <appendix> member <vmtarget> ; # org/openqa/selenium/json/JsonOutput$$Lambda+0x000000009031afc8
instanceKlass  @bci org/openqa/selenium/json/JsonOutput <init> (Ljava/lang/Appendable;)V 503 <appendix> argL0 ; # org/openqa/selenium/json/JsonOutput$$Lambda+0x000000009031ad70
instanceKlass  @bci org/openqa/selenium/json/JsonOutput <init> (Ljava/lang/Appendable;)V 491 <appendix> member <vmtarget> ; # org/openqa/selenium/json/JsonOutput$$Lambda+0x000000009031ab40
instanceKlass  @bci org/openqa/selenium/json/JsonOutput <init> (Ljava/lang/Appendable;)V 485 <appendix> member <vmtarget> ; # org/openqa/selenium/json/JsonOutput$$Lambda+0x000000009031a8e0
instanceKlass  @bci org/openqa/selenium/json/JsonOutput <init> (Ljava/lang/Appendable;)V 466 <appendix> member <vmtarget> ; # org/openqa/selenium/json/JsonOutput$$Lambda+0x000000009031a6b0
instanceKlass  @bci org/openqa/selenium/json/JsonOutput <init> (Ljava/lang/Appendable;)V 460 <appendix> member <vmtarget> ; # org/openqa/selenium/json/JsonOutput$$Lambda+0x000000009031a450
instanceKlass  @bci org/openqa/selenium/json/JsonOutput <init> (Ljava/lang/Appendable;)V 441 <appendix> member <vmtarget> ; # org/openqa/selenium/json/JsonOutput$$Lambda+0x000000009031a220
instanceKlass  @bci org/openqa/selenium/json/JsonOutput <init> (Ljava/lang/Appendable;)V 435 <appendix> member <vmtarget> ; # org/openqa/selenium/json/JsonOutput$$Lambda+0x0000000090319fc0
instanceKlass  @bci org/openqa/selenium/json/JsonOutput <init> (Ljava/lang/Appendable;)V 422 <appendix> member <vmtarget> ; # org/openqa/selenium/json/JsonOutput$$Lambda+0x0000000090319d90
instanceKlass  @bci org/openqa/selenium/json/JsonOutput <init> (Ljava/lang/Appendable;)V 416 <appendix> member <vmtarget> ; # org/openqa/selenium/json/JsonOutput$$Lambda+0x0000000090319b30
instanceKlass  @bci org/openqa/selenium/json/JsonOutput <init> (Ljava/lang/Appendable;)V 403 <appendix> member <vmtarget> ; # org/openqa/selenium/json/JsonOutput$$Lambda+0x0000000090319900
instanceKlass  @bci org/openqa/selenium/json/JsonOutput <init> (Ljava/lang/Appendable;)V 397 <appendix> member <vmtarget> ; # org/openqa/selenium/json/JsonOutput$$Lambda+0x00000000903196a0
instanceKlass  @bci org/openqa/selenium/json/JsonOutput <init> (Ljava/lang/Appendable;)V 384 <appendix> member <vmtarget> ; # org/openqa/selenium/json/JsonOutput$$Lambda+0x0000000090319470
instanceKlass  @bci org/openqa/selenium/json/JsonOutput <init> (Ljava/lang/Appendable;)V 368 <appendix> member <vmtarget> ; # org/openqa/selenium/json/JsonOutput$$Lambda+0x0000000090319240
instanceKlass  @bci org/openqa/selenium/json/JsonOutput <init> (Ljava/lang/Appendable;)V 362 <appendix> member <vmtarget> ; # org/openqa/selenium/json/JsonOutput$$Lambda+0x0000000090318fe0
instanceKlass  @bci org/openqa/selenium/json/JsonOutput <init> (Ljava/lang/Appendable;)V 343 <appendix> member <vmtarget> ; # org/openqa/selenium/json/JsonOutput$$Lambda+0x0000000090318db0
instanceKlass  @bci org/openqa/selenium/json/JsonOutput <init> (Ljava/lang/Appendable;)V 337 <appendix> member <vmtarget> ; # org/openqa/selenium/json/JsonOutput$$Lambda+0x0000000090318b50
instanceKlass  @bci org/openqa/selenium/json/JsonOutput <init> (Ljava/lang/Appendable;)V 318 <appendix> member <vmtarget> ; # org/openqa/selenium/json/JsonOutput$$Lambda+0x0000000090318920
instanceKlass  @bci org/openqa/selenium/json/JsonOutput <init> (Ljava/lang/Appendable;)V 312 <appendix> member <vmtarget> ; # org/openqa/selenium/json/JsonOutput$$Lambda+0x00000000903186c0
instanceKlass  @bci org/openqa/selenium/json/JsonOutput <init> (Ljava/lang/Appendable;)V 293 <appendix> member <vmtarget> ; # org/openqa/selenium/json/JsonOutput$$Lambda+0x0000000090318490
instanceKlass  @bci org/openqa/selenium/json/JsonOutput <init> (Ljava/lang/Appendable;)V 287 <appendix> member <vmtarget> ; # org/openqa/selenium/json/JsonOutput$$Lambda+0x0000000090318230
instanceKlass  @bci org/openqa/selenium/json/JsonOutput <init> (Ljava/lang/Appendable;)V 268 <appendix> member <vmtarget> ; # org/openqa/selenium/json/JsonOutput$$Lambda+0x0000000090318000
instanceKlass  @bci org/openqa/selenium/json/JsonOutput <init> (Ljava/lang/Appendable;)V 262 <appendix> member <vmtarget> ; # org/openqa/selenium/json/JsonOutput$$Lambda+0x0000000090310c00
instanceKlass  @bci org/openqa/selenium/json/JsonOutput <init> (Ljava/lang/Appendable;)V 243 <appendix> member <vmtarget> ; # org/openqa/selenium/json/JsonOutput$$Lambda+0x0000000090311b80
instanceKlass  @bci org/openqa/selenium/json/JsonOutput <init> (Ljava/lang/Appendable;)V 237 <appendix> member <vmtarget> ; # org/openqa/selenium/json/JsonOutput$$Lambda+0x0000000090311920
instanceKlass  @bci org/openqa/selenium/json/JsonOutput <init> (Ljava/lang/Appendable;)V 218 <appendix> member <vmtarget> ; # org/openqa/selenium/json/JsonOutput$$Lambda+0x00000000903116f0
instanceKlass  @bci org/openqa/selenium/json/JsonOutput <init> (Ljava/lang/Appendable;)V 212 <appendix> member <vmtarget> ; # org/openqa/selenium/json/JsonOutput$$Lambda+0x0000000090311490
instanceKlass  @bci org/openqa/selenium/json/JsonOutput <init> (Ljava/lang/Appendable;)V 193 <appendix> member <vmtarget> ; # org/openqa/selenium/json/JsonOutput$$Lambda+0x0000000090311260
instanceKlass  @bci org/openqa/selenium/json/JsonOutput <init> (Ljava/lang/Appendable;)V 187 <appendix> member <vmtarget> ; # org/openqa/selenium/json/JsonOutput$$Lambda+0x0000000090311000
instanceKlass  @bci org/openqa/selenium/json/JsonOutput <init> (Ljava/lang/Appendable;)V 168 <appendix> member <vmtarget> ; # org/openqa/selenium/json/JsonOutput$$Lambda+0x0000000090313da8
instanceKlass  @bci org/openqa/selenium/json/JsonOutput <init> (Ljava/lang/Appendable;)V 162 <appendix> member <vmtarget> ; # org/openqa/selenium/json/JsonOutput$$Lambda+0x0000000090313b48
instanceKlass  @bci org/openqa/selenium/json/JsonOutput <init> (Ljava/lang/Appendable;)V 143 <appendix> member <vmtarget> ; # org/openqa/selenium/json/JsonOutput$$Lambda+0x0000000090313918
instanceKlass  @bci org/openqa/selenium/json/JsonOutput <init> (Ljava/lang/Appendable;)V 137 <appendix> member <vmtarget> ; # org/openqa/selenium/json/JsonOutput$$Lambda+0x00000000903136b8
instanceKlass  @bci org/openqa/selenium/json/JsonOutput <init> (Ljava/lang/Appendable;)V 118 <appendix> member <vmtarget> ; # org/openqa/selenium/json/JsonOutput$$Lambda+0x0000000090313488
instanceKlass  @bci org/openqa/selenium/json/JsonOutput <init> (Ljava/lang/Appendable;)V 112 <appendix> member <vmtarget> ; # org/openqa/selenium/json/JsonOutput$$Lambda+0x0000000090313228
instanceKlass  @bci org/openqa/selenium/json/JsonOutput <init> (Ljava/lang/Appendable;)V 93 <appendix> member <vmtarget> ; # org/openqa/selenium/json/JsonOutput$$Lambda+0x0000000090312ff8
instanceKlass  @cpi org/openqa/selenium/json/JsonOutput 707 form vmentry <vmtarget> ; # java/lang/invoke/LambdaForm$DMH+0x0000000090310800
instanceKlass org/openqa/selenium/json/JsonOutput$DepthAwareConsumer
instanceKlass  @bci org/openqa/selenium/json/JsonOutput <init> (Ljava/lang/Appendable;)V 87 <appendix> argL0 ; # org/openqa/selenium/json/JsonOutput$$Lambda+0x0000000090312b98
instanceKlass org/openqa/selenium/json/JsonOutput$Node
instanceKlass  @bci org/openqa/selenium/json/JsonOutput <init> (Ljava/lang/Appendable;)V 42 <appendix> member <vmtarget> ; # org/openqa/selenium/json/JsonOutput$$Lambda+0x0000000090312518
instanceKlass  @bci org/openqa/selenium/json/JsonOutput <clinit> ()V 24 <appendix> member <vmtarget> ; # org/openqa/selenium/json/JsonOutput$$Lambda+0x00000000903122b8
instanceKlass com/google/gson/JsonElement
instanceKlass org/openqa/selenium/json/JsonOutput
instanceKlass  @bci org/openqa/selenium/json/JsonTypeCoercer <init> (Ljava/util/stream/Stream;)V 423 <appendix> argL0 ; # org/openqa/selenium/json/JsonTypeCoercer$$Lambda+0x0000000090317308
instanceKlass  @bci org/openqa/selenium/json/JsonTypeCoercer <init> (Ljava/util/stream/Stream;)V 418 <appendix> argL0 ; # org/openqa/selenium/json/JsonTypeCoercer$$Lambda+0x00000000903170d0
instanceKlass  @bci org/openqa/selenium/json/JsonTypeCoercer <init> (Ljava/util/stream/Stream;)V 413 <appendix> argL0 ; # org/openqa/selenium/json/JsonTypeCoercer$$Lambda+0x0000000090316ea8
instanceKlass  @bci org/openqa/selenium/json/JsonTypeCoercer <init> (Ljava/util/stream/Stream;)V 374 <appendix> argL0 ; # org/openqa/selenium/json/JsonTypeCoercer$$Lambda+0x00000000903169d0
instanceKlass  @bci java/util/stream/Collectors toCollection (Ljava/util/function/Supplier;)Ljava/util/stream/Collector; 10 <appendix> argL0 ; # java/util/stream/Collectors$$Lambda+0x0000000090346900
instanceKlass  @bci java/util/stream/Collectors toCollection (Ljava/util/function/Supplier;)Ljava/util/stream/Collector; 5 <appendix> argL0 ; # java/util/stream/Collectors$$Lambda+0x00000000903466c8
instanceKlass  @bci org/openqa/selenium/json/JsonTypeCoercer <init> (Ljava/util/stream/Stream;)V 349 <appendix> argL0 ; # org/openqa/selenium/json/JsonTypeCoercer$$Lambda+0x00000000903167a8
instanceKlass  @bci org/openqa/selenium/json/JsonTypeCoercer <init> (Ljava/util/stream/Stream;)V 314 <appendix> argL0 ; # org/openqa/selenium/json/JsonTypeCoercer$$Lambda+0x00000000903162a0
instanceKlass  @bci org/openqa/selenium/json/JsonTypeCoercer <init> (Ljava/util/stream/Stream;)V 309 <appendix> argL0 ; # org/openqa/selenium/json/JsonTypeCoercer$$Lambda+0x0000000090316068
instanceKlass  @bci org/openqa/selenium/json/JsonTypeCoercer <init> (Ljava/util/stream/Stream;)V 304 <appendix> argL0 ; # org/openqa/selenium/json/JsonTypeCoercer$$Lambda+0x0000000090315e40
instanceKlass  @bci org/openqa/selenium/json/JsonTypeCoercer <init> (Ljava/util/stream/Stream;)V 198 <appendix> argL0 ; # org/openqa/selenium/json/JsonTypeCoercer$$Lambda+0x0000000090314920
instanceKlass  @bci org/openqa/selenium/json/JsonTypeCoercer <init> (Ljava/util/stream/Stream;)V 177 <appendix> argL0 ; # org/openqa/selenium/json/JsonTypeCoercer$$Lambda+0x00000000903146d8
instanceKlass  @bci org/openqa/selenium/json/JsonTypeCoercer <init> (Ljava/util/stream/Stream;)V 156 <appendix> argL0 ; # org/openqa/selenium/json/JsonTypeCoercer$$Lambda+0x0000000090314490
instanceKlass  @cpi org/openqa/selenium/json/JsonTypeCoercer 423 form vmentry <vmtarget> ; # java/lang/invoke/LambdaForm$DMH+0x0000000090310400
instanceKlass  @bci org/openqa/selenium/json/JsonTypeCoercer <init> (Ljava/util/stream/Stream;)V 135 <appendix> argL0 ; # org/openqa/selenium/json/JsonTypeCoercer$$Lambda+0x0000000090314248
instanceKlass  @bci org/openqa/selenium/json/JsonTypeCoercer <init> (Ljava/util/stream/Stream;)V 114 <appendix> argL0 ; # org/openqa/selenium/json/JsonTypeCoercer$$Lambda+0x0000000090314000
instanceKlass  @cpi org/openqa/selenium/json/JsonTypeCoercer 409 form vmentry <vmtarget> ; # java/lang/invoke/LambdaForm$DMH+0x0000000090310000
instanceKlass  @bci org/openqa/selenium/json/JsonTypeCoercer <init> (Ljava/util/stream/Stream;)V 93 <appendix> argL0 ; # org/openqa/selenium/json/JsonTypeCoercer$$Lambda+0x000000009030bda8
instanceKlass  @cpi org/openqa/selenium/json/JsonTypeCoercer 406 form vmentry <vmtarget> ; # java/lang/invoke/LambdaForm$DMH+0x0000000090309c00
instanceKlass  @bci org/openqa/selenium/json/JsonTypeCoercer <init> (Ljava/util/stream/Stream;)V 72 <appendix> argL0 ; # org/openqa/selenium/json/JsonTypeCoercer$$Lambda+0x000000009030bb60
instanceKlass java/util/RegularEnumSet$EnumSetIterator
instanceKlass  @bci org/openqa/selenium/json/JsonTypeCoercer <init> (Ljava/util/stream/Stream;)V 20 <appendix> argL0 ; # org/openqa/selenium/json/JsonTypeCoercer$$Lambda+0x000000009030b3b0
instanceKlass org/openqa/selenium/json/TypeCoercer
instanceKlass org/openqa/selenium/json/JsonTypeCoercer
instanceKlass org/openqa/selenium/json/TypeToken
instanceKlass org/openqa/selenium/json/Json
instanceKlass org/openqa/selenium/remote/http/Contents$Supplier
instanceKlass org/openqa/selenium/remote/http/Contents
instanceKlass  @bci org/openqa/selenium/remote/NewSessionPayload create (Ljava/util/Collection;)Lorg/openqa/selenium/remote/NewSessionPayload; 10 <appendix> argL0 ; # org/openqa/selenium/remote/NewSessionPayload$$Lambda+0x000000009030f9f8
instanceKlass org/openqa/selenium/remote/CommandCodec
instanceKlass org/openqa/selenium/remote/ResponseCodec
instanceKlass org/openqa/selenium/remote/NewSessionPayload
instanceKlass org/openqa/selenium/remote/ProtocolHandshake
instanceKlass sun/net/www/http/KeepAliveEntry
instanceKlass sun/net/www/http/HttpCapture
instanceKlass sun/net/www/http/KeepAliveKey
instanceKlass sun/net/www/http/Hurryable
instanceKlass sun/net/NetworkClient
instanceKlass java/net/ResponseCache
instanceKlass java/net/CookieHandler
instanceKlass sun/net/util/ProxyUtil
instanceKlass  @bci sun/net/www/protocol/http/AuthCacheImpl getAuthCacheFor (Ljava/net/Authenticator;)Lsun/net/www/protocol/http/AuthCacheImpl; 4 <appendix> argL0 ; # sun/net/www/protocol/http/AuthCacheImpl$$Lambda+0x0000000090341c28
instanceKlass sun/net/www/protocol/http/AuthCacheImpl
instanceKlass sun/net/www/protocol/http/AuthCache
instanceKlass sun/net/www/protocol/http/AuthCacheValue
instanceKlass java/util/concurrent/FutureTask$WaitNode
instanceKlass java/util/concurrent/FutureTask
instanceKlass  @bci org/openqa/selenium/net/UrlChecker waitUntilAvailable (JLjava/util/concurrent/TimeUnit;[Ljava/net/URL;)V 27 <appendix> member <vmtarget> ; # org/openqa/selenium/net/UrlChecker$$Lambda+0x000000009030e1f0
instanceKlass  @bci org/openqa/selenium/net/UrlChecker <clinit> ()V 22 <appendix> argL0 ; # org/openqa/selenium/net/UrlChecker$$Lambda+0x000000009030dfc8
instanceKlass org/openqa/selenium/net/UrlChecker
instanceKlass  @bci org/openqa/selenium/remote/service/DriverService start ()V 167 <appendix> member <vmtarget> ; # org/openqa/selenium/remote/service/DriverService$$Lambda+0x000000009030db78
instanceKlass  @bci org/openqa/selenium/remote/service/DriverService start ()V 153 <appendix> member <vmtarget> ; # org/openqa/selenium/remote/service/DriverService$$Lambda+0x000000009030d948
instanceKlass  @bci org/openqa/selenium/os/ExternalProcess$Builder start ()Lorg/openqa/selenium/os/ExternalProcess; 68 <appendix> member <vmtarget> ; # org/openqa/selenium/os/ExternalProcess$Builder$$Lambda+0x000000009030d4c8
instanceKlass  @bci java/lang/ProcessHandleImpl initReaper ()Ljava/util/concurrent/Executor; 45 <appendix> member <vmtarget> ; # java/lang/ProcessHandleImpl$$Lambda+0x00000000902bdf00
instanceKlass  @cpi java/lang/ProcessHandleImpl 358 form vmentry <vmtarget> ; # java/lang/invoke/LambdaForm$DMH+0x0000000090309800
# instanceKlass java/lang/invoke/LambdaForm$DMH+0x0000000090309400
instanceKlass java/lang/ProcessHandleImpl
instanceKlass  @bci java/lang/ProcessHandleImpl initReaper ()Ljava/util/concurrent/Executor; 45 <appendix> form vmentry <vmtarget> ; # java/lang/invoke/LambdaForm$DMH+0x0000000090309000
instanceKlass  @bci java/lang/ProcessImpl <init> ([Ljava/lang/String;Ljava/lang/String;Ljava/lang/String;[JZZ)V 251 <appendix> member <vmtarget> ; # java/lang/ProcessImpl$$Lambda+0x00000000902bd2f0
instanceKlass  @cpi java/lang/ProcessImpl 633 form vmentry <vmtarget> ; # java/lang/invoke/LambdaForm$DMH+0x0000000090308c00
instanceKlass java/lang/ProcessHandle
instanceKlass java/lang/Process
instanceKlass  @bci org/openqa/selenium/remote/service/DriverService start ()V 134 <appendix> member <vmtarget> ; # org/openqa/selenium/remote/service/DriverService$$Lambda+0x000000009030d288
instanceKlass  @cpi org/openqa/selenium/remote/service/DriverService 477 form vmentry <vmtarget> ; # java/lang/invoke/LambdaForm$DMH+0x0000000090308800
instanceKlass java/lang/ProcessBuilder
instanceKlass org/openqa/selenium/os/ExternalProcess$Builder
instanceKlass org/openqa/selenium/os/ExternalProcess
instanceKlass org/openqa/selenium/remote/Command
instanceKlass org/openqa/selenium/remote/CommandPayload
instanceKlass org/openqa/selenium/remote/DriverCommand
instanceKlass  @bci java/util/function/Predicate or (Ljava/util/function/Predicate;)Ljava/util/function/Predicate; 7 <appendix> member <vmtarget> ; # java/util/function/Predicate$$Lambda+0x00000000902bbcb0
instanceKlass  @cpi java/util/function/Predicate 78 form vmentry <vmtarget> ; # java/lang/invoke/LambdaForm$DMH+0x0000000090308400
instanceKlass  @bci java/util/regex/Pattern asPredicate ()Ljava/util/function/Predicate; 1 <appendix> member <vmtarget> ; # java/util/regex/Pattern$$Lambda+0x00000000902bba50
instanceKlass  @bci java/util/regex/CharPredicates ASCII_WORD ()Ljava/util/regex/Pattern$BmpCharPredicate; 0 <appendix> argL0 ; # java/util/regex/CharPredicates$$Lambda+0x00000000902bb7b8
instanceKlass  @bci org/openqa/selenium/AcceptedW3CCapabilityKeys <clinit> ()V 99 <appendix> argL0 ; # org/openqa/selenium/AcceptedW3CCapabilityKeys$$Lambda+0x0000000090307b08
instanceKlass  @cpi org/openqa/selenium/AcceptedW3CCapabilityKeys 113 form vmentry <vmtarget> ; # java/lang/invoke/LambdaForm$DMH+0x0000000090308000
instanceKlass  @bci org/openqa/selenium/AcceptedW3CCapabilityKeys <clinit> ()V 94 <appendix> argL0 ; # org/openqa/selenium/AcceptedW3CCapabilityKeys$$Lambda+0x00000000903078b0
instanceKlass  @bci org/openqa/selenium/AcceptedW3CCapabilityKeys <clinit> ()V 84 <appendix> argL0 ; # org/openqa/selenium/AcceptedW3CCapabilityKeys$$Lambda+0x0000000090307668
instanceKlass  @bci org/openqa/selenium/AcceptedW3CCapabilityKeys <clinit> ()V 74 <appendix> argL0 ; # org/openqa/selenium/AcceptedW3CCapabilityKeys$$Lambda+0x0000000090307420
instanceKlass org/openqa/selenium/AcceptedW3CCapabilityKeys
instanceKlass  @bci org/openqa/selenium/remote/RemoteWebDriver checkNonW3CCapabilities (Lorg/openqa/selenium/Capabilities;)V 16 <appendix> argL0 ; # org/openqa/selenium/remote/RemoteWebDriver$$Lambda+0x0000000090306f60
instanceKlass java/util/TreeMap$TreeMapSpliterator
instanceKlass  @bci java/util/stream/StreamSpliterators$WrappingSpliterator forEachRemaining (Ljava/util/function/Consumer;)V 33 <appendix> member <vmtarget> ; # java/util/stream/StreamSpliterators$WrappingSpliterator$$Lambda+0x00000000902baac0
instanceKlass java/util/stream/StreamSpliterators
instanceKlass java/util/stream/StreamSpliterators$AbstractWrappingSpliterator
instanceKlass  @bci java/util/stream/AbstractPipeline spliterator ()Ljava/util/Spliterator; 103 <appendix> member <vmtarget> ; # java/util/stream/AbstractPipeline$$Lambda+0x00000000902ba140
instanceKlass  @bci org/openqa/selenium/chromium/ChromiumOptions getExtraCapability (Ljava/lang/String;)Ljava/lang/Object; 87 <appendix> argL0 ; # org/openqa/selenium/chromium/ChromiumOptions$$Lambda+0x0000000090306d18
instanceKlass  @bci org/openqa/selenium/remote/AbstractDriverOptions asMap ()Ljava/util/Map; 18 <appendix> member <vmtarget> ; # org/openqa/selenium/remote/AbstractDriverOptions$$Lambda+0x0000000090306ad8
instanceKlass java/util/Collections$UnmodifiableMap$UnmodifiableEntrySet$1
instanceKlass org/openqa/selenium/remote/RemoteLogs
instanceKlass org/openqa/selenium/remote/RemoteExecuteMethod
instanceKlass org/openqa/selenium/WrapsDriver
instanceKlass org/openqa/selenium/remote/JsonToWebElementConverter
instanceKlass java/util/logging/ErrorManager
instanceKlass org/openqa/selenium/remote/UselessFileDetector
instanceKlass  @bci org/openqa/selenium/remote/ErrorCodes <clinit> ()V 730 <appendix> argL0 ; # org/openqa/selenium/remote/ErrorCodes$$Lambda+0x0000000090305d40
instanceKlass org/openqa/selenium/remote/ErrorCodes$KnownError
instanceKlass org/openqa/selenium/remote/ErrorCodes
instanceKlass org/openqa/selenium/remote/ErrorHandler
instanceKlass org/openqa/selenium/WebElement
instanceKlass org/openqa/selenium/By$Remotable$Parameters
instanceKlass org/openqa/selenium/internal/Require$ArgumentChecker
instanceKlass org/openqa/selenium/By$Remotable
instanceKlass org/openqa/selenium/By
instanceKlass org/openqa/selenium/remote/ElementLocation
instanceKlass jdk/internal/net/http/common/Log
instanceKlass  @bci org/openqa/selenium/remote/service/DriverCommandExecutor <init> (Lorg/openqa/selenium/remote/service/DriverService;Ljava/util/Map;Lorg/openqa/selenium/remote/http/ClientConfig;)V 16 <appendix> argL0 ; # org/openqa/selenium/remote/service/DriverCommandExecutor$$Lambda+0x000000009029fc50
instanceKlass jdk/internal/net/http/RedirectFilter
instanceKlass jdk/internal/net/http/AuthenticationFilter
instanceKlass jdk/internal/net/http/HeaderFilter
instanceKlass jdk/internal/net/http/FilterFactory
instanceKlass java/nio/BufferMismatch
instanceKlass sun/nio/ch/UnixDomainSocketsUtil
instanceKlass sun/nio/ch/UnixDomainSockets
instanceKlass sun/nio/ch/PipeImpl$Initializer$LoopbackConnector
instanceKlass sun/nio/ch/PipeImpl$Initializer
instanceKlass sun/nio/ch/WEPoll
instanceKlass sun/nio/ch/Util$2
instanceKlass java/nio/channels/spi/AbstractSelector$1
instanceKlass java/nio/channels/SelectionKey
instanceKlass java/nio/channels/Pipe
instanceKlass java/nio/channels/MulticastChannel
instanceKlass sun/nio/ch/DefaultSelectorProvider
instanceKlass java/nio/channels/spi/SelectorProvider$Holder
instanceKlass java/nio/channels/spi/SelectorProvider
instanceKlass java/nio/channels/Selector
instanceKlass jdk/internal/net/http/ConnectionPool$ExpiryList
instanceKlass  @bci jdk/internal/net/http/ConnectionPool <init> (Ljava/lang/String;Ljdk/internal/net/http/common/TimeLine;)V 6 <appendix> member <vmtarget> ; # jdk/internal/net/http/ConnectionPool$$Lambda+0x00000000902ab7e8
instanceKlass jdk/internal/net/http/common/TimeSource$NanoSource
instanceKlass jdk/internal/net/http/common/TimeSource
instanceKlass jdk/internal/net/http/common/FlowTube$TubePublisher
instanceKlass jdk/internal/net/http/common/FlowTube$TubeSubscriber
instanceKlass jdk/internal/net/http/common/TimeLine
instanceKlass jdk/internal/net/http/ConnectionPool
instanceKlass sun/security/ssl/SSLConfiguration$1
instanceKlass javax/net/ssl/SSLParameters
instanceKlass sun/security/ssl/DTLSRecord
instanceKlass sun/security/ssl/SessionId
instanceKlass java/security/spec/MGF1ParameterSpec
instanceKlass sun/security/ec/ParametersMap$1
instanceKlass  @bci sun/security/ec/ed/EdDSAParameters <clinit> ()V 268 <appendix> argL0 ; # sun/security/ec/ed/EdDSAParameters$$Lambda+0x00000000902ff530
instanceKlass sun/security/ec/ed/EdDSAParameters$SHAKE256DigesterFactory
instanceKlass sun/security/ec/point/ProjectivePoint
instanceKlass  @bci sun/security/ec/ed/EdDSAParameters <clinit> ()V 117 <appendix> argL0 ; # sun/security/ec/ed/EdDSAParameters$$Lambda+0x00000000902fe468
instanceKlass sun/security/ec/ed/EdDSAParameters$Digester
instanceKlass sun/security/ec/ed/EdDSAParameters$SHA512DigesterFactory
instanceKlass sun/security/util/math/IntegerMontgomeryFieldModuloP
instanceKlass sun/security/ec/point/ExtendedHomogeneousPoint
instanceKlass sun/security/ec/point/AffinePoint
instanceKlass sun/security/util/math/intpoly/IntegerPolynomial$Limb
instanceKlass sun/security/ec/point/MutablePoint
instanceKlass sun/security/ec/point/ImmutablePoint
instanceKlass sun/security/ec/point/Point
instanceKlass sun/security/util/math/MutableIntegerModuloP
instanceKlass sun/security/util/math/intpoly/IntegerPolynomial$Element
instanceKlass sun/security/util/math/SmallValue
instanceKlass sun/security/util/math/ImmutableIntegerModuloP
instanceKlass sun/security/util/math/IntegerModuloP
instanceKlass sun/security/util/math/intpoly/IntegerPolynomial
instanceKlass sun/security/ec/ParametersMap
instanceKlass sun/security/ec/ed/EdECOperations
instanceKlass sun/security/ec/ed/EdDSAParameters$DigesterFactory
instanceKlass sun/security/util/math/IntegerFieldModuloP
instanceKlass sun/security/ec/ed/EdDSAParameters
instanceKlass  @bci sun/security/ec/ed/EdDSASignature <init> (Ljava/security/spec/NamedParameterSpec;)V 27 <appendix> argL0 ; # sun/security/ec/ed/EdDSASignature$$Lambda+0x00000000902fa238
instanceKlass java/security/spec/EdDSAParameterSpec
instanceKlass sun/security/ec/ed/EdDSASignature$MessageAccumulator
instanceKlass javax/net/ssl/SNIServerName
instanceKlass javax/net/ssl/ExtendedSSLSession
instanceKlass javax/crypto/spec/DHParameterSpec
instanceKlass sun/security/ssl/PredefinedDHParameterSpecs
instanceKlass org/jcp/xml/dsig/internal/dom/XMLDSigRI$2
instanceKlass org/jcp/xml/dsig/internal/dom/XMLDSigRI$1
instanceKlass sun/security/smartcardio/SunPCSC$1
instanceKlass  @bci sun/security/pkcs11/SunPKCS11 register (Lsun/security/pkcs11/SunPKCS11$Descriptor;)V 27 <appendix> argL0 ; # sun/security/pkcs11/SunPKCS11$$Lambda+0x00000000902af2b0
instanceKlass sun/security/pkcs11/SunPKCS11$Descriptor
instanceKlass javax/security/auth/callback/CallbackHandler
instanceKlass javax/security/auth/Subject
instanceKlass sun/security/jca/ProviderConfig$ProviderLoader
instanceKlass sun/security/ssl/NamedGroup$SupportedGroups
instanceKlass sun/security/ssl/SSLConfiguration$CustomizedClientSignatureSchemes
instanceKlass javax/crypto/KeyGeneratorSpi
instanceKlass javax/crypto/KeyGenerator
instanceKlass sun/security/ssl/SSLConfiguration
instanceKlass sun/security/ssl/KeyUpdate$KeyUpdateProducer
instanceKlass sun/security/ssl/KeyUpdate$KeyUpdateConsumer
instanceKlass sun/security/ssl/KeyUpdate$KeyUpdateKickstartProducer
instanceKlass sun/security/ssl/KeyUpdate
instanceKlass sun/security/ssl/CertificateStatus$CertificateStatusAbsence
instanceKlass sun/security/ssl/CertificateStatus$CertificateStatusProducer
instanceKlass sun/security/ssl/CertificateStatus$CertificateStatusConsumer
instanceKlass sun/security/ssl/HandshakeAbsence
instanceKlass sun/security/ssl/CertificateStatus
instanceKlass sun/security/ssl/Finished$T13FinishedProducer
instanceKlass sun/security/ssl/Finished$T13FinishedConsumer
instanceKlass sun/security/ssl/Finished$T12FinishedProducer
instanceKlass sun/security/ssl/Finished$T12FinishedConsumer
instanceKlass sun/security/ssl/Finished
instanceKlass sun/security/ssl/ClientKeyExchange$ClientKeyExchangeProducer
instanceKlass sun/security/ssl/ClientKeyExchange$ClientKeyExchangeConsumer
instanceKlass sun/security/ssl/ClientKeyExchange
instanceKlass sun/security/ssl/CertificateVerify$T13CertificateVerifyProducer
instanceKlass sun/security/ssl/CertificateVerify$T13CertificateVerifyConsumer
instanceKlass sun/security/ssl/CertificateVerify$T12CertificateVerifyProducer
instanceKlass sun/security/ssl/CertificateVerify$T12CertificateVerifyConsumer
instanceKlass sun/security/ssl/CertificateVerify$T10CertificateVerifyProducer
instanceKlass sun/security/ssl/CertificateVerify$T10CertificateVerifyConsumer
instanceKlass sun/security/ssl/CertificateVerify$S30CertificateVerifyProducer
instanceKlass sun/security/ssl/CertificateVerify$S30CertificateVerifyConsumer
instanceKlass sun/security/ssl/CertificateVerify
instanceKlass sun/security/ssl/ServerHelloDone$ServerHelloDoneProducer
instanceKlass sun/security/ssl/ServerHelloDone$ServerHelloDoneConsumer
instanceKlass sun/security/ssl/ServerHelloDone
instanceKlass sun/security/ssl/CertificateRequest$T13CertificateRequestProducer
instanceKlass sun/security/ssl/CertificateRequest$T13CertificateRequestConsumer
instanceKlass sun/security/ssl/CertificateRequest$T12CertificateRequestProducer
instanceKlass sun/security/ssl/CertificateRequest$T12CertificateRequestConsumer
instanceKlass sun/security/ssl/CertificateRequest$T10CertificateRequestProducer
instanceKlass sun/security/ssl/CertificateRequest$T10CertificateRequestConsumer
instanceKlass sun/security/ssl/CertificateRequest
instanceKlass sun/security/ssl/ServerKeyExchange$ServerKeyExchangeProducer
instanceKlass sun/security/ssl/ServerKeyExchange$ServerKeyExchangeConsumer
instanceKlass sun/security/ssl/ServerKeyExchange
instanceKlass sun/security/ssl/CertificateMessage$T13CertificateProducer
instanceKlass sun/security/ssl/CertificateMessage$T13CertificateConsumer
instanceKlass sun/security/ssl/CertificateMessage$T12CertificateProducer
instanceKlass sun/security/ssl/CertificateMessage$T12CertificateConsumer
instanceKlass sun/security/ssl/CertificateMessage
instanceKlass sun/security/ssl/EncryptedExtensions$EncryptedExtensionsConsumer
instanceKlass sun/security/ssl/EncryptedExtensions$EncryptedExtensionsProducer
instanceKlass sun/security/ssl/EncryptedExtensions
instanceKlass sun/security/ssl/NewSessionTicket$T12NewSessionTicketProducer
instanceKlass sun/security/ssl/NewSessionTicket$T13NewSessionTicketProducer
instanceKlass sun/security/ssl/NewSessionTicket$T12NewSessionTicketConsumer
instanceKlass sun/security/ssl/NewSessionTicket$T13NewSessionTicketConsumer
instanceKlass sun/security/ssl/NewSessionTicket
instanceKlass sun/security/ssl/HelloVerifyRequest$HelloVerifyRequestProducer
instanceKlass sun/security/ssl/HelloVerifyRequest$HelloVerifyRequestConsumer
instanceKlass sun/security/ssl/HelloVerifyRequest
instanceKlass sun/security/ssl/ServerHello$T13HelloRetryRequestConsumer
instanceKlass sun/security/ssl/ServerHello$T13ServerHelloConsumer
instanceKlass sun/security/ssl/ServerHello$T12ServerHelloConsumer
instanceKlass sun/security/ssl/ServerHello$T13HelloRetryRequestReproducer
instanceKlass sun/security/ssl/ServerHello$T13HelloRetryRequestProducer
instanceKlass sun/security/ssl/ServerHello$T13ServerHelloProducer
instanceKlass sun/security/ssl/ServerHello$T12ServerHelloProducer
instanceKlass sun/security/ssl/ServerHello$ServerHelloConsumer
instanceKlass sun/security/ssl/SSLKeyDerivation
instanceKlass sun/security/ssl/ServerHello
instanceKlass sun/security/ssl/ClientHello$D13ClientHelloConsumer
instanceKlass sun/security/ssl/ClientHello$D12ClientHelloConsumer
instanceKlass sun/security/ssl/ClientHello$T13ClientHelloConsumer
instanceKlass sun/security/ssl/ClientHello$T12ClientHelloConsumer
instanceKlass sun/security/ssl/ClientHello$ClientHelloProducer
instanceKlass sun/security/ssl/ClientHello$ClientHelloConsumer
instanceKlass sun/security/ssl/ClientHello$ClientHelloKickstartProducer
instanceKlass sun/security/ssl/HandshakeConsumer
instanceKlass sun/security/ssl/ClientHello
instanceKlass sun/security/ssl/HelloRequest$HelloRequestProducer
instanceKlass sun/security/ssl/SSLHandshake$HandshakeMessage
instanceKlass sun/security/ssl/HelloRequest$HelloRequestConsumer
instanceKlass sun/security/ssl/HelloRequest$HelloRequestKickstartProducer
instanceKlass sun/security/ssl/SSLProducer
instanceKlass sun/security/ssl/HelloRequest
instanceKlass sun/security/ssl/HandshakeProducer
instanceKlass sun/security/ssl/SSLConsumer
instanceKlass sun/security/ssl/Authenticator$MacImpl
instanceKlass sun/security/ssl/Authenticator$MAC
instanceKlass sun/security/ssl/Authenticator
instanceKlass sun/security/ssl/HandshakeContext
instanceKlass sun/security/ssl/TransportContext
instanceKlass sun/security/ssl/HandshakeHash$CacheOnlyHash
instanceKlass sun/security/ssl/HandshakeHash$TranscriptHash
instanceKlass sun/security/ssl/HandshakeHash
instanceKlass sun/security/ssl/ConnectionContext
instanceKlass sun/security/ssl/InputRecord
instanceKlass sun/security/ssl/SSLRecord
instanceKlass sun/security/ssl/Record
instanceKlass  @bci jdk/internal/net/http/HttpClientImpl <init> (Ljdk/internal/net/http/HttpClientBuilderImpl;Ljdk/internal/net/http/HttpClientImpl$SingleFacadeFactory;)V 449 <appendix> argL0 ; # jdk/internal/net/http/HttpClientImpl$$Lambda+0x00000000902ac970
instanceKlass  @bci jdk/internal/net/http/Http2ClientImpl <clinit> ()V 3 <appendix> member <vmtarget> ; # jdk/internal/net/http/Http2ClientImpl$$Lambda+0x00000000902ac740
instanceKlass jdk/internal/net/http/Http2ClientImpl
instanceKlass  @bci jdk/internal/net/http/HttpClientFacade <init> (Ljdk/internal/net/http/HttpClientImpl;)V 19 <appendix> member <vmtarget> ; # jdk/internal/net/http/HttpClientFacade$$Lambda+0x00000000902a78f0
instanceKlass  @bci jdk/internal/net/http/HttpClientImpl <init> (Ljdk/internal/net/http/HttpClientBuilderImpl;Ljdk/internal/net/http/HttpClientImpl$SingleFacadeFactory;)V 345 <appendix> member <vmtarget> ; # jdk/internal/net/http/HttpClientImpl$$Lambda+0x00000000902a76b0
instanceKlass  @bci jdk/internal/net/http/HttpClientImpl <init> (Ljdk/internal/net/http/HttpClientBuilderImpl;Ljdk/internal/net/http/HttpClientImpl$SingleFacadeFactory;)V 338 <appendix> member <vmtarget> ; # jdk/internal/net/http/HttpClientImpl$$Lambda+0x00000000902a7480
instanceKlass java/util/function/BooleanSupplier
instanceKlass jdk/internal/net/http/HttpClientImpl$DelegatingExecutor
instanceKlass javax/net/ssl/KeyManagerFactorySpi
# instanceKlass java/lang/invoke/LambdaForm$DMH+0x00000000902a8400
instanceKlass java/lang/invoke/MethodHandle$1
instanceKlass sun/security/util/MemoryCache$QueueCacheEntry
instanceKlass sun/security/ssl/SSLContextImpl$DefaultManagersHolder
instanceKlass  @bci jdk/internal/net/http/SocketTube$InternalReadPublisher$InternalReadSubscription request (J)V 82 <appendix> form vmentry <vmtarget> ; # java/lang/invoke/LambdaForm$MH+0x00000000902a8000
instanceKlass jdk/internal/net/http/common/HttpBodySubscriberWrapper$1
instanceKlass  @bci jdk/internal/net/http/common/HttpBodySubscriberWrapper <clinit> ()V 16 <appendix> argL0 ; # jdk/internal/net/http/common/HttpBodySubscriberWrapper$$Lambda+0x00000000902a6dc8
instanceKlass java/util/concurrent/Flow$Subscription
instanceKlass jdk/internal/net/http/common/HttpBodySubscriberWrapper
instanceKlass jdk/internal/net/http/ResponseSubscribers$TrustedSubscriber
instanceKlass java/net/http/HttpResponse$BodySubscriber
instanceKlass java/util/concurrent/Flow$Subscriber
instanceKlass  @bci jdk/internal/net/http/HttpConnection <clinit> ()V 51 <appendix> argL0 ; # jdk/internal/net/http/HttpConnection$$Lambda+0x00000000902a6470
instanceKlass  @bci java/util/Comparator comparing (Ljava/util/function/Function;)Ljava/util/Comparator; 6 <appendix> member <vmtarget> ; # java/util/Comparator$$Lambda+0x00000000902df948
instanceKlass  @bci jdk/internal/net/http/HttpConnection <clinit> ()V 30 <appendix> argL0 ; # jdk/internal/net/http/HttpConnection$$Lambda+0x00000000902a6228
instanceKlass  @bci jdk/internal/net/http/HttpConnection <clinit> ()V 16 <appendix> argL0 ; # jdk/internal/net/http/HttpConnection$$Lambda+0x00000000902a6000
instanceKlass jdk/internal/net/http/HttpClientImpl$SSLDirectBufferSupplier
instanceKlass  @bci jdk/internal/net/http/HttpClientImpl <init> (Ljdk/internal/net/http/HttpClientBuilderImpl;Ljdk/internal/net/http/HttpClientImpl$SingleFacadeFactory;)V 38 <appendix> member <vmtarget> ; # jdk/internal/net/http/HttpClientImpl$$Lambda+0x00000000902a2a08
instanceKlass  @bci jdk/internal/net/http/HttpClientImpl <init> (Ljdk/internal/net/http/HttpClientBuilderImpl;Ljdk/internal/net/http/HttpClientImpl$SingleFacadeFactory;)V 22 <appendix> member <vmtarget> ; # jdk/internal/net/http/HttpClientImpl$$Lambda+0x00000000902a27d8
instanceKlass  @bci jdk/internal/net/http/common/DebugLogger <clinit> ()V 79 <appendix> member <vmtarget> ; # jdk/internal/net/http/common/DebugLogger$$Lambda+0x00000000902a25a8
instanceKlass  @bci jdk/internal/net/http/common/DebugLogger <clinit> ()V 56 <appendix> member <vmtarget> ; # jdk/internal/net/http/common/DebugLogger$$Lambda+0x00000000902a2378
# instanceKlass java/lang/invoke/LambdaForm$MH+0x00000000902a5c00
instanceKlass  @bci jdk/internal/net/http/common/DebugLogger$LoggerConfig equals (Ljava/lang/Object;)Z 2 <appendix> form vmentry <vmtarget> ; # java/lang/invoke/LambdaForm$MH+0x00000000902a5800
instanceKlass java/lang/classfile/CodeBuilder$1
instanceKlass  @bci jdk/internal/net/http/common/DebugLogger$LoggerConfig equals (Ljava/lang/Object;)Z 2 <appendix> argL1 form vmentry <vmtarget> ; # java/lang/invoke/LambdaForm$MH+0x00000000902a5400
instanceKlass java/lang/invoke/MethodHandleImpl$Makers$2
instanceKlass java/lang/invoke/MethodHandleImpl$Makers$1
instanceKlass java/lang/invoke/MethodHandleImpl$Makers
instanceKlass java/lang/invoke/MethodHandleImpl$CasesHolder
instanceKlass java/lang/invoke/MethodHandleImpl$LoopClauses
# instanceKlass java/lang/invoke/LambdaForm$MH+0x00000000902a5000
instanceKlass java/lang/invoke/LambdaFormEditor$1
# instanceKlass java/lang/invoke/LambdaForm$MH+0x00000000902a4c00
# instanceKlass java/lang/invoke/LambdaForm$MH+0x00000000902a4800
# instanceKlass java/lang/invoke/LambdaForm$MH+0x00000000902a4400
instanceKlass  @bci java/lang/runtime/ObjectMethods bootstrap (Ljava/lang/invoke/MethodHandles$Lookup;Ljava/lang/String;Ljava/lang/invoke/TypeDescriptor;Ljava/lang/Class;Ljava/lang/String;[Ljava/lang/invoke/MethodHandle;)Ljava/lang/Object; 37 <appendix> argL0 ; # java/lang/runtime/ObjectMethods$$Lambda+0x00000000902dce28
instanceKlass sun/invoke/util/ValueConversions$WrapperCache
instanceKlass java/lang/invoke/MethodHandleImpl$2
instanceKlass java/lang/runtime/ObjectMethods
instanceKlass  @bci jdk/internal/net/http/common/DebugLogger <clinit> ()V 33 <appendix> member <vmtarget> ; # jdk/internal/net/http/common/DebugLogger$$Lambda+0x00000000902a2148
instanceKlass jdk/internal/net/http/common/DebugLogger
instanceKlass  @bci jdk/internal/net/http/HttpClientImpl <init> (Ljdk/internal/net/http/HttpClientBuilderImpl;Ljdk/internal/net/http/HttpClientImpl$SingleFacadeFactory;)V 6 <appendix> member <vmtarget> ; # jdk/internal/net/http/HttpClientImpl$$Lambda+0x00000000902a1bd8
instanceKlass jdk/internal/net/http/HttpClientImpl$SingleFacadeFactory
instanceKlass java/util/concurrent/CompletableFuture$AltResult
instanceKlass java/util/concurrent/CompletableFuture$AsynchronousCompletionTask
instanceKlass java/util/concurrent/CompletableFuture
instanceKlass java/util/concurrent/CompletionStage
instanceKlass  @bci jdk/internal/net/http/common/Utils <clinit> ()V 337 <appendix> argL0 ; # jdk/internal/net/http/common/Utils$$Lambda+0x00000000902a1768
instanceKlass  @bci jdk/internal/net/http/common/Utils <clinit> ()V 329 <appendix> argL0 ; # jdk/internal/net/http/common/Utils$$Lambda+0x00000000902a1510
instanceKlass  @bci jdk/internal/net/http/common/Utils <clinit> ()V 321 <appendix> argL0 ; # jdk/internal/net/http/common/Utils$$Lambda+0x00000000902a12b8
instanceKlass  @bci java/util/stream/Collectors toUnmodifiableSet ()Ljava/util/stream/Collector; 19 <appendix> argL0 ; # java/util/stream/Collectors$$Lambda+0x00000000902d6a48
instanceKlass  @bci java/util/stream/Collectors toUnmodifiableSet ()Ljava/util/stream/Collector; 14 <appendix> argL0 ; # java/util/stream/Collectors$$Lambda+0x00000000902d67f8
instanceKlass  @bci java/util/stream/Collectors toUnmodifiableSet ()Ljava/util/stream/Collector; 9 <appendix> argL0 ; # java/util/stream/Collectors$$Lambda+0x00000000902d65c0
instanceKlass  @bci java/util/stream/Collectors toUnmodifiableSet ()Ljava/util/stream/Collector; 4 <appendix> argL0 ; # java/util/stream/Collectors$$Lambda+0x00000000902d6398
instanceKlass  @bci jdk/internal/net/http/common/Utils <clinit> ()V 297 <appendix> argL0 ; # jdk/internal/net/http/common/Utils$$Lambda+0x00000000902a1060
instanceKlass  @bci jdk/internal/net/http/common/Utils <clinit> ()V 287 <appendix> argL0 ; # jdk/internal/net/http/common/Utils$$Lambda+0x00000000902a0e18
instanceKlass  @bci jdk/internal/net/http/common/Utils <clinit> ()V 193 <appendix> argL0 ; # jdk/internal/net/http/common/Utils$$Lambda+0x00000000902a0bc0
instanceKlass  @bci java/util/function/Predicate negate ()Ljava/util/function/Predicate; 1 <appendix> member <vmtarget> ; # java/util/function/Predicate$$Lambda+0x00000000902d6138
instanceKlass  @cpi java/util/function/Predicate 75 form vmentry <vmtarget> ; # java/lang/invoke/LambdaForm$DMH+0x00000000902a4000
instanceKlass  @bci jdk/internal/net/http/common/Utils <clinit> ()V 174 <appendix> argL0 ; # jdk/internal/net/http/common/Utils$$Lambda+0x00000000902a0968
instanceKlass  @bci jdk/internal/net/http/common/Utils <clinit> ()V 166 <appendix> member <vmtarget> ; # jdk/internal/net/http/common/Utils$$Lambda+0x00000000902a0708
instanceKlass  @bci jdk/internal/net/http/common/Utils <clinit> ()V 156 <appendix> argL0 ; # jdk/internal/net/http/common/Utils$$Lambda+0x00000000902a04b0
instanceKlass  @bci jdk/internal/net/http/common/Utils <clinit> ()V 148 <appendix> argL0 ; # jdk/internal/net/http/common/Utils$$Lambda+0x00000000902a0258
instanceKlass  @bci jdk/internal/net/http/common/Utils <clinit> ()V 134 <appendix> argL0 ; # jdk/internal/net/http/common/Utils$$Lambda+0x00000000902a0000
instanceKlass  @bci jdk/internal/net/http/common/Utils <clinit> ()V 120 <appendix> argL0 ; # jdk/internal/net/http/common/Utils$$Lambda+0x0000000090298400
instanceKlass jdk/internal/net/http/common/Logger
instanceKlass jdk/internal/net/http/common/Utils
instanceKlass java/net/http/WebSocket$Builder
instanceKlass jdk/internal/net/http/common/OperationTrackers$Tracker
instanceKlass jdk/internal/net/http/HttpConnection
instanceKlass jdk/internal/net/http/common/BufferSupplier
instanceKlass jdk/internal/net/http/websocket/WebSocketRequest
instanceKlass java/net/http/HttpRequest
instanceKlass jdk/internal/net/http/common/OperationTrackers$Trackable
instanceKlass jdk/internal/net/http/HttpClientBuilderImpl
instanceKlass java/net/http/HttpClient$Builder
instanceKlass java/net/http/HttpClient
instanceKlass java/util/concurrent/LinkedTransferQueue$DualNode
instanceKlass java/util/concurrent/TransferQueue
instanceKlass java/util/concurrent/SynchronousQueue$WaitQueue
instanceKlass  @bci org/openqa/selenium/remote/http/jdk/JdkHttpClient <init> (Lorg/openqa/selenium/remote/http/ClientConfig;)V 93 <appendix> member <vmtarget> ; # org/openqa/selenium/remote/http/jdk/JdkHttpClient$$Lambda+0x000000009029fa20
instanceKlass  @bci org/openqa/selenium/remote/http/Filter andFinally (Lorg/openqa/selenium/remote/http/HttpHandler;)Lorg/openqa/selenium/remote/http/HttpHandler; 9 <appendix> member <vmtarget> ; # org/openqa/selenium/remote/http/Filter$$Lambda+0x000000009029f7e0
instanceKlass  @bci org/openqa/selenium/remote/http/jdk/JdkHttpClient <init> (Lorg/openqa/selenium/remote/http/ClientConfig;)V 56 <appendix> member <vmtarget> ; # org/openqa/selenium/remote/http/jdk/JdkHttpClient$$Lambda+0x000000009029f5a0
instanceKlass org/openqa/selenium/remote/http/HttpMessage
instanceKlass java/util/concurrent/Flow$Publisher
instanceKlass org/openqa/selenium/remote/http/jdk/JdkHttpMessages
instanceKlass org/openqa/selenium/remote/http/WebSocket
instanceKlass java/net/http/WebSocket$Listener
instanceKlass java/net/Authenticator
instanceKlass org/openqa/selenium/remote/http/jdk/JdkHttpClient
instanceKlass org/openqa/selenium/logging/LocalLogs
instanceKlass org/openqa/selenium/remote/http/HttpClientName
instanceKlass com/intellij/rt/debugger/agent/CaptureStorage$ExceptionCapturedStack
instanceKlass com/intellij/rt/debugger/agent/CaptureStorage$CapturedStack
instanceKlass com/intellij/rt/debugger/agent/CaptureStorage$3
instanceKlass org/openqa/selenium/remote/http/jdk/JdkHttpClient$Factory
instanceKlass  @bci org/openqa/selenium/remote/http/HttpClient$Factory create (Ljava/lang/String;)Lorg/openqa/selenium/remote/http/HttpClient$Factory; 30 <appendix> member <vmtarget> ; # org/openqa/selenium/remote/http/HttpClient$Factory$$Lambda+0x000000009029c8b8
instanceKlass  @bci org/openqa/selenium/remote/http/HttpClient$Factory create (Ljava/lang/String;)Lorg/openqa/selenium/remote/http/HttpClient$Factory; 19 <appendix> argL0 ; # org/openqa/selenium/remote/http/HttpClient$Factory$$Lambda+0x000000009029c660
instanceKlass org/openqa/selenium/remote/http/HttpClient
instanceKlass org/openqa/selenium/remote/HttpCommandExecutor$DefaultClientFactoryHolder
instanceKlass  @bci org/openqa/selenium/chromium/ChromiumDriverCommandExecutor getExtraCommands (Ljava/util/Map;)Ljava/util/Map; 65 <appendix> argL0 ; # org/openqa/selenium/chromium/ChromiumDriverCommandExecutor$$Lambda+0x000000009029c000
instanceKlass  @bci org/openqa/selenium/chromium/ChromiumDriverCommandExecutor getExtraCommands (Ljava/util/Map;)Ljava/util/Map; 60 <appendix> argL0 ; # org/openqa/selenium/chromium/ChromiumDriverCommandExecutor$$Lambda+0x0000000090297d00
instanceKlass  @bci org/openqa/selenium/chromium/ChromiumDriverCommandExecutor getExtraCommands (Ljava/util/Map;)Ljava/util/Map; 50 <appendix> argL0 ; # org/openqa/selenium/chromium/ChromiumDriverCommandExecutor$$Lambda+0x0000000090297ab8
instanceKlass org/openqa/selenium/chromium/AddHasLaunchApp
instanceKlass org/openqa/selenium/chromium/AddHasPermissions
instanceKlass org/openqa/selenium/chromium/AddHasNetworkConditions
instanceKlass  @bci java/util/function/Function andThen (Ljava/util/function/Function;)Ljava/util/function/Function; 7 <appendix> member <vmtarget> ; # java/util/function/Function$$Lambda+0x00000000902d3260
instanceKlass  @cpi org/openqa/selenium/remote/http/Filter 77 form vmentry <vmtarget> ; # java/lang/invoke/LambdaForm$DMH+0x0000000090298000
instanceKlass  @bci java/util/stream/Collectors toUnmodifiableMap (Ljava/util/function/Function;Ljava/util/function/Function;)Ljava/util/stream/Collector; 21 <appendix> argL0 ; # java/util/stream/Collectors$$Lambda+0x00000000902d3018
instanceKlass  @bci org/openqa/selenium/chrome/ChromeDriver$ChromeDriverCommandExecutor getExtraCommands ()Ljava/util/Map; 48 <appendix> argL0 ; # org/openqa/selenium/chrome/ChromeDriver$ChromeDriverCommandExecutor$$Lambda+0x0000000090297108
instanceKlass  @bci org/openqa/selenium/chrome/ChromeDriver$ChromeDriverCommandExecutor getExtraCommands ()Ljava/util/Map; 43 <appendix> argL0 ; # org/openqa/selenium/chrome/ChromeDriver$ChromeDriverCommandExecutor$$Lambda+0x0000000090296ec0
instanceKlass  @bci org/openqa/selenium/chrome/ChromeDriver$ChromeDriverCommandExecutor getExtraCommands ()Ljava/util/Map; 33 <appendix> argL0 ; # org/openqa/selenium/chrome/ChromeDriver$ChromeDriverCommandExecutor$$Lambda+0x0000000090296c78
instanceKlass org/openqa/selenium/chromium/AddHasCdp
instanceKlass org/openqa/selenium/remote/CommandInfo
instanceKlass org/openqa/selenium/chromium/AddHasCasting
instanceKlass org/openqa/selenium/remote/AdditionalHttpCommands
instanceKlass org/openqa/selenium/remote/AugmenterProvider
instanceKlass org/openqa/selenium/logging/LogEntry
instanceKlass org/openqa/selenium/remote/HttpCommandExecutor
instanceKlass org/openqa/selenium/logging/NeedsLocalLogs
instanceKlass sun/nio/fs/WindowsSecurity
instanceKlass sun/nio/fs/AbstractAclFileAttributeView
instanceKlass org/openqa/selenium/internal/Require$PathStateChecker
instanceKlass org/openqa/selenium/manager/SeleniumManagerOutput$Result
instanceKlass java/lang/Thread$ThreadNumbering
instanceKlass  @bci org/openqa/selenium/manager/SeleniumManager <init> ()V 94 <appendix> member <vmtarget> ; # org/openqa/selenium/manager/SeleniumManager$$Lambda+0x00000000902938e0
instanceKlass org/openqa/selenium/manager/SeleniumManager
instanceKlass org/openqa/selenium/remote/service/DriverFinder
instanceKlass org/openqa/selenium/BuildInfo
instanceKlass org/openqa/selenium/remote/http/AddSeleniumUserAgent
instanceKlass  @bci org/openqa/selenium/internal/Debug <clinit> ()V 13 <appendix> argL0 ; # org/openqa/selenium/internal/Debug$$Lambda+0x0000000090292838
instanceKlass  @bci sun/management/spi/PlatformMBeanProvider$PlatformComponent getMBeans (Ljava/lang/Class;)Ljava/util/List; 63 <appendix> member <vmtarget> ; # sun/management/spi/PlatformMBeanProvider$PlatformComponent$$Lambda+0x00000000902d2068
instanceKlass  @bci sun/management/spi/PlatformMBeanProvider$PlatformComponent getMBeans (Ljava/lang/Class;)Ljava/util/List; 47 <appendix> member <vmtarget> ; # sun/management/spi/PlatformMBeanProvider$PlatformComponent$$Lambda+0x00000000902d1e08
instanceKlass sun/management/RuntimeImpl
instanceKlass  @bci java/lang/management/ManagementFactory$PlatformMBeanFinder findSingleton (Ljava/lang/Class;)Lsun/management/spi/PlatformMBeanProvider$PlatformComponent; 30 <appendix> member <vmtarget> ; # java/lang/management/ManagementFactory$PlatformMBeanFinder$$Lambda+0x00000000902d1850
instanceKlass  @bci java/lang/management/ManagementFactory$PlatformMBeanFinder findSingleton (Ljava/lang/Class;)Lsun/management/spi/PlatformMBeanProvider$PlatformComponent; 19 <appendix> member <vmtarget> ; # java/lang/management/ManagementFactory$PlatformMBeanFinder$$Lambda+0x00000000902d15f0
instanceKlass jdk/management/jfr/internal/FlightRecorderMXBeanProvider$SingleMBeanComponent
instanceKlass jdk/management/jfr/FlightRecorderMXBean
instanceKlass java/lang/management/DefaultPlatformMBeanProvider$11
instanceKlass java/lang/management/DefaultPlatformMBeanProvider$10
instanceKlass java/lang/management/DefaultPlatformMBeanProvider$9
instanceKlass sun/management/ManagementFactoryHelper$LoggingMXBeanAccess
instanceKlass java/lang/management/DefaultPlatformMBeanProvider$8
instanceKlass java/lang/management/DefaultPlatformMBeanProvider$7
instanceKlass java/lang/management/DefaultPlatformMBeanProvider$6
instanceKlass java/lang/management/DefaultPlatformMBeanProvider$5
instanceKlass java/lang/management/DefaultPlatformMBeanProvider$4
instanceKlass java/lang/management/DefaultPlatformMBeanProvider$3
instanceKlass java/lang/management/DefaultPlatformMBeanProvider$2
instanceKlass java/lang/management/DefaultPlatformMBeanProvider$1
instanceKlass com/sun/management/internal/PlatformMBeanProviderImpl$6
instanceKlass sun/management/VMManagementImpl
instanceKlass java/lang/management/BufferPoolMXBean
instanceKlass sun/management/HotspotCompilationMBean
instanceKlass sun/management/HotspotThreadMBean
instanceKlass sun/management/HotspotRuntimeMBean
instanceKlass sun/management/HotspotMemoryMBean
instanceKlass sun/management/HotspotClassLoadingMBean
instanceKlass java/lang/management/CompilationMXBean
instanceKlass java/lang/management/MemoryMXBean
instanceKlass java/lang/management/ClassLoadingMXBean
instanceKlass java/lang/management/GarbageCollectorMXBean
instanceKlass java/lang/management/MemoryManagerMXBean
instanceKlass java/lang/management/MemoryPoolMXBean
instanceKlass sun/management/VMManagement
instanceKlass sun/management/ManagementFactoryHelper
instanceKlass javax/management/Descriptor
instanceKlass sun/management/NotificationEmitterSupport
instanceKlass javax/management/NotificationEmitter
instanceKlass javax/management/NotificationBroadcaster
instanceKlass com/sun/management/DiagnosticCommandMBean
instanceKlass com/sun/management/internal/PlatformMBeanProviderImpl$5
instanceKlass com/sun/management/internal/PlatformMBeanProviderImpl$4
instanceKlass jdk/management/VirtualThreadSchedulerMXBean
instanceKlass com/sun/management/internal/PlatformMBeanProviderImpl$3
instanceKlass com/sun/management/ThreadMXBean
instanceKlass java/lang/management/ThreadMXBean
instanceKlass com/sun/management/internal/PlatformMBeanProviderImpl$2
instanceKlass com/sun/management/internal/PlatformMBeanProviderImpl$1
instanceKlass sun/management/spi/PlatformMBeanProvider$PlatformComponent
instanceKlass com/sun/management/HotSpotDiagnosticMXBean
instanceKlass java/lang/management/OperatingSystemMXBean
instanceKlass sun/management/spi/PlatformMBeanProvider
instanceKlass java/lang/management/ManagementFactory$PlatformMBeanFinder
instanceKlass java/lang/management/RuntimeMXBean
instanceKlass java/lang/management/PlatformManagedObject
instanceKlass javax/management/DynamicMBean
instanceKlass java/lang/management/ManagementFactory
instanceKlass org/openqa/selenium/internal/Debug
instanceKlass org/openqa/selenium/remote/http/Routable
instanceKlass org/openqa/selenium/remote/http/HttpHandler
instanceKlass org/openqa/selenium/remote/http/RetryRequest
instanceKlass org/openqa/selenium/remote/http/Filter
instanceKlass org/openqa/selenium/remote/http/ClientConfig
instanceKlass org/openqa/selenium/SharedCapabilitiesMethods
instanceKlass  @bci org/openqa/selenium/remote/Browser <clinit> ()V 62 <appendix> argL0 ; # org/openqa/selenium/remote/Browser$$Lambda+0x0000000090291658
instanceKlass org/openqa/selenium/remote/Browser$3
instanceKlass  @bci org/openqa/selenium/remote/Browser <clinit> ()V 44 <appendix> argL0 ; # org/openqa/selenium/remote/Browser$$Lambda+0x00000000902911a0
instanceKlass  @bci org/openqa/selenium/remote/Browser <clinit> ()V 36 <appendix> argL0 ; # org/openqa/selenium/remote/Browser$$Lambda+0x0000000090290f48
instanceKlass  @bci org/openqa/selenium/remote/Browser <clinit> ()V 28 <appendix> argL0 ; # org/openqa/selenium/remote/Browser$$Lambda+0x0000000090290cf0
instanceKlass  @bci org/openqa/selenium/remote/Browser <clinit> ()V 20 <appendix> argL0 ; # org/openqa/selenium/remote/Browser$$Lambda+0x0000000090290a98
instanceKlass org/openqa/selenium/remote/Browser$2
instanceKlass org/openqa/selenium/remote/Browser$1
instanceKlass org/openqa/selenium/remote/Browser
instanceKlass org/openqa/selenium/MutableCapabilities
instanceKlass org/openqa/selenium/internal/Require
instanceKlass java/util/concurrent/ThreadPoolExecutor$AbortPolicy
instanceKlass java/util/concurrent/Executors
instanceKlass  @bci org/openqa/selenium/remote/service/DriverService <init> (Ljava/io/File;ILjava/time/Duration;Ljava/util/List;Ljava/util/Map;)V 6 <appendix> argL0 ; # org/openqa/selenium/remote/service/DriverService$$Lambda+0x000000009028efe8
instanceKlass java/util/concurrent/ThreadLocalRandom$Access$1
instanceKlass jdk/internal/access/JavaUtilConcurrentTLRAccess
instanceKlass java/util/concurrent/ThreadLocalRandom$Access
instanceKlass jdk/internal/util/random/RandomSupport
instanceKlass sun/net/InetAddressCachePolicy
instanceKlass  @bci java/net/InetAddress getAddressesFromNameService (Ljava/lang/String;)[Ljava/net/InetAddress; 94 <appendix> argL0 ; # java/net/InetAddress$$Lambda+0x00000000902c66b0
instanceKlass  @bci java/net/InetAddress loadResolver ()Ljava/net/spi/InetAddressResolver; 8 <appendix> argL0 ; # java/net/InetAddress$$Lambda+0x00000000902c6468
instanceKlass java/net/spi/InetAddressResolverProvider
instanceKlass java/net/InetAddress$CachedLookup
instanceKlass java/net/InetAddress$NameServiceAddresses
instanceKlass java/util/concurrent/ConcurrentSkipListMap$Iter
instanceKlass java/net/ServerSocket
instanceKlass org/openqa/selenium/net/FixedIANAPortRange
instanceKlass org/openqa/selenium/net/EphemeralPortRangeDetector
instanceKlass org/openqa/selenium/net/PortProber
instanceKlass org/openqa/selenium/remote/service/DriverService$Builder
instanceKlass  @bci org/openqa/selenium/chromium/ChromiumDriver <clinit> ()V 0 <appendix> argL0 ; # org/openqa/selenium/chromium/ChromiumDriver$$Lambda+0x00000000902895b8
instanceKlass java/util/logging/Logger$SystemLoggerHelper
instanceKlass jdk/internal/logger/BootstrapLogger$BootstrapExecutors
instanceKlass jdk/internal/logger/LoggerFinderLoader
instanceKlass java/util/stream/Stream$Builder
instanceKlass java/util/stream/Streams$AbstractStreamBuilderImpl
instanceKlass  @bci java/util/logging/Level$KnownLevel findByName (Ljava/lang/String;Ljava/util/function/Function;)Ljava/util/Optional; 29 <appendix> argL0 ; # java/util/logging/Level$KnownLevel$$Lambda+0x00000000902c3640
instanceKlass  @bci java/util/logging/Level findLevel (Ljava/lang/String;)Ljava/util/logging/Level; 13 <appendix> argL0 ; # java/util/logging/Level$$Lambda+0x00000000902c33f8
instanceKlass java/util/Hashtable$Enumerator
instanceKlass java/util/logging/LogManager$VisitedLoggers
instanceKlass java/util/logging/LogManager$LoggingProviderAccess
instanceKlass java/lang/Shutdown$Lock
instanceKlass java/lang/Shutdown
instanceKlass java/lang/ApplicationShutdownHooks$1
instanceKlass java/lang/ApplicationShutdownHooks
instanceKlass java/util/logging/LogManager$LogNode
instanceKlass java/util/logging/LoggingMXBean
instanceKlass java/util/logging/LogManager$LoggerContext
instanceKlass java/util/logging/LogManager
instanceKlass java/util/logging/Logger$ConfigurationData
instanceKlass java/util/logging/Logger$LoggerBundle
instanceKlass  @bci java/util/logging/Level$KnownLevel add (Ljava/util/logging/Level;)V 49 <appendix> argL0 ; # java/util/logging/Level$KnownLevel$$Lambda+0x00000000902c04a8
instanceKlass  @bci java/util/logging/Level$KnownLevel add (Ljava/util/logging/Level;)V 19 <appendix> argL0 ; # java/util/logging/Level$KnownLevel$$Lambda+0x00000000902c0260
instanceKlass java/util/logging/Level
instanceKlass java/util/logging/Logger
instanceKlass org/openqa/selenium/remote/service/DriverService
instanceKlass org/openqa/selenium/devtools/CdpInfo
instanceKlass org/openqa/selenium/virtualauthenticator/VirtualAuthenticator
instanceKlass org/openqa/selenium/federatedcredentialmanagement/FederatedCredentialManagementDialog
instanceKlass org/openqa/selenium/remote/Network
instanceKlass org/openqa/selenium/remote/CommandExecutor
instanceKlass org/openqa/selenium/remote/http/HttpClient$Factory
instanceKlass org/openqa/selenium/remote/tracing/Tracer
instanceKlass org/openqa/selenium/WebDriver$Navigation
instanceKlass org/openqa/selenium/WebDriver$TargetLocator
instanceKlass org/openqa/selenium/WebDriver$Options
instanceKlass org/openqa/selenium/remote/Script
instanceKlass org/openqa/selenium/logging/Logs
instanceKlass org/openqa/selenium/remote/ExecuteMethod
instanceKlass java/util/logging/Handler
instanceKlass org/openqa/selenium/remote/FileDetector
instanceKlass org/openqa/selenium/ScriptKey
instanceKlass org/openqa/selenium/remote/RemoteWebDriver
instanceKlass org/openqa/selenium/TakesScreenshot
instanceKlass org/openqa/selenium/PrintsPage
instanceKlass org/openqa/selenium/interactions/Interactive
instanceKlass org/openqa/selenium/virtualauthenticator/HasVirtualAuthenticator
instanceKlass org/openqa/selenium/federatedcredentialmanagement/HasFederatedCredentialManagement
instanceKlass org/openqa/selenium/HasDownloads
instanceKlass org/openqa/selenium/HasCapabilities
instanceKlass org/openqa/selenium/JavascriptExecutor
instanceKlass org/openqa/selenium/chromium/HasPermissions
instanceKlass org/openqa/selenium/chromium/HasNetworkConditions
instanceKlass org/openqa/selenium/logging/HasLogEvents
instanceKlass org/openqa/selenium/chromium/HasLaunchApp
instanceKlass org/openqa/selenium/devtools/HasDevTools
instanceKlass org/openqa/selenium/chromium/HasCdp
instanceKlass org/openqa/selenium/chromium/HasCasting
instanceKlass org/openqa/selenium/bidi/HasBiDi
instanceKlass org/openqa/selenium/HasAuthentication
instanceKlass  @bci io/github/bonigarcia/wdm/config/Architecture filterArm64 (Ljava/util/List;)Ljava/util/List; 13 <appendix> argL0 ; # io/github/bonigarcia/wdm/config/Architecture$$Lambda+0x00000000902849d0
instanceKlass  @bci io/github/bonigarcia/wdm/cache/CacheHandler filterCacheBy (Ljava/util/List;Ljava/lang/String;Z)Ljava/util/List; 49 <appendix> member <vmtarget> ; # io/github/bonigarcia/wdm/cache/CacheHandler$$Lambda+0x0000000090284770
instanceKlass java/util/ComparableTimSort
instanceKlass  @bci org/apache/commons/io/FileUtils listFiles (Ljava/io/File;Ljava/util/List;ZLjava/io/FilenameFilter;)V 57 <appendix> member <vmtarget> ; # org/apache/commons/io/FileUtils$$Lambda+0x0000000090284530
instanceKlass  @bci org/apache/commons/io/FileUtils listFiles (Ljava/io/File;Ljava/util/List;ZLjava/io/FilenameFilter;)V 39 <appendix> member <vmtarget> ; # org/apache/commons/io/FileUtils$$Lambda+0x00000000902842f0
instanceKlass org/apache/commons/io/filefilter/TrueFileFilter
instanceKlass org/apache/commons/io/filefilter/IOFileFilter
instanceKlass java/io/FileFilter
instanceKlass java/nio/file/FileVisitor
instanceKlass org/apache/commons/io/file/PathFilter
instanceKlass java/io/FilenameFilter
instanceKlass org/apache/commons/io/FileUtils
instanceKlass  @bci io/github/bonigarcia/wdm/WebDriverManager getVersionDetector ()Lio/github/bonigarcia/wdm/versions/VersionDetector; 8 <appendix> member <vmtarget> ; # io/github/bonigarcia/wdm/WebDriverManager$$Lambda+0x00000000902372a0
instanceKlass io/github/bonigarcia/wdm/config/DriverManagerType$1
instanceKlass sun/util/resources/provider/NonBaseLocaleDataMetaInfo
instanceKlass sun/util/locale/provider/BaseLocaleDataMetaInfo
instanceKlass sun/util/locale/provider/TimeZoneNameUtility$TimeZoneNameGetter
instanceKlass java/text/DontCareFieldPosition$1
instanceKlass  @bci sun/util/cldr/CLDRTimeZoneNameProviderImpl$AVAILABLE_IDS <clinit> ()V 8 <appendix> argL0 ; # sun/util/cldr/CLDRTimeZoneNameProviderImpl$AVAILABLE_IDS$$Lambda+0x000000009023d7f8
instanceKlass  @cpi sun/util/cldr/CLDRTimeZoneNameProviderImpl$AVAILABLE_IDS 53 form vmentry <vmtarget> ; # java/lang/invoke/LambdaForm$DMH+0x0000000090280c00
instanceKlass java/util/stream/Streams$2
instanceKlass java/util/stream/Streams
instanceKlass java/util/stream/Streams$ConcatSpliterator
instanceKlass sun/util/cldr/CLDRTimeZoneNameProviderImpl$AVAILABLE_IDS
instanceKlass java/util/Formatter$FormatSpecifierParser
instanceKlass  @bci sun/util/cldr/CLDRTimeZoneNameProviderImpl toGMTFormat (Ljava/lang/String;ZLjava/util/Locale;)Ljava/lang/String; 115 <appendix> argL0 ; # sun/util/cldr/CLDRTimeZoneNameProviderImpl$$Lambda+0x000000009023c118
instanceKlass  @bci sun/util/cldr/CLDRTimeZoneNameProviderImpl toGMTFormat (Ljava/lang/String;ZLjava/util/Locale;)Ljava/lang/String; 107 <appendix> argL0 ; # sun/util/cldr/CLDRTimeZoneNameProviderImpl$$Lambda+0x000000009023bed0
instanceKlass  @cpi jdk/internal/net/http/common/HttpBodySubscriberWrapper 227 form vmentry <vmtarget> ; # java/lang/invoke/LambdaForm$DMH+0x0000000090280800
instanceKlass  @bci sun/util/cldr/CLDRTimeZoneNameProviderImpl toGMTFormat (Ljava/lang/String;ZLjava/util/Locale;)Ljava/lang/String; 99 <appendix> member <vmtarget> ; # sun/util/cldr/CLDRTimeZoneNameProviderImpl$$Lambda+0x000000009023bc80
instanceKlass java/util/Collections$UnmodifiableList$1
instanceKlass java/util/ReverseOrderListView$DescendingIterator
instanceKlass  @bci sun/util/cldr/CLDRTimeZoneNameProviderImpl toGMTFormat (Ljava/lang/String;ZLjava/util/Locale;)Ljava/lang/String; 82 <appendix> member <vmtarget> ; # sun/util/cldr/CLDRTimeZoneNameProviderImpl$$Lambda+0x000000009023aef0
instanceKlass java/util/stream/WhileOps$DropWhileSink
instanceKlass java/util/stream/WhileOps$DropWhileOp
instanceKlass java/util/stream/WhileOps
instanceKlass  @bci sun/util/cldr/CLDRTimeZoneNameProviderImpl toGMTFormat (Ljava/lang/String;ZLjava/util/Locale;)Ljava/lang/String; 70 <appendix> member <vmtarget> ; # sun/util/cldr/CLDRTimeZoneNameProviderImpl$$Lambda+0x000000009023a110
instanceKlass java/util/ReverseOrderListView
instanceKlass  @bci jdk/internal/net/http/Http2Connection keyString (ZLjava/net/InetSocketAddress;Ljava/lang/String;I)Ljava/lang/String; 79 <adapter> ; # java/lang/invoke/LambdaForm$MH+0x0000000090280400
instanceKlass  @bci sun/util/cldr/CLDRTimeZoneNameProviderImpl deriveFallbackName ([Ljava/lang/String;ILjava/util/Locale;Z)V 176 <appendix> form vmentry <vmtarget> ; # java/lang/invoke/LambdaForm$DMH+0x0000000090280000
instanceKlass  @bci sun/util/cldr/CLDRTimeZoneNameProviderImpl deriveFallbackName ([Ljava/lang/String;ILjava/util/Locale;Z)V 176 <appendix> member <vmtarget> ; # sun/util/cldr/CLDRTimeZoneNameProviderImpl$$Lambda+0x0000000090239018
instanceKlass  @bci java/time/format/DateTimeFormatter <clinit> ()V 1075 <appendix> argL0 ; # java/time/format/DateTimeFormatter$$Lambda+0x0000000090238df0
instanceKlass  @bci java/time/format/DateTimeFormatter <clinit> ()V 1067 <appendix> argL0 ; # java/time/format/DateTimeFormatter$$Lambda+0x0000000090238bc8
instanceKlass java/time/Period
instanceKlass java/time/format/DateTimeFormatterBuilder$TextPrinterParser
instanceKlass java/time/format/DateTimeTextProvider$1
instanceKlass java/time/format/DateTimeTextProvider$LocaleStore
instanceKlass java/time/format/DateTimeFormatterBuilder$InstantPrinterParser
instanceKlass java/time/format/DateTimeFormatterBuilder$StringLiteralPrinterParser
instanceKlass java/time/format/DateTimeFormatterBuilder$ZoneIdPrinterParser
instanceKlass java/time/format/DateTimeFormatterBuilder$OffsetIdPrinterParser
instanceKlass java/time/format/DecimalStyle
instanceKlass java/time/format/DateTimeFormatterBuilder$CharLiteralPrinterParser
instanceKlass java/time/format/DateTimeFormatter
instanceKlass java/time/format/DateTimeFormatterBuilder$CompositePrinterParser
instanceKlass java/time/temporal/JulianFields
instanceKlass java/time/temporal/IsoFields
instanceKlass  @bci java/time/format/DateTimeFormatterBuilder <clinit> ()V 0 <appendix> argL0 ; # java/time/format/DateTimeFormatterBuilder$$Lambda+0x000000009027ae88
instanceKlass java/time/temporal/TemporalQuery
instanceKlass java/time/format/DateTimeTextProvider
instanceKlass java/time/format/DateTimeFormatterBuilder$NumberPrinterParser
instanceKlass java/time/format/DateTimeFormatterBuilder$DateTimePrinterParser
instanceKlass java/time/format/DateTimeFormatterBuilder
instanceKlass java/time/Year
instanceKlass java/time/chrono/AbstractChronology
instanceKlass java/time/zone/Ser
instanceKlass java/time/zone/ZoneRulesProvider
instanceKlass sun/util/cldr/CLDRBaseLocaleDataMetaInfo$CLDRMapHolder
instanceKlass  @bci sun/util/locale/provider/LocaleResources getZoneStrings ()[[Ljava/lang/String; 136 <appendix> member <vmtarget> ; # sun/util/locale/provider/LocaleResources$$Lambda+0x00000000900fd7b0
instanceKlass  @bci sun/util/locale/provider/LocaleResources getZoneStrings ()[[Ljava/lang/String; 123 <appendix> argL0 ; # sun/util/locale/provider/LocaleResources$$Lambda+0x00000000902775a8
instanceKlass java/util/AbstractMap$KeyIterator
instanceKlass sun/util/locale/provider/TimeZoneNameUtility
instanceKlass java/text/CalendarBuilder
instanceKlass  @bci io/github/bonigarcia/wdm/WebDriverManager getResolutionCache ()Lio/github/bonigarcia/wdm/cache/ResolutionCache; 8 <appendix> member <vmtarget> ; # io/github/bonigarcia/wdm/WebDriverManager$$Lambda+0x00000000902369f8
instanceKlass io/github/bonigarcia/wdm/cache/ResolutionCache
instanceKlass  @bci io/github/bonigarcia/wdm/WebDriverManager resolveDriverVersion (Ljava/lang/String;)Ljava/lang/String; 12 <appendix> argL0 ; # io/github/bonigarcia/wdm/WebDriverManager$$Lambda+0x0000000090236560
instanceKlass  @bci io/github/bonigarcia/wdm/WebDriverManager setup ()V 44 <appendix> member <vmtarget> ; # io/github/bonigarcia/wdm/WebDriverManager$$Lambda+0x0000000090235ec0
instanceKlass io/github/bonigarcia/wdm/online/Downloader
instanceKlass org/apache/hc/client5/http/config/RequestConfig$Builder
instanceKlass org/apache/hc/client5/http/config/RequestConfig
instanceKlass  @bci org/apache/hc/client5/http/impl/classic/HttpClientBuilder contextAdaptor ()Ljava/util/function/Function; 0 <appendix> argL0 ; # org/apache/hc/client5/http/impl/classic/HttpClientBuilder$$Lambda+0x0000000090234e80
instanceKlass org/apache/hc/core5/http/protocol/HttpCoreContext
instanceKlass org/apache/hc/client5/http/classic/ExecRuntime
instanceKlass org/apache/hc/client5/http/impl/auth/BasicCredentialsProvider
instanceKlass org/apache/hc/client5/http/impl/auth/SystemDefaultCredentialsProvider
instanceKlass org/apache/hc/client5/http/auth/CredentialsStore
instanceKlass org/apache/hc/client5/http/cookie/CookieIdentityComparator
instanceKlass org/apache/hc/client5/http/cookie/BasicCookieStore
instanceKlass org/apache/hc/client5/http/impl/cookie/IgnoreCookieSpecFactory
instanceKlass org/apache/hc/client5/http/cookie/CookieSpec
instanceKlass org/apache/hc/client5/http/cookie/CommonCookieAttributeHandler
instanceKlass org/apache/hc/client5/http/cookie/CookieAttributeHandler
instanceKlass org/apache/hc/client5/http/impl/cookie/RFC6265CookieSpecFactory
instanceKlass org/apache/hc/client5/http/cookie/CookieSpecFactory
instanceKlass org/apache/hc/client5/http/psl/PublicSuffixMatcher
instanceKlass org/apache/hc/client5/http/psl/PublicSuffixList
instanceKlass org/apache/hc/client5/http/psl/PublicSuffixListParser
instanceKlass org/apache/hc/client5/http/psl/PublicSuffixMatcherLoader
instanceKlass org/apache/hc/client5/http/impl/CookieSpecSupport
instanceKlass org/apache/hc/client5/http/impl/auth/BearerSchemeFactory
instanceKlass org/apache/hc/client5/http/impl/auth/DigestSchemeFactory
instanceKlass org/apache/hc/client5/http/auth/AuthScheme
instanceKlass org/apache/hc/client5/http/impl/auth/BasicSchemeFactory
instanceKlass org/apache/hc/client5/http/auth/AuthSchemeFactory
instanceKlass org/apache/hc/client5/http/impl/classic/ExecChainElement
instanceKlass org/apache/hc/client5/http/impl/classic/RedirectExec
instanceKlass org/apache/hc/client5/http/impl/DefaultRedirectStrategy
instanceKlass org/apache/hc/client5/http/impl/routing/DefaultRoutePlanner
instanceKlass  @bci org/apache/hc/client5/http/impl/classic/HttpClientBuilder build ()Lorg/apache/hc/client5/http/impl/classic/CloseableHttpClient; 1061 <appendix> argL0 ; # org/apache/hc/client5/http/impl/classic/HttpClientBuilder$$Lambda+0x000000009022d4d0
instanceKlass org/apache/hc/client5/http/impl/classic/HttpRequestRetryExec
instanceKlass org/apache/hc/client5/http/impl/DefaultHttpRequestRetryStrategy
instanceKlass org/apache/hc/core5/http/message/BufferedHeader
instanceKlass org/apache/hc/core5/http/FormattedHeader
instanceKlass org/apache/hc/core5/util/CharArrayBuffer
instanceKlass org/apache/hc/core5/http/message/MessageSupport
instanceKlass org/apache/hc/core5/http/io/entity/HttpEntityWrapper
instanceKlass org/apache/hc/client5/http/impl/classic/ContentCompressionExec
instanceKlass org/apache/hc/client5/http/impl/classic/ProtocolExec
instanceKlass org/apache/hc/client5/http/impl/routing/BasicRouteDirector
instanceKlass org/apache/hc/client5/http/auth/AuthCache
instanceKlass org/apache/hc/client5/http/impl/auth/AuthCacheKeeper
instanceKlass  @bci org/apache/hc/core5/util/Tokenizer delimiters (CCC)Lorg/apache/hc/core5/util/Tokenizer$Delimiter; 3 <adapter> ; # java/lang/invoke/LambdaForm$MH+0x000000009022cc00
# instanceKlass java/lang/invoke/LambdaForm$DMH+0x000000009022c800
instanceKlass  @bci org/apache/hc/core5/util/Tokenizer delimiters (CCC)Lorg/apache/hc/core5/util/Tokenizer$Delimiter; 3 <appendix> form vmentry <vmtarget> ; # java/lang/invoke/LambdaForm$DMH+0x000000009022c400
instanceKlass  @bci org/apache/hc/core5/util/Tokenizer delimiters (CCC)Lorg/apache/hc/core5/util/Tokenizer$Delimiter; 3 <appendix> member <vmtarget> ; # org/apache/hc/core5/util/Tokenizer$$Lambda+0x000000009022b4c0
instanceKlass  @cpi org/apache/hc/core5/util/Tokenizer 161 form vmentry <vmtarget> ; # java/lang/invoke/LambdaForm$DMH+0x000000009022c000
instanceKlass org/apache/hc/client5/http/impl/auth/AuthChallengeParser
instanceKlass org/apache/hc/client5/http/impl/auth/HttpAuthenticator
instanceKlass org/apache/hc/core5/http/HttpEntity
instanceKlass org/apache/hc/client5/http/routing/HttpRouteDirector
instanceKlass org/apache/hc/client5/http/impl/classic/ConnectExec
instanceKlass org/apache/hc/client5/http/impl/ProtocolSwitchStrategy
instanceKlass org/apache/hc/client5/http/impl/classic/MainClientExec
instanceKlass org/apache/hc/client5/http/classic/ExecChainHandler
instanceKlass org/apache/hc/core5/http/config/NamedElementChain$Node
instanceKlass org/apache/hc/core5/http/config/NamedElementChain
instanceKlass org/apache/hc/core5/http/protocol/DefaultHttpProcessor
instanceKlass org/apache/hc/client5/http/protocol/ResponseProcessCookies
instanceKlass org/apache/hc/client5/http/protocol/RequestAddCookies
instanceKlass org/apache/hc/core5/http/protocol/ChainBuilder
instanceKlass org/apache/hc/client5/http/protocol/RequestUpgrade
instanceKlass org/apache/hc/client5/http/protocol/RequestExpectContinue
instanceKlass org/apache/hc/core5/http/protocol/RequestUserAgent
instanceKlass org/apache/hc/client5/http/protocol/RequestClientConnControl
instanceKlass org/apache/hc/core5/http/protocol/RequestContent
instanceKlass org/apache/hc/client5/http/protocol/RequestDefaultHeaders
instanceKlass org/apache/hc/client5/http/protocol/RequestValidateTrace
instanceKlass org/apache/hc/core5/http/protocol/RequestTargetHost
instanceKlass org/apache/hc/core5/http/protocol/HttpProcessorBuilder
instanceKlass org/apache/hc/core5/util/VersionInfo
instanceKlass org/apache/hc/client5/http/impl/DefaultUserTokenHandler
instanceKlass org/apache/hc/client5/http/impl/DefaultAuthenticationStrategy
instanceKlass org/apache/hc/client5/http/impl/DefaultConnectionKeepAliveStrategy
instanceKlass org/apache/hc/core5/http/impl/DefaultConnectionReuseStrategy
instanceKlass org/apache/hc/core5/http/EntityDetails
instanceKlass org/apache/hc/core5/http/impl/io/HttpRequestExecutor
instanceKlass org/apache/hc/client5/http/entity/DeflateInputStreamFactory
instanceKlass org/apache/hc/client5/http/entity/GZIPInputStreamFactory
instanceKlass io/github/bonigarcia/wdm/online/HttpClient$2
instanceKlass org/apache/hc/client5/http/entity/InputStreamFactory
instanceKlass  @bci org/apache/hc/client5/http/impl/io/PoolingHttpClientConnectionManager setDefaultConnectionConfig (Lorg/apache/hc/client5/http/config/ConnectionConfig;)V 2 <appendix> member <vmtarget> ; # org/apache/hc/client5/http/impl/io/PoolingHttpClientConnectionManager$$Lambda+0x00000000902249a0
instanceKlass org/apache/hc/client5/http/HttpRoute
instanceKlass org/apache/hc/client5/http/RouteInfo
instanceKlass org/apache/hc/core5/function/Resolver
instanceKlass org/apache/hc/client5/http/config/ConnectionConfig$Builder
instanceKlass org/apache/hc/client5/http/config/ConnectionConfig
instanceKlass org/apache/hc/core5/http/impl/io/NoResponseOutOfOrderStrategy
instanceKlass org/apache/hc/core5/http/impl/DefaultContentLengthStrategy
instanceKlass org/apache/hc/core5/http/impl/EnglishReasonPhraseCatalog
instanceKlass org/apache/hc/core5/http/ClassicHttpResponse
instanceKlass org/apache/hc/core5/http/HttpResponse
instanceKlass org/apache/hc/core5/http/ReasonPhraseCatalog
instanceKlass org/apache/hc/core5/http/impl/io/DefaultClassicHttpResponseFactory
instanceKlass  @bci org/apache/hc/core5/util/Tokenizer delimiters (C)Lorg/apache/hc/core5/util/Tokenizer$Delimiter; 1 <appendix> member <vmtarget> ; # org/apache/hc/core5/util/Tokenizer$$Lambda+0x0000000090222ae8
instanceKlass  @bci org/apache/hc/core5/util/Tokenizer delimiters (CC)Lorg/apache/hc/core5/util/Tokenizer$Delimiter; 2 <appendix> member <vmtarget> ; # org/apache/hc/core5/util/Tokenizer$$Lambda+0x00000000902228c0
instanceKlass org/apache/hc/core5/util/Tokenizer$Delimiter
instanceKlass org/apache/hc/core5/util/Tokenizer
instanceKlass org/apache/hc/core5/http/Header
instanceKlass org/apache/hc/core5/http/NameValuePair
instanceKlass org/apache/hc/core5/util/Tokenizer$Cursor
instanceKlass org/apache/hc/core5/http/message/BasicLineParser
instanceKlass org/apache/hc/core5/http/io/HttpMessageParser
instanceKlass org/apache/hc/core5/http/HttpResponseFactory
instanceKlass org/apache/hc/core5/http/message/LineParser
instanceKlass org/apache/hc/client5/http/impl/io/DefaultHttpResponseParserFactory
instanceKlass org/apache/hc/core5/http/message/BasicLineFormatter
instanceKlass org/apache/hc/core5/http/io/HttpMessageWriter
instanceKlass org/apache/hc/core5/http/message/LineFormatter
instanceKlass org/apache/hc/core5/http/impl/io/DefaultHttpRequestWriterFactory
instanceKlass org/apache/hc/core5/http/config/CharCodingConfig$Builder
instanceKlass org/apache/hc/core5/http/config/CharCodingConfig
instanceKlass org/apache/hc/core5/http/ProtocolVersion
instanceKlass org/apache/hc/core5/http/config/Http1Config$Builder
instanceKlass org/apache/hc/core5/http/config/Http1Config
instanceKlass org/apache/hc/client5/http/io/ManagedHttpClientConnection
instanceKlass org/apache/hc/core5/http/io/HttpClientConnection
instanceKlass org/apache/hc/core5/http/io/BHttpConnection
instanceKlass org/apache/hc/core5/http/HttpConnection
instanceKlass org/apache/hc/core5/http/SocketModalCloseable
instanceKlass org/apache/hc/core5/http/io/ResponseOutOfOrderStrategy
instanceKlass org/apache/hc/core5/http/ContentLengthStrategy
instanceKlass org/apache/hc/core5/http/io/HttpMessageParserFactory
instanceKlass org/apache/hc/core5/http/io/HttpMessageWriterFactory
instanceKlass org/apache/hc/client5/http/impl/io/ManagedHttpClientConnectionFactory
instanceKlass org/apache/hc/core5/concurrent/BasicFuture
instanceKlass org/apache/hc/core5/pool/StrictConnPool
instanceKlass org/apache/hc/client5/http/impl/io/PoolingHttpClientConnectionManager$4
instanceKlass org/apache/hc/client5/http/SystemDefaultDnsResolver
instanceKlass org/apache/hc/client5/http/impl/DefaultSchemePortResolver
instanceKlass org/apache/hc/core5/http/config/Registry
instanceKlass org/apache/hc/core5/util/TextUtils
instanceKlass org/apache/hc/core5/http/config/RegistryBuilder
instanceKlass  @bci org/apache/hc/client5/http/impl/io/DefaultHttpClientConnectionOperator <clinit> ()V 8 <appendix> argL0 ; # org/apache/hc/client5/http/impl/io/DefaultHttpClientConnectionOperator$$Lambda+0x000000009021add0
instanceKlass org/apache/hc/client5/http/io/DetachedSocketFactory
instanceKlass org/apache/hc/client5/http/DnsResolver
instanceKlass org/apache/hc/core5/util/TimeValue
instanceKlass org/apache/hc/client5/http/impl/io/DefaultHttpClientConnectionOperator
instanceKlass org/apache/hc/client5/http/impl/PrefixedIncrementingId
instanceKlass org/apache/hc/client5/http/io/LeaseRequest
instanceKlass org/apache/hc/core5/concurrent/Cancellable
instanceKlass org/apache/hc/core5/http/io/HttpConnectionFactory
instanceKlass org/apache/hc/core5/pool/ManagedConnPool
instanceKlass org/apache/hc/core5/pool/ConnPool
instanceKlass org/apache/hc/client5/http/impl/io/PoolingHttpClientConnectionManager
instanceKlass org/apache/hc/core5/pool/ConnPoolControl
instanceKlass org/apache/hc/core5/pool/ConnPoolStats
instanceKlass org/apache/hc/client5/http/io/HttpClientConnectionOperator
instanceKlass org/apache/hc/client5/http/impl/io/PoolingHttpClientConnectionManagerBuilder
instanceKlass org/apache/hc/core5/util/Args
instanceKlass org/apache/hc/core5/net/NamedEndpoint
instanceKlass org/apache/hc/client5/http/ssl/AbstractClientTlsStrategy
instanceKlass org/apache/hc/core5/http/nio/ssl/TlsStrategy
instanceKlass  @bci sun/security/ssl/SSLContextImpl engineInit ([Ljavax/net/ssl/KeyManager;[Ljavax/net/ssl/TrustManager;Ljava/security/SecureRandom;)V 57 <appendix> argL0 ; # sun/security/ssl/SSLContextImpl$$Lambda+0x0000000090274fe0
instanceKlass sun/security/util/Cache$CacheVisitor
instanceKlass sun/security/ssl/SSLSessionContextImpl
instanceKlass sun/security/ssl/EphemeralKeyManager$EphemeralKeyPair
instanceKlass sun/security/ssl/EphemeralKeyManager
instanceKlass sun/security/ssl/SSLContextImpl$CustomizedSSLProtocols
instanceKlass java/security/spec/NamedParameterSpec
instanceKlass sun/security/util/ECKeySizeParameterSpec
instanceKlass java/security/KeyPairGeneratorSpi
instanceKlass javax/crypto/KeyAgreement
instanceKlass java/security/Signature$1
instanceKlass jdk/internal/access/JavaSecuritySignatureAccess
instanceKlass sun/security/ssl/JsseJce$EcAvailability
instanceKlass sun/security/ssl/SSLAlgorithmDecomposer$1
instanceKlass sun/security/ssl/Utilities
instanceKlass sun/security/ssl/JsseJce
instanceKlass sun/security/ssl/NamedGroup$XDHScheme
instanceKlass sun/security/ssl/NamedGroup$FFDHEScheme
instanceKlass sun/security/ssl/SSLPossession
instanceKlass sun/security/ssl/SSLCredentials
instanceKlass sun/security/ssl/NamedGroup$ECDHEScheme
instanceKlass sun/security/ssl/NamedGroup$NamedGroupScheme
instanceKlass com/sun/crypto/provider/ChaCha20Cipher$ChaChaEngine
instanceKlass sun/security/ssl/SSLCipher$T13CC20P1305WriteCipherGenerator
instanceKlass sun/security/ssl/SSLCipher$T12CC20P1305WriteCipherGenerator
instanceKlass sun/security/ssl/SSLCipher$T13CC20P1305ReadCipherGenerator
instanceKlass sun/security/ssl/SSLCipher$T12CC20P1305ReadCipherGenerator
instanceKlass sun/security/ssl/SSLCipher$T13GcmWriteCipherGenerator
instanceKlass sun/security/ssl/SSLCipher$T13GcmReadCipherGenerator
instanceKlass com/sun/crypto/provider/GaloisCounterMode$GCMEngine
instanceKlass sun/security/ssl/SSLCipher$T12GcmWriteCipherGenerator
instanceKlass sun/security/ssl/SSLCipher$T12GcmReadCipherGenerator
instanceKlass com/sun/crypto/provider/AESConstants
instanceKlass java/util/Vector$1
instanceKlass javax/crypto/JceSecurityManager
instanceKlass sun/security/ssl/SSLCipher$T11BlockWriteCipherGenerator
instanceKlass sun/security/ssl/SSLCipher$T11BlockReadCipherGenerator
instanceKlass com/sun/crypto/provider/PKCS5Padding
instanceKlass com/sun/crypto/provider/Padding
instanceKlass com/sun/crypto/provider/FeedbackCipher
instanceKlass com/sun/crypto/provider/CipherCore
instanceKlass com/sun/crypto/provider/DESConstants
instanceKlass com/sun/crypto/provider/SymmetricCipher
instanceKlass sun/security/ssl/SSLCipher$T10BlockWriteCipherGenerator
instanceKlass sun/security/ssl/SSLCipher$T10BlockReadCipherGenerator
instanceKlass javax/crypto/CipherSpi
instanceKlass javax/crypto/ProviderVerifier
instanceKlass java/lang/Class$Holder
instanceKlass javax/crypto/JceSecurity$1
instanceKlass java/util/Vector$Itr
instanceKlass javax/crypto/CryptoPolicyParser$CryptoPermissionEntry
instanceKlass javax/crypto/CryptoPolicyParser$GrantEntry
instanceKlass java/io/StreamTokenizer
instanceKlass javax/crypto/CryptoPolicyParser
instanceKlass java/nio/file/Files$1
instanceKlass sun/nio/fs/WindowsFileSystem$1
instanceKlass  @bci java/util/regex/Pattern negate (Ljava/util/regex/Pattern$CharPredicate;)Ljava/util/regex/Pattern$CharPredicate; 1 <appendix> member <vmtarget> ; # java/util/regex/Pattern$$Lambda+0x0000000090262d78
instanceKlass sun/nio/fs/Globs
instanceKlass sun/nio/fs/WindowsFileSystemProvider$1
instanceKlass javax/crypto/JceSecurity
instanceKlass sun/security/jca/ServiceId
instanceKlass javax/crypto/Cipher$Transform
instanceKlass javax/crypto/Cipher
instanceKlass sun/security/ssl/SSLCipher$StreamWriteCipherGenerator
instanceKlass sun/security/ssl/SSLCipher$StreamReadCipherGenerator
instanceKlass sun/security/ssl/SSLCipher$SSLWriteCipher
instanceKlass sun/security/ssl/SSLCipher$NullWriteCipherGenerator
instanceKlass sun/security/ssl/SSLCipher$WriteCipherGenerator
instanceKlass sun/security/ssl/SSLCipher$SSLReadCipher
instanceKlass sun/security/ssl/SSLCipher$NullReadCipherGenerator
instanceKlass sun/security/ssl/SSLCipher$ReadCipherGenerator
instanceKlass java/util/AbstractMap$SimpleImmutableEntry
instanceKlass  @bci sun/security/util/DisabledAlgorithmConstraints checkDisabledPatterns (Ljava/lang/String;)Z 17 <appendix> member <vmtarget> ; # sun/security/util/DisabledAlgorithmConstraints$$Lambda+0x000000009025ecd0
instanceKlass java/time/zone/ZoneOffsetTransition
instanceKlass java/time/LocalTime
instanceKlass java/time/chrono/Chronology
instanceKlass java/time/chrono/Era
instanceKlass java/time/chrono/ChronoPeriod
instanceKlass java/time/LocalDate
instanceKlass java/time/chrono/ChronoLocalDate
instanceKlass java/time/ZonedDateTime
instanceKlass java/time/chrono/ChronoZonedDateTime
instanceKlass java/time/LocalDateTime
instanceKlass java/time/zone/ZoneOffsetTransitionRule
instanceKlass java/time/chrono/ChronoLocalDateTime
instanceKlass java/time/zone/ZoneRules
instanceKlass  @bci java/util/regex/CharPredicates ASCII_SPACE ()Ljava/util/regex/Pattern$BmpCharPredicate; 0 <appendix> argL0 ; # java/util/regex/CharPredicates$$Lambda+0x000000009025b460
instanceKlass sun/security/util/DisabledAlgorithmConstraints$Constraints$Holder
instanceKlass java/util/StringTokenizer
instanceKlass sun/security/util/DisabledAlgorithmConstraints$Constraint
instanceKlass sun/security/util/DisabledAlgorithmConstraints$Constraints
instanceKlass java/security/cert/CertPathValidatorException$Reason
instanceKlass sun/security/util/AbstractAlgorithmConstraints
instanceKlass sun/security/util/AlgorithmDecomposer
instanceKlass sun/security/ssl/SSLAlgorithmConstraints
instanceKlass sun/security/ssl/SSLTransport
instanceKlass javax/net/ssl/SSLEngine
instanceKlass javax/net/ssl/X509ExtendedKeyManager
instanceKlass javax/net/ssl/X509KeyManager
instanceKlass javax/net/ssl/SSLSessionContext
instanceKlass javax/net/ServerSocketFactory
instanceKlass javax/net/SocketFactory
instanceKlass javax/net/ssl/SSLContextSpi
instanceKlass javax/net/ssl/SSLContext
instanceKlass org/apache/hc/core5/ssl/SSLContextBuilder$TrustManagerDelegate
instanceKlass java/security/AlgorithmConstraints
instanceKlass javax/net/ssl/X509ExtendedTrustManager
instanceKlass java/util/Collections$3
instanceKlass sun/security/validator/TrustStoreUtil
instanceKlass sun/security/x509/AccessDescription
instanceKlass sun/security/x509/DNSName
instanceKlass sun/security/x509/URIName
instanceKlass sun/security/x509/DistributionPoint
instanceKlass sun/security/x509/NetscapeCertTypeExtension$MapEntry
instanceKlass java/security/cert/PolicyQualifierInfo
instanceKlass sun/security/x509/CertificatePolicyId
instanceKlass sun/security/x509/PolicyInformation
instanceKlass sun/security/util/ECUtil
instanceKlass java/security/interfaces/ECPublicKey
instanceKlass  @bci sun/security/ec/ECKeyFactory implGeneratePublic (Ljava/security/spec/KeySpec;)Ljava/security/PublicKey; 6 <appendix> member <vmtarget> ; # sun/security/ec/ECKeyFactory$$TypeSwitch+0x0000000090250e80
instanceKlass java/security/spec/ECPublicKeySpec
instanceKlass java/security/interfaces/ECPrivateKey
instanceKlass java/security/interfaces/ECKey
instanceKlass sun/security/pkcs/PKCS8Key
instanceKlass sun/security/util/InternalPrivateKey
instanceKlass java/security/AlgorithmParametersSpi
instanceKlass java/security/AlgorithmParameters
instanceKlass sun/security/x509/GeneralName
instanceKlass  @bci java/util/regex/Pattern union (Ljava/util/regex/Pattern$CharPredicate;Ljava/util/regex/Pattern$CharPredicate;Z)Ljava/util/regex/Pattern$CharPredicate; 6 <appendix> member <vmtarget> ; # java/util/regex/Pattern$$Lambda+0x000000009024f1b0
instanceKlass  @bci java/util/regex/Pattern Range (II)Ljava/util/regex/Pattern$CharPredicate; 23 <appendix> member <vmtarget> ; # java/util/regex/Pattern$$Lambda+0x000000009024ef18
instanceKlass java/security/PKCS12Attribute
instanceKlass java/security/KeyStore$Entry$Attribute
instanceKlass sun/util/logging/PlatformLogger
instanceKlass sun/util/logging/PlatformLogger$ConfigurableBridge$LoggerConfiguration
instanceKlass jdk/internal/logger/BootstrapLogger$RedirectedLoggers
instanceKlass jdk/internal/logger/LazyLoggers$LazyLoggerAccessor
instanceKlass jdk/internal/logger/LazyLoggers$LoggerAccessor
instanceKlass jdk/internal/logger/AbstractLoggerWrapper
instanceKlass sun/util/logging/internal/LoggingProviderImpl$LogManagerAccess
instanceKlass jdk/internal/logger/BootstrapLogger$DetectBackend
instanceKlass jdk/internal/logger/BootstrapLogger
instanceKlass sun/util/logging/PlatformLogger$ConfigurableBridge
instanceKlass sun/util/logging/PlatformLogger$Bridge
instanceKlass java/lang/System$LoggerFinder
instanceKlass jdk/internal/logger/LazyLoggers$LazyLoggerFactories
instanceKlass jdk/internal/logger/LazyLoggers$1
instanceKlass jdk/internal/logger/LazyLoggers
instanceKlass jdk/internal/event/EventHelper$ThreadTrackHolder
instanceKlass java/util/jar/JarFile$ThreadTrackHolder
instanceKlass jdk/internal/event/EventHelper
instanceKlass sun/security/jca/JCAUtil
instanceKlass sun/security/x509/GeneralNames
instanceKlass sun/security/x509/KeyIdentifier
# instanceKlass java/lang/invoke/LambdaForm$MH+0x0000000090210800
instanceKlass sun/security/x509/OIDMap$OIDInfo
instanceKlass sun/security/x509/PKIXExtensions
instanceKlass sun/security/x509/OIDMap
instanceKlass sun/security/x509/Extension
instanceKlass java/security/cert/Extension
instanceKlass sun/security/x509/CertificateExtensions
instanceKlass sun/security/rsa/RSAUtil
instanceKlass java/security/interfaces/RSAPublicKey
instanceKlass java/security/interfaces/RSAKey
instanceKlass  @bci sun/security/rsa/RSAKeyFactory generatePublic (Ljava/security/spec/KeySpec;)Ljava/security/PublicKey; 6 <appendix> member <vmtarget> ; # sun/security/rsa/RSAKeyFactory$$TypeSwitch+0x0000000090246a68
instanceKlass java/lang/classfile/CodeModel
instanceKlass java/lang/classfile/MethodModel
instanceKlass java/lang/classfile/FieldModel
instanceKlass  @bci jdk/internal/classfile/impl/ClassFileImpl attributeMapper ()Ljava/util/function/Function; 7 <appendix> argL0 ; # jdk/internal/classfile/impl/ClassFileImpl$$Lambda+0x80000004b
instanceKlass java/lang/classfile/ClassModel
instanceKlass java/lang/classfile/AttributedElement
instanceKlass java/lang/classfile/CompoundElement
instanceKlass java/lang/classfile/instruction/SwitchCase
instanceKlass  @bci java/lang/runtime/SwitchBootstraps generateTypeSwitchSkeleton (Ljava/lang/Class;[Ljava/lang/Object;Ljava/util/List;Ljava/util/List;)Ljava/util/function/Consumer; 45 <appendix> member <vmtarget> ; # java/lang/runtime/SwitchBootstraps$$Lambda+0x00000000902432d8
instanceKlass java/lang/classfile/AccessFlags
instanceKlass  @bci java/lang/runtime/SwitchBootstraps generateTypeSwitch (Ljava/lang/invoke/MethodHandles$Lookup;Ljava/lang/Class;[Ljava/lang/Object;)Ljava/lang/invoke/MethodHandle; 70 <appendix> member <vmtarget> ; # java/lang/runtime/SwitchBootstraps$$Lambda+0x0000000090242bf8
instanceKlass java/lang/invoke/DirectMethodHandle$1
instanceKlass jdk/internal/misc/PreviewFeatures
instanceKlass java/lang/runtime/SwitchBootstraps
instanceKlass java/security/spec/PSSParameterSpec
instanceKlass java/security/spec/RSAPrivateKeySpec
instanceKlass java/security/spec/RSAPublicKeySpec
instanceKlass java/security/PrivateKey
instanceKlass java/security/KeyFactorySpi
instanceKlass sun/security/jca/ProviderList$ServiceIterator
instanceKlass java/security/KeyFactory
instanceKlass  @bci java/security/spec/EncodedKeySpec <clinit> ()V 0 <appendix> argL0 ; # java/security/spec/EncodedKeySpec$$Lambda+0x00000000902408f0
instanceKlass jdk/internal/access/JavaSecuritySpecAccess
instanceKlass sun/security/util/BitArray
instanceKlass java/io/ObjectStreamConstants
instanceKlass java/io/ObjectInput
instanceKlass sun/security/x509/X509Key
instanceKlass java/security/PublicKey
instanceKlass java/security/AsymmetricKey
instanceKlass sun/security/x509/CertificateX509Key
instanceKlass sun/security/x509/CertificateValidity
instanceKlass sun/security/x509/AVA
instanceKlass sun/security/x509/RDN
instanceKlass sun/security/x509/X500Name
instanceKlass sun/security/x509/GeneralNameInterface
instanceKlass sun/security/x509/CertificateAlgorithmId
instanceKlass sun/security/x509/SerialNumber
instanceKlass sun/security/x509/CertificateSerialNumber
instanceKlass sun/security/x509/CertificateVersion
instanceKlass sun/security/x509/X509CertInfo
instanceKlass sun/security/x509/AlgorithmId
instanceKlass sun/security/util/Cache$EqualByteArray
instanceKlass sun/security/util/MemoryCache$CacheEntry
instanceKlass sun/security/util/Cache
instanceKlass java/security/cert/CRL
instanceKlass java/security/cert/CertPath
instanceKlass java/security/cert/CertificateFactorySpi
instanceKlass java/security/cert/CertificateFactory
instanceKlass sun/security/pkcs/ContentInfo
instanceKlass sun/security/util/IOUtils
instanceKlass sun/security/util/DerInputStream
instanceKlass sun/security/util/DerValue
instanceKlass java/security/cert/X509Extension
instanceKlass javax/crypto/SecretKey
instanceKlass javax/security/auth/Destroyable
instanceKlass java/security/DEREncodable
instanceKlass java/security/spec/EncodedKeySpec
instanceKlass sun/security/pkcs12/PKCS12KeyStore$Entry
instanceKlass java/security/spec/KeySpec
instanceKlass java/security/Key
instanceKlass java/security/KeyStore$Entry
instanceKlass java/security/KeyStoreSpi
instanceKlass java/lang/System$Logger
instanceKlass sun/security/ssl/SSLLogger
instanceKlass sun/security/util/FilePaths
instanceKlass sun/security/ssl/TrustStoreManager$TrustStoreDescriptor
instanceKlass sun/security/ssl/TrustStoreManager$TrustAnchorManager
instanceKlass sun/security/ssl/TrustStoreManager
instanceKlass javax/net/ssl/X509TrustManager
instanceKlass java/security/spec/ECFieldF2m
instanceKlass sun/security/util/ObjectIdentifier
instanceKlass sun/security/util/ByteArrayTagOrder
instanceKlass sun/security/util/ByteArrayLexOrder
instanceKlass sun/security/util/DerEncoder
instanceKlass java/security/spec/ECPoint
instanceKlass java/security/spec/EllipticCurve
instanceKlass java/security/spec/ECFieldFp
instanceKlass java/security/spec/ECParameterSpec
instanceKlass java/security/spec/AlgorithmParameterSpec
instanceKlass java/security/spec/ECField
instanceKlass sun/security/util/CurveDB
instanceKlass java/security/SignatureSpi
instanceKlass sun/security/rsa/SunRsaSignEntries
instanceKlass javax/net/ssl/TrustManagerFactorySpi
instanceKlass io/github/bonigarcia/wdm/online/HttpClient$1
instanceKlass javax/net/ssl/TrustManagerFactory
instanceKlass java/security/KeyStore
instanceKlass javax/net/ssl/KeyManagerFactory
instanceKlass javax/net/ssl/TrustManager
instanceKlass javax/net/ssl/KeyManager
instanceKlass org/apache/hc/core5/ssl/SSLContextBuilder
instanceKlass org/apache/hc/core5/ssl/SSLContexts
instanceKlass  @bci io/github/bonigarcia/wdm/online/HttpClient <init> (Lio/github/bonigarcia/wdm/config/Config;)V 35 <appendix> argL0 ; # io/github/bonigarcia/wdm/online/HttpClient$$Lambda+0x00000000902132b8
instanceKlass javax/net/ssl/SSLSession
instanceKlass javax/net/ssl/HostnameVerifier
instanceKlass org/apache/hc/client5/http/config/Configurable
instanceKlass org/apache/hc/client5/http/impl/classic/CloseableHttpClient
instanceKlass org/apache/hc/client5/http/classic/HttpClient
instanceKlass org/apache/hc/client5/http/auth/CredentialsProvider
instanceKlass org/apache/hc/client5/http/cookie/CookieStore
instanceKlass org/apache/hc/client5/http/protocol/RedirectStrategy
instanceKlass org/apache/hc/client5/http/routing/HttpRoutePlanner
instanceKlass org/apache/hc/client5/http/HttpRequestRetryStrategy
instanceKlass org/apache/hc/core5/http/config/Lookup
instanceKlass org/apache/hc/core5/http/protocol/HttpProcessor
instanceKlass org/apache/hc/client5/http/SchemePortResolver
instanceKlass org/apache/hc/core5/http/HttpResponseInterceptor
instanceKlass org/apache/hc/core5/http/HttpRequestInterceptor
instanceKlass org/apache/hc/client5/http/UserTokenHandler
instanceKlass org/apache/hc/client5/http/AuthenticationStrategy
instanceKlass org/apache/hc/client5/http/ConnectionKeepAliveStrategy
instanceKlass org/apache/hc/core5/http/ConnectionReuseStrategy
instanceKlass org/apache/hc/client5/http/impl/classic/HttpClientBuilder
instanceKlass org/apache/hc/client5/http/auth/Credentials
instanceKlass org/apache/hc/core5/http/protocol/HttpContext
instanceKlass org/apache/hc/client5/http/io/HttpClientConnectionManager
instanceKlass org/apache/hc/core5/io/ModalCloseable
instanceKlass org/apache/hc/client5/http/ssl/TlsSocketStrategy
instanceKlass org/apache/hc/core5/ssl/TrustStrategy
instanceKlass io/github/bonigarcia/wdm/online/HttpClient
instanceKlass io/github/bonigarcia/wdm/cache/CacheHandler
instanceKlass org/apache/commons/lang3/CharSequenceUtils
instanceKlass org/apache/commons/lang3/Strings
instanceKlass  @bci org/apache/commons/lang3/SystemUtils <clinit> ()V 222 <appendix> argL0 ; # org/apache/commons/lang3/SystemUtils$$Lambda+0x0000000090214640
instanceKlass jdk/internal/math/ToDecimal
instanceKlass org/apache/commons/lang3/math/NumberUtils
instanceKlass  @bci org/apache/commons/lang3/SystemProperties getProperty (Ljava/lang/String;Ljava/lang/String;)Ljava/lang/String; 2 <appendix> member <vmtarget> ; # org/apache/commons/lang3/SystemProperties$$Lambda+0x0000000090214000
instanceKlass  @bci java/util/regex/CharPredicates forUnicodeBlock (Ljava/lang/String;)Ljava/util/regex/Pattern$CharPredicate; 6 <appendix> member <vmtarget> ; # java/util/regex/CharPredicates$$Lambda+0x00000000901eb0b0
instanceKlass java/lang/Character$Subset
instanceKlass org/apache/commons/lang3/StringUtils
instanceKlass  @bci org/apache/commons/lang3/function/Suppliers <clinit> ()V 0 <appendix> argL0 ; # org/apache/commons/lang3/function/Suppliers$$Lambda+0x000000009020f808
instanceKlass org/apache/commons/lang3/function/Suppliers
instanceKlass org/apache/commons/lang3/SystemProperties
instanceKlass org/apache/commons/lang3/SystemUtils
instanceKlass  @bci io/github/bonigarcia/wdm/config/Architecture matchString (Ljava/lang/String;)Z 10 <appendix> member <vmtarget> ; # io/github/bonigarcia/wdm/config/Architecture$$Lambda+0x000000009020ef78
instanceKlass io/github/bonigarcia/wdm/config/ConfigKey
instanceKlass io/github/bonigarcia/wdm/config/Config
instanceKlass sun/nio/fs/WindowsUriSupport
instanceKlass java/util/AbstractMap$SimpleEntry
instanceKlass jdk/internal/jimage/ImageBufferCache$2
instanceKlass jdk/internal/jimage/ImageBufferCache
instanceKlass java/nio/channels/AsynchronousFileChannel
instanceKlass java/nio/channels/AsynchronousChannel
instanceKlass io/github/bonigarcia/wdm/versions/VersionDetector
instanceKlass io/github/bonigarcia/wdm/online/S3NamespaceContext
instanceKlass org/openqa/selenium/Capabilities
instanceKlass org/apache/hc/core5/http/ClassicHttpRequest
instanceKlass org/apache/hc/core5/http/HttpEntityContainer
instanceKlass org/apache/hc/core5/http/HttpRequest
instanceKlass org/apache/hc/core5/http/HttpMessage
instanceKlass org/apache/hc/core5/http/MessageHeaders
instanceKlass javax/xml/namespace/NamespaceContext
instanceKlass io/github/bonigarcia/wdm/WebDriverManager
instanceKlass QAcart/Testing_UI/Base/DriverSetup
instanceKlass java/util/concurrent/Callable
instanceKlass org/testng/IHookCallBack
instanceKlass org/testng/IConfigureCallBack
instanceKlass org/testng/internal/invokers/MethodInvocationHelper
instanceKlass org/testng/Reporter
instanceKlass com/intellij/rt/execution/junit/MapSerializerUtil$1
instanceKlass com/intellij/rt/execution/junit/MapSerializerUtil$EscapeInfoProvider
instanceKlass com/intellij/rt/execution/junit/MapSerializerUtil
instanceKlass com/intellij/rt/testng/IDEATestNGRemoteListener$DelegatedResult
instanceKlass  @bci io/qameta/allure/listener/LifecycleNotifier afterFixtureStart (Lio/qameta/allure/model/FixtureResult;)V 5 <appendix> argL0 ; # io/qameta/allure/listener/LifecycleNotifier$$Lambda+0x0000000090207710
instanceKlass  @bci io/qameta/allure/listener/LifecycleNotifier beforeFixtureStart (Lio/qameta/allure/model/FixtureResult;)V 5 <appendix> argL0 ; # io/qameta/allure/listener/LifecycleNotifier$$Lambda+0x00000000902074d8
instanceKlass  @bci io/qameta/allure/AllureLifecycle startPrepareFixture (Ljava/lang/String;Ljava/lang/String;Lio/qameta/allure/model/FixtureResult;)V 10 <appendix> member <vmtarget> ; # io/qameta/allure/AllureLifecycle$$Lambda+0x0000000090207298
instanceKlass io/qameta/allure/Description
instanceKlass  @bci io/qameta/allure/testng/AllureTestNg getFixtureResult (Lorg/testng/ITestNGMethod;)Lio/qameta/allure/model/FixtureResult; 73 <appendix> member <vmtarget> ; # io/qameta/allure/testng/AllureTestNg$$Lambda+0x0000000090206e50
instanceKlass  @bci io/qameta/allure/testng/AllureTestNg getFixtureResult (Lorg/testng/ITestNGMethod;)Lio/qameta/allure/model/FixtureResult; 62 <appendix> member <vmtarget> ; # io/qameta/allure/testng/AllureTestNg$$Lambda+0x0000000090206c10
instanceKlass  @cpi org/openqa/selenium/PersistentCapabilities 161 form vmentry <vmtarget> ; # java/lang/invoke/LambdaForm$DMH+0x0000000090204400
instanceKlass  @bci io/qameta/allure/util/ResultsUtils firstNonEmpty ([Ljava/lang/String;)Ljava/util/Optional; 14 <appendix> argL0 ; # io/qameta/allure/util/ResultsUtils$$Lambda+0x00000000902067b8
instanceKlass  @bci io/qameta/allure/util/ResultsUtils firstNonEmpty ([Ljava/lang/String;)Ljava/util/Optional; 4 <appendix> argL0 ; # io/qameta/allure/util/ResultsUtils$$Lambda+0x0000000090206560
instanceKlass io/qameta/allure/util/ResultsUtils
instanceKlass io/qameta/allure/model/FixtureResult
instanceKlass io/qameta/allure/model/ExecutableItem
instanceKlass io/qameta/allure/model/WithSteps
instanceKlass io/qameta/allure/model/WithStatusDetails
instanceKlass io/qameta/allure/model/WithStatus
instanceKlass io/qameta/allure/model/WithParameters
instanceKlass io/qameta/allure/model/WithAttachments
instanceKlass org/testng/internal/invokers/InvokedMethodListenerInvoker
instanceKlass org/testng/internal/invokers/InvokedMethod
instanceKlass java/util/AbstractList$RandomAccessSpliterator
instanceKlass  @bci java/util/stream/Collectors toUnmodifiableList ()Ljava/util/stream/Collector; 19 <appendix> argL0 ; # java/util/stream/Collectors$$Lambda+0x00000000901e7600
instanceKlass  @bci java/util/stream/Collectors toUnmodifiableList ()Ljava/util/stream/Collector; 14 <appendix> argL0 ; # java/util/stream/Collectors$$Lambda+0x00000000901e73b0
instanceKlass  @bci java/util/stream/Collectors toUnmodifiableList ()Ljava/util/stream/Collector; 9 <appendix> argL0 ; # java/util/stream/Collectors$$Lambda+0x00000000901e7178
instanceKlass  @bci java/util/stream/Collectors toUnmodifiableList ()Ljava/util/stream/Collector; 4 <appendix> argL0 ; # java/util/stream/Collectors$$Lambda+0x00000000901e6f50
instanceKlass  @bci org/testng/TestRunner getConfigurationListeners ()Ljava/util/List; 24 <appendix> argL0 ; # org/testng/TestRunner$$Lambda+0x0000000090202410
instanceKlass  @bci org/testng/TestRunner getConfigurationListeners ()Ljava/util/List; 9 <appendix> argL0 ; # org/testng/TestRunner$$Lambda+0x00000000902021c8
instanceKlass org/testng/internal/ClassBasedWrapper
instanceKlass  @bci org/testng/internal/Parameters retrieveConfigAnnotation (Ljava/lang/reflect/Method;)Ljava/lang/Class; 9 <appendix> member <vmtarget> ; # org/testng/internal/Parameters$$Lambda+0x0000000090201d50
instanceKlass  @bci org/testng/internal/invokers/ConfigInvoker classConfigurationFailed (Ljava/lang/Class;Ljava/lang/Object;)Z 17 <appendix> member <vmtarget> ; # org/testng/internal/invokers/ConfigInvoker$$Lambda+0x0000000090201af0
instanceKlass  @cpi org/testng/internal/invokers/ConfigInvoker 995 form vmentry <vmtarget> ; # java/lang/invoke/LambdaForm$DMH+0x0000000090204000
instanceKlass  @bci org/testng/internal/invokers/ConfigInvoker canIgnoreConfigFailure (Lorg/testng/IClass;Lorg/testng/ITestNGMethod;)Z 143 <appendix> argL0 ; # org/testng/internal/invokers/ConfigInvoker$$Lambda+0x0000000090201898
instanceKlass org/testng/internal/invokers/GroupConfigMethodArguments$Builder
instanceKlass org/testng/internal/TestResult
instanceKlass org/testng/internal/thread/ThreadUtil
instanceKlass org/testng/internal/reflect/ReflectionRecipes$ListBackedImmutableQueue
instanceKlass org/testng/internal/reflect/InjectableParameter$Assistant
instanceKlass org/testng/internal/reflect/AbstractMethodMatcher
instanceKlass org/testng/internal/reflect/ReflectionRecipes
instanceKlass org/testng/internal/reflect/MethodMatcherContext
instanceKlass  @bci org/testng/collections/CollectionUtils asIterable (Ljava/util/Iterator;)Ljava/lang/Iterable; 1 <appendix> member <vmtarget> ; # org/testng/collections/CollectionUtils$$Lambda+0x00000000901dd898
instanceKlass org/testng/collections/CollectionUtils
instanceKlass org/testng/internal/invokers/MethodRunner
instanceKlass org/testng/internal/invokers/ParameterHandler$ParameterBag
instanceKlass org/testng/internal/invokers/ParameterHolder
instanceKlass org/testng/internal/collections/ArrayIterator
instanceKlass org/testng/IDataProviderMethod
instanceKlass org/testng/internal/reflect/MethodMatcher
instanceKlass org/testng/internal/Parameters
instanceKlass org/testng/internal/Parameters$MethodParameters
instanceKlass org/testng/internal/invokers/ParameterHandler
instanceKlass org/testng/internal/invokers/ITestInvoker$FailureContext
instanceKlass org/testng/internal/invokers/TestInvoker$MethodInvocationAgent
instanceKlass org/testng/internal/invokers/TestMethodArguments$Builder
instanceKlass  @bci org/testng/internal/invokers/TestNgMethodUtils isSameInstance (Lorg/testng/ITestNGMethod;Ljava/lang/Object;)Z 10 <appendix> argL0 ; # org/testng/internal/invokers/TestNgMethodUtils$$Lambda+0x00000000901de210
instanceKlass org/testng/internal/invokers/TestNgMethodUtils
instanceKlass org/testng/internal/invokers/Arguments
instanceKlass org/testng/internal/invokers/ConfigMethodArguments$Builder
instanceKlass java/util/LinkedList$ListItr
instanceKlass  @bci org/testng/internal/invokers/TestMethodWorker invokeBeforeClassMethods (Lorg/testng/ITestClass;Lorg/testng/IMethodInstance;)V 10 <appendix> argL0 ; # org/testng/internal/invokers/TestMethodWorker$$Lambda+0x00000000901db280
instanceKlass  @bci org/testng/internal/KeyAwareAutoCloseableLock$AutoReleasable <init> (Lorg/testng/internal/AutoCloseableLock;Ljava/lang/Runnable;)V 26 <appendix> argL0 ; # org/testng/internal/KeyAwareAutoCloseableLock$AutoReleasable$$Lambda+0x00000000901db058
instanceKlass  @bci org/testng/internal/KeyAwareAutoCloseableLock lockForObject (Ljava/lang/Object;)Lorg/testng/internal/KeyAwareAutoCloseableLock$AutoReleasable; 32 <appendix> member <vmtarget> ; # org/testng/internal/KeyAwareAutoCloseableLock$$Lambda+0x00000000901dae28
instanceKlass org/testng/internal/KeyAwareAutoCloseableLock$AutoReleasable
instanceKlass  @bci org/testng/internal/KeyAwareAutoCloseableLock lockForObject (Ljava/lang/Object;)Lorg/testng/internal/KeyAwareAutoCloseableLock$AutoReleasable; 8 <appendix> argL0 ; # org/testng/internal/KeyAwareAutoCloseableLock$$Lambda+0x00000000901da9a8
instanceKlass  @bci org/testng/internal/BaseTestMethod getInstanceId ()Ljava/util/UUID; 7 <appendix> argL0 ; # org/testng/internal/BaseTestMethod$$Lambda+0x00000000901da760
instanceKlass  @bci org/testng/TestRunner privateRun (Lorg/testng/xml/XmlTest;)V 366 <appendix> argL0 ; # org/testng/TestRunner$$Lambda+0x00000000901da528
instanceKlass  @cpi org/testng/TestRunner 1568 form vmentry <vmtarget> ; # java/lang/invoke/LambdaForm$DMH+0x00000000901dc000
instanceKlass  @bci org/testng/TestRunner createWorkers (Ljava/util/List;)Ljava/util/List; 97 <appendix> argL0 ; # org/testng/TestRunner$$Lambda+0x00000000901da2d0
instanceKlass  @bci org/testng/TestRunner createWorkers (Ljava/util/List;)Ljava/util/List; 87 <appendix> argL0 ; # org/testng/TestRunner$$Lambda+0x00000000901da088
instanceKlass  @bci org/testng/internal/invokers/ClassBasedParallelWorker findClasses (Ljava/util/List;Ljava/lang/Class;)Ljava/util/List; 7 <appendix> member <vmtarget> ; # org/testng/internal/invokers/ClassBasedParallelWorker$$Lambda+0x00000000901d9e28
instanceKlass org/testng/internal/KeyAwareAutoCloseableLock
instanceKlass org/testng/internal/invokers/TestMethodWorker
instanceKlass  @bci org/testng/internal/invokers/ClassBasedParallelWorker shouldRunSequentially (Ljava/lang/Class;Ljava/util/Set;)Z 17 <appendix> member <vmtarget> ; # org/testng/internal/invokers/ClassBasedParallelWorker$$Lambda+0x00000000901d9698
instanceKlass org/testng/internal/XmlTestUtils
instanceKlass  @bci org/testng/internal/invokers/ClassBasedParallelWorker methodsToMultipleMethodInstances ([Lorg/testng/ITestNGMethod;)Ljava/util/List; 4 <appendix> argL0 ; # org/testng/internal/invokers/ClassBasedParallelWorker$$Lambda+0x00000000901d9240
instanceKlass java/util/ArrayList$SubList$1
instanceKlass org/testng/internal/invokers/AbstractParallelWorker
instanceKlass org/testng/internal/invokers/AbstractParallelWorker$Arguments
instanceKlass org/testng/internal/invokers/AbstractParallelWorker$Arguments$Builder
instanceKlass org/testng/internal/TestMethodComparator
instanceKlass  @bci org/testng/TestRunner privateRun (Lorg/testng/xml/XmlTest;)V 192 <appendix> argL0 ; # org/testng/TestRunner$$Lambda+0x00000000901d8248
instanceKlass  @bci org/testng/internal/DynamicGraph dependencies (Ljava/util/Map;)Ljava/util/List; 4 <appendix> argL0 ; # org/testng/internal/DynamicGraph$$Lambda+0x00000000901d8000
instanceKlass  @bci org/testng/internal/DynamicGraphHelper classComparator ()Ljava/util/Comparator; 0 <appendix> argL0 ; # org/testng/internal/DynamicGraphHelper$$Lambda+0x00000000901d6400
instanceKlass  @bci org/testng/internal/DynamicGraphHelper createClassDependencies ([Lorg/testng/ITestNGMethod;Lorg/testng/xml/XmlTest;)Lorg/testng/collections/ListMultiMap; 75 <appendix> member <vmtarget> ; # org/testng/internal/DynamicGraphHelper$$Lambda+0x00000000901d6c80
instanceKlass  @bci org/testng/internal/DynamicGraphHelper lambda$createDynamicGraph$3 (Lorg/testng/internal/DynamicGraph;Lorg/testng/DependencyMap;Ljava/util/concurrent/atomic/AtomicReference;Lorg/testng/ITestNGMethod;)V 97 <appendix> member <vmtarget> ; # org/testng/internal/DynamicGraphHelper$$Lambda+0x00000000901d6a40
instanceKlass  @bci org/testng/internal/DynamicGraphHelper lambda$createDynamicGraph$3 (Lorg/testng/internal/DynamicGraph;Lorg/testng/DependencyMap;Ljava/util/concurrent/atomic/AtomicReference;Lorg/testng/ITestNGMethod;)V 49 <appendix> member <vmtarget> ; # org/testng/internal/DynamicGraphHelper$$Lambda+0x00000000901d6800
instanceKlass  @bci org/testng/internal/DynamicGraphHelper createDynamicGraph ([Lorg/testng/ITestNGMethod;Lorg/testng/xml/XmlTest;)Lorg/testng/internal/DynamicGraph; 38 <appendix> member <vmtarget> ; # org/testng/internal/DynamicGraphHelper$$Lambda+0x00000000901d7bc8
instanceKlass org/testng/DependencyMap
instanceKlass org/testng/internal/DynamicGraph$Edges
instanceKlass org/testng/internal/DynamicGraph
instanceKlass org/testng/internal/DynamicGraphHelper
instanceKlass  @bci org/testng/TestRunner privateRun (Lorg/testng/xml/XmlTest;)V 33 <appendix> member <vmtarget> ; # org/testng/TestRunner$$Lambda+0x00000000901d7000
instanceKlass  @bci org/testng/internal/MethodHelper methodInstancesToMethods (Ljava/util/List;)Ljava/util/List; 6 <appendix> argL0 ; # org/testng/internal/MethodHelper$$Lambda+0x00000000901d3c00
instanceKlass  @bci java/util/stream/SortedOps$RefSortingSink end ()V 48 <appendix> member <vmtarget> ; # java/util/stream/SortedOps$RefSortingSink$$Lambda+0x00000000901e5310
instanceKlass io/qameta/allure/testfilter/TestPlanV1_0
instanceKlass  @bci java/util/Comparator comparing (Ljava/util/function/Function;Ljava/util/Comparator;)Ljava/util/Comparator; 12 <appendix> member <vmtarget> ; # java/util/Comparator$$Lambda+0x00000000901e4da0
instanceKlass  @cpi java/util/Comparator 256 form vmentry <vmtarget> ; # java/lang/invoke/LambdaForm$DMH+0x00000000901d6000
instanceKlass java/util/Comparators$NullComparator
instanceKlass  @bci io/qameta/allure/testng/AllureTestNgTestFilter intercept (Ljava/util/List;Lorg/testng/ITestContext;)Ljava/util/List; 22 <appendix> argL0 ; # io/qameta/allure/testng/AllureTestNgTestFilter$$Lambda+0x00000000901d37a8
instanceKlass  @bci io/qameta/allure/testng/AllureTestNgTestFilter intercept (Ljava/util/List;Lorg/testng/ITestContext;)Ljava/util/List; 17 <appendix> argL0 ; # io/qameta/allure/testng/AllureTestNgTestFilter$$Lambda+0x00000000901d3560
instanceKlass  @bci io/qameta/allure/testng/AllureTestNgTestFilter intercept (Ljava/util/List;Lorg/testng/ITestContext;)Ljava/util/List; 7 <appendix> member <vmtarget> ; # io/qameta/allure/testng/AllureTestNgTestFilter$$Lambda+0x00000000901d3300
instanceKlass org/testng/internal/MethodInstance$1
instanceKlass  @bci org/testng/internal/MethodHelper methodsToMethodInstances (Ljava/util/List;)Ljava/util/List; 6 <appendix> argL0 ; # org/testng/internal/MethodHelper$$Lambda+0x00000000901d2e08
instanceKlass org/testng/internal/MethodInstance
instanceKlass  @bci io/qameta/allure/testng/AllureTestNg onStart (Lorg/testng/ITestContext;)V 155 <appendix> member <vmtarget> ; # io/qameta/allure/testng/AllureTestNg$$Lambda+0x00000000901d2980
instanceKlass  @bci io/qameta/allure/testng/AllureTestNg onStart (Lorg/testng/ITestContext;)V 143 <appendix> member <vmtarget> ; # io/qameta/allure/testng/AllureTestNg$$Lambda+0x00000000901d2720
instanceKlass  @cpi io/qameta/allure/testng/AllureTestNgTestFilter 206 form vmentry <vmtarget> ; # java/lang/invoke/LambdaForm$DMH+0x00000000901d5c00
instanceKlass  @bci io/qameta/allure/testng/AllureTestNg onStart (Lorg/testng/ITestContext;)V 124 <appendix> argL0 ; # io/qameta/allure/testng/AllureTestNg$$Lambda+0x00000000901d24c8
instanceKlass  @bci io/qameta/allure/testng/AllureTestNg onStart (Lorg/testng/ITestContext;)V 114 <appendix> argL0 ; # io/qameta/allure/testng/AllureTestNg$$Lambda+0x00000000901d2270
instanceKlass  @cpi org/testng/internal/invokers/ConfigInvoker 1017 form vmentry <vmtarget> ; # java/lang/invoke/LambdaForm$DMH+0x00000000901d5800
instanceKlass  @bci io/qameta/allure/testng/AllureTestNg onStart (Lorg/testng/ITestContext;)V 83 <appendix> member <vmtarget> ; # io/qameta/allure/testng/AllureTestNg$$Lambda+0x00000000901d2030
instanceKlass  @bci io/qameta/allure/testng/AllureTestNg onStart (Lorg/testng/ITestContext;)V 67 <appendix> argL0 ; # io/qameta/allure/testng/AllureTestNg$$Lambda+0x00000000901d1de8
instanceKlass  @bci io/qameta/allure/AllureLifecycle startTestContainer (Ljava/lang/String;Lio/qameta/allure/model/TestResultContainer;)V 10 <appendix> member <vmtarget> ; # io/qameta/allure/AllureLifecycle$$Lambda+0x00000000901d1ba8
instanceKlass  @bci io/qameta/allure/internal/AllureStorage get (Ljava/lang/String;Ljava/lang/Class;)Ljava/util/Optional; 54 <appendix> member <vmtarget> ; # io/qameta/allure/internal/AllureStorage$$Lambda+0x00000000901d1958
instanceKlass  @bci io/qameta/allure/internal/AllureStorage get (Ljava/lang/String;Ljava/lang/Class;)Ljava/util/Optional; 40 <appendix> member <vmtarget> ; # io/qameta/allure/internal/AllureStorage$$Lambda+0x00000000901d16f8
instanceKlass  @bci org/testng/TestRunner logStart ()V 33 <appendix> form vmentry <vmtarget> ; # java/lang/invoke/LambdaForm$MH+0x00000000901d5400
# instanceKlass java/lang/invoke/LambdaForm$BMH+0x00000000901d5000
instanceKlass  @bci org/testng/TestRunner logStart ()V 33 <appendix> form names 7 function resolvedHandle form vmentry <vmtarget> ; # java/lang/invoke/LambdaForm$DMH+0x00000000901d4c00
instanceKlass  @bci org/testng/util/Strings valueOf (Ljava/util/Map;)Ljava/lang/String; 11 <appendix> argL0 ; # org/testng/util/Strings$$Lambda+0x00000000901d14b0
instanceKlass  @bci org/testng/SuiteRunner runTest (Lorg/testng/TestRunner;)V 10 <appendix> member <vmtarget> ; # org/testng/SuiteRunner$$Lambda+0x00000000901d1270
instanceKlass  @bci org/openqa/selenium/net/UrlChecker lambda$static$0 (Ljava/lang/Runnable;)Ljava/lang/Thread; 11 <appendix> form vmentry <vmtarget> ; # java/lang/invoke/LambdaForm$MH+0x00000000901d4400
instanceKlass  @bci org/testng/SuiteRunner privateRun ()V 73 <appendix> member <vmtarget> ; # org/testng/SuiteRunner$$Lambda+0x00000000901d1030
instanceKlass  @bci org/testng/SuiteRunner getAllMethods ()Ljava/util/List; 9 <appendix> argL0 ; # org/testng/SuiteRunner$$Lambda+0x00000000901d0de8
instanceKlass  @bci io/qameta/allure/listener/LifecycleNotifier afterContainerStart (Lio/qameta/allure/model/TestResultContainer;)V 5 <appendix> argL0 ; # io/qameta/allure/listener/LifecycleNotifier$$Lambda+0x00000000901d0bb0
instanceKlass  @bci io/qameta/allure/listener/LifecycleNotifier runSafely (Ljava/util/List;Ljava/util/function/BiConsumer;Ljava/lang/Object;)V 3 <appendix> member <vmtarget> ; # io/qameta/allure/listener/LifecycleNotifier$$Lambda+0x00000000901d0970
instanceKlass  @bci io/qameta/allure/listener/LifecycleNotifier beforeContainerStart (Lio/qameta/allure/model/TestResultContainer;)V 5 <appendix> argL0 ; # io/qameta/allure/listener/LifecycleNotifier$$Lambda+0x00000000901d0738
instanceKlass  @cpi java/util/stream/StreamSpliterators$WrappingSpliterator 151 form vmentry <vmtarget> ; # java/lang/invoke/LambdaForm$DMH+0x00000000901d4000
instanceKlass io/qameta/allure/model/TestResultContainer
instanceKlass io/qameta/allure/model/WithLinks
instanceKlass  @bci org/testng/internal/ListenerOrderDeterminer lambda$static$2 (Ljava/lang/Class;)Z 9 <appendix> member <vmtarget> ; # org/testng/internal/ListenerOrderDeterminer$$Lambda+0x00000000901d0000
instanceKlass org/testng/SuiteRunnerWorker
instanceKlass org/testng/thread/IWorker
instanceKlass  @bci org/testng/TestNG createSuiteRunner (Lorg/testng/xml/XmlSuite;)Lorg/testng/SuiteRunner; 273 <appendix> member <vmtarget> ; # org/testng/TestNG$$Lambda+0x00000000901cd6f0
instanceKlass  @bci org/testng/TestRunner addTestListener (Lorg/testng/ITestListener;)V 10 <appendix> member <vmtarget> ; # org/testng/TestRunner$$Lambda+0x00000000901cd490
instanceKlass  @bci org/testng/TestRunner addConfigurationListener (Lorg/testng/IConfigurationListener;)V 10 <appendix> member <vmtarget> ; # org/testng/TestRunner$$Lambda+0x00000000901cd230
instanceKlass org/testng/internal/DefaultListenerFactory
instanceKlass  @bci org/testng/internal/TestListenerHelper findAllListeners (Ljava/lang/Class;Lorg/testng/internal/annotations/IAnnotationFinder;)Lorg/testng/internal/TestListenerHelper$ListenerHolder; 75 <appendix> member <vmtarget> ; # org/testng/internal/TestListenerHelper$$Lambda+0x00000000901cfce0
instanceKlass  @bci org/testng/internal/TestListenerHelper findAllListeners (Ljava/lang/Class;Lorg/testng/internal/annotations/IAnnotationFinder;)Lorg/testng/internal/TestListenerHelper$ListenerHolder; 59 <appendix> argL0 ; # org/testng/internal/TestListenerHelper$$Lambda+0x00000000901cfa98
instanceKlass  @bci org/testng/internal/TestListenerHelper findAllListeners (Ljava/lang/Class;Lorg/testng/internal/annotations/IAnnotationFinder;)Lorg/testng/internal/TestListenerHelper$ListenerHolder; 45 <appendix> member <vmtarget> ; # org/testng/internal/TestListenerHelper$$Lambda+0x00000000901cf858
instanceKlass org/testng/internal/TestListenerHelper$ListenerHolder
instanceKlass org/testng/internal/TestListenerHelper
instanceKlass org/testng/internal/ConfigurationGroupMethods
instanceKlass  @bci org/testng/ClassMethodMap <init> (Ljava/util/List;Lorg/testng/internal/XmlMethodSelector;)V 85 <appendix> argL0 ; # org/testng/ClassMethodMap$$Lambda+0x00000000901ced20
instanceKlass  @bci java/util/regex/Pattern DOT ()Ljava/util/regex/Pattern$CharPredicate; 0 <appendix> argL0 ; # java/util/regex/Pattern$$Lambda+0x00000000901e48a0
instanceKlass  @bci org/testng/internal/XmlMethodSelector includeMethodFromIncludeExclude (Lorg/testng/ITestNGMethod;Z)Z 271 <appendix> argL0 ; # org/testng/internal/XmlMethodSelector$$Lambda+0x00000000901ceaf8
instanceKlass  @bci org/testng/internal/XmlMethodSelector includeMethodFromIncludeExclude (Lorg/testng/ITestNGMethod;Z)Z 256 <appendix> argL0 ; # org/testng/internal/XmlMethodSelector$$Lambda+0x00000000901ce8b0
instanceKlass org/testng/ClassMethodMap
instanceKlass  @bci org/testng/internal/NoOpTestClass getAfterTestConfigurationMethods ()[Lorg/testng/ITestNGMethod; 4 <appendix> argL0 ; # org/testng/internal/NoOpTestClass$$Lambda+0x00000000901ce450
instanceKlass  @bci org/testng/internal/NoOpTestClass getBeforeTestConfigurationMethods ()[Lorg/testng/ITestNGMethod; 4 <appendix> argL0 ; # org/testng/internal/NoOpTestClass$$Lambda+0x00000000901ce228
instanceKlass  @bci org/testng/internal/NoOpTestClass getAfterSuiteMethods ()[Lorg/testng/ITestNGMethod; 4 <appendix> argL0 ; # org/testng/internal/NoOpTestClass$$Lambda+0x00000000901ce000
instanceKlass  @bci org/testng/internal/NoOpTestClass getBeforeSuiteMethods ()[Lorg/testng/ITestNGMethod; 4 <appendix> argL0 ; # org/testng/internal/NoOpTestClass$$Lambda+0x00000000901cbd78
instanceKlass  @bci org/testng/TestRunner afterClassConfigMethods (Lorg/testng/ITestClass;)[Lorg/testng/ITestNGMethod; 4 <appendix> argL0 ; # org/testng/TestRunner$$Lambda+0x00000000901cbb50
instanceKlass  @bci org/testng/internal/NoOpTestClass getAfterTestMethods ()[Lorg/testng/ITestNGMethod; 4 <appendix> argL0 ; # org/testng/internal/NoOpTestClass$$Lambda+0x00000000901cb928
instanceKlass  @bci org/testng/internal/NoOpTestClass getBeforeTestMethods ()[Lorg/testng/ITestNGMethod; 4 <appendix> argL0 ; # org/testng/internal/NoOpTestClass$$Lambda+0x00000000901cb700
instanceKlass  @bci org/testng/TestRunner beforeClassConfigMethods (Lorg/testng/ITestClass;)[Lorg/testng/ITestNGMethod; 4 <appendix> argL0 ; # org/testng/TestRunner$$Lambda+0x00000000901cb4d8
instanceKlass java/util/stream/ReduceOps$2ReducingSink
instanceKlass  @bci org/testng/TestClass getAllClassLevelConfigs (Ljava/util/IdentityHashMap;)Ljava/util/List; 9 <appendix> argL0 ; # org/testng/TestClass$$Lambda+0x00000000901cb288
instanceKlass java/util/IdentityHashMap$IdentityHashMapSpliterator
instanceKlass  @bci org/testng/internal/NoOpTestClass getAfterGroupsMethods ()[Lorg/testng/ITestNGMethod; 4 <appendix> argL0 ; # org/testng/internal/NoOpTestClass$$Lambda+0x00000000901cb060
instanceKlass  @bci java/util/stream/Nodes$CollectorTask$OfRef <init> (Ljava/util/stream/PipelineHelper;Ljava/util/function/IntFunction;Ljava/util/Spliterator;)V 9 <appendix> argL0 ; # java/util/stream/Nodes$CollectorTask$OfRef$$Lambda+0x00000000901e3878
instanceKlass  @bci java/util/stream/Nodes$CollectorTask$OfRef <init> (Ljava/util/stream/PipelineHelper;Ljava/util/function/IntFunction;Ljava/util/Spliterator;)V 4 <appendix> member <vmtarget> ; # java/util/stream/Nodes$CollectorTask$OfRef$$Lambda+0x00000000901e3648
instanceKlass  @cpi java/util/stream/Nodes$CollectorTask$OfRef 63 form vmentry <vmtarget> ; # java/lang/invoke/LambdaForm$DMH+0x00000000901ccc00
instanceKlass java/util/function/LongFunction
instanceKlass  @bci java/util/stream/Nodes castingArray ()Ljava/util/function/IntFunction; 0 <appendix> argL0 ; # java/util/stream/Nodes$$Lambda+0x00000000901e2b98
instanceKlass  @bci org/testng/internal/Graph topologicalSort ()V 36 <appendix> argL0 ; # org/testng/internal/Graph$$Lambda+0x00000000901cae18
instanceKlass  @bci org/testng/internal/Graph topologicalSort ()V 26 <appendix> member <vmtarget> ; # org/testng/internal/Graph$$Lambda+0x00000000901cabb8
instanceKlass  @bci java/util/stream/Collectors toMap (Ljava/util/function/Function;Ljava/util/function/Function;Ljava/util/function/BinaryOperator;Ljava/util/function/Supplier;)Ljava/util/stream/Collector; 3 <appendix> member <vmtarget> ; # java/util/stream/Collectors$$Lambda+0x00000000901e2958
instanceKlass  @bci org/testng/internal/Graph initializeIndependentNodes ()V 48 <appendix> argL0 ; # org/testng/internal/Graph$$Lambda+0x00000000901ca990
instanceKlass  @bci org/testng/internal/Graph initializeIndependentNodes ()V 43 <appendix> argL0 ; # org/testng/internal/Graph$$Lambda+0x00000000901ca740
instanceKlass  @bci java/util/function/Function identity ()Ljava/util/function/Function; 0 <appendix> argL0 ; # java/util/function/Function$$Lambda+0x00000000901e2710
instanceKlass  @bci org/testng/internal/Graph initializeIndependentNodes ()V 35 <appendix> argL0 ; # org/testng/internal/Graph$$Lambda+0x00000000901ca4f8
instanceKlass  @bci org/testng/internal/Graph log (Ljava/lang/String;)V 1 <appendix> member <vmtarget> ; # org/testng/internal/Graph$$Lambda+0x00000000901ca2c8
instanceKlass  @bci org/testng/internal/Graph addNode (Ljava/lang/Object;)V 1 <appendix> member <vmtarget> ; # org/testng/internal/Graph$$Lambda+0x00000000901ca098
instanceKlass  @bci org/testng/internal/MethodHelper sortMethodsByInstance ([Lorg/testng/ITestNGMethod;)Ljava/util/Map; 22 <appendix> argL0 ; # org/testng/internal/MethodHelper$$Lambda+0x00000000901c9e50
instanceKlass  @bci org/testng/internal/MethodHelper sortMethodsByInstance ([Lorg/testng/ITestNGMethod;)Ljava/util/Map; 12 <appendix> argL0 ; # org/testng/internal/MethodHelper$$Lambda+0x00000000901c9bf8
instanceKlass java/util/stream/Nodes$ArrayNode
instanceKlass  @bci org/testng/internal/MethodHelper sortMethods (ZLjava/util/List;Ljava/util/Comparator;)Ljava/util/List; 107 <appendix> argL0 ; # org/testng/internal/MethodHelper$$Lambda+0x00000000901c99d0
instanceKlass java/util/stream/DoubleStream
instanceKlass java/util/stream/IntStream
instanceKlass java/util/stream/LongStream
instanceKlass java/util/stream/SortedOps
instanceKlass  @bci org/testng/internal/MethodHelper bubbleUpIndependentMethodsFirst ()Ljava/util/Comparator; 0 <appendix> argL0 ; # org/testng/internal/MethodHelper$$Lambda+0x00000000901c9730
instanceKlass  @bci org/testng/internal/MethodInheritance fixMethodInheritance ([Lorg/testng/ITestNGMethod;Z)V 177 <appendix> member <vmtarget> ; # org/testng/internal/MethodInheritance$$Lambda+0x00000000901c94f0
instanceKlass  @cpi org/testng/internal/MethodInheritance 342 form vmentry <vmtarget> ; # java/lang/invoke/LambdaForm$DMH+0x00000000901cc800
instanceKlass  @bci org/testng/internal/MethodInheritance fixMethodInheritance ([Lorg/testng/ITestNGMethod;Z)V 165 <appendix> argL0 ; # org/testng/internal/MethodInheritance$$Lambda+0x00000000901c9298
instanceKlass  @bci org/testng/internal/MethodInheritance findSubClass (Ljava/util/Map;Ljava/lang/Class;)Ljava/lang/Class; 25 <appendix> member <vmtarget> ; # org/testng/internal/MethodInheritance$$Lambda+0x00000000901c9038
instanceKlass  @bci org/testng/internal/MethodInheritance findMethodListSuperClass (Ljava/util/Map;Ljava/lang/Class;)Ljava/util/List; 30 <appendix> argL0 ; # org/testng/internal/MethodInheritance$$Lambda+0x00000000901c8df0
instanceKlass  @bci org/testng/internal/MethodInheritance findMethodListSuperClass (Ljava/util/Map;Ljava/lang/Class;)Ljava/util/List; 20 <appendix> member <vmtarget> ; # org/testng/internal/MethodInheritance$$Lambda+0x00000000901c8b90
instanceKlass  @bci org/testng/internal/MethodInheritance <clinit> ()V 0 <appendix> argL0 ; # org/testng/internal/MethodInheritance$$Lambda+0x00000000901c88f0
instanceKlass org/testng/internal/MethodInheritance
instanceKlass  @bci org/testng/internal/XmlMethodSelector logInclusion (Ljava/lang/String;Ljava/lang/String;Ljava/lang/String;)V 16 <appendix> form vmentry <vmtarget> ; # java/lang/invoke/LambdaForm$MH+0x00000000901cc400
instanceKlass  @bci org/testng/collections/MultiMap get (Ljava/lang/Object;)Ljava/util/Collection; 6 <appendix> member <vmtarget> ; # org/testng/collections/MultiMap$$Lambda+0x00000000901c8490
instanceKlass  @bci org/testng/internal/MethodGroupsHelper findGroupTransitiveClosure (Ljava/util/List;Ljava/util/List;[Ljava/lang/String;Ljava/util/Set;Ljava/util/Set;)V 38 <appendix> argL0 ; # org/testng/internal/MethodGroupsHelper$$Lambda+0x00000000901c8248
instanceKlass  @bci org/testng/internal/MethodGroupsHelper findGroupTransitiveClosure (Ljava/util/List;Ljava/util/List;[Ljava/lang/String;Ljava/util/Set;Ljava/util/Set;)V 33 <appendix> argL0 ; # org/testng/internal/MethodGroupsHelper$$Lambda+0x00000000901c8000
instanceKlass  @bci org/testng/internal/MethodGroupsHelper findGroupTransitiveClosure (Ljava/util/List;Ljava/util/List;[Ljava/lang/String;Ljava/util/Set;Ljava/util/Set;)V 11 <appendix> argL0 ; # org/testng/internal/MethodGroupsHelper$$Lambda+0x00000000901c3bb8
instanceKlass  @bci org/testng/internal/MethodGroupsHelper findGroupTransitiveClosure (Ljava/util/List;Ljava/util/List;[Ljava/lang/String;Ljava/util/Set;Ljava/util/Set;)V 6 <appendix> argL0 ; # org/testng/internal/MethodGroupsHelper$$Lambda+0x00000000901c3970
instanceKlass org/testng/internal/DefaultMethodSelectorContext
instanceKlass  @bci org/testng/internal/ConfigurationMethod <init> (Lorg/testng/ITestObjectFactory;Lorg/testng/internal/ConstructorOrMethod;Lorg/testng/internal/annotations/IAnnotationFinder;ZZZZZZZZZ[Ljava/lang/String;[Ljava/lang/String;ZLorg/testng/internal/IObject$IdentifiableObject;)V 41 <appendix> argL0 ; # org/testng/internal/ConfigurationMethod$$Lambda+0x00000000901c34c0
instanceKlass  @bci org/testng/internal/ConfigurationMethod <init> (Lorg/testng/ITestObjectFactory;Lorg/testng/internal/ConstructorOrMethod;Lorg/testng/internal/annotations/IAnnotationFinder;ZZZZZZZZZ[Ljava/lang/String;[Ljava/lang/String;ZLorg/testng/internal/IObject$IdentifiableObject;)V 33 <appendix> argL0 ; # org/testng/internal/ConfigurationMethod$$Lambda+0x00000000901c3278
instanceKlass com/intellij/rt/debugger/agent/CaptureStorage$6
instanceKlass com/intellij/rt/debugger/agent/CaptureStorage$5
instanceKlass jdk/internal/vm/ThreadContainers
instanceKlass java/util/concurrent/ForkJoinPool$DefaultForkJoinWorkerThreadFactory
instanceKlass java/util/concurrent/ForkJoinPool$1
instanceKlass java/util/concurrent/ForkJoinPool$WorkQueue
instanceKlass jdk/internal/vm/StackableScope
instanceKlass java/util/concurrent/CountDownLatch
instanceKlass java/util/concurrent/ScheduledFuture
instanceKlass java/util/concurrent/Delayed
instanceKlass java/util/concurrent/ForkJoinPool$ForkJoinWorkerThreadFactory
instanceKlass jdk/internal/access/JavaUtilConcurrentFJPAccess
instanceKlass java/util/concurrent/ScheduledExecutorService
instanceKlass java/util/concurrent/ForkJoinTask$Aux
instanceKlass java/util/concurrent/ForkJoinTask
instanceKlass  @bci org/testng/internal/ConfigurationMethod createAfterConfigurationMethods (Lorg/testng/ITestObjectFactory;[Lorg/testng/ITestNGMethod;Lorg/testng/internal/annotations/IAnnotationFinder;ZLorg/testng/internal/IObject$IdentifiableObject;)Ljava/util/List; 17 <adapter> ; # java/lang/invoke/LambdaForm$MH+0x00000000901c7c00
instanceKlass  @bci org/testng/internal/ConfigurationMethod createAfterConfigurationMethods (Lorg/testng/ITestObjectFactory;[Lorg/testng/ITestNGMethod;Lorg/testng/internal/annotations/IAnnotationFinder;ZLorg/testng/internal/IObject$IdentifiableObject;)Ljava/util/List; 17 <appendix> form vmentry <vmtarget> ; # java/lang/invoke/LambdaForm$DMH+0x00000000901c7800
instanceKlass  @bci org/testng/internal/ConfigurationMethod createAfterConfigurationMethods (Lorg/testng/ITestObjectFactory;[Lorg/testng/ITestNGMethod;Lorg/testng/internal/annotations/IAnnotationFinder;ZLorg/testng/internal/IObject$IdentifiableObject;)Ljava/util/List; 17 <appendix> member <vmtarget> ; # org/testng/internal/ConfigurationMethod$$Lambda+0x00000000901c3028
instanceKlass  @cpi org/testng/internal/ConfigurationMethod 578 form vmentry <vmtarget> ; # java/lang/invoke/LambdaForm$DMH+0x00000000901c7400
instanceKlass  @bci org/testng/internal/MethodHelper topologicalSort ([Lorg/testng/ITestNGMethod;Ljava/util/List;Ljava/util/List;Ljava/util/Comparator;)Lorg/testng/internal/Graph; 5 <appendix> member <vmtarget> ; # org/testng/internal/MethodHelper$$Lambda+0x00000000901c2590
instanceKlass org/testng/internal/Graph$Node
instanceKlass org/testng/internal/Graph
instanceKlass  @bci org/testng/internal/MethodHelper collectAndOrderMethods (Ljava/util/List;ZLorg/testng/internal/RunInfo;Lorg/testng/internal/annotations/IAnnotationFinder;ZLjava/util/List;Ljava/util/Comparator;)[Lorg/testng/ITestNGMethod; 43 <adapter> ; # java/lang/invoke/LambdaForm$MH+0x00000000901c7000
instanceKlass  @bci org/testng/TestRunner logStart ()V 33 <appendix> argL0 form vmentry <vmtarget> ; # java/lang/invoke/LambdaForm$DMH+0x00000000901c6c00
instanceKlass  @bci org/testng/internal/MethodHelper collectAndOrderMethods (Ljava/util/List;ZLorg/testng/internal/RunInfo;Lorg/testng/internal/annotations/IAnnotationFinder;ZLjava/util/List;Ljava/util/Comparator;)[Lorg/testng/ITestNGMethod; 43 <appendix> form vmentry <vmtarget> ; # java/lang/invoke/LambdaForm$DMH+0x00000000901c6800
instanceKlass  @bci org/testng/internal/MethodHelper collectAndOrderMethods (Ljava/util/List;ZLorg/testng/internal/RunInfo;Lorg/testng/internal/annotations/IAnnotationFinder;ZLjava/util/List;Ljava/util/Comparator;)[Lorg/testng/ITestNGMethod; 43 <appendix> member <vmtarget> ; # org/testng/internal/MethodHelper$$Lambda+0x00000000901c1ec0
instanceKlass  @cpi org/testng/internal/MethodHelper 915 form vmentry <vmtarget> ; # java/lang/invoke/LambdaForm$DMH+0x00000000901c6400
instanceKlass  @bci org/testng/util/TimeUtils computeAndShowTime (Ljava/lang/String;Lorg/testng/util/TimeUtils$Task;)V 27 <adapter> ; # java/lang/invoke/LambdaForm$MH+0x00000000901c6000
instanceKlass  @bci org/testng/util/TimeUtils computeAndShowTime (Ljava/lang/String;Lorg/testng/util/TimeUtils$Task;)V 27 <appendix> form vmentry <vmtarget> ; # java/lang/invoke/LambdaForm$MH+0x00000000901c5c00
instanceKlass  @bci org/testng/util/TimeUtils computeAndShowTime (Ljava/lang/String;Lorg/testng/util/TimeUtils$Task;)V 27 <appendix> form names 5 function resolvedHandle form vmentry <vmtarget> ; # java/lang/invoke/LambdaForm$DMH+0x00000000901c5800
instanceKlass java/time/temporal/ValueRange
instanceKlass java/time/Instant$1
instanceKlass java/time/temporal/TemporalUnit
instanceKlass java/time/Duration
instanceKlass java/time/temporal/TemporalAmount
instanceKlass org/testng/internal/MethodGroupsHelper
instanceKlass java/time/Clock
instanceKlass java/time/InstantSource
instanceKlass java/time/Instant
instanceKlass java/time/temporal/Temporal
instanceKlass org/testng/util/TimeUtils
instanceKlass  @bci org/testng/internal/MethodHelper collectAndOrderMethods (Ljava/util/List;ZLorg/testng/internal/RunInfo;Lorg/testng/internal/annotations/IAnnotationFinder;ZLjava/util/List;Ljava/util/Comparator;)[Lorg/testng/ITestNGMethod; 26 <adapter> ; # java/lang/invoke/LambdaForm$MH+0x00000000901c5000
# instanceKlass java/lang/invoke/LambdaForm$DMH+0x00000000901c4c00
instanceKlass  @bci org/testng/internal/MethodHelper collectAndOrderMethods (Ljava/util/List;ZLorg/testng/internal/RunInfo;Lorg/testng/internal/annotations/IAnnotationFinder;ZLjava/util/List;Ljava/util/Comparator;)[Lorg/testng/ITestNGMethod; 26 <appendix> form vmentry <vmtarget> ; # java/lang/invoke/LambdaForm$DMH+0x00000000901c4800
instanceKlass  @bci org/testng/internal/MethodHelper collectAndOrderMethods (Ljava/util/List;ZLorg/testng/internal/RunInfo;Lorg/testng/internal/annotations/IAnnotationFinder;ZLjava/util/List;Ljava/util/Comparator;)[Lorg/testng/ITestNGMethod; 26 <appendix> member <vmtarget> ; # org/testng/internal/MethodHelper$$Lambda+0x00000000901c1870
instanceKlass  @cpi org/testng/internal/MethodHelper 912 form vmentry <vmtarget> ; # java/lang/invoke/LambdaForm$DMH+0x00000000901c4400
instanceKlass org/testng/util/TimeUtils$Task
instanceKlass org/testng/internal/MethodHelper
instanceKlass  @bci org/testng/internal/ClassHelper getAvailableMethodsExcludingDefaults (Ljava/lang/Class;)Ljava/util/Set; 68 <appendix> argL0 ; # org/testng/internal/ClassHelper$$Lambda+0x00000000901c1210
instanceKlass  @bci org/testng/internal/ClassHelper getAvailableMethodsExcludingDefaults (Ljava/lang/Class;)Ljava/util/Set; 47 <appendix> argL0 ; # org/testng/internal/ClassHelper$$Lambda+0x00000000901c0fd8
instanceKlass  @bci org/testng/internal/ClassHelper getAvailableMethodsExcludingDefaults (Ljava/lang/Class;)Ljava/util/Set; 37 <appendix> argL0 ; # org/testng/internal/ClassHelper$$Lambda+0x00000000901c0d80
instanceKlass  @bci java/util/stream/Collectors lambda$groupingBy$0 (Ljava/util/function/Function;Ljava/util/function/Supplier;Ljava/util/function/BiConsumer;Ljava/util/Map;Ljava/lang/Object;)V 20 <appendix> member <vmtarget> ; # java/util/stream/Collectors$$Lambda+0x0000000090135248
instanceKlass  @bci java/util/stream/Collectors mapMerger (Ljava/util/function/BinaryOperator;)Ljava/util/function/BinaryOperator; 1 <appendix> member <vmtarget> ; # java/util/stream/Collectors$$Lambda+0x0000000090134ff0
instanceKlass  @bci java/util/stream/Collectors groupingBy (Ljava/util/function/Function;Ljava/util/function/Supplier;Ljava/util/stream/Collector;)Ljava/util/stream/Collector; 19 <appendix> member <vmtarget> ; # java/util/stream/Collectors$$Lambda+0x0000000090134db0
instanceKlass  @cpi java/util/stream/Collectors 1304 form vmentry <vmtarget> ; # java/lang/invoke/LambdaForm$DMH+0x00000000901c4000
instanceKlass  @bci java/util/stream/Collectors groupingBy (Ljava/util/function/Function;Ljava/util/stream/Collector;)Ljava/util/stream/Collector; 1 <appendix> argL0 ; # java/util/stream/Collectors$$Lambda+0x0000000090134b88
instanceKlass  @bci org/testng/internal/ClassHelper getAvailableMethodsExcludingDefaults (Ljava/lang/Class;)Ljava/util/Set; 9 <appendix> argL0 ; # org/testng/internal/ClassHelper$$Lambda+0x00000000901c0b38
instanceKlass  @bci org/testng/internal/Utils stringifyTypes ([Ljava/lang/Class;)Ljava/lang/String; 4 <appendix> argL0 ; # org/testng/internal/Utils$$Lambda+0x00000000901c04a0
instanceKlass  @bci org/testng/internal/TestNGMethod findDescription (Lorg/testng/annotations/ITestAnnotation;Lorg/testng/xml/XmlTest;)Ljava/lang/String; 68 <appendix> argL0 ; # org/testng/internal/TestNGMethod$$Lambda+0x00000000901c0248
instanceKlass  @bci org/testng/internal/TestNGMethod findDescription (Lorg/testng/annotations/ITestAnnotation;Lorg/testng/xml/XmlTest;)Ljava/lang/String; 58 <appendix> argL0 ; # org/testng/internal/TestNGMethod$$Lambda+0x00000000901c0000
instanceKlass  @bci org/testng/internal/TestNGMethod findDescription (Lorg/testng/annotations/ITestAnnotation;Lorg/testng/xml/XmlTest;)Ljava/lang/String; 48 <appendix> member <vmtarget> ; # org/testng/internal/TestNGMethod$$Lambda+0x00000000901bcca8
instanceKlass  @bci org/testng/internal/TestNGMethod findDescription (Lorg/testng/annotations/ITestAnnotation;Lorg/testng/xml/XmlTest;)Ljava/lang/String; 37 <appendix> argL0 ; # org/testng/internal/TestNGMethod$$Lambda+0x00000000901bca60
instanceKlass  @bci org/testng/internal/TestNGMethod findDescription (Lorg/testng/annotations/ITestAnnotation;Lorg/testng/xml/XmlTest;)Ljava/lang/String; 27 <appendix> member <vmtarget> ; # org/testng/internal/TestNGMethod$$Lambda+0x00000000901bc800
instanceKlass  @bci org/testng/internal/BaseTestMethod getInstance ()Ljava/lang/Object; 15 <appendix> argL0 ; # org/testng/internal/BaseTestMethod$$Lambda+0x00000000901bdc80
instanceKlass  @bci org/testng/internal/BaseTestMethod getInstance ()Ljava/lang/Object; 7 <appendix> argL0 ; # org/testng/internal/BaseTestMethod$$Lambda+0x00000000901bda38
instanceKlass org/testng/internal/ConstructorOrMethod
instanceKlass org/testng/internal/BaseTestMethod
instanceKlass org/testng/internal/IInstanceIdentity
instanceKlass org/testng/internal/invokers/IInvocationStatus
instanceKlass  @bci jdk/internal/net/http/Http1Response lambda$readBody$0 (JLjava/net/http/HttpResponse$BodySubscriber;Ljava/util/concurrent/CompletableFuture;Ljdk/internal/net/http/Http1Response$ClientRefCountTracker;)V 169 <appendix> form vmentry <vmtarget> ; # java/lang/invoke/LambdaForm$DMH+0x00000000901bc400
instanceKlass  @bci org/testng/internal/annotations/AnnotationHelper findMethodsWithAnnotation (Lorg/testng/ITestObjectFactory;Ljava/lang/Class;Ljava/lang/Class;Lorg/testng/internal/annotations/IAnnotationFinder;Lorg/testng/xml/XmlTest;)[Lorg/testng/ITestNGMethod; 302 <appendix> member <vmtarget> ; # org/testng/internal/annotations/AnnotationHelper$$Lambda+0x00000000901bed98
instanceKlass  @bci java/util/stream/MatchOps makeRef (Ljava/util/function/Predicate;Ljava/util/stream/MatchOps$MatchKind;)Ljava/util/stream/TerminalOp; 20 <appendix> member <vmtarget> ; # java/util/stream/MatchOps$$Lambda+0x0000000090134958
instanceKlass java/util/stream/MatchOps$MatchOp
instanceKlass java/util/stream/MatchOps$BooleanTerminalSink
instanceKlass java/util/stream/MatchOps
instanceKlass  @bci org/testng/internal/annotations/AnnotationHelper findMethodsWithAnnotation (Lorg/testng/ITestObjectFactory;Ljava/lang/Class;Ljava/lang/Class;Lorg/testng/internal/annotations/IAnnotationFinder;Lorg/testng/xml/XmlTest;)[Lorg/testng/ITestNGMethod; 253 <appendix> argL0 ; # org/testng/internal/annotations/AnnotationHelper$$Lambda+0x00000000901beb40
instanceKlass  @bci org/testng/internal/annotations/AnnotationHelper findMethodsWithAnnotation (Lorg/testng/ITestObjectFactory;Ljava/lang/Class;Ljava/lang/Class;Lorg/testng/internal/annotations/IAnnotationFinder;Lorg/testng/xml/XmlTest;)[Lorg/testng/ITestNGMethod; 13 <appendix> argL0 ; # org/testng/internal/annotations/AnnotationHelper$$Lambda+0x00000000901be8e8
instanceKlass  @bci org/testng/TestClass initTestClassesAndInstances ()V 50 <appendix> member <vmtarget> ; # org/testng/TestClass$$Lambda+0x00000000901be6a8
instanceKlass org/testng/ITest
instanceKlass  @bci org/testng/TestClass initTestClassesAndInstances ()V 34 <appendix> argL0 ; # org/testng/TestClass$$Lambda+0x00000000901be248
instanceKlass  @bci org/testng/TestClass initTestClassesAndInstances ()V 24 <appendix> argL0 ; # org/testng/TestClass$$Lambda+0x00000000901be000
instanceKlass org/testng/internal/IParameterInfo
instanceKlass  @bci org/testng/TestClass initTestClassesAndInstances ()V 14 <appendix> argL0 ; # org/testng/TestClass$$Lambda+0x00000000901bba80
instanceKlass org/testng/internal/objects/InstanceCreator
instanceKlass org/testng/annotations/Guice
instanceKlass org/testng/internal/objects/pojo/CreationAttributes
instanceKlass org/testng/internal/objects/pojo/DetailedAttributes
instanceKlass org/testng/internal/objects/pojo/BasicAttributes
instanceKlass  @bci org/testng/internal/MethodInheritance fixMethodInheritance ([Lorg/testng/ITestNGMethod;Z)V 177 <appendix> form vmentry <vmtarget> ; # java/lang/invoke/LambdaForm$DMH+0x00000000901bc000
instanceKlass  @bci org/testng/internal/IObject objects (Ljava/lang/Object;ZLjava/lang/String;)[Lorg/testng/internal/IObject$IdentifiableObject; 6 <appendix> member <vmtarget> ; # org/testng/internal/IObject$$Lambda+0x00000000901bad40
instanceKlass org/testng/internal/NoOpTestClass
instanceKlass org/testng/internal/ITestClassConfigInfo
instanceKlass org/testng/ITestClass
instanceKlass java/util/TreeMap$PrivateEntryIterator
instanceKlass  @bci org/testng/internal/TestNGMethodFinder <clinit> ()V 0 <appendix> argL0 ; # org/testng/internal/TestNGMethodFinder$$Lambda+0x00000000901b9a10
instanceKlass org/testng/internal/TestNGMethodFinder
instanceKlass  @bci org/testng/internal/ClassHelper findDeclaredFactoryMethods (Ljava/lang/Class;Lorg/testng/internal/annotations/IAnnotationFinder;)Ljava/util/List; 9 <appendix> member <vmtarget> ; # org/testng/internal/ClassHelper$$Lambda+0x00000000901b94f8
instanceKlass org/testng/internal/ClassImpl
instanceKlass org/testng/internal/IObject
instanceKlass  @bci org/testng/internal/BaseClassFinder findOrCreateIClass (Lorg/testng/ITestContext;Ljava/lang/Class;Lorg/testng/xml/XmlClass;Lorg/testng/internal/IObject$IdentifiableObject;Lorg/testng/internal/annotations/IAnnotationFinder;Lorg/testng/ITestObjectFactory;)Lorg/testng/IClass; 14 <appendix> form vmentry <vmtarget> ; # java/lang/invoke/LambdaForm$DMH+0x00000000901b5400
instanceKlass  @bci org/testng/internal/BaseClassFinder findOrCreateIClass (Lorg/testng/ITestContext;Ljava/lang/Class;Lorg/testng/xml/XmlClass;Lorg/testng/internal/IObject$IdentifiableObject;Lorg/testng/internal/annotations/IAnnotationFinder;Lorg/testng/ITestObjectFactory;)Lorg/testng/IClass; 14 <appendix> member <vmtarget> ; # org/testng/internal/BaseClassFinder$$Lambda+0x00000000901b8db0
instanceKlass org/testng/internal/IObject$IdentifiableObject
instanceKlass jdk/internal/vm/annotation/IntrinsicCandidate
instanceKlass java/lang/Package$1PackageInfoProxy
instanceKlass org/testng/internal/annotations/BaseAnnotation
instanceKlass  @bci org/testng/internal/annotations/JDK15AnnotationFinder findAnnotation (Ljava/lang/Class;Ljava/lang/annotation/Annotation;Ljava/lang/Class;Ljava/lang/Class;Ljava/lang/reflect/Constructor;Ljava/lang/reflect/Method;Lorg/testng/internal/collections/Pair;Ljava/lang/Class;)Lorg/testng/annotations/IAnnotation; 27 <appendix> form vmentry <vmtarget> ; # java/lang/invoke/LambdaForm$DMH+0x00000000901b5000
instanceKlass  @bci org/testng/internal/annotations/JDK15AnnotationFinder findAnnotation (Ljava/lang/Class;Ljava/lang/annotation/Annotation;Ljava/lang/Class;Ljava/lang/Class;Ljava/lang/reflect/Constructor;Ljava/lang/reflect/Method;Lorg/testng/internal/collections/Pair;Ljava/lang/Class;)Lorg/testng/annotations/IAnnotation; 27 <appendix> member <vmtarget> ; # org/testng/internal/annotations/JDK15AnnotationFinder$$Lambda+0x00000000901b74c0
instanceKlass  @bci java/lang/reflect/Executable sharedToString (IZ[Ljava/lang/Class;[Ljava/lang/Class;)Ljava/lang/String; 29 <appendix> argL0 ; # java/lang/reflect/Executable$$Lambda+0x0000000090131a70
instanceKlass  @bci sun/reflect/annotation/AnnotationInvocationHandler memberValueToString (Ljava/lang/Object;)Ljava/lang/String; 407 <appendix> argL0 ; # sun/reflect/annotation/AnnotationInvocationHandler$$Lambda+0x0000000090131828
instanceKlass  @bci sun/reflect/annotation/AnnotationInvocationHandler memberValueToString (Ljava/lang/Object;)Ljava/lang/String; 355 <appendix> argL0 ; # sun/reflect/annotation/AnnotationInvocationHandler$$Lambda+0x00000000901315e0
instanceKlass  @bci java/util/stream/Collectors joining (Ljava/lang/CharSequence;Ljava/lang/CharSequence;Ljava/lang/CharSequence;)Ljava/util/stream/Collector; 22 <appendix> argL0 ; # java/util/stream/Collectors$$Lambda+0x0000000090131398
instanceKlass  @bci java/util/stream/Collectors joining (Ljava/lang/CharSequence;Ljava/lang/CharSequence;Ljava/lang/CharSequence;)Ljava/util/stream/Collector; 17 <appendix> argL0 ; # java/util/stream/Collectors$$Lambda+0x0000000090131148
instanceKlass  @bci java/util/stream/Collectors joining (Ljava/lang/CharSequence;Ljava/lang/CharSequence;Ljava/lang/CharSequence;)Ljava/util/stream/Collector; 12 <appendix> argL0 ; # java/util/stream/Collectors$$Lambda+0x0000000090130f10
instanceKlass  @bci java/util/stream/Collectors joining (Ljava/lang/CharSequence;Ljava/lang/CharSequence;Ljava/lang/CharSequence;)Ljava/util/stream/Collector; 7 <appendix> member <vmtarget> ; # java/util/stream/Collectors$$Lambda+0x800000046
instanceKlass  @bci sun/reflect/annotation/AnnotationInvocationHandler memberValueToString (Ljava/lang/Object;)Ljava/lang/String; 327 <appendix> argL0 ; # sun/reflect/annotation/AnnotationInvocationHandler$$Lambda+0x0000000090130cc8
instanceKlass org/testng/collections/Objects$ValueHolder
instanceKlass org/testng/collections/Objects$ToStringHelper
instanceKlass org/testng/collections/Objects
instanceKlass  @bci org/testng/internal/ClassHelper appendMethod (Ljava/util/Map;Ljava/lang/reflect/Method;)V 5 <appendix> argL0 ; # org/testng/internal/ClassHelper$$Lambda+0x00000000901b6c08
instanceKlass java/util/stream/ReferencePipeline$7$1FlatMap
instanceKlass  @bci org/testng/internal/reflect/ReflectionHelper getDefaultMethods (Ljava/lang/Class;)Ljava/util/List; 19 <appendix> argL0 ; # org/testng/internal/reflect/ReflectionHelper$$Lambda+0x00000000901b69b0
instanceKlass  @bci org/testng/internal/reflect/ReflectionHelper getDefaultMethods (Ljava/lang/Class;)Ljava/util/List; 9 <appendix> argL0 ; # org/testng/internal/reflect/ReflectionHelper$$Lambda+0x00000000901b6768
instanceKlass java/util/LinkedList$Node
instanceKlass org/testng/internal/reflect/ReflectionHelper
instanceKlass java/util/Arrays$ArrayItr
instanceKlass java/lang/annotation/Documented
instanceKlass jdk/jfr/MetadataDefinition
instanceKlass jdk/jfr/Description
instanceKlass org/testng/internal/annotations/DisabledRetryAnalyzer
instanceKlass org/testng/IRetryAnalyzer
instanceKlass  @bci sun/reflect/annotation/AnnotationParser parseAnnotationArray (ILjava/lang/Class;Ljava/nio/ByteBuffer;Ljdk/internal/reflect/ConstantPool;Ljava/lang/Class;)Ljava/lang/Object; 15 <appendix> member <vmtarget> ; # sun/reflect/annotation/AnnotationParser$$Lambda+0x000000009012edf0
instanceKlass org/testng/annotations/CustomAttribute
instanceKlass org/testng/annotations/IConfigurationAnnotation
instanceKlass org/testng/internal/annotations/AnnotationHelper
instanceKlass  @bci org/testng/internal/TestNGClassFinder createObjectFactory (Ljava/util/Set;Lorg/testng/ITestObjectFactory;)Lorg/testng/ITestObjectFactory; 113 <appendix> argL0 ; # org/testng/internal/TestNGClassFinder$$Lambda+0x00000000901b2cf8
instanceKlass  @bci org/testng/internal/TestNGClassFinder createObjectFactory (Ljava/util/Set;Lorg/testng/ITestObjectFactory;)Lorg/testng/ITestObjectFactory; 103 <appendix> member <vmtarget> ; # org/testng/internal/TestNGClassFinder$$Lambda+0x00000000901b2a98
instanceKlass org/testng/internal/BaseClassFinder
instanceKlass org/testng/ITestClassFinder
instanceKlass org/testng/internal/ClassInfoMap
instanceKlass org/testng/internal/MethodSelectorDescriptor
instanceKlass  @bci jdk/internal/net/http/Http1Request hostString ()Ljava/lang/String; 78 <appendix> form vmentry <vmtarget> ; # java/lang/invoke/LambdaForm$MH+0x00000000901b4c00
instanceKlass  @bci org/testng/collections/MultiMap put (Ljava/lang/Object;Ljava/lang/Object;)Z 16 <appendix> member <vmtarget> ; # org/testng/collections/MultiMap$$Lambda+0x00000000901b1ce0
instanceKlass org/openqa/selenium/WebDriver
instanceKlass org/openqa/selenium/SearchContext
instanceKlass  @bci org/testng/internal/GroupsHelper createGroups (Ljava/util/Map;Ljava/util/List;)Ljava/util/Map; 16 <appendix> argL0 ; # org/testng/internal/GroupsHelper$$Lambda+0x00000000901b1688
instanceKlass  @bci org/testng/internal/GroupsHelper createGroups (Ljava/util/Map;Ljava/util/List;)Ljava/util/Map; 11 <appendix> argL0 ; # org/testng/internal/GroupsHelper$$Lambda+0x00000000901b1440
instanceKlass org/testng/internal/GroupsHelper
instanceKlass  @bci java/util/logging/SimpleFormatter format (Ljava/util/logging/LogRecord;)Ljava/lang/String; 35 <appendix> form vmentry <vmtarget> ; # java/lang/invoke/LambdaForm$MH+0x00000000901b4400
instanceKlass org/testng/IMethodInstance
instanceKlass org/testng/IExpectedExceptionsHolder
instanceKlass org/testng/internal/invokers/IMethodRunner
instanceKlass org/testng/IInvokedMethod
instanceKlass org/testng/internal/invokers/BaseInvoker
instanceKlass  @bci org/testng/internal/invokers/Invoker <clinit> ()V 8 <appendix> argL0 ; # org/testng/internal/invokers/Invoker$$Lambda+0x00000000901ab408
instanceKlass  @bci org/testng/internal/invokers/Invoker <clinit> ()V 0 <appendix> argL0 ; # org/testng/internal/invokers/Invoker$$Lambda+0x00000000901ab1b0
instanceKlass java/util/function/BiPredicate
instanceKlass org/testng/internal/invokers/ITestInvoker
instanceKlass org/testng/internal/invokers/IConfigInvoker
instanceKlass org/testng/internal/invokers/Invoker
instanceKlass org/testng/PreserveOrderMethodInterceptor
instanceKlass  @bci org/testng/TestRunner <init> (Lorg/testng/internal/IConfiguration;Lorg/testng/ISuite;Lorg/testng/xml/XmlTest;Ljava/lang/String;Lorg/testng/internal/annotations/IAnnotationFinder;ZLjava/util/Collection;Ljava/util/List;Ljava/util/Comparator;Lorg/testng/DataProviderHolder;Lorg/testng/ISuiteRunnerListener;)V 217 <appendix> member <vmtarget> ; # org/testng/TestRunner$$Lambda+0x00000000901aa6d8
instanceKlass org/testng/IMethodSelectorContext
instanceKlass org/testng/internal/RunInfo
instanceKlass org/testng/internal/ResultMap
instanceKlass org/testng/collections/MultiMap
instanceKlass org/testng/internal/XmlMethodSelector
instanceKlass  @bci org/testng/TestRunner <init> (Lorg/testng/internal/IConfiguration;Lorg/testng/ISuite;Lorg/testng/xml/XmlTest;Ljava/lang/String;Lorg/testng/internal/annotations/IAnnotationFinder;ZLjava/util/Collection;Ljava/util/List;Ljava/util/Comparator;Lorg/testng/DataProviderHolder;Lorg/testng/ISuiteRunnerListener;)V 81 <appendix> member <vmtarget> ; # org/testng/TestRunner$$Lambda+0x00000000901af628
instanceKlass org/testng/ITestNGMethod
instanceKlass org/testng/internal/TestMethodContainer
instanceKlass org/testng/TestRunner$ConfigurationListener
instanceKlass  @bci org/testng/SuiteRunner getOutputDirectory ()Ljava/lang/String; 11 <adapter> ; # java/lang/invoke/LambdaForm$MH+0x00000000901a9800
instanceKlass  @bci org/testng/SuiteRunner getOutputDirectory ()Ljava/lang/String; 11 <appendix> form vmentry <vmtarget> ; # java/lang/invoke/LambdaForm$MH+0x00000000901a9400
instanceKlass  @bci org/testng/SuiteRunner getOutputDirectory ()Ljava/lang/String; 11 <appendix> form names 6 function resolvedHandle form vmentry <vmtarget> ; # java/lang/invoke/LambdaForm$DMH+0x00000000901a9000
instanceKlass java/lang/StringConcatHelper$StringConcatBase
instanceKlass java/lang/invoke/StringConcatFactory$InlineHiddenClassStrategy$6
instanceKlass java/lang/invoke/StringConcatFactory$InlineHiddenClassStrategy$3$4
instanceKlass java/lang/invoke/StringConcatFactory$InlineHiddenClassStrategy$4
instanceKlass java/lang/invoke/StringConcatFactory$InlineHiddenClassStrategy$3$1
instanceKlass java/lang/invoke/StringConcatFactory$InlineHiddenClassStrategy$7
instanceKlass java/lang/invoke/StringConcatFactory$InlineHiddenClassStrategy$3$2
instanceKlass java/lang/invoke/StringConcatFactory$InlineHiddenClassStrategy$5
instanceKlass java/lang/invoke/StringConcatFactory$InlineHiddenClassStrategy$3$3
instanceKlass java/lang/invoke/StringConcatFactory$InlineHiddenClassStrategy$3
instanceKlass java/lang/invoke/StringConcatFactory$InlineHiddenClassStrategy$2
instanceKlass java/lang/invoke/StringConcatFactory$InlineHiddenClassStrategy$1
instanceKlass java/lang/invoke/StringConcatFactory$InlineHiddenClassStrategy
instanceKlass org/testng/ITestMethodFinder
instanceKlass org/testng/IMethodSelector
instanceKlass org/testng/internal/invokers/IInvoker
instanceKlass org/testng/IResultMap
instanceKlass org/testng/internal/IContainer
instanceKlass org/testng/TestRunner
instanceKlass org/testng/internal/IConfigEavesdropper
instanceKlass org/testng/internal/ITestResultNotifier
instanceKlass  @bci java/util/Comparator comparingInt (Ljava/util/function/ToIntFunction;)Ljava/util/Comparator; 6 <appendix> member <vmtarget> ; # java/util/Comparator$$Lambda+0x000000009012bee0
instanceKlass java/lang/classfile/constantpool/IntegerEntry
instanceKlass sun/invoke/util/BytecodeDescriptor
instanceKlass java/lang/invoke/InnerClassLambdaMetafactory$4
instanceKlass java/lang/invoke/InnerClassLambdaMetafactory$SerializationSupport
instanceKlass  @cpi jdk/internal/net/http/Http1Request 507 form vmentry <vmtarget> ; # java/lang/invoke/LambdaForm$DMH+0x00000000901a8800
instanceKlass  @bci org/testng/SuiteRunner <init> (Lorg/testng/internal/IConfiguration;Lorg/testng/xml/XmlSuite;Ljava/lang/String;Lorg/testng/ITestRunnerFactory;ZLjava/util/List;Ljava/util/Collection;Lorg/testng/SuiteRunner$TestListenersContainer;Ljava/util/Collection;Lorg/testng/DataProviderHolder;Ljava/util/Comparator;)V 490 <appendix> argL0 ; # org/testng/SuiteRunner$$Lambda+0x00000000901ad518
instanceKlass  @cpi org/codehaus/groovy/ast/ClassNode 262 form vmentry <vmtarget> ; # java/lang/invoke/LambdaForm$DMH+0x00000000901a8400
instanceKlass java/util/function/ToIntFunction
instanceKlass org/testng/SuiteRunner$DefaultTestRunnerFactory
instanceKlass java/util/Collections$SynchronizedMap
instanceKlass org/testng/internal/Attributes
instanceKlass org/testng/SuiteRunState
instanceKlass  @bci org/testng/internal/MethodSorting parse (Ljava/lang/String;)Lorg/testng/internal/MethodSorting; 20 <appendix> member <vmtarget> ; # org/testng/internal/MethodSorting$$Lambda+0x00000000901ac7d0
instanceKlass org/testng/ITestRunnerFactory
instanceKlass org/testng/ISuiteResult
instanceKlass  @bci org/testng/SuiteRunner$TestListenersContainer <init> (Ljava/util/List;Lorg/testng/ITestListener;)V 25 <appendix> member <vmtarget> ; # org/testng/SuiteRunner$TestListenersContainer$$Lambda+0x00000000901a7150
instanceKlass org/testng/SuiteRunner
instanceKlass org/testng/ISuiteRunnerListener
instanceKlass org/testng/SuiteRunner$TestListenersContainer
instanceKlass  @bci org/testng/DataProviderHolder addInterceptors (Ljava/util/Collection;)V 2 <appendix> member <vmtarget> ; # org/testng/DataProviderHolder$$Lambda+0x00000000901a66b8
instanceKlass  @bci org/testng/DataProviderHolder addListeners (Ljava/util/Collection;)V 2 <appendix> member <vmtarget> ; # org/testng/DataProviderHolder$$Lambda+0x00000000901a6478
instanceKlass org/testng/DataProviderHolder
instanceKlass org/testng/internal/invokers/SuiteRunnerMap
instanceKlass org/testng/internal/collections/Pair
instanceKlass java/util/stream/ForEachOps$ForEachOp
instanceKlass java/util/stream/ForEachOps
instanceKlass  @bci org/testng/internal/ListenerOrderDeterminer arrange (Ljava/util/Collection;)Lorg/testng/internal/collections/Pair; 34 <appendix> member <vmtarget> ; # org/testng/internal/ListenerOrderDeterminer$$Lambda+0x00000000901a5b90
instanceKlass  @cpi org/apache/commons/lang3/stream/LangCollectors 181 form vmentry <vmtarget> ; # java/lang/invoke/LambdaForm$DMH+0x00000000901a8000
instanceKlass  @bci org/testng/internal/ListenerOrderDeterminer arrange (Ljava/util/Collection;)Lorg/testng/internal/collections/Pair; 22 <appendix> argL0 ; # org/testng/internal/ListenerOrderDeterminer$$Lambda+0x00000000901a5938
instanceKlass java/util/ArrayList$ArrayListSpliterator
instanceKlass  @bci org/testng/internal/ListenerOrderDeterminer <clinit> ()V 32 <appendix> argL0 ; # org/testng/internal/ListenerOrderDeterminer$$Lambda+0x00000000901a56e0
instanceKlass  @bci java/util/stream/Collectors toList ()Ljava/util/stream/Collector; 14 <appendix> argL0 ; # java/util/stream/Collectors$$Lambda+0x0000000090129948
instanceKlass  @bci java/util/stream/Collectors toList ()Ljava/util/stream/Collector; 9 <appendix> argL0 ; # java/util/stream/Collectors$$Lambda+0x0000000090129710
instanceKlass  @bci java/util/stream/Collectors toList ()Ljava/util/stream/Collector; 4 <appendix> argL0 ; # java/util/stream/Collectors$$Lambda+0x00000000901294e8
instanceKlass  @bci org/testng/internal/ListenerOrderDeterminer <clinit> ()V 8 <appendix> argL0 ; # org/testng/internal/ListenerOrderDeterminer$$Lambda+0x00000000901a5498
instanceKlass org/testng/internal/ListenerOrderDeterminer
instanceKlass org/testng/xml/internal/XmlSuiteUtils
instanceKlass org/testng/internal/invokers/objects/GuiceContext
instanceKlass org/testng/internal/objects/SimpleObjectDispenser
instanceKlass org/testng/internal/objects/GuiceBasedObjectDispenser
instanceKlass org/testng/internal/objects/IObjectDispenser
instanceKlass org/testng/internal/objects/Dispenser
instanceKlass io/qameta/allure/testng/config/AllureTestNgConfig
instanceKlass  @bci io/qameta/allure/testng/AllureTestNg <init> (Lio/qameta/allure/AllureLifecycle;Lio/qameta/allure/testng/AllureTestNgTestFilter;)V 29 <appendix> argL0 ; # io/qameta/allure/testng/AllureTestNg$$Lambda+0x00000000901a4140
instanceKlass  @bci io/qameta/allure/testng/AllureTestNg <init> (Lio/qameta/allure/AllureLifecycle;Lio/qameta/allure/testng/AllureTestNgTestFilter;)V 17 <appendix> argL0 ; # io/qameta/allure/testng/AllureTestNg$$Lambda+0x00000000901a3f18
instanceKlass  @bci io/qameta/allure/testng/AllureTestNg <init> (Lio/qameta/allure/AllureLifecycle;Lio/qameta/allure/testng/AllureTestNgTestFilter;)V 5 <appendix> argL0 ; # io/qameta/allure/testng/AllureTestNg$$Lambda+0x00000000901a3cf0
instanceKlass io/qameta/allure/testng/AllureTestNg$Current
instanceKlass io/qameta/allure/testfilter/TestPlanUnknown
instanceKlass io/qameta/allure/testfilter/TestPlan
instanceKlass  @bci io/qameta/allure/testfilter/FileTestPlanSupplier supply ()Ljava/util/Optional; 69 <appendix> member <vmtarget> ; # io/qameta/allure/testfilter/FileTestPlanSupplier$$Lambda+0x00000000901a3448
instanceKlass  @bci io/qameta/allure/testfilter/FileTestPlanSupplier supply ()Ljava/util/Optional; 60 <appendix> argL0 ; # io/qameta/allure/testfilter/FileTestPlanSupplier$$Lambda+0x00000000901a31f0
instanceKlass  @bci io/qameta/allure/testfilter/FileTestPlanSupplier supply ()Ljava/util/Optional; 52 <appendix> argL0 ; # io/qameta/allure/testfilter/FileTestPlanSupplier$$Lambda+0x00000000901a2f98
instanceKlass  @bci io/qameta/allure/testfilter/FileTestPlanSupplier supply ()Ljava/util/Optional; 44 <appendix> member <vmtarget> ; # io/qameta/allure/testfilter/FileTestPlanSupplier$$Lambda+0x00000000901a2d48
instanceKlass java/util/TreeMap$Entry
instanceKlass java/lang/ProcessEnvironment$CheckedEntry
instanceKlass java/lang/ProcessEnvironment$CheckedEntrySet$1
instanceKlass java/lang/ProcessEnvironment$EntryComparator
instanceKlass java/lang/ProcessEnvironment$NameComparator
instanceKlass  @bci io/qameta/allure/testfilter/FileTestPlanSupplier supply ()Ljava/util/Optional; 26 <appendix> argL0 ; # io/qameta/allure/testfilter/FileTestPlanSupplier$$Lambda+0x00000000901a2af0
instanceKlass  @bci io/qameta/allure/testfilter/FileTestPlanSupplier supply ()Ljava/util/Optional; 16 <appendix> argL0 ; # io/qameta/allure/testfilter/FileTestPlanSupplier$$Lambda+0x00000000901a2898
instanceKlass  @bci io/qameta/allure/testfilter/FileTestPlanSupplier supply ()Ljava/util/Optional; 6 <appendix> argL0 ; # io/qameta/allure/testfilter/FileTestPlanSupplier$$Lambda+0x00000000901a2650
instanceKlass io/qameta/allure/testfilter/FileTestPlanSupplier
instanceKlass io/qameta/allure/testfilter/TestPlanSupplier
instanceKlass io/qameta/allure/internal/AllureThreadContext
instanceKlass java/util/concurrent/locks/ReentrantReadWriteLock$WriteLock
instanceKlass java/util/concurrent/locks/ReentrantReadWriteLock$ReadLock
instanceKlass java/util/concurrent/locks/AbstractQueuedLongSynchronizer$Node
instanceKlass java/util/concurrent/locks/ReentrantReadWriteLock
instanceKlass io/qameta/allure/internal/AllureStorage
instanceKlass jdk/internal/foreign/MemorySessionImpl
instanceKlass java/lang/foreign/MemorySegment$Scope
instanceKlass io/qameta/allure/util/ServiceLoaderUtils
instanceKlass io/qameta/allure/listener/LifecycleNotifier
instanceKlass io/qameta/allure/listener/StepLifecycleListener
instanceKlass io/qameta/allure/listener/FixtureLifecycleListener
instanceKlass io/qameta/allure/listener/TestLifecycleListener
instanceKlass io/qameta/allure/listener/ContainerLifecycleListener
instanceKlass io/qameta/allure/listener/LifecycleListener
instanceKlass io/qameta/allure/internal/shadowed/jackson/databind/util/ArrayBuilders
instanceKlass io/qameta/allure/internal/shadowed/jackson/databind/ObjectMapper$1
instanceKlass io/qameta/allure/internal/shadowed/jackson/databind/type/ClassKey
instanceKlass io/qameta/allure/internal/shadowed/jackson/databind/ser/Serializers$Base
instanceKlass io/qameta/allure/internal/shadowed/jackson/core/Version
instanceKlass io/qameta/allure/internal/shadowed/jackson/databind/ser/BeanSerializerModifier
instanceKlass io/qameta/allure/internal/shadowed/jackson/databind/ser/Serializers
instanceKlass io/qameta/allure/internal/shadowed/jackson/databind/cfg/SerializerFactoryConfig
instanceKlass java/util/concurrent/atomic/AtomicBoolean
instanceKlass java/util/Currency
instanceKlass io/qameta/allure/internal/shadowed/jackson/databind/ser/std/StdJdkSerializers
instanceKlass io/qameta/allure/internal/shadowed/jackson/databind/ser/std/NumberSerializers
instanceKlass io/qameta/allure/internal/shadowed/jackson/databind/deser/DeserializerCache
instanceKlass io/qameta/allure/internal/shadowed/jackson/databind/KeyDeserializer
instanceKlass io/qameta/allure/internal/shadowed/jackson/databind/deser/std/StdKeyDeserializers
instanceKlass io/qameta/allure/internal/shadowed/jackson/databind/deser/KeyDeserializers
instanceKlass io/qameta/allure/internal/shadowed/jackson/databind/deser/ValueInstantiators
instanceKlass io/qameta/allure/internal/shadowed/jackson/databind/AbstractTypeResolver
instanceKlass io/qameta/allure/internal/shadowed/jackson/databind/deser/BeanDeserializerModifier
instanceKlass io/qameta/allure/internal/shadowed/jackson/databind/cfg/DeserializerFactoryConfig
instanceKlass io/qameta/allure/internal/shadowed/jackson/databind/deser/Deserializers
instanceKlass io/qameta/allure/internal/shadowed/jackson/annotation/ObjectIdGenerator
instanceKlass io/qameta/allure/internal/shadowed/jackson/databind/deser/ResolvableDeserializer
instanceKlass io/qameta/allure/internal/shadowed/jackson/databind/deser/ValueInstantiator$Gettable
instanceKlass io/qameta/allure/internal/shadowed/jackson/databind/deser/ContextualDeserializer
instanceKlass io/qameta/allure/internal/shadowed/jackson/databind/JsonDeserializer
instanceKlass io/qameta/allure/internal/shadowed/jackson/databind/deser/NullValueProvider
instanceKlass io/qameta/allure/internal/shadowed/jackson/databind/ser/SerializerCache
instanceKlass io/qameta/allure/internal/shadowed/jackson/databind/ser/ResolvableSerializer
instanceKlass io/qameta/allure/internal/shadowed/jackson/databind/ser/ContextualSerializer
instanceKlass io/qameta/allure/internal/shadowed/jackson/databind/node/JsonNodeFactory
instanceKlass io/qameta/allure/internal/shadowed/jackson/databind/node/JsonNodeCreator
instanceKlass io/qameta/allure/internal/shadowed/jackson/databind/cfg/ContextAttributes
instanceKlass io/qameta/allure/internal/shadowed/jackson/databind/cfg/DatatypeFeature
instanceKlass io/qameta/allure/internal/shadowed/jackson/databind/cfg/DatatypeFeatures$DefaultHolder
instanceKlass io/qameta/allure/internal/shadowed/jackson/databind/cfg/DatatypeFeatures
instanceKlass io/qameta/allure/internal/shadowed/jackson/core/util/DefaultPrettyPrinter$NopIndenter
instanceKlass io/qameta/allure/internal/shadowed/jackson/core/util/Separators
instanceKlass io/qameta/allure/internal/shadowed/jackson/core/util/DefaultPrettyPrinter$Indenter
instanceKlass io/qameta/allure/internal/shadowed/jackson/core/util/DefaultPrettyPrinter
instanceKlass io/qameta/allure/internal/shadowed/jackson/core/util/Instantiatable
instanceKlass io/qameta/allure/internal/shadowed/jackson/databind/cfg/ConfigFeature
instanceKlass io/qameta/allure/internal/shadowed/jackson/databind/cfg/ConfigOverride
instanceKlass io/qameta/allure/internal/shadowed/jackson/annotation/JsonFormat$Features
instanceKlass io/qameta/allure/internal/shadowed/jackson/annotation/JsonFormat$Value
instanceKlass io/qameta/allure/internal/shadowed/jackson/core/PrettyPrinter
instanceKlass io/qameta/allure/internal/shadowed/jackson/databind/cfg/CoercionConfig
instanceKlass io/qameta/allure/internal/shadowed/jackson/databind/cfg/CoercionConfigs
instanceKlass io/qameta/allure/internal/shadowed/jackson/databind/introspect/VisibilityChecker$Std
instanceKlass io/qameta/allure/internal/shadowed/jackson/annotation/JsonSetter$Value
instanceKlass io/qameta/allure/internal/shadowed/jackson/annotation/JsonInclude$Value
instanceKlass io/qameta/allure/internal/shadowed/jackson/annotation/JacksonAnnotationValue
instanceKlass io/qameta/allure/internal/shadowed/jackson/databind/cfg/ConfigOverrides
instanceKlass io/qameta/allure/internal/shadowed/jackson/databind/introspect/AnnotatedClass$Creators
instanceKlass io/qameta/allure/internal/shadowed/jackson/databind/introspect/AnnotationCollector$NoAnnotations
instanceKlass io/qameta/allure/internal/shadowed/jackson/databind/util/Annotations
instanceKlass io/qameta/allure/internal/shadowed/jackson/databind/introspect/AnnotationCollector
instanceKlass io/qameta/allure/internal/shadowed/jackson/databind/introspect/AnnotatedClassResolver
instanceKlass io/qameta/allure/internal/shadowed/jackson/databind/BeanDescription
instanceKlass io/qameta/allure/internal/shadowed/jackson/databind/cfg/MapperConfig
instanceKlass io/qameta/allure/internal/shadowed/jackson/databind/introspect/SimpleMixInResolver
instanceKlass io/qameta/allure/internal/shadowed/jackson/databind/introspect/ClassIntrospector$MixInResolver
instanceKlass io/qameta/allure/internal/shadowed/jackson/databind/util/RootNameLookup
instanceKlass io/qameta/allure/internal/shadowed/jackson/core/sym/CharsToNameCanonicalizer$Bucket
instanceKlass io/qameta/allure/internal/shadowed/jackson/core/sym/CharsToNameCanonicalizer$TableInfo
instanceKlass io/qameta/allure/internal/shadowed/jackson/core/sym/CharsToNameCanonicalizer
instanceKlass io/qameta/allure/internal/shadowed/jackson/core/ErrorReportConfiguration
instanceKlass io/qameta/allure/internal/shadowed/jackson/core/StreamWriteConstraints
instanceKlass io/qameta/allure/internal/shadowed/jackson/core/StreamReadConstraints
instanceKlass io/qameta/allure/internal/shadowed/jackson/core/util/RecyclerPool$WithPool
instanceKlass io/qameta/allure/internal/shadowed/jackson/core/util/RecyclerPool$ThreadLocalPoolBase
instanceKlass io/qameta/allure/internal/shadowed/jackson/core/util/RecyclerPool
instanceKlass io/qameta/allure/internal/shadowed/jackson/core/util/JsonRecyclerPools
instanceKlass io/qameta/allure/internal/shadowed/jackson/core/sym/ByteQuadsCanonicalizer$TableInfo
instanceKlass io/qameta/allure/internal/shadowed/jackson/core/sym/ByteQuadsCanonicalizer
instanceKlass io/qameta/allure/internal/shadowed/jackson/core/io/CharTypes
instanceKlass io/qameta/allure/internal/shadowed/jackson/core/io/JsonStringEncoder
instanceKlass io/qameta/allure/internal/shadowed/jackson/core/io/SerializedString
instanceKlass io/qameta/allure/internal/shadowed/jackson/core/util/JacksonFeature
instanceKlass io/qameta/allure/internal/shadowed/jackson/core/async/ByteBufferFeeder
instanceKlass io/qameta/allure/internal/shadowed/jackson/core/async/ByteArrayFeeder
instanceKlass io/qameta/allure/internal/shadowed/jackson/core/async/NonBlockingInputFeeder
instanceKlass io/qameta/allure/internal/shadowed/jackson/core/TSFBuilder
instanceKlass io/qameta/allure/internal/shadowed/jackson/core/SerializableString
instanceKlass io/qameta/allure/internal/shadowed/jackson/databind/cfg/MapperBuilder
instanceKlass io/qameta/allure/internal/shadowed/jackson/databind/cfg/DefaultCacheProvider
instanceKlass io/qameta/allure/internal/shadowed/jackson/databind/cfg/CacheProvider
instanceKlass io/qameta/allure/internal/shadowed/jackson/databind/introspect/AccessorNamingStrategy
instanceKlass io/qameta/allure/internal/shadowed/jackson/core/Base64Variant
instanceKlass io/qameta/allure/internal/shadowed/jackson/core/Base64Variants
instanceKlass java/text/DigitList
instanceKlass java/text/DecimalFormatSymbols
instanceKlass java/text/DateFormatSymbols
instanceKlass sun/util/resources/Bundles$CacheKeyReference
instanceKlass  @bci sun/util/cldr/CLDRLocaleProviderAdapter applyAliases (Ljava/util/Locale;)Ljava/util/Locale; 4 <appendix> argL0 ; # sun/util/cldr/CLDRLocaleProviderAdapter$$Lambda+0x0000000090121fe8
instanceKlass sun/util/resources/Bundles$CacheKey
instanceKlass sun/util/resources/Bundles
instanceKlass sun/util/resources/LocaleData$LocaleDataStrategy
instanceKlass sun/util/resources/Bundles$Strategy
instanceKlass sun/util/resources/LocaleData
instanceKlass java/util/regex/ASCII
instanceKlass sun/util/locale/provider/LocaleResources
instanceKlass java/util/stream/AbstractSpinedBuffer
instanceKlass java/util/stream/Nodes$EmptyNode
instanceKlass java/util/stream/Nodes$AbstractConcNode
instanceKlass java/util/stream/Node$Builder$OfLong
instanceKlass java/util/stream/Sink$OfLong
instanceKlass java/util/function/LongConsumer
instanceKlass java/util/stream/Node$Builder$OfInt
instanceKlass java/util/stream/Sink$OfInt
instanceKlass java/util/function/IntConsumer
instanceKlass java/util/stream/Node$Builder$OfDouble
instanceKlass java/util/stream/Sink$OfDouble
instanceKlass java/util/function/DoubleConsumer
instanceKlass java/util/stream/Node$Builder
instanceKlass java/util/stream/Node$OfDouble
instanceKlass java/util/stream/Node$OfLong
instanceKlass java/util/stream/Node$OfInt
instanceKlass java/util/stream/Node$OfPrimitive
instanceKlass java/util/stream/Node
instanceKlass java/util/stream/Nodes
instanceKlass  @bci sun/util/locale/provider/LocaleProviderAdapter toLocaleArray (Ljava/util/Set;)[Ljava/util/Locale; 21 <appendix> argL0 ; # sun/util/locale/provider/LocaleProviderAdapter$$Lambda+0x000000009011b8e8
instanceKlass java/util/stream/DistinctOps
instanceKlass  @bci sun/util/locale/provider/LocaleProviderAdapter toLocaleArray (Ljava/util/Set;)[Ljava/util/Locale; 6 <appendix> argL0 ; # sun/util/locale/provider/LocaleProviderAdapter$$Lambda+0x000000009011a820
instanceKlass sun/util/locale/provider/CalendarDataUtility$CalendarWeekParameterGetter
instanceKlass sun/util/locale/provider/LocaleServiceProviderPool
instanceKlass java/util/Locale$Builder
instanceKlass sun/util/locale/provider/CalendarDataUtility
instanceKlass sun/util/calendar/CalendarSystem$GregorianHolder
instanceKlass sun/util/calendar/CalendarSystem
instanceKlass java/util/Calendar$Builder
instanceKlass java/util/regex/IntHashSet
instanceKlass java/util/regex/Matcher
instanceKlass java/util/regex/MatchResult
instanceKlass sun/util/resources/cldr/provider/CLDRLocaleDataMetaInfo
instanceKlass jdk/internal/module/ModulePatcher$PatchedModuleReader
instanceKlass java/util/Locale$LocaleCache
instanceKlass jdk/internal/util/ReferencedKeyMap$1
instanceKlass sun/util/locale/BaseLocale$1InterningCache
instanceKlass sun/util/locale/InternalLocaleBuilder$CaseInsensitiveChar
instanceKlass sun/util/locale/InternalLocaleBuilder
instanceKlass sun/util/locale/StringTokenIterator
instanceKlass java/text/ParsePosition
instanceKlass sun/util/cldr/CLDRBaseLocaleDataMetaInfo
instanceKlass sun/util/locale/provider/LocaleDataMetaInfo
instanceKlass sun/util/locale/provider/AvailableLanguageTags
instanceKlass sun/util/locale/provider/ResourceBundleBasedAdapter
instanceKlass sun/util/locale/provider/LocaleProviderAdapter
instanceKlass java/util/spi/LocaleServiceProvider
instanceKlass sun/util/calendar/CalendarUtils
instanceKlass  @bci java/util/regex/Pattern Single (I)Ljava/util/regex/Pattern$BmpCharPredicate; 1 <appendix> member <vmtarget> ; # java/util/regex/Pattern$$Lambda+0x000000009010d990
instanceKlass java/util/regex/Pattern$TreeInfo
instanceKlass java/util/regex/Pattern$BitClass
instanceKlass  @bci java/util/regex/CharPredicates ASCII_DIGIT ()Ljava/util/regex/Pattern$BmpCharPredicate; 0 <appendix> argL0 ; # java/util/regex/CharPredicates$$Lambda+0x000000009010cbd0
instanceKlass java/util/regex/Pattern$BmpCharPredicate
instanceKlass java/util/regex/CharPredicates
instanceKlass java/util/regex/Pattern$Node
instanceKlass java/util/regex/Pattern$CharPredicate
instanceKlass java/util/regex/Pattern
instanceKlass java/util/Calendar
instanceKlass io/qameta/allure/internal/shadowed/jackson/databind/type/TypeBindings
instanceKlass io/qameta/allure/internal/shadowed/jackson/databind/type/TypeParser
instanceKlass io/qameta/allure/internal/shadowed/jackson/databind/type/TypeFactory
instanceKlass sun/util/calendar/ZoneInfoFile$ZoneOffsetTransitionRule
instanceKlass jdk/internal/util/ByteArray
instanceKlass sun/util/calendar/ZoneInfoFile
instanceKlass sun/util/calendar/CalendarDate
instanceKlass java/time/temporal/TemporalAdjuster
instanceKlass java/time/ZoneId
instanceKlass java/util/TimeZone
instanceKlass io/qameta/allure/internal/shadowed/jackson/databind/cfg/BaseSettings
instanceKlass java/util/concurrent/atomic/AtomicReferenceArray
instanceKlass java/util/concurrent/atomic/AtomicLongArray
instanceKlass java/util/concurrent/atomic/AtomicReference
instanceKlass java/util/concurrent/ConcurrentLinkedQueue$Node
instanceKlass io/qameta/allure/internal/shadowed/jackson/databind/util/internal/Linked
instanceKlass io/qameta/allure/internal/shadowed/jackson/databind/util/internal/PrivateMaxEntriesMap$Builder
instanceKlass io/qameta/allure/internal/shadowed/jackson/databind/util/LRUMap
instanceKlass io/qameta/allure/internal/shadowed/jackson/databind/util/LookupCache
instanceKlass java/beans/ConstructorProperties
instanceKlass java/beans/Transient
instanceKlass java/lang/reflect/AnnotatedType
instanceKlass io/qameta/allure/internal/shadowed/jackson/databind/util/ClassUtil$Ctor
instanceKlass io/qameta/allure/internal/shadowed/jackson/databind/util/ClassUtil
instanceKlass io/qameta/allure/internal/shadowed/jackson/databind/ext/Java7Support
instanceKlass io/qameta/allure/internal/shadowed/jackson/annotation/JsonMerge
instanceKlass io/qameta/allure/internal/shadowed/jackson/databind/annotation/JsonDeserialize
instanceKlass io/qameta/allure/internal/shadowed/jackson/annotation/JsonManagedReference
instanceKlass io/qameta/allure/internal/shadowed/jackson/annotation/JsonBackReference
instanceKlass io/qameta/allure/internal/shadowed/jackson/annotation/JsonUnwrapped
instanceKlass io/qameta/allure/internal/shadowed/jackson/annotation/JsonRawValue
instanceKlass io/qameta/allure/internal/shadowed/jackson/annotation/JsonTypeInfo
instanceKlass io/qameta/allure/internal/shadowed/jackson/annotation/JsonFormat
instanceKlass io/qameta/allure/internal/shadowed/jackson/annotation/JsonView
instanceKlass io/qameta/allure/internal/shadowed/jackson/databind/annotation/JsonSerialize
instanceKlass io/qameta/allure/internal/shadowed/jackson/databind/introspect/ConcreteBeanPropertyBase
instanceKlass io/qameta/allure/internal/shadowed/jackson/databind/BeanProperty
instanceKlass io/qameta/allure/internal/shadowed/jackson/databind/introspect/BeanPropertyDefinition
instanceKlass io/qameta/allure/internal/shadowed/jackson/databind/util/Named
instanceKlass io/qameta/allure/internal/shadowed/jackson/databind/introspect/TypeResolutionContext
instanceKlass io/qameta/allure/internal/shadowed/jackson/databind/introspect/Annotated
instanceKlass io/qameta/allure/internal/shadowed/jackson/databind/Module$SetupContext
instanceKlass io/qameta/allure/internal/shadowed/jackson/databind/introspect/ClassIntrospector
instanceKlass io/qameta/allure/internal/shadowed/jackson/databind/introspect/VisibilityChecker
instanceKlass io/qameta/allure/internal/shadowed/jackson/core/type/ResolvedType
instanceKlass io/qameta/allure/internal/shadowed/jackson/core/util/BufferRecycler$Gettable
instanceKlass io/qameta/allure/internal/shadowed/jackson/core/JsonParser
instanceKlass io/qameta/allure/internal/shadowed/jackson/databind/jsontype/TypeResolverBuilder
instanceKlass io/qameta/allure/internal/shadowed/jackson/core/JsonGenerator
instanceKlass io/qameta/allure/internal/shadowed/jackson/databind/JsonSerializable$Base
instanceKlass io/qameta/allure/internal/shadowed/jackson/databind/JsonSerializable
instanceKlass io/qameta/allure/internal/shadowed/jackson/core/TreeNode
instanceKlass io/qameta/allure/internal/shadowed/jackson/databind/jsontype/PolymorphicTypeValidator
instanceKlass io/qameta/allure/internal/shadowed/jackson/databind/introspect/AccessorNamingStrategy$Provider
instanceKlass io/qameta/allure/internal/shadowed/jackson/databind/AnnotationIntrospector
instanceKlass io/qameta/allure/internal/shadowed/jackson/databind/ser/SerializerFactory
instanceKlass io/qameta/allure/internal/shadowed/jackson/databind/deser/DeserializerFactory
instanceKlass io/qameta/allure/internal/shadowed/jackson/databind/DatabindContext
instanceKlass io/qameta/allure/internal/shadowed/jackson/databind/jsontype/SubtypeResolver
instanceKlass io/qameta/allure/internal/shadowed/jackson/core/TokenStreamFactory
instanceKlass io/qameta/allure/internal/shadowed/jackson/core/TreeCodec
instanceKlass io/qameta/allure/internal/shadowed/jackson/databind/Module
instanceKlass io/qameta/allure/internal/shadowed/jackson/core/Versioned
instanceKlass io/qameta/allure/internal/shadowed/jackson/databind/jsonschema/SchemaAware
instanceKlass io/qameta/allure/internal/shadowed/jackson/databind/JsonSerializer
instanceKlass io/qameta/allure/internal/shadowed/jackson/databind/jsonFormatVisitors/JsonFormatVisitable
instanceKlass io/qameta/allure/internal/Allure2ModelJackson
instanceKlass io/qameta/allure/FileSystemResultsWriter
instanceKlass io/qameta/allure/util/PropertiesUtils
instanceKlass io/qameta/allure/AllureResultsWriter
instanceKlass io/qameta/allure/Allure
instanceKlass org/testng/ITestContext
instanceKlass io/qameta/allure/testng/AllureTestNgTestFilter
instanceKlass io/qameta/allure/AllureLifecycle
instanceKlass org/testng/IClass
instanceKlass java/util/concurrent/locks/ReadWriteLock
instanceKlass io/qameta/allure/testng/AllureTestNg
# instanceKlass java/lang/invoke/LambdaForm$MH+0x0000000090141000
# instanceKlass java/lang/invoke/LambdaForm$MH+0x0000000090140c00
instanceKlass  @cpi javax/crypto/spec/SecretKeySpec 169 form vmentry <vmtarget> ; # java/lang/invoke/LambdaForm$DMH+0x0000000090140800
instanceKlass org/testng/ITestResult
instanceKlass com/intellij/rt/testng/IDEATestNGInvokedMethodListener
instanceKlass com/intellij/rt/testng/IDEATestNGConfigurationListener
instanceKlass com/intellij/rt/testng/IDEATestNGTestListener
instanceKlass org/testng/IDataProviderInterceptor
instanceKlass org/testng/IDataProviderListener
instanceKlass org/testng/IAlterSuiteListener
instanceKlass org/testng/IConfigurationListener
instanceKlass org/testng/IConfigurable
instanceKlass org/testng/IHookable
instanceKlass org/testng/IInvokedMethodListener
instanceKlass org/testng/IMethodInterceptor
instanceKlass org/testng/IClassListener
instanceKlass org/testng/IExecutionVisualiser
instanceKlass com/intellij/rt/testng/IDEATestNGSuiteListener
instanceKlass org/testng/ISuiteListener
instanceKlass com/intellij/rt/testng/IDEATestNGRemoteListener$ExposedTestResult
instanceKlass com/intellij/rt/testng/IDEATestNGRemoteListener
instanceKlass  @bci org/testng/TestNG processParallelModeCommandLineArgs (Lorg/testng/xml/XmlSuite;)V 42 <appendix> member <vmtarget> ; # org/testng/TestNG$$Lambda+0x00000000900dabf0
instanceKlass org/testng/xml/XmlInclude
instanceKlass org/testng/xml/TestNGContentHandler$Include
instanceKlass QAcart/Testing_UI/Base/BaseTest
instanceKlass org/testng/xml/XmlClass
instanceKlass jdk/internal/util/ByteArrayLittleEndian
instanceKlass org/testng/xml/XmlTest
instanceKlass  @bci org/testng/xml/TestNGContentHandler xmlSuite (ZLorg/xml/sax/Attributes;)V 421 <appendix> member <vmtarget> ; # org/testng/xml/TestNGContentHandler$$Lambda+0x00000000900d99e8
instanceKlass  @bci org/testng/xml/TestNGContentHandler xmlSuite (ZLorg/xml/sax/Attributes;)V 394 <appendix> member <vmtarget> ; # org/testng/xml/TestNGContentHandler$$Lambda+0x00000000900d97a8
instanceKlass sun/security/provider/AbstractDrbg$NonceProvider
instanceKlass  @bci sun/security/provider/AbstractDrbg$SeederHolder <clinit> ()V 42 <appendix> member <vmtarget> ; # sun/security/provider/AbstractDrbg$SeederHolder$$Lambda+0x0000000090100a08
instanceKlass  @cpi sun/security/provider/AbstractDrbg$SeederHolder 91 form vmentry <vmtarget> ; # java/lang/invoke/LambdaForm$DMH+0x0000000090140400
# instanceKlass java/lang/invoke/LambdaForm$DMH+0x0000000090140000
instanceKlass sun/nio/fs/WindowsDirectoryStream$WindowsDirectoryIterator
instanceKlass sun/nio/fs/WindowsDirectoryStream
instanceKlass java/nio/file/Files$AcceptAllFilter
instanceKlass java/net/NetworkInterface$1
instanceKlass java/net/DefaultInterface
instanceKlass java/net/InterfaceAddress
instanceKlass sun/security/provider/ByteArrayAccess$BE
instanceKlass sun/security/provider/ByteArrayAccess
instanceKlass sun/security/jca/GetInstance$Instance
instanceKlass sun/security/jca/GetInstance
instanceKlass sun/security/util/MessageDigestSpi2
instanceKlass java/security/MessageDigestSpi
instanceKlass sun/security/provider/SeedGenerator
instanceKlass sun/security/provider/AbstractDrbg$SeederHolder
instanceKlass java/security/DrbgParameters$NextBytes
instanceKlass  @bci sun/security/provider/AbstractDrbg <clinit> ()V 12 <appendix> argL0 ; # sun/security/provider/AbstractDrbg$$Lambda+0x00000000900ff920
instanceKlass  @cpi sun/security/provider/AbstractDrbg 383 form vmentry <vmtarget> ; # java/lang/invoke/LambdaForm$DMH+0x00000000900dcc00
# instanceKlass java/lang/invoke/LambdaForm$DMH+0x00000000900dc800
instanceKlass sun/security/provider/EntropySource
instanceKlass java/security/DrbgParameters$Instantiation
instanceKlass java/security/DrbgParameters
instanceKlass sun/security/provider/MoreDrbgParameters
instanceKlass sun/security/provider/AbstractDrbg
instanceKlass sun/security/util/SecurityProviderConstants
instanceKlass java/security/Provider$UString
instanceKlass java/security/Provider$Service
instanceKlass sun/security/provider/NativePRNG$NonBlocking
instanceKlass sun/security/provider/NativePRNG$Blocking
instanceKlass sun/security/provider/NativePRNG
instanceKlass sun/security/provider/SunEntries
instanceKlass sun/security/util/SecurityConstants
instanceKlass java/util/AbstractList$Itr
instanceKlass jdk/internal/math/FloatingDecimal$ASCIIToBinaryBuffer
instanceKlass jdk/internal/math/MathUtils
instanceKlass jdk/internal/math/FloatingDecimal$PreparedASCIIToBinaryBuffer
instanceKlass jdk/internal/math/FloatingDecimal$BinaryToASCIIBuffer
instanceKlass jdk/internal/math/FloatingDecimal$ExceptionalBinaryToASCIIBuffer
instanceKlass jdk/internal/math/FloatingDecimal$ASCIIToBinaryConverter
instanceKlass jdk/internal/math/FloatingDecimal$BinaryToASCIIConverter
instanceKlass jdk/internal/math/FloatingDecimal
instanceKlass javax/security/auth/login/Configuration$Parameters
instanceKlass java/security/Policy$Parameters
instanceKlass javax/crypto/KDFParameters
instanceKlass java/security/cert/CertStoreParameters
instanceKlass java/security/SecureRandomParameters
instanceKlass java/security/Provider$EngineDescription
instanceKlass  @bci java/security/Provider <clinit> ()V 28 <appendix> argL0 ; # java/security/Provider$$Lambda+0x00000000900f80d8
instanceKlass java/security/Provider$ServiceKey
instanceKlass sun/security/jca/ProviderConfig
instanceKlass sun/security/jca/ProviderList
instanceKlass sun/security/jca/Providers
instanceKlass java/security/SecureRandomSpi
instanceKlass java/util/Random
instanceKlass java/util/random/RandomGenerator
instanceKlass java/util/UUID$Holder
instanceKlass java/util/UUID
instanceKlass com/sun/org/apache/xerces/internal/impl/Constants$ArrayEnumeration
instanceKlass com/sun/org/apache/xerces/internal/impl/Constants
instanceKlass com/sun/xml/internal/stream/StaxXMLInputSource
instanceKlass java/net/spi/URLStreamHandlerProvider
instanceKlass jdk/internal/misc/ThreadTracker
instanceKlass java/net/URL$ThreadTrackHolder
instanceKlass org/testng/xml/TestNGURLs
instanceKlass org/testng/util/Strings
instanceKlass com/sun/org/apache/xerces/internal/impl/XMLDocumentScannerImpl$DTDDriver
instanceKlass com/sun/org/apache/xerces/internal/impl/dtd/XMLContentSpec
instanceKlass com/sun/org/apache/xerces/internal/impl/dtd/models/CMNode
instanceKlass com/sun/org/apache/xerces/internal/impl/dtd/models/ContentModelValidator
instanceKlass com/sun/org/apache/xerces/internal/util/URI
instanceKlass com/sun/org/apache/xerces/internal/parsers/AbstractSAXParser$LocatorProxy
instanceKlass org/xml/sax/ext/Locator2
instanceKlass com/sun/org/apache/xerces/internal/util/XMLSymbols
instanceKlass com/sun/org/apache/xerces/internal/util/XMLChar
instanceKlass com/sun/xml/internal/stream/util/BufferAllocator
instanceKlass com/sun/xml/internal/stream/util/ThreadLocalBufferAllocator
instanceKlass com/sun/org/apache/xerces/internal/impl/XMLEntityManager$EncodingInfo
instanceKlass jdk/xml/internal/XMLLimitAnalyzer
instanceKlass com/sun/org/apache/xerces/internal/xni/parser/XMLInputSource
instanceKlass com/sun/org/apache/xerces/internal/util/ErrorHandlerWrapper
instanceKlass com/sun/org/apache/xerces/internal/impl/ExternalSubsetResolver
instanceKlass com/sun/org/apache/xerces/internal/util/EntityResolverWrapper
instanceKlass org/xml/sax/ext/EntityResolver2
instanceKlass  @bci org/testng/xml/TestNGContentHandler <init> (Ljava/lang/String;Z)V 83 <appendix> member <vmtarget> ; # org/testng/xml/TestNGContentHandler$$Lambda+0x00000000900d8d08
instanceKlass org/xml/sax/InputSource
instanceKlass java/util/ServiceLoader$ProviderImpl
instanceKlass org/testng/internal/YamlParser
instanceKlass sun/net/www/MessageHeader
instanceKlass sun/net/www/protocol/jar/JarFileFactory
instanceKlass sun/net/www/protocol/jar/URLJarFile$URLJarFileCloseController
instanceKlass java/net/FileNameMap
instanceKlass java/security/Permission
instanceKlass java/security/Guard
instanceKlass java/net/URLConnection
instanceKlass org/testng/internal/AutoCloseableLock
instanceKlass java/text/Format$FieldDelegate
instanceKlass java/text/FieldPosition
instanceKlass java/text/StringBufFactory$StringBuilderImpl
instanceKlass java/text/Format$StringBuf
instanceKlass java/text/StringBufFactory
instanceKlass java/text/AttributedCharacterIterator$Attribute
instanceKlass java/text/CharacterIterator
instanceKlass java/text/Format
instanceKlass  @bci jdk/internal/module/SystemModuleFinders$SystemModuleReader open (Ljava/lang/String;)Ljava/util/Optional; 6 <appendix> member <vmtarget> ; # jdk/internal/module/SystemModuleFinders$SystemModuleReader$$Lambda+0x00000000900e49d0
instanceKlass java/util/ResourceBundle$ResourceBundleProviderHelper
instanceKlass  @bci java/util/ResourceBundle$Control getCandidateLocales (Ljava/lang/String;Ljava/util/Locale;)Ljava/util/List; 23 <appendix> argL0 ; # java/util/ResourceBundle$Control$$Lambda+0x00000000900e4300
instanceKlass java/util/ResourceBundle$CacheKeyReference
instanceKlass java/util/ResourceBundle$CacheKey
instanceKlass  @bci java/util/ResourceBundle$Control <clinit> ()V 39 <appendix> argL0 ; # java/util/ResourceBundle$Control$$Lambda+0x00000000900e3a38
instanceKlass java/util/ResourceBundle$Control
instanceKlass java/util/ResourceBundle$1
instanceKlass jdk/internal/access/JavaUtilResourceBundleAccess
instanceKlass java/util/ResourceBundle
instanceKlass com/sun/org/apache/xerces/internal/util/SAXMessageFormatter
instanceKlass com/sun/org/apache/xerces/internal/parsers/AbstractSAXParser$AttributesProxy
instanceKlass org/xml/sax/ext/Attributes2
instanceKlass com/sun/org/apache/xerces/internal/util/FeatureState
instanceKlass com/sun/org/apache/xerces/internal/util/PropertyState
instanceKlass com/sun/org/apache/xerces/internal/impl/msg/XMLMessageFormatter
instanceKlass com/sun/org/apache/xerces/internal/impl/XMLVersionDetector
instanceKlass com/sun/org/apache/xerces/internal/impl/validation/ValidationManager
instanceKlass com/sun/org/apache/xerces/internal/impl/dv/dtd/NMTOKENDatatypeValidator
instanceKlass com/sun/org/apache/xerces/internal/impl/dv/dtd/NOTATIONDatatypeValidator
instanceKlass com/sun/org/apache/xerces/internal/impl/dv/dtd/ENTITYDatatypeValidator
instanceKlass com/sun/org/apache/xerces/internal/impl/dv/dtd/ListDatatypeValidator
instanceKlass com/sun/org/apache/xerces/internal/impl/dv/dtd/IDREFDatatypeValidator
instanceKlass com/sun/org/apache/xerces/internal/impl/dv/dtd/IDDatatypeValidator
instanceKlass com/sun/org/apache/xerces/internal/impl/dv/dtd/StringDatatypeValidator
instanceKlass com/sun/org/apache/xerces/internal/impl/dv/DatatypeValidator
instanceKlass com/sun/org/apache/xerces/internal/impl/dv/DTDDVFactory
instanceKlass com/sun/org/apache/xerces/internal/impl/dtd/DTDGrammarBucket
instanceKlass com/sun/org/apache/xerces/internal/impl/dtd/XMLAttributeDecl
instanceKlass com/sun/org/apache/xerces/internal/impl/dtd/XMLSimpleType
instanceKlass com/sun/org/apache/xerces/internal/impl/dtd/XMLElementDecl
instanceKlass com/sun/org/apache/xerces/internal/impl/validation/ValidationState
instanceKlass com/sun/org/apache/xerces/internal/impl/dv/ValidationContext
instanceKlass com/sun/org/apache/xerces/internal/impl/dtd/DTDGrammar
instanceKlass com/sun/org/apache/xerces/internal/xni/grammars/Grammar
instanceKlass com/sun/org/apache/xerces/internal/impl/validation/EntityState
instanceKlass com/sun/org/apache/xerces/internal/impl/dtd/XMLEntityDecl
instanceKlass com/sun/org/apache/xerces/internal/impl/dtd/XMLDTDProcessor
instanceKlass com/sun/org/apache/xerces/internal/xni/parser/XMLDTDContentModelFilter
instanceKlass com/sun/org/apache/xerces/internal/xni/parser/XMLDTDFilter
instanceKlass com/sun/org/apache/xerces/internal/impl/XMLDocumentScannerImpl$TrailingMiscDriver
instanceKlass com/sun/org/apache/xerces/internal/impl/XMLDocumentScannerImpl$PrologDriver
instanceKlass com/sun/org/apache/xerces/internal/impl/XMLDocumentScannerImpl$XMLDeclDriver
instanceKlass com/sun/org/apache/xerces/internal/util/NamespaceSupport
instanceKlass com/sun/org/apache/xerces/internal/util/XMLAttributesImpl$Attribute
instanceKlass com/sun/org/apache/xerces/internal/impl/XMLDocumentFragmentScannerImpl$FragmentContentDriver
instanceKlass com/sun/org/apache/xerces/internal/impl/XMLDocumentFragmentScannerImpl$ElementStack2
instanceKlass com/sun/org/apache/xerces/internal/xni/QName
instanceKlass com/sun/org/apache/xerces/internal/impl/XMLDocumentFragmentScannerImpl$ElementStack
instanceKlass com/sun/org/apache/xerces/internal/util/XMLAttributesImpl
instanceKlass com/sun/org/apache/xerces/internal/xni/grammars/XMLDTDDescription
instanceKlass com/sun/org/apache/xerces/internal/xni/grammars/XMLGrammarDescription
instanceKlass com/sun/org/apache/xerces/internal/impl/XMLDocumentFragmentScannerImpl$Driver
instanceKlass com/sun/org/apache/xerces/internal/xni/XMLAttributes
instanceKlass com/sun/org/apache/xerces/internal/impl/XMLScanner
instanceKlass com/sun/xml/internal/stream/XMLBufferListener
instanceKlass com/sun/org/apache/xerces/internal/impl/XMLEntityHandler
instanceKlass com/sun/org/apache/xerces/internal/xni/parser/XMLErrorHandler
instanceKlass com/sun/org/apache/xerces/internal/impl/XMLErrorReporter
instanceKlass com/sun/org/apache/xerces/internal/xni/XMLString
instanceKlass com/sun/xml/internal/stream/XMLEntityStorage
instanceKlass com/sun/org/apache/xerces/internal/util/AugmentationsImpl$AugmentationsItemsContainer
instanceKlass com/sun/org/apache/xerces/internal/util/AugmentationsImpl
instanceKlass com/sun/org/apache/xerces/internal/util/XMLResourceIdentifierImpl
instanceKlass com/sun/org/apache/xerces/internal/impl/XMLEntityScanner
instanceKlass com/sun/xml/internal/stream/Entity
instanceKlass com/sun/org/apache/xerces/internal/xni/XMLResourceIdentifier
instanceKlass com/sun/org/apache/xerces/internal/xni/Augmentations
instanceKlass com/sun/org/apache/xerces/internal/impl/XMLEntityManager
instanceKlass com/sun/org/apache/xerces/internal/xni/parser/XMLEntityResolver
instanceKlass com/sun/org/apache/xerces/internal/util/SymbolTable$Entry
instanceKlass com/sun/org/apache/xerces/internal/util/SymbolTable
instanceKlass jdk/xml/internal/JdkConstants
instanceKlass  @bci javax/xml/catalog/CatalogFeatures setProperties (Ljavax/xml/catalog/CatalogFeatures$Builder;)V 5 <appendix> member <vmtarget> ; # javax/xml/catalog/CatalogFeatures$$Lambda+0x00000000900b1680
instanceKlass  @bci java/beans/Introspector findCustomizerClass (Ljava/lang/Class;)Ljava/lang/Class; 4 <appendix> form vmentry <vmtarget> ; # java/lang/invoke/LambdaForm$MH+0x00000000900dc400
instanceKlass java/lang/invoke/StringConcatFactory
instanceKlass javax/xml/catalog/CatalogMessages
instanceKlass javax/xml/catalog/Util
instanceKlass javax/xml/catalog/CatalogFeatures$Builder
instanceKlass javax/xml/catalog/CatalogFeatures
instanceKlass com/sun/org/apache/xalan/internal/xsltc/compiler/SourceLoader
instanceKlass javax/xml/transform/TransformerFactory
instanceKlass javax/xml/parsers/DocumentBuilderFactory
instanceKlass jdk/xml/internal/JdkXmlUtils
instanceKlass com/sun/org/apache/xerces/internal/xni/NamespaceContext
instanceKlass com/sun/org/apache/xerces/internal/xni/parser/XMLDocumentScanner
instanceKlass com/sun/org/apache/xerces/internal/util/MessageFormatter
instanceKlass com/sun/org/apache/xerces/internal/impl/dtd/XMLDTDValidator
instanceKlass com/sun/org/apache/xerces/internal/impl/RevalidationHandler
instanceKlass com/sun/org/apache/xerces/internal/impl/dtd/XMLDTDValidatorFilter
instanceKlass com/sun/org/apache/xerces/internal/xni/parser/XMLDocumentFilter
instanceKlass com/sun/org/apache/xerces/internal/xni/parser/XMLDocumentSource
instanceKlass com/sun/org/apache/xerces/internal/xni/parser/XMLDTDScanner
instanceKlass com/sun/org/apache/xerces/internal/xni/parser/XMLDTDContentModelSource
instanceKlass com/sun/org/apache/xerces/internal/xni/XMLLocator
instanceKlass com/sun/org/apache/xerces/internal/util/ParserConfigurationSettings
instanceKlass com/sun/org/apache/xerces/internal/parsers/XML11Configurable
instanceKlass com/sun/org/apache/xerces/internal/xni/parser/XMLPullParserConfiguration
instanceKlass com/sun/org/apache/xerces/internal/xni/parser/XMLParserConfiguration
instanceKlass org/xml/sax/Attributes
instanceKlass org/xml/sax/AttributeList
instanceKlass org/xml/sax/helpers/LocatorImpl
instanceKlass org/xml/sax/Locator
instanceKlass com/sun/org/apache/xerces/internal/parsers/XMLParser
instanceKlass com/sun/org/apache/xerces/internal/xni/XMLDTDContentModelHandler
instanceKlass org/xml/sax/Parser
instanceKlass org/xml/sax/XMLReader
instanceKlass com/sun/org/apache/xerces/internal/xni/XMLDocumentHandler
instanceKlass com/sun/org/apache/xerces/internal/xni/parser/XMLComponent
instanceKlass com/sun/org/apache/xerces/internal/xni/parser/XMLComponentManager
instanceKlass com/sun/org/apache/xerces/internal/xni/parser/XMLDTDSource
instanceKlass com/sun/org/apache/xerces/internal/xni/XMLDTDHandler
instanceKlass org/xml/sax/DocumentHandler
instanceKlass  @bci javax/xml/parsers/FactoryFinder newInstance (Ljava/lang/Class;Ljava/lang/String;Ljava/lang/ClassLoader;ZZ)Ljava/lang/Object; 80 <appendix> member <vmtarget> ; # javax/xml/parsers/FactoryFinder$$Lambda+0x00000000900a6938
instanceKlass com/sun/org/apache/xerces/internal/xs/PSVIProvider
instanceKlass com/sun/org/apache/xerces/internal/jaxp/JAXPConstants
instanceKlass javax/xml/parsers/SAXParser
instanceKlass  @bci javax/xml/parsers/FactoryFinder find (Ljava/lang/Class;Ljava/lang/String;)Ljava/lang/Object; 93 <appendix> member <vmtarget> ; # javax/xml/parsers/FactoryFinder$$Lambda+0x00000000900a5880
instanceKlass jdk/xml/internal/JdkXmlFeatures
instanceKlass jdk/xml/internal/FeaturePropertyBase
instanceKlass java/util/Collections$UnmodifiableMap$UnmodifiableEntrySet$UnmodifiableEntry
instanceKlass  @bci java/util/Collections$UnmodifiableMap$UnmodifiableEntrySet entryConsumer (Ljava/util/function/Consumer;)Ljava/util/function/Consumer; 1 <appendix> member <vmtarget> ; # java/util/Collections$UnmodifiableMap$UnmodifiableEntrySet$$Lambda+0x00000000900a3098
instanceKlass  @bci java/util/stream/Collectors uniqKeysMapMerger ()Ljava/util/function/BinaryOperator; 0 <appendix> argL0 ; # java/util/stream/Collectors$$Lambda+0x00000000900a2e48
instanceKlass  @bci java/util/stream/Collectors uniqKeysMapAccumulator (Ljava/util/function/Function;Ljava/util/function/Function;)Ljava/util/function/BiConsumer; 2 <appendix> member <vmtarget> ; # java/util/stream/Collectors$$Lambda+0x00000000900a2c08
instanceKlass  @bci java/util/stream/Collectors toMap (Ljava/util/function/Function;Ljava/util/function/Function;)Ljava/util/stream/Collector; 4 <appendix> argL0 ; # java/util/stream/Collectors$$Lambda+0x00000000900a29e0
instanceKlass  @bci jdk/xml/internal/XMLSecurityManager$StringMapper <init> (Ljava/util/Map;)V 30 <appendix> argL0 ; # jdk/xml/internal/XMLSecurityManager$StringMapper$$Lambda+0x00000000900a2798
instanceKlass  @bci jdk/xml/internal/XMLSecurityManager$StringMapper <init> (Ljava/util/Map;)V 25 <appendix> argL0 ; # jdk/xml/internal/XMLSecurityManager$StringMapper$$Lambda+0x00000000900a2550
instanceKlass  @cpi org/codehaus/groovy/vmplugin/v9/Java9 319 form vmentry <vmtarget> ; # java/lang/invoke/LambdaForm$DMH+0x00000000900dc000
instanceKlass java/util/HashMap$HashMapSpliterator
instanceKlass java/util/Collections$UnmodifiableMap$UnmodifiableEntrySet$UnmodifiableEntrySetSpliterator
instanceKlass jdk/xml/internal/XMLSecurityManager$ValueMapper
instanceKlass jdk/xml/internal/XMLSecurityManager
instanceKlass java/nio/file/Paths
instanceKlass jdk/xml/internal/JdkXmlConfig
instanceKlass jdk/xml/internal/SecuritySupport
instanceKlass  @bci javax/xml/parsers/FactoryFinder find (Ljava/lang/Class;Ljava/lang/String;)Ljava/lang/Object; 6 <appendix> member <vmtarget> ; # javax/xml/parsers/FactoryFinder$$Lambda+0x00000000900a0480
instanceKlass javax/xml/parsers/FactoryFinder
instanceKlass javax/xml/parsers/SAXParserFactory
instanceKlass org/xml/sax/helpers/DefaultHandler
instanceKlass org/xml/sax/ErrorHandler
instanceKlass org/xml/sax/ContentHandler
instanceKlass org/xml/sax/DTDHandler
instanceKlass org/xml/sax/EntityResolver
instanceKlass org/testng/xml/XMLParser
instanceKlass org/testng/xml/ISuiteParser
instanceKlass org/testng/xml/IFileParser
instanceKlass org/testng/xml/internal/Parser
instanceKlass org/testng/internal/OverrideProcessor
instanceKlass org/testng/internal/ReporterConfig
instanceKlass java/util/Formatter$Flags
instanceKlass java/util/Formattable
instanceKlass java/time/temporal/TemporalField
instanceKlass java/util/Formatter$FormatSpecifier
instanceKlass java/util/Formatter$Conversion
instanceKlass java/util/Formatter$FormatString
instanceKlass java/util/Formatter
instanceKlass  @bci org/testng/TestNG configure (Lorg/testng/CommandLineArgs;)V 311 <appendix> member <vmtarget> ; # org/testng/TestNG$$Lambda+0x00000000900d79c8
instanceKlass  @bci org/testng/TestNG configure (Lorg/testng/CommandLineArgs;)V 302 <appendix> argL0 ; # org/testng/TestNG$$Lambda+0x00000000900d7780
instanceKlass  @bci org/testng/TestNG configure (Lorg/testng/CommandLineArgs;)V 294 <appendix> member <vmtarget> ; # org/testng/TestNG$$Lambda+0x00000000900d7530
instanceKlass  @bci org/testng/TestNG configure (Lorg/testng/CommandLineArgs;)V 285 <appendix> member <vmtarget> ; # org/testng/TestNG$$Lambda+0x00000000900d72d0
instanceKlass  @bci org/testng/TestNG configure (Lorg/testng/CommandLineArgs;)V 269 <appendix> argL0 ; # org/testng/TestNG$$Lambda+0x00000000900d7088
instanceKlass  @bci org/testng/TestNG configure (Lorg/testng/CommandLineArgs;)V 181 <appendix> member <vmtarget> ; # org/testng/TestNG$$Lambda+0x00000000900d6e48
instanceKlass  @bci org/testng/TestNG configure (Lorg/testng/CommandLineArgs;)V 172 <appendix> argL0 ; # org/testng/TestNG$$Lambda+0x00000000900d6c00
instanceKlass  @bci org/testng/TestNG configure (Lorg/testng/CommandLineArgs;)V 164 <appendix> member <vmtarget> ; # org/testng/TestNG$$Lambda+0x00000000900d69b0
instanceKlass  @bci org/testng/TestNG configure (Lorg/testng/CommandLineArgs;)V 155 <appendix> member <vmtarget> ; # org/testng/TestNG$$Lambda+0x00000000900d6750
instanceKlass org/testng/ListenerComparator
instanceKlass  @bci org/testng/TestNG configure (Lorg/testng/CommandLineArgs;)V 139 <appendix> argL0 ; # org/testng/TestNG$$Lambda+0x00000000900d6300
instanceKlass  @bci org/testng/TestNG configure (Lorg/testng/CommandLineArgs;)V 124 <appendix> member <vmtarget> ; # org/testng/TestNG$$Lambda+0x00000000900d60c0
instanceKlass  @bci org/testng/TestNG configure (Lorg/testng/CommandLineArgs;)V 108 <appendix> member <vmtarget> ; # org/testng/TestNG$$Lambda+0x00000000900d5e80
instanceKlass  @bci org/testng/TestNG configure (Lorg/testng/CommandLineArgs;)V 99 <appendix> argL0 ; # org/testng/TestNG$$Lambda+0x00000000900d5c38
instanceKlass  @bci org/testng/TestNG configure (Lorg/testng/CommandLineArgs;)V 91 <appendix> member <vmtarget> ; # org/testng/TestNG$$Lambda+0x00000000900d59e8
instanceKlass  @bci org/testng/TestNG configure (Lorg/testng/CommandLineArgs;)V 82 <appendix> member <vmtarget> ; # org/testng/TestNG$$Lambda+0x00000000900d5788
instanceKlass  @bci org/testng/TestNG configure (Lorg/testng/CommandLineArgs;)V 66 <appendix> argL0 ; # org/testng/TestNG$$Lambda+0x00000000900d5540
instanceKlass org/testng/internal/ClassHelper
instanceKlass  @bci org/testng/TestNG configure (Lorg/testng/CommandLineArgs;)V 40 <appendix> member <vmtarget> ; # org/testng/TestNG$$Lambda+0x00000000900d50f0
instanceKlass  @bci org/testng/TestNG configure (Lorg/testng/CommandLineArgs;)V 24 <appendix> member <vmtarget> ; # org/testng/TestNG$$Lambda+0x00000000900d4eb0
instanceKlass  @bci org/testng/TestNG configure (Lorg/testng/CommandLineArgs;)V 8 <appendix> member <vmtarget> ; # org/testng/TestNG$$Lambda+0x00000000900d4c70
instanceKlass java/lang/invoke/TypeConvertingMethodAdapter$BoxHolder
instanceKlass java/lang/invoke/TypeConvertingMethodAdapter$1
instanceKlass  @cpi org/testng/TestNG 2089 form vmentry <vmtarget> ; # java/lang/invoke/LambdaForm$DMH+0x00000000900d3000
instanceKlass sun/reflect/generics/reflectiveObjects/LazyReflectiveObjectGenerator
instanceKlass sun/reflect/generics/tree/TypeVariableSignature
instanceKlass sun/reflect/generics/tree/ClassSignature
instanceKlass sun/reflect/generics/tree/Signature
instanceKlass sun/reflect/generics/tree/FormalTypeParameter
instanceKlass sun/reflect/generics/reflectiveObjects/ParameterizedTypeImpl
instanceKlass sun/reflect/generics/repository/AbstractRepository
instanceKlass  @bci jdk/internal/reflect/MethodHandleObjectFieldAccessorImpl set (Ljava/lang/Object;Ljava/lang/Object;)V 41 <adapter> ; # java/lang/invoke/LambdaForm$MH+0x00000000900d2c00
instanceKlass com/beust/jcommander/SubParameter
instanceKlass java/util/concurrent/CopyOnWriteArrayList$COWIterator
instanceKlass com/beust/jcommander/IParameterValidator2
instanceKlass com/beust/jcommander/FuzzyMap
instanceKlass com/beust/jcommander/Strings
instanceKlass  @bci jdk/internal/reflect/MethodHandleIntegerFieldAccessorImpl getInt (Ljava/lang/Object;)I 20 <adapter> ; # java/lang/invoke/LambdaForm$MH+0x00000000900d2800
# instanceKlass java/lang/invoke/LambdaForm$MH+0x00000000900d2400
# instanceKlass java/lang/invoke/LambdaForm$BMH+0x00000000900d2000
# instanceKlass java/lang/invoke/LambdaForm$DMH+0x00000000900d1c00
# instanceKlass java/lang/invoke/LambdaForm$MH+0x00000000900d1800
instanceKlass com/beust/jcommander/StringKey
# instanceKlass java/lang/invoke/LambdaForm$MH+0x00000000900d1400
# instanceKlass java/lang/invoke/LambdaForm$MH+0x00000000900d1000
# instanceKlass java/lang/invoke/LambdaForm$MH+0x00000000900d0c00
# instanceKlass java/lang/invoke/LambdaForm$MH+0x00000000900d0800
instanceKlass jdk/internal/reflect/FieldAccessorImpl
instanceKlass jdk/internal/reflect/FieldAccessor
instanceKlass com/beust/jcommander/ResourceBundle
instanceKlass com/beust/jcommander/ParameterDescription
instanceKlass com/beust/jcommander/JCommander$MainParameter
instanceKlass com/beust/jcommander/WrappedParameter
instanceKlass com/beust/jcommander/DynamicParameter
instanceKlass com/beust/jcommander/ParametersDelegate
instanceKlass java/lang/annotation/Target
# instanceKlass java/lang/invoke/LambdaForm$MH+0x00000000900d0400
instanceKlass java/util/TimSort
instanceKlass java/util/Arrays$LegacyMergeSort
instanceKlass jdk/internal/classfile/impl/StackMapDecoder$1
instanceKlass jdk/internal/classfile/impl/StackMapDecoder
instanceKlass jdk/internal/classfile/impl/StackCounter
instanceKlass  @bci java/lang/reflect/ProxyGenerator lambda$generateLookupAccessor$0 (Ljava/lang/classfile/MethodBuilder;)V 30 <appendix> member <vmtarget> ; # java/lang/reflect/ProxyGenerator$$Lambda+0x00000000900947a8
instanceKlass  @bci java/lang/reflect/ProxyGenerator generateLookupAccessor (Ljava/lang/classfile/ClassBuilder;)V 10 <appendix> member <vmtarget> ; # java/lang/reflect/ProxyGenerator$$Lambda+0x0000000090094568
instanceKlass java/lang/classfile/constantpool/StringEntry
instanceKlass java/lang/classfile/constantpool/ConstantValueEntry
instanceKlass  @bci java/lang/reflect/ProxyGenerator generateStaticInitializer (Ljava/lang/classfile/ClassBuilder;)V 10 <appendix> member <vmtarget> ; # java/lang/reflect/ProxyGenerator$$Lambda+0x0000000090093bc0
instanceKlass jdk/internal/classfile/impl/BytecodeHelpers$1
instanceKlass java/lang/classfile/attribute/StackMapTableAttribute
instanceKlass java/lang/classfile/attribute/StackMapFrameInfo
instanceKlass java/lang/classfile/instruction/ExceptionCatch
instanceKlass  @bci java/lang/reflect/ProxyGenerator$ProxyMethod lambda$generateMethod$0 (Ljava/lang/classfile/MethodBuilder;)V 30 <appendix> member <vmtarget> ; # java/lang/reflect/ProxyGenerator$ProxyMethod$$Lambda+0x00000000900920c8
instanceKlass java/lang/classfile/attribute/ExceptionsAttribute
instanceKlass  @bci java/lang/reflect/ProxyGenerator$ProxyMethod generateMethod (Ljava/lang/classfile/ClassBuilder;)V 42 <appendix> member <vmtarget> ; # java/lang/reflect/ProxyGenerator$ProxyMethod$$Lambda+0x0000000090091760
instanceKlass  @bci java/lang/reflect/ProxyGenerator generateConstructor (Ljava/lang/classfile/ClassBuilder;)V 8 <appendix> member <vmtarget> ; # java/lang/reflect/ProxyGenerator$$Lambda+0x0000000090091520
instanceKlass  @bci java/lang/reflect/ProxyGenerator generateClassFile ()[B 197 <appendix> member <vmtarget> ; # java/lang/reflect/ProxyGenerator$$Lambda+0x00000000900912e0
instanceKlass  @cpi org/codehaus/groovy/runtime/typehandling/NumberMathModificationInfo 153 form vmentry <vmtarget> ; # java/lang/invoke/LambdaForm$DMH+0x00000000900d0000
instanceKlass  @bci java/lang/reflect/ProxyGenerator proxyMethodsFor (Ljava/lang/String;)Ljava/util/List; 5 <appendix> argL0 ; # java/lang/reflect/ProxyGenerator$$Lambda+0x0000000090091098
instanceKlass java/lang/reflect/ProxyGenerator$ProxyMethod
instanceKlass java/lang/classfile/constantpool/InterfaceMethodRefEntry
instanceKlass java/lang/classfile/attribute/StackMapFrameInfo$ObjectVerificationTypeInfo
instanceKlass java/lang/classfile/attribute/StackMapFrameInfo$VerificationTypeInfo
instanceKlass java/util/StringJoiner
instanceKlass java/lang/classfile/ClassFile$Option
instanceKlass java/lang/reflect/ProxyGenerator
instanceKlass  @bci java/lang/WeakPairMap computeIfAbsent (Ljava/lang/Object;Ljava/lang/Object;Ljava/util/function/BiFunction;)Ljava/lang/Object; 18 <appendix> member <vmtarget> ; # java/lang/WeakPairMap$$Lambda+0x000000009008f1b8
instanceKlass  @bci java/lang/Module implAddExportsOrOpens (Ljava/lang/String;Ljava/lang/Module;ZZ)V 151 <appendix> argL0 ; # java/lang/Module$$Lambda+0x000000009008ef80
instanceKlass  @bci java/lang/module/ModuleDescriptor$Builder packages (Ljava/util/Set;)Ljava/lang/module/ModuleDescriptor$Builder; 17 <appendix> argL0 ; # java/lang/module/ModuleDescriptor$Builder$$Lambda+0x000000009008ed48
instanceKlass jdk/internal/module/Checks
instanceKlass java/lang/module/ModuleDescriptor$Builder
instanceKlass  @bci java/lang/reflect/Proxy$ProxyBuilder getDynamicModule (Ljava/lang/ClassLoader;)Ljava/lang/Module; 4 <appendix> argL0 ; # java/lang/reflect/Proxy$ProxyBuilder$$Lambda+0x000000009008e6e8
instanceKlass java/lang/reflect/Proxy$ProxyBuilder
instanceKlass  @bci java/lang/reflect/Proxy getProxyConstructor (Ljava/lang/ClassLoader;[Ljava/lang/Class;)Ljava/lang/reflect/Constructor; 18 <appendix> argL0 ; # java/lang/reflect/Proxy$$Lambda+0x000000009008e298
instanceKlass java/lang/ClassValue$Identity
instanceKlass java/lang/ClassValue$Entry
instanceKlass java/lang/ClassValue
instanceKlass java/lang/reflect/Proxy
instanceKlass sun/reflect/annotation/AnnotationInvocationHandler
instanceKlass java/lang/reflect/InvocationHandler
instanceKlass java/lang/annotation/Inherited
instanceKlass java/lang/annotation/Retention
instanceKlass com/beust/jcommander/validators/NoValidator
instanceKlass com/beust/jcommander/IParameterValidator
instanceKlass com/beust/jcommander/validators/NoValueValidator
instanceKlass com/beust/jcommander/IValueValidator
instanceKlass  @bci sun/reflect/annotation/AnnotationParser parseClassArray (ILjava/nio/ByteBuffer;Ljdk/internal/reflect/ConstantPool;Ljava/lang/Class;)Ljava/lang/Object; 10 <appendix> member <vmtarget> ; # sun/reflect/annotation/AnnotationParser$$Lambda+0x000000009008b690
instanceKlass com/beust/jcommander/converters/NoConverter
instanceKlass com/beust/jcommander/converters/CommaParameterSplitter
instanceKlass com/beust/jcommander/converters/IParameterSplitter
instanceKlass sun/reflect/annotation/ExceptionProxy
instanceKlass sun/reflect/annotation/AnnotationType
instanceKlass java/lang/reflect/GenericArrayType
instanceKlass sun/reflect/generics/visitor/Reifier
instanceKlass sun/reflect/generics/visitor/TypeTreeVisitor
instanceKlass java/lang/reflect/ParameterizedType
instanceKlass java/lang/reflect/WildcardType
instanceKlass java/lang/reflect/TypeVariable
instanceKlass sun/reflect/generics/factory/CoreReflectionFactory
instanceKlass sun/reflect/generics/factory/GenericsFactory
instanceKlass sun/reflect/generics/scope/AbstractScope
instanceKlass sun/reflect/generics/scope/Scope
instanceKlass sun/reflect/generics/tree/ClassTypeSignature
instanceKlass sun/reflect/generics/tree/SimpleClassTypeSignature
instanceKlass sun/reflect/generics/tree/FieldTypeSignature
instanceKlass sun/reflect/generics/tree/TypeArgument
instanceKlass sun/reflect/generics/tree/BaseType
instanceKlass sun/reflect/generics/tree/TypeSignature
instanceKlass sun/reflect/generics/tree/ReturnType
instanceKlass sun/reflect/generics/tree/TypeTree
instanceKlass sun/reflect/generics/tree/Tree
instanceKlass sun/reflect/generics/parser/SignatureParser
instanceKlass com/beust/jcommander/Parameter
instanceKlass com/beust/jcommander/Parameterized
instanceKlass java/lang/Class$AnnotationData
instanceKlass com/beust/jcommander/Parameters
instanceKlass java/util/Collections$1
instanceKlass com/beust/jcommander/JCommander$1
instanceKlass java/util/Date
instanceKlass com/beust/jcommander/converters/FileConverter
instanceKlass com/beust/jcommander/converters/BaseConverter
instanceKlass com/beust/jcommander/converters/StringConverter
instanceKlass com/beust/jcommander/internal/DefaultConverterFactory
instanceKlass com/beust/jcommander/JCommander$DefaultVariableArity
instanceKlass com/beust/jcommander/internal/Sets
instanceKlass com/beust/jcommander/internal/Maps
instanceKlass com/beust/jcommander/DefaultUsageFormatter
instanceKlass com/beust/jcommander/internal/Lists
instanceKlass com/beust/jcommander/parser/DefaultParameterizedParser
instanceKlass com/beust/jcommander/JCommander$Options$1
instanceKlass com/beust/jcommander/JCommander$Options
instanceKlass com/beust/jcommander/IStringConverter
instanceKlass com/beust/jcommander/IStringConverterInstanceFactory
instanceKlass com/beust/jcommander/FuzzyMap$IKey
instanceKlass com/beust/jcommander/internal/Console
instanceKlass com/beust/jcommander/IStringConverterFactory
instanceKlass com/beust/jcommander/IVariableArity
instanceKlass com/beust/jcommander/IUsageFormatter
instanceKlass com/beust/jcommander/IParameterizedParser
instanceKlass com/beust/jcommander/JCommander
instanceKlass org/testng/internal/RuntimeBehavior
instanceKlass org/testng/annotations/AfterMethod
instanceKlass org/testng/internal/annotations/IAfterMethod
instanceKlass org/testng/annotations/BeforeMethod
instanceKlass org/testng/internal/annotations/IBeforeMethod
instanceKlass org/testng/internal/annotations/IBaseBeforeAfterMethod
instanceKlass org/testng/annotations/AfterGroups
instanceKlass org/testng/internal/annotations/IAfterGroups
instanceKlass org/testng/annotations/BeforeGroups
instanceKlass org/testng/internal/annotations/IBeforeGroups
instanceKlass org/testng/annotations/AfterClass
instanceKlass org/testng/internal/annotations/IAfterClass
instanceKlass org/testng/annotations/BeforeClass
instanceKlass org/testng/internal/annotations/IBeforeClass
instanceKlass org/testng/annotations/AfterTest
instanceKlass org/testng/internal/annotations/IAfterTest
instanceKlass org/testng/annotations/BeforeTest
instanceKlass org/testng/internal/annotations/IBeforeTest
instanceKlass org/testng/annotations/AfterSuite
instanceKlass org/testng/internal/annotations/IAfterSuite
instanceKlass org/testng/annotations/BeforeSuite
instanceKlass org/testng/internal/annotations/IBeforeSuite
instanceKlass org/testng/internal/annotations/IBaseBeforeAfter
instanceKlass org/testng/annotations/Ignore
instanceKlass org/testng/annotations/IIgnoreAnnotation
instanceKlass org/testng/annotations/Test
instanceKlass org/testng/annotations/ITestAnnotation
instanceKlass org/testng/annotations/ITestOrConfiguration
instanceKlass org/testng/annotations/Parameters
instanceKlass org/testng/annotations/IParametersAnnotation
instanceKlass org/testng/annotations/ObjectFactory
instanceKlass org/testng/annotations/IObjectFactoryAnnotation
instanceKlass org/testng/annotations/Factory
instanceKlass org/testng/annotations/IFactoryAnnotation
instanceKlass org/testng/internal/annotations/IDataProvidable
instanceKlass org/testng/annotations/IParameterizable
instanceKlass org/testng/annotations/DataProvider
instanceKlass org/testng/annotations/IDataProviderAnnotation
instanceKlass org/testng/annotations/Listeners
instanceKlass org/testng/annotations/IListenersAnnotation
instanceKlass  @bci org/testng/internal/annotations/JDK15TagFactory <clinit> ()V 8 <appendix> argL0 ; # org/testng/internal/annotations/JDK15TagFactory$$Lambda+0x00000000900c2e70
instanceKlass org/testng/internal/Utils
instanceKlass  @bci org/testng/internal/annotations/JDK15TagFactory <clinit> ()V 0 <appendix> argL0 ; # org/testng/internal/annotations/JDK15TagFactory$$Lambda+0x00000000900c2a38
instanceKlass  @cpi org/openqa/selenium/AcceptedW3CCapabilityKeys 107 form vmentry <vmtarget> ; # java/lang/invoke/LambdaForm$DMH+0x00000000900c4400
instanceKlass org/testng/internal/annotations/JDK15TagFactory$Default
instanceKlass org/testng/annotations/IAnnotation
instanceKlass org/testng/internal/annotations/JDK15TagFactory
instanceKlass org/testng/internal/annotations/JDK15AnnotationFinder
instanceKlass org/testng/internal/objects/GuiceBackedInjectorFactory
instanceKlass  @bci org/testng/internal/Configuration <init> ()V 29 <appendix> argL0 ; # org/testng/internal/Configuration$$Lambda+0x00000000900c1cf0
instanceKlass  @cpi org/testng/internal/Configuration 205 form vmentry <vmtarget> ; # java/lang/invoke/LambdaForm$DMH+0x00000000900c4000
instanceKlass java/util/concurrent/RejectedExecutionHandler
instanceKlass java/util/concurrent/RunnableFuture
instanceKlass java/util/concurrent/Future
instanceKlass java/util/concurrent/AbstractExecutorService
instanceKlass java/util/concurrent/ExecutorService
instanceKlass java/util/concurrent/Executor
instanceKlass org/testng/IExecutorServiceFactory
instanceKlass org/testng/IInjectorFactory
instanceKlass org/testng/internal/Configuration
instanceKlass org/testng/xml/XmlSuite
instanceKlass org/testng/CommandLineArgs
instanceKlass org/testng/internal/annotations/IgnoreListener
instanceKlass org/testng/internal/annotations/IAnnotationTransformer
instanceKlass org/testng/internal/ExitCode
instanceKlass org/testng/reporters/IReporterConfig
instanceKlass org/testng/internal/ExitCodeListener
instanceKlass org/testng/IExecutionListener
instanceKlass org/testng/IReporter
instanceKlass org/testng/collections/Sets
instanceKlass org/testng/collections/Lists
instanceKlass org/testng/internal/objects/DefaultTestObjectFactory
instanceKlass org/slf4j/spi/LoggingEventBuilder
instanceKlass org/slf4j/helpers/NamedLoggerBase
instanceKlass org/slf4j/helpers/Reporter
instanceKlass java/util/jar/JarVerifier
instanceKlass java/lang/CompoundEnumeration
instanceKlass java/util/Collections$EmptyEnumeration
instanceKlass jdk/internal/loader/BuiltinClassLoader$1
instanceKlass jdk/internal/loader/URLClassPath$1
instanceKlass jdk/internal/jimage/ImageLocation
instanceKlass jdk/internal/jimage/decompressor/Decompressor
instanceKlass jdk/internal/jimage/ImageStringsReader
instanceKlass jdk/internal/jimage/ImageHeader
instanceKlass jdk/internal/jimage/NativeImageBuffer$1
instanceKlass jdk/internal/jimage/NativeImageBuffer
instanceKlass java/security/AccessControlContext
instanceKlass java/security/AccessController
instanceKlass jdk/internal/jimage/BasicImageReader$1
instanceKlass jdk/internal/jimage/ImageReader$Node
instanceKlass jdk/internal/jimage/ImageStrings
instanceKlass java/security/PrivilegedAction
instanceKlass jdk/internal/jimage/BasicImageReader
instanceKlass jdk/internal/jimage/ImageReader
instanceKlass jdk/internal/jimage/ImageReaderFactory$1
instanceKlass jdk/internal/jimage/ImageReaderFactory
instanceKlass jdk/internal/module/SystemModuleFinders$SystemImage
instanceKlass jdk/internal/module/SystemModuleFinders$SystemModuleReader
instanceKlass java/lang/module/ModuleReader
instanceKlass jdk/internal/loader/BuiltinClassLoader$2
instanceKlass jdk/internal/module/Resources
instanceKlass java/util/ServiceLoader$2
instanceKlass java/util/ServiceLoader$1
instanceKlass java/util/ServiceLoader$LazyClassPathLookupIterator
instanceKlass java/util/Spliterators$1Adapter
instanceKlass java/util/Spliterators$ArraySpliterator
instanceKlass java/util/ServiceLoader$ModuleServicesLookupIterator
instanceKlass java/util/ServiceLoader$Provider
instanceKlass java/util/ServiceLoader
instanceKlass org/slf4j/helpers/Util
instanceKlass org/slf4j/helpers/NOPMDCAdapter
instanceKlass org/slf4j/helpers/NOPLoggerFactory
instanceKlass org/slf4j/helpers/NOP_FallbackServiceProvider
instanceKlass org/slf4j/helpers/ThreadLocalMapOfStacks
instanceKlass org/slf4j/helpers/BasicMDCAdapter
instanceKlass org/slf4j/Marker
instanceKlass org/slf4j/helpers/BasicMarkerFactory
instanceKlass java/util/concurrent/LinkedBlockingQueue$Node
instanceKlass java/util/concurrent/locks/AbstractQueuedSynchronizer$Node
instanceKlass java/util/concurrent/ForkJoinPool$ManagedBlocker
instanceKlass java/util/concurrent/locks/AbstractQueuedSynchronizer$ConditionObject
instanceKlass java/util/concurrent/locks/Condition
instanceKlass org/slf4j/Logger
instanceKlass org/slf4j/helpers/SubstituteLoggerFactory
instanceKlass org/slf4j/ILoggerFactory
instanceKlass org/slf4j/spi/MDCAdapter
instanceKlass org/slf4j/IMarkerFactory
instanceKlass org/slf4j/helpers/SubstituteServiceProvider
instanceKlass org/slf4j/event/LoggingEvent
instanceKlass org/slf4j/spi/SLF4JServiceProvider
instanceKlass org/slf4j/LoggerFactory
instanceKlass  @bci org/testng/log4testng/Logger getLogger (Ljava/lang/Class;)Lorg/testng/log4testng/Logger; 4 <appendix> argL0 ; # org/testng/log4testng/Logger$$Lambda+0x00000000900464a0
instanceKlass org/testng/collections/Maps
instanceKlass org/testng/log4testng/Logger
instanceKlass org/testng/ITestNGListenerFactory
instanceKlass org/testng/thread/IThreadWorkerFactory
instanceKlass java/util/concurrent/BlockingQueue
instanceKlass org/testng/IDynamicGraph
instanceKlass org/testng/internal/annotations/IAnnotationFinder
instanceKlass org/testng/ITestListener
instanceKlass org/testng/ISuite
instanceKlass org/testng/IAttributes
instanceKlass org/testng/xml/IPostProcessor
instanceKlass org/testng/internal/IConfiguration
instanceKlass org/testng/ITestObjectFactory
instanceKlass org/testng/IAnnotationTransformer
instanceKlass org/testng/ITestNGListener
instanceKlass org/testng/TestNG
instanceKlass  @bci java/util/zip/ZipFile$Source initCEN (ILjava/util/zip/ZipCoder;)V 507 <appendix> argL0 ; # java/util/zip/ZipFile$Source$$Lambda+0x00000000900585e0
instanceKlass java/util/zip/ZipFile$InflaterCleanupAction
instanceKlass java/util/zip/Inflater$InflaterZStreamRef
instanceKlass java/util/zip/Inflater
instanceKlass sun/nio/ch/ExtendedSocketOption$1
instanceKlass sun/nio/ch/ExtendedSocketOption
instanceKlass sun/nio/ch/OptionKey
instanceKlass sun/nio/ch/SocketOptionRegistry$LazyInitialization
instanceKlass sun/nio/ch/SocketOptionRegistry$RegistryKey
instanceKlass sun/nio/ch/SocketOptionRegistry
instanceKlass java/net/NetworkInterface
instanceKlass java/net/StandardSocketOptions$StdSocketOption
instanceKlass java/net/StandardSocketOptions
instanceKlass java/lang/invoke/VarHandle$AccessDescriptor
instanceKlass sun/net/NetHooks
instanceKlass sun/net/spi/DefaultProxySelector$NonProxyInfo
instanceKlass sun/net/NetProperties
instanceKlass java/net/ProxySelector
instanceKlass  @bci sun/nio/ch/NioSocketImpl closerFor (Ljava/io/FileDescriptor;)Ljava/lang/Runnable; 1 <appendix> member <vmtarget> ; # sun/nio/ch/NioSocketImpl$$Lambda+0x0000000090052618
# instanceKlass sun/nio/ch/NioSocketImpl$$Lambda+0x00000000900523e8
instanceKlass java/lang/invoke/TypeConvertingMethodAdapter
instanceKlass java/lang/invoke/InnerClassLambdaMetafactory$6
instanceKlass java/lang/invoke/InnerClassLambdaMetafactory$3
instanceKlass java/lang/classfile/Interfaces
instanceKlass java/util/ImmutableCollections$Access$1
instanceKlass jdk/internal/access/JavaUtilCollectionAccess
instanceKlass java/util/ImmutableCollections$Access
instanceKlass java/lang/invoke/InnerClassLambdaMetafactory$1
instanceKlass  @cpi org/openqa/selenium/remote/NewSessionPayload 502 form vmentry <vmtarget> ; # java/lang/invoke/LambdaForm$DMH+0x0000000090043400
instanceKlass  @cpi jdk/internal/jrtfs/SystemImage 218 form vmentry <vmtarget> ; # java/lang/invoke/LambdaForm$DMH+0x0000000090043000
instanceKlass jdk/net/ExtendedSocketOptions$2
instanceKlass jdk/net/ExtendedSocketOptions$PlatformSocketOptions
instanceKlass jdk/net/ExtendedSocketOptions$ExtSocketOption
instanceKlass java/net/SocketOption
instanceKlass jdk/net/ExtendedSocketOptions
instanceKlass sun/net/ext/ExtendedSocketOptions
instanceKlass java/net/Inet6Address$Inet6AddressHolder
instanceKlass jdk/internal/lang/stable/StableValueImpl
instanceKlass java/util/function/IntFunction
instanceKlass java/lang/StableValue
instanceKlass sun/nio/ch/Net$1
instanceKlass sun/nio/ch/Net
instanceKlass java/net/ProtocolFamily
instanceKlass sun/net/PlatformSocketImpl
instanceKlass java/net/InetSocketAddress$InetSocketAddressHolder
instanceKlass java/net/InetAddress$PlatformResolver
instanceKlass java/net/spi/InetAddressResolver$LookupPolicy
instanceKlass java/net/Inet4AddressImpl
instanceKlass java/net/Inet6AddressImpl
instanceKlass java/util/concurrent/ConcurrentSkipListMap$Node
instanceKlass java/util/concurrent/ConcurrentSkipListMap$Index
instanceKlass java/util/concurrent/ConcurrentNavigableMap
instanceKlass java/util/NavigableMap
instanceKlass java/util/SortedMap
instanceKlass java/net/InetAddress$InetAddressHolder
instanceKlass java/security/Security$2
instanceKlass sun/nio/ch/IOStatus
instanceKlass sun/nio/ch/Util$BufferCache
instanceKlass sun/nio/ch/Util
instanceKlass jdk/internal/misc/Blocker
instanceKlass sun/nio/ch/NativeThread
instanceKlass sun/nio/ch/SelChImpl
instanceKlass java/nio/channels/NetworkChannel
instanceKlass sun/nio/ch/Streams
instanceKlass java/nio/channels/Channels
instanceKlass sun/nio/ch/FileChannelImpl$Closer
instanceKlass sun/nio/ch/NativeThreadSet
instanceKlass java/nio/channels/spi/AbstractInterruptibleChannel$1
instanceKlass sun/nio/ch/IOUtil
instanceKlass sun/nio/ch/FileChannelImpl$Unmapper
instanceKlass java/nio/channels/FileLock
instanceKlass sun/nio/ch/NativeDispatcher
instanceKlass sun/nio/ch/Interruptible
instanceKlass java/nio/channels/ScatteringByteChannel
instanceKlass java/nio/channels/GatheringByteChannel
instanceKlass java/nio/channels/spi/AbstractInterruptibleChannel
instanceKlass java/nio/channels/InterruptibleChannel
instanceKlass java/util/Collections$EmptyIterator
instanceKlass sun/nio/fs/WindowsChannelFactory$Flags
instanceKlass sun/nio/fs/WindowsChannelFactory$1
instanceKlass sun/nio/fs/WindowsChannelFactory
instanceKlass sun/nio/fs/WindowsSecurityDescriptor
instanceKlass java/nio/file/attribute/FileAttribute
instanceKlass sun/nio/fs/WindowsLinkSupport
instanceKlass java/nio/file/FileSystems$DefaultFileSystemHolder
instanceKlass java/nio/file/FileSystems
instanceKlass java/security/Security$SecPropLoader
instanceKlass jdk/internal/access/JavaSecurityPropertiesAccess
instanceKlass java/security/Security
instanceKlass sun/security/util/SecurityProperties
instanceKlass jdk/internal/util/Exceptions$SensitiveInfo
instanceKlass jdk/internal/util/Exceptions
instanceKlass java/net/InetAddress$1
instanceKlass java/net/spi/InetAddressResolver
instanceKlass java/net/spi/InetAddressResolverProvider$Configuration
instanceKlass java/net/InetAddress$Addresses
instanceKlass java/net/InetAddressImpl
instanceKlass java/util/NavigableSet
instanceKlass java/util/SortedSet
instanceKlass jdk/internal/access/JavaNetInetAddressAccess
instanceKlass java/net/InetAddress
instanceKlass java/lang/invoke/VarForm
instanceKlass java/lang/invoke/VarHandleGuards
instanceKlass jdk/internal/misc/MethodFinder
instanceKlass com/intellij/rt/testng/RemoteTestNGStarter
instanceKlass java/lang/invoke/VarHandles
instanceKlass jdk/internal/invoke/MhUtil
instanceKlass sun/nio/cs/SingleByte
instanceKlass sun/nio/cs/MS1252$Holder
instanceKlass sun/nio/cs/ArrayDecoder
instanceKlass java/net/SocksConsts
instanceKlass java/net/SocketImpl
instanceKlass sun/launcher/LauncherHelper
instanceKlass java/net/SocketOptions
instanceKlass java/net/Proxy
instanceKlass java/net/SocketAddress
instanceKlass sun/usagetracker/UsageTrackerClient
instanceKlass java/net/Socket
instanceKlass jdk/internal/util/EnvUtils
instanceKlass jdk/internal/vm/PostVMInitHook
instanceKlass com/intellij/rt/execution/application/AppMainV2
instanceKlass com/intellij/rt/execution/application/AppMainV2$Agent
instanceKlass java/security/PermissionCollection
instanceKlass java/security/SecureClassLoader$1
instanceKlass java/util/zip/Checksum$1
instanceKlass java/util/zip/CRC32
instanceKlass java/util/zip/Checksum
instanceKlass sun/nio/ByteBuffered
instanceKlass java/lang/Package$VersionInfo
instanceKlass java/lang/NamedPackage
instanceKlass java/util/jar/Attributes
instanceKlass java/time/temporal/TemporalAccessor
instanceKlass sun/security/util/Debug
instanceKlass sun/security/util/ConstraintsParameters
instanceKlass sun/security/util/SignatureFileVerifier
instanceKlass java/nio/Bits$1
instanceKlass jdk/internal/misc/VM$BufferPool
instanceKlass java/nio/Bits
instanceKlass jdk/internal/access/foreign/UnmapperProxy
instanceKlass sun/nio/ch/DirectBuffer
instanceKlass jdk/internal/perf/PerfCounter$CoreCounters
instanceKlass jdk/internal/perf/Perf
instanceKlass jdk/internal/perf/PerfCounter
instanceKlass sun/util/locale/LocaleUtils
instanceKlass sun/util/locale/provider/LocaleServiceProviderPool$LocalizedObjectGetter
instanceKlass java/util/Locale
instanceKlass java/nio/file/attribute/FileTime
instanceKlass java/util/zip/ZipUtils
instanceKlass java/util/zip/ZipFile$Source$End
instanceKlass java/io/RandomAccessFile$2
instanceKlass jdk/internal/access/JavaIORandomAccessFileAccess
instanceKlass java/io/RandomAccessFile
instanceKlass java/io/DataInput
instanceKlass java/io/DataOutput
instanceKlass sun/nio/fs/WindowsNativeDispatcher$CompletionStatus
instanceKlass sun/nio/fs/WindowsNativeDispatcher$AclInformation
instanceKlass sun/nio/fs/WindowsNativeDispatcher$Account
instanceKlass sun/nio/fs/WindowsNativeDispatcher$DiskFreeSpace
instanceKlass sun/nio/fs/WindowsNativeDispatcher$VolumeInformation
instanceKlass sun/nio/fs/WindowsNativeDispatcher$FirstStream
instanceKlass sun/nio/fs/WindowsNativeDispatcher$FirstFile
instanceKlass sun/nio/fs/WindowsNativeDispatcher
instanceKlass sun/nio/fs/NativeBuffer$Deallocator
instanceKlass sun/nio/fs/NativeBuffer
instanceKlass sun/nio/fs/NativeBuffers
instanceKlass sun/nio/fs/WindowsFileAttributes
instanceKlass java/nio/file/attribute/DosFileAttributes
instanceKlass sun/nio/fs/AbstractBasicFileAttributeView
instanceKlass sun/nio/fs/WindowsFileAttributeViews
instanceKlass sun/nio/fs/Util
instanceKlass java/nio/file/attribute/BasicFileAttributeView
instanceKlass java/nio/file/DirectoryStream$Filter
instanceKlass java/nio/file/Files
instanceKlass java/nio/file/CopyOption
instanceKlass java/nio/file/attribute/BasicFileAttributes
instanceKlass sun/nio/fs/BasicFileAttributesHolder
instanceKlass sun/nio/fs/WindowsPath
instanceKlass java/util/zip/ZipFile$Source$Key
instanceKlass sun/nio/fs/WindowsPathParser
instanceKlass java/nio/file/WatchService
instanceKlass java/nio/file/PathMatcher
instanceKlass java/nio/file/OpenOption
instanceKlass java/nio/file/attribute/AclFileAttributeView
instanceKlass java/nio/file/attribute/FileOwnerAttributeView
instanceKlass java/nio/file/attribute/FileAttributeView
instanceKlass java/nio/file/attribute/AttributeView
instanceKlass sun/nio/fs/DynamicFileAttributeView
instanceKlass java/nio/file/FileStore
instanceKlass java/nio/file/DirectoryStream
instanceKlass java/nio/channels/SeekableByteChannel
instanceKlass java/nio/channels/ByteChannel
instanceKlass java/nio/channels/ReadableByteChannel
instanceKlass java/nio/channels/WritableByteChannel
instanceKlass java/nio/channels/Channel
instanceKlass java/nio/file/spi/FileSystemProvider
instanceKlass java/nio/file/FileSystem
instanceKlass sun/nio/fs/DefaultFileSystemProvider
instanceKlass java/util/zip/ZipFile$Source
instanceKlass java/util/zip/ZipFile$CleanableResource
instanceKlass java/lang/Runtime$Version
instanceKlass java/util/jar/JavaUtilJarAccessImpl
instanceKlass jdk/internal/access/JavaUtilJarAccess
instanceKlass java/nio/charset/CoderResult
instanceKlass java/nio/charset/CharsetDecoder
instanceKlass jdk/internal/foreign/AbstractMemorySegmentImpl
instanceKlass java/lang/foreign/SegmentAllocator
instanceKlass java/lang/foreign/MemorySegment
instanceKlass jdk/internal/loader/FileURLMapper
instanceKlass java/util/zip/ZipFile$1
instanceKlass java/util/Spliterator$OfInt
instanceKlass java/util/Spliterator$OfPrimitive
instanceKlass java/util/BitSet
instanceKlass java/util/zip/ZipCoder
instanceKlass java/util/zip/ZipEntry
instanceKlass jdk/internal/access/JavaUtilZipFileAccess
instanceKlass java/util/zip/ZipFile
instanceKlass java/util/zip/ZipConstants
instanceKlass jdk/internal/loader/Resource
instanceKlass jdk/internal/loader/URLClassPath$Loader
instanceKlass sun/net/util/URLUtil
instanceKlass java/io/Externalizable
instanceKlass com/intellij/rt/debugger/agent/CaptureStorage$ConcurrentIdentityWeakHashMap$HardKey
instanceKlass com/intellij/rt/debugger/agent/CaptureStorage$ConcurrentIdentityWeakHashMap$Key
instanceKlass com/intellij/rt/debugger/agent/CaptureStorage$9
instanceKlass com/intellij/rt/debugger/agent/CaptureStorage$Callable
instanceKlass com/intellij/rt/debugger/agent/CaptureStorage$4
instanceKlass java/lang/ThreadLocal$ThreadLocalMap
instanceKlass com/intellij/rt/debugger/agent/SpilledVariablesTransformer$SpillingTransformer
instanceKlass com/intellij/rt/debugger/agent/SpilledVariablesTransformer
instanceKlass com/intellij/rt/debugger/agent/CollectionBreakpointInstrumentor$CollectionBreakpointTransformer
instanceKlass com/intellij/rt/debugger/agent/CollectionBreakpointInstrumentor$KnownMethodsSet
instanceKlass com/intellij/rt/debugger/agent/CollectionBreakpointInstrumentor$ConcurrentIdentityHashMap
instanceKlass jdk/internal/event/Event
instanceKlass com/intellij/rt/debugger/agent/CollectionBreakpointInstrumentor$KnownMethod
instanceKlass com/intellij/rt/debugger/agent/CollectionBreakpointInstrumentor
instanceKlass com/intellij/rt/debugger/agent/SuspendHelper$1
instanceKlass com/intellij/rt/debugger/agent/SuspendHelper
instanceKlass com/intellij/rt/debugger/agent/CaptureAgent$CaptureTransformer
instanceKlass java/lang/Throwable$PrintStreamOrWriter
instanceKlass java/lang/ThreadLocal
instanceKlass com/intellij/rt/debugger/agent/CaptureStorage$ConcurrentIdentityWeakHashMap
instanceKlass org/jetbrains/capture/org/objectweb/asm/Handler
instanceKlass java/util/LinkedHashMap$LinkedHashIterator
instanceKlass java/lang/PublicMethods
instanceKlass com/intellij/rt/debugger/agent/CaptureStorage
instanceKlass org/jetbrains/capture/org/objectweb/asm/Edge
instanceKlass org/jetbrains/capture/org/objectweb/asm/Opcodes
instanceKlass org/jetbrains/capture/org/objectweb/asm/Frame
instanceKlass org/jetbrains/capture/org/objectweb/asm/Context
instanceKlass org/jetbrains/capture/org/objectweb/asm/Attribute
instanceKlass org/jetbrains/capture/org/objectweb/asm/Symbol
instanceKlass org/jetbrains/capture/org/objectweb/asm/ByteVector
instanceKlass org/jetbrains/capture/org/objectweb/asm/SymbolTable
instanceKlass org/jetbrains/capture/org/objectweb/asm/ModuleVisitor
instanceKlass org/jetbrains/capture/org/objectweb/asm/AnnotationVisitor
instanceKlass org/jetbrains/capture/org/objectweb/asm/RecordComponentVisitor
instanceKlass org/jetbrains/capture/org/objectweb/asm/FieldVisitor
instanceKlass org/jetbrains/capture/org/objectweb/asm/MethodVisitor
instanceKlass org/jetbrains/capture/org/objectweb/asm/Label
instanceKlass org/jetbrains/capture/org/objectweb/asm/ClassReader
instanceKlass com/intellij/rt/debugger/agent/ClassTransformer
instanceKlass org/jetbrains/capture/org/objectweb/asm/Type
instanceKlass com/intellij/rt/debugger/agent/ThrowableTransformer
instanceKlass java/util/concurrent/ConcurrentHashMap$MapEntry
instanceKlass java/util/Collections$SynchronizedCollection
instanceKlass java/util/Properties$EntrySet
instanceKlass com/intellij/rt/debugger/agent/CaptureAgent$CoroutineOwnerKeyProvider
instanceKlass com/intellij/rt/debugger/agent/CaptureAgent$FieldKeyProvider
instanceKlass com/intellij/rt/debugger/agent/CaptureAgent$InstrumentPoint
instanceKlass com/intellij/rt/debugger/agent/CaptureAgent$1
instanceKlass com/intellij/rt/debugger/agent/CaptureAgent$ParamKeyProvider
instanceKlass java/io/Reader
instanceKlass java/lang/Readable
instanceKlass java/lang/WeakPairMap$Pair$Lookup
instanceKlass java/lang/WeakPairMap$Pair
instanceKlass java/lang/WeakPairMap
instanceKlass java/lang/Module$ReflectionData
instanceKlass com/intellij/rt/debugger/agent/CaptureAgent$KeyProvider
instanceKlass com/intellij/rt/debugger/agent/CaptureAgent
instanceKlass org/jetbrains/capture/org/objectweb/asm/ClassVisitor
instanceKlass com/intellij/rt/debugger/agent/StateFlowTransformer
instanceKlass java/util/Enumeration
instanceKlass java/util/concurrent/ConcurrentHashMap$Traverser
instanceKlass com/intellij/rt/debugger/agent/SharedFlowTransformer
instanceKlass java/lang/instrument/ClassFileTransformer
instanceKlass java/io/FileInputStream$1
instanceKlass java/util/Properties$LineReader
instanceKlass jdk/internal/ref/CleanerImpl$CleanableList$Node
instanceKlass jdk/internal/ref/CleanerImpl$CleanableList
instanceKlass jdk/internal/ref/CleanerImpl
instanceKlass java/lang/ref/Cleaner$1
instanceKlass java/lang/ref/Cleaner
instanceKlass jdk/internal/ref/CleanerFactory$1
instanceKlass java/util/concurrent/ThreadFactory
instanceKlass jdk/internal/ref/CleanerFactory
instanceKlass java/lang/ref/Cleaner$Cleanable
instanceKlass java/net/URI$Parser
instanceKlass  @bci jdk/internal/reflect/DirectConstructorHandleAccessor invokeImpl ([Ljava/lang/Object;)Ljava/lang/Object; 88 <adapter> ; # java/lang/invoke/LambdaForm$MH+0x0000000090041c00
# instanceKlass java/lang/invoke/LambdaForm$MH+0x0000000090041800
# instanceKlass java/lang/invoke/LambdaForm$MH+0x0000000090041400
# instanceKlass java/lang/invoke/LambdaForm$MH+0x0000000090041000
instanceKlass  @bci com/sun/beans/finder/MethodFinder findAccessibleMethod (Ljava/lang/reflect/Method;Ljava/lang/reflect/Type;)Ljava/lang/reflect/Method; 179 <appendix> form vmentry <vmtarget> ; # java/lang/invoke/LambdaForm$MH+0x0000000090040c00
# instanceKlass java/lang/invoke/LambdaForm$MH+0x0000000090040800
instanceKlass  @cpi org/openqa/selenium/json/JsonOutput 696 form vmentry <vmtarget> ; # java/lang/invoke/LambdaForm$DMH+0x0000000090040400
instanceKlass com/intellij/rt/debugger/agent/DebuggerAgent
instanceKlass sun/instrument/TransformerManager$TransformerInfo
instanceKlass sun/instrument/TransformerManager
instanceKlass jdk/internal/loader/NativeLibraries$2
instanceKlass jdk/internal/loader/NativeLibrary
instanceKlass java/util/ArrayDeque$DeqIterator
instanceKlass jdk/internal/loader/NativeLibraries$NativeLibraryContext$1
instanceKlass jdk/internal/loader/NativeLibraries$NativeLibraryContext
instanceKlass jdk/internal/loader/NativeLibraries$1
instanceKlass jdk/internal/loader/NativeLibraries$LibraryPaths
instanceKlass jdk/internal/reflect/Reflection$1Holder
instanceKlass sun/instrument/InstrumentationImpl
instanceKlass java/lang/instrument/Instrumentation
instanceKlass jdk/internal/vm/ContinuationSupport
instanceKlass jdk/internal/module/ModuleBootstrap$SafeModuleFinder
instanceKlass java/lang/ModuleLayer$Controller
instanceKlass java/util/concurrent/CopyOnWriteArrayList
instanceKlass jdk/internal/module/ServicesCatalog$ServiceProvider
instanceKlass jdk/internal/loader/AbstractClassLoaderValue$Memoizer
instanceKlass java/util/ArrayList$Itr
instanceKlass java/util/Collections$UnmodifiableCollection$1
instanceKlass java/util/SequencedMap
instanceKlass java/util/SequencedSet
instanceKlass java/lang/module/ModuleFinder$1
instanceKlass java/nio/file/Path
instanceKlass java/nio/file/Watchable
instanceKlass java/lang/module/Resolver
instanceKlass java/util/Collections$2
instanceKlass java/util/stream/FindOps$FindOp
instanceKlass  @bci java/util/stream/FindOps$FindSink$OfRef <clinit> ()V 6 <appendix> argL0 ; # java/util/stream/FindOps$FindSink$OfRef$$Lambda+0x800000048
instanceKlass  @bci java/util/stream/FindOps$FindSink$OfRef <clinit> ()V 0 <appendix> argL0 ; # java/util/stream/FindOps$FindSink$OfRef$$Lambda+0x800000049
instanceKlass java/util/stream/FindOps$FindSink
instanceKlass java/util/stream/FindOps
instanceKlass  @bci jdk/internal/module/DefaultRoots exportsAPI (Ljava/lang/module/ModuleDescriptor;)Z 9 <appendix> argL0 ; # jdk/internal/module/DefaultRoots$$Lambda+0x80000004f
instanceKlass java/util/stream/Sink$ChainedReference
instanceKlass java/util/stream/ReduceOps$AccumulatingSink
instanceKlass java/util/stream/TerminalSink
instanceKlass java/util/stream/Sink
instanceKlass java/util/stream/ReduceOps$Box
instanceKlass java/util/stream/ReduceOps$ReduceOp
instanceKlass java/util/stream/TerminalOp
instanceKlass java/util/stream/ReduceOps
instanceKlass  @bci java/util/stream/Collectors castingIdentity ()Ljava/util/function/Function; 0 <appendix> argL0 ; # java/util/stream/Collectors$$Lambda+0x800000042
instanceKlass  @bci java/util/stream/Collectors toSet ()Ljava/util/stream/Collector; 14 <appendix> argL0 ; # java/util/stream/Collectors$$Lambda+0x800000040
instanceKlass java/util/function/BinaryOperator
instanceKlass  @bci java/util/stream/Collectors toSet ()Ljava/util/stream/Collector; 9 <appendix> argL0 ; # java/util/stream/Collectors$$Lambda+0x800000038
instanceKlass java/util/function/BiConsumer
instanceKlass  @bci java/util/stream/Collectors toSet ()Ljava/util/stream/Collector; 4 <appendix> argL0 ; # java/util/stream/Collectors$$Lambda+0x800000045
instanceKlass java/util/stream/Collector
instanceKlass java/util/Collections$UnmodifiableCollection
instanceKlass java/util/stream/Collectors
instanceKlass  @bci jdk/internal/module/DefaultRoots compute (Ljava/lang/module/ModuleFinder;Ljava/lang/module/ModuleFinder;)Ljava/util/Set; 42 <appendix> argL0 ; # jdk/internal/module/DefaultRoots$$Lambda+0x80000004c
instanceKlass  @bci jdk/internal/module/DefaultRoots compute (Ljava/lang/module/ModuleFinder;Ljava/lang/module/ModuleFinder;)Ljava/util/Set; 32 <appendix> member <vmtarget> ; # jdk/internal/module/DefaultRoots$$Lambda+0x800000050
instanceKlass  @bci jdk/internal/module/DefaultRoots compute (Ljava/lang/module/ModuleFinder;Ljava/lang/module/ModuleFinder;)Ljava/util/Set; 21 <appendix> argL0 ; # jdk/internal/module/DefaultRoots$$Lambda+0x80000004d
instanceKlass  @bci jdk/internal/module/DefaultRoots compute (Ljava/lang/module/ModuleFinder;Ljava/lang/module/ModuleFinder;)Ljava/util/Set; 11 <appendix> argL0 ; # jdk/internal/module/DefaultRoots$$Lambda+0x80000004e
instanceKlass java/lang/invoke/LambdaProxyClassArchive
instanceKlass java/lang/invoke/InfoFromMemberName
instanceKlass java/lang/invoke/MethodHandleInfo
instanceKlass java/lang/invoke/AbstractValidatingLambdaMetafactory
instanceKlass java/lang/invoke/BootstrapMethodInvoker
instanceKlass java/util/function/Predicate
instanceKlass java/lang/invoke/LambdaMetafactory
# instanceKlass java/lang/invoke/LambdaForm$MH+0x0000000090040000
instanceKlass jdk/internal/util/ModifiedUtf
instanceKlass java/lang/StringCoding
instanceKlass jdk/internal/classfile/impl/ClassReaderImpl
instanceKlass java/lang/classfile/ClassReader
instanceKlass jdk/internal/classfile/impl/ClassHierarchyImpl$CachedClassHierarchyResolver$1
instanceKlass java/lang/classfile/ClassHierarchyResolver$ClassHierarchyInfo
instanceKlass jdk/internal/classfile/impl/ClassHierarchyImpl$CachedClassHierarchyResolver
instanceKlass jdk/internal/classfile/impl/ClassHierarchyImpl$ClassLoadingClassHierarchyResolver$1
instanceKlass jdk/internal/classfile/impl/ClassHierarchyImpl$ClassLoadingClassHierarchyResolver
instanceKlass java/lang/classfile/ClassHierarchyResolver
instanceKlass jdk/internal/classfile/impl/ClassHierarchyImpl
instanceKlass jdk/internal/classfile/impl/RawBytecodeHelper$1
instanceKlass jdk/internal/classfile/impl/RawBytecodeHelper
instanceKlass jdk/internal/classfile/impl/StackMapGenerator$Frame
instanceKlass jdk/internal/classfile/impl/StackMapGenerator
instanceKlass jdk/internal/classfile/impl/AnnotationReader
instanceKlass java/lang/classfile/CustomAttribute
instanceKlass jdk/internal/classfile/impl/TerminalFieldBuilder
instanceKlass java/lang/classfile/FieldBuilder
instanceKlass java/lang/invoke/InvokerBytecodeGenerator$2
instanceKlass jdk/internal/classfile/impl/BytecodeHelpers
instanceKlass java/lang/classfile/constantpool/MethodRefEntry
instanceKlass sun/invoke/empty/Empty
instanceKlass sun/invoke/util/VerifyType
instanceKlass jdk/internal/classfile/impl/DirectCodeBuilder$8
instanceKlass java/lang/classfile/instruction/LabelTarget
instanceKlass java/lang/classfile/Label
instanceKlass jdk/internal/classfile/impl/BufWriterImpl
instanceKlass java/lang/classfile/BufWriter
instanceKlass java/lang/classfile/instruction/LocalVariableType
instanceKlass java/lang/classfile/instruction/LocalVariable
instanceKlass java/lang/classfile/instruction/CharacterRange
instanceKlass java/lang/classfile/PseudoInstruction
instanceKlass java/lang/classfile/CodeElement
instanceKlass jdk/internal/classfile/impl/TerminalCodeBuilder
instanceKlass jdk/internal/classfile/impl/LabelContext
instanceKlass java/lang/classfile/CodeBuilder
instanceKlass java/lang/invoke/InvokerBytecodeGenerator$4$1
instanceKlass java/lang/classfile/constantpool/FieldRefEntry
instanceKlass java/lang/classfile/constantpool/MemberRefEntry
instanceKlass java/lang/classfile/constantpool/NameAndTypeEntry
instanceKlass jdk/internal/classfile/impl/TerminalMethodBuilder
instanceKlass jdk/internal/classfile/impl/MethodInfo
instanceKlass java/lang/classfile/MethodBuilder
instanceKlass java/lang/invoke/InvokerBytecodeGenerator$4
instanceKlass java/lang/classfile/attribute/SourceFileAttribute
instanceKlass java/lang/classfile/Superclass
instanceKlass jdk/internal/classfile/impl/AttributeHolder
instanceKlass java/lang/classfile/ClassBuilder
instanceKlass java/lang/classfile/ClassFileBuilder
instanceKlass jdk/internal/classfile/impl/AbstractDirectBuilder
instanceKlass java/lang/invoke/InvokerBytecodeGenerator$1
instanceKlass jdk/internal/classfile/impl/ClassFileImpl
instanceKlass java/lang/classfile/ClassFile
instanceKlass java/lang/invoke/InvokerBytecodeGenerator$3
instanceKlass java/util/function/Consumer
instanceKlass java/lang/classfile/constantpool/ClassEntry
instanceKlass java/lang/classfile/constantpool/LoadableConstantEntry
instanceKlass jdk/internal/classfile/impl/Util
instanceKlass jdk/internal/classfile/impl/EntryMap
instanceKlass jdk/internal/classfile/impl/BootstrapMethodEntryImpl
instanceKlass java/lang/classfile/BootstrapMethodEntry
instanceKlass jdk/internal/classfile/impl/SplitConstantPool
instanceKlass java/lang/invoke/LambdaFormBuffer
instanceKlass java/lang/invoke/LambdaFormEditor$TransformKey
instanceKlass java/lang/invoke/LambdaFormEditor
instanceKlass java/lang/invoke/Invokers$Holder
instanceKlass java/lang/invoke/DelegatingMethodHandle$Holder
instanceKlass java/lang/invoke/DirectMethodHandle$2
instanceKlass java/lang/invoke/ClassSpecializer$Factory
instanceKlass java/lang/invoke/ClassSpecializer$SpeciesData
instanceKlass java/lang/invoke/ClassSpecializer$1
instanceKlass jdk/internal/vm/annotation/Stable
instanceKlass java/lang/invoke/ClassSpecializer
instanceKlass java/lang/invoke/InvokerBytecodeGenerator$8
instanceKlass jdk/internal/classfile/impl/AbstractAttributeMapper
instanceKlass java/lang/classfile/AttributeMapper
instanceKlass java/lang/classfile/Attributes
instanceKlass jdk/internal/classfile/impl/Util$Writable
instanceKlass jdk/internal/classfile/impl/AbstractElement
instanceKlass java/lang/classfile/attribute/RuntimeVisibleAnnotationsAttribute
instanceKlass java/lang/classfile/FieldElement
instanceKlass java/lang/classfile/MethodElement
instanceKlass java/lang/classfile/ClassElement
instanceKlass java/lang/classfile/Attribute
instanceKlass java/lang/classfile/ClassFileElement
instanceKlass java/lang/classfile/constantpool/Utf8Entry
instanceKlass java/lang/classfile/constantpool/AnnotationConstantValueEntry
instanceKlass java/lang/classfile/constantpool/PoolEntry
instanceKlass jdk/internal/classfile/impl/AbstractPoolEntry
instanceKlass jdk/internal/classfile/impl/TemporaryConstantPool
instanceKlass java/lang/classfile/constantpool/ConstantPoolBuilder
instanceKlass java/lang/classfile/constantpool/ConstantPool
instanceKlass java/lang/classfile/Annotation
instanceKlass java/lang/classfile/AnnotationElement
instanceKlass java/lang/invoke/InvokerBytecodeGenerator
instanceKlass java/lang/invoke/LambdaForm$Holder
instanceKlass java/lang/invoke/LambdaForm$Name
instanceKlass java/lang/reflect/Array
instanceKlass java/lang/invoke/Invokers
instanceKlass sun/invoke/util/ValueConversions
instanceKlass java/lang/invoke/DirectMethodHandle$Holder
instanceKlass java/lang/constant/DynamicConstantDesc
instanceKlass jdk/internal/constant/DirectMethodHandleDescImpl$1
instanceKlass jdk/internal/constant/DirectMethodHandleDescImpl
instanceKlass java/lang/constant/DirectMethodHandleDesc
instanceKlass java/lang/constant/MethodHandleDesc$1
instanceKlass java/lang/constant/MethodHandleDesc
instanceKlass jdk/internal/constant/MethodTypeDescImpl
instanceKlass java/lang/constant/MethodTypeDesc
instanceKlass jdk/internal/constant/ConstantUtils
instanceKlass jdk/internal/constant/ArrayClassDescImpl
instanceKlass jdk/internal/constant/ClassOrInterfaceDescImpl
instanceKlass java/lang/constant/ClassDesc
instanceKlass java/lang/constant/ConstantDescs
instanceKlass sun/invoke/util/Wrapper$Format
instanceKlass java/lang/invoke/MethodHandleImpl$1
instanceKlass jdk/internal/access/JavaLangInvokeAccess
instanceKlass java/lang/invoke/LambdaForm$NamedFunction
instanceKlass jdk/internal/reflect/MethodHandleAccessorFactory$LazyStaticHolder
instanceKlass java/lang/invoke/MethodTypeForm
instanceKlass jdk/internal/util/StrongReferenceKey
instanceKlass jdk/internal/util/ReferenceKey
instanceKlass jdk/internal/util/ReferencedKeyMap
instanceKlass java/lang/invoke/MethodType$1
instanceKlass sun/reflect/annotation/AnnotationParser
instanceKlass java/lang/PublicMethods$Key
instanceKlass java/lang/PublicMethods$MethodList
instanceKlass java/util/EnumMap$1
instanceKlass java/util/stream/StreamOpFlag$MaskBuilder
instanceKlass java/util/stream/Stream
instanceKlass java/util/stream/BaseStream
instanceKlass java/util/stream/PipelineHelper
instanceKlass java/util/stream/StreamSupport
instanceKlass java/util/Spliterators$IteratorSpliterator
instanceKlass java/util/Spliterator
instanceKlass java/util/Spliterators
instanceKlass jdk/internal/module/DefaultRoots
instanceKlass jdk/internal/loader/BuiltinClassLoader$LoadedModule
instanceKlass java/lang/Module$EnableNativeAccess
instanceKlass jdk/internal/loader/BootLoader
instanceKlass java/util/Optional
instanceKlass jdk/internal/module/ModuleResolution
instanceKlass jdk/internal/module/ModuleHashes$Builder
instanceKlass java/util/ImmutableCollections$Set12$1
instanceKlass java/util/ImmutableCollections$ListItr
instanceKlass java/util/ListIterator
instanceKlass java/util/ImmutableCollections$SetN$SetNIterator
instanceKlass jdk/internal/module/Builder
instanceKlass jdk/internal/module/SystemModules$all
instanceKlass jdk/internal/module/SystemModules
instanceKlass jdk/internal/module/SystemModulesMap
instanceKlass jdk/internal/module/SystemModuleFinders
instanceKlass jdk/internal/loader/AbstractClassLoaderValue
instanceKlass jdk/internal/module/ServicesCatalog
instanceKlass java/util/concurrent/ConcurrentHashMap$CollectionView
instanceKlass jdk/internal/loader/ClassLoaderHelper
instanceKlass jdk/internal/loader/NativeLibraries
instanceKlass java/security/Principal
instanceKlass java/lang/ClassLoader$ParallelLoaders
instanceKlass java/security/cert/Certificate
instanceKlass java/util/Deque
instanceKlass java/util/Queue
instanceKlass sun/net/util/IPAddressUtil$MASKS
instanceKlass sun/net/util/IPAddressUtil
instanceKlass java/net/URLStreamHandler
instanceKlass java/lang/StringUTF16
instanceKlass sun/net/www/ParseUtil
instanceKlass java/net/URL$1
instanceKlass jdk/internal/access/JavaNetURLAccess
instanceKlass java/net/URL$DefaultFactory
instanceKlass java/net/URLStreamHandlerFactory
instanceKlass jdk/internal/loader/URLClassPath
instanceKlass jdk/internal/loader/ArchivedClassLoaders
instanceKlass java/net/URI$1
instanceKlass jdk/internal/access/JavaNetUriAccess
instanceKlass jdk/internal/module/ArchivedBootLayer
instanceKlass jdk/internal/module/ModuleBootstrap$Counters
instanceKlass jdk/internal/module/ModuleLoaderMap$Modules
instanceKlass jdk/internal/module/ModuleLoaderMap
instanceKlass jdk/internal/module/ModulePatcher
instanceKlass jdk/internal/util/DecimalDigits
instanceKlass java/io/FileSystem
instanceKlass java/io/DefaultFileSystem
instanceKlass java/io/File
instanceKlass java/lang/module/ModuleDescriptor$1
instanceKlass jdk/internal/access/JavaLangModuleAccess
instanceKlass sun/invoke/util/VerifyAccess
instanceKlass java/util/KeyValueHolder
instanceKlass java/util/ImmutableCollections$MapN$MapNIterator
instanceKlass java/lang/invoke/MethodHandles$Lookup
instanceKlass java/lang/invoke/MemberName$Factory
instanceKlass java/lang/invoke/MethodHandles
instanceKlass jdk/internal/module/ModuleBootstrap
instanceKlass java/util/HexFormat
instanceKlass jdk/internal/util/ClassFileDumper
instanceKlass java/lang/CharacterData
instanceKlass java/lang/invoke/MethodHandleStatics
instanceKlass java/util/Collections
instanceKlass java/lang/Thread$ThreadIdentifiers
instanceKlass sun/io/Win32ErrorMode
instanceKlass jdk/internal/misc/OSEnvironment
instanceKlass jdk/internal/misc/Signal$NativeHandler
instanceKlass java/util/Hashtable$Entry
instanceKlass jdk/internal/misc/Signal
instanceKlass java/lang/Terminator$1
instanceKlass jdk/internal/misc/Signal$Handler
instanceKlass java/lang/Terminator
instanceKlass java/nio/ByteOrder
instanceKlass java/nio/Buffer$2
instanceKlass jdk/internal/access/JavaNioAccess
instanceKlass java/nio/Buffer$1
instanceKlass jdk/internal/misc/ScopedMemoryAccess
instanceKlass java/nio/charset/CodingErrorAction
instanceKlass java/nio/charset/CharsetEncoder
instanceKlass java/io/Writer
instanceKlass java/io/OutputStream
instanceKlass java/io/Flushable
instanceKlass java/io/FileDescriptor$1
instanceKlass jdk/internal/access/JavaIOFileDescriptorAccess
instanceKlass java/io/FileDescriptor
instanceKlass jdk/internal/util/StaticProperty
instanceKlass jdk/internal/reflect/MethodHandleAccessorFactory
instanceKlass jdk/internal/reflect/Reflection
instanceKlass java/lang/reflect/Modifier
instanceKlass java/lang/Class$Atomic
instanceKlass java/lang/Class$ReflectionData
instanceKlass java/nio/charset/StandardCharsets
instanceKlass sun/nio/cs/HistoricallyNamedCharset
instanceKlass java/util/Arrays
instanceKlass jdk/internal/util/Preconditions$3
instanceKlass jdk/internal/util/Preconditions$2
instanceKlass jdk/internal/util/Preconditions$4
instanceKlass java/util/function/BiFunction
instanceKlass jdk/internal/util/Preconditions$1
instanceKlass jdk/internal/util/Preconditions
instanceKlass java/nio/charset/spi/CharsetProvider
instanceKlass java/nio/charset/Charset
instanceKlass java/util/HashMap$HashIterator
instanceKlass java/util/concurrent/locks/LockSupport
instanceKlass java/util/concurrent/ConcurrentHashMap$Node
instanceKlass java/util/concurrent/ConcurrentHashMap$CounterCell
instanceKlass java/util/concurrent/locks/ReentrantLock
instanceKlass java/util/concurrent/locks/Lock
instanceKlass java/lang/Runtime
instanceKlass java/lang/VersionProps
instanceKlass java/lang/StringConcatHelper
instanceKlass jdk/internal/util/ArraysSupport
instanceKlass java/lang/StringLatin1
instanceKlass java/lang/StrictMath
instanceKlass jdk/internal/util/SystemProps$Raw
instanceKlass jdk/internal/util/SystemProps
instanceKlass java/lang/System$1
instanceKlass jdk/internal/access/JavaLangAccess
instanceKlass java/lang/ref/ReferenceQueue$Lock
instanceKlass java/lang/ref/ReferenceQueue
instanceKlass java/lang/ref/Reference$1
instanceKlass jdk/internal/access/JavaLangRefAccess
instanceKlass java/lang/Math
instanceKlass java/io/ObjectStreamClass
instanceKlass jdk/internal/reflect/ReflectionFactory
instanceKlass jdk/internal/access/SharedSecrets
instanceKlass java/lang/reflect/ReflectAccess
instanceKlass jdk/internal/access/JavaLangReflectAccess
instanceKlass java/util/Objects
instanceKlass jdk/internal/misc/CDS
instanceKlass java/lang/Module$ArchivedData
instanceKlass jdk/internal/misc/VM
instanceKlass java/lang/String$CaseInsensitiveComparator
instanceKlass java/util/Comparator
instanceKlass java/io/ObjectStreamField
instanceKlass jdk/internal/math/FDBigInteger
instanceKlass java/lang/ModuleLayer
instanceKlass java/util/ImmutableCollections
instanceKlass jdk/internal/module/ModuleLoaderMap$Mapper
instanceKlass java/util/function/Function
instanceKlass java/lang/module/ResolvedModule
instanceKlass java/lang/module/Configuration
instanceKlass java/util/HashMap$Node
instanceKlass java/util/Map$Entry
instanceKlass java/util/Collections$UnmodifiableMap
instanceKlass jdk/internal/module/ModuleHashes
instanceKlass jdk/internal/module/ModuleTarget
instanceKlass java/lang/module/ModuleDescriptor$Opens
instanceKlass jdk/internal/module/SystemModuleFinders$2
instanceKlass jdk/internal/module/ModuleHashes$HashSupplier
instanceKlass jdk/internal/module/SystemModuleFinders$1
instanceKlass java/util/function/Supplier
instanceKlass java/net/URI
instanceKlass java/lang/module/ModuleDescriptor$Provides
instanceKlass java/lang/module/ModuleDescriptor$Exports
instanceKlass java/lang/module/ModuleDescriptor$Requires
instanceKlass java/lang/module/ModuleDescriptor$Version
instanceKlass java/lang/module/ModuleDescriptor
instanceKlass java/lang/module/ModuleReference
instanceKlass java/util/Set
instanceKlass jdk/internal/module/SystemModuleFinders$SystemModuleFinder
instanceKlass java/lang/module/ModuleFinder
instanceKlass jdk/internal/module/ArchivedModuleGraph
instanceKlass sun/util/locale/BaseLocale
instanceKlass java/util/jar/Attributes$Name
instanceKlass java/lang/Character$CharacterCache
instanceKlass java/lang/Short$ShortCache
instanceKlass java/lang/Byte$ByteCache
instanceKlass java/lang/Long$LongCache
instanceKlass java/lang/Integer$IntegerCache
instanceKlass jdk/internal/vm/FillerObject
instanceKlass jdk/internal/vm/vector/VectorSupport$VectorPayload
instanceKlass jdk/internal/vm/vector/VectorSupport
instanceKlass java/lang/reflect/RecordComponent
instanceKlass java/util/Iterator
instanceKlass java/lang/Void
instanceKlass java/lang/Number
instanceKlass java/lang/Character
instanceKlass java/lang/Boolean
instanceKlass java/util/concurrent/locks/AbstractOwnableSynchronizer
instanceKlass java/lang/LiveStackFrame
instanceKlass java/lang/ClassFrameInfo
instanceKlass java/lang/StackWalker$StackFrame
instanceKlass java/lang/StackStreamFactory$AbstractStackWalker
instanceKlass java/lang/StackWalker
instanceKlass java/nio/Buffer
instanceKlass java/lang/StackTraceElement
instanceKlass java/util/RandomAccess
instanceKlass java/util/List
instanceKlass java/util/SequencedCollection
instanceKlass java/util/AbstractCollection
instanceKlass java/util/Collection
instanceKlass java/lang/Iterable
instanceKlass java/util/concurrent/ConcurrentMap
instanceKlass java/util/AbstractMap
instanceKlass java/security/CodeSource
instanceKlass jdk/internal/loader/ClassLoaders
instanceKlass java/util/jar/Manifest
instanceKlass java/lang/Enum
instanceKlass java/net/URL
instanceKlass java/io/InputStream
instanceKlass java/io/Closeable
instanceKlass java/lang/AutoCloseable
instanceKlass jdk/internal/module/Modules
instanceKlass jdk/internal/misc/Unsafe
instanceKlass jdk/internal/misc/UnsafeConstants
instanceKlass java/lang/AbstractStringBuilder
instanceKlass java/lang/Appendable
instanceKlass java/lang/AssertionStatusDirectives
instanceKlass jdk/internal/foreign/abi/ABIDescriptor
instanceKlass jdk/internal/foreign/abi/NativeEntryPoint
instanceKlass java/lang/invoke/CallSite
instanceKlass java/lang/invoke/MethodType
instanceKlass java/lang/invoke/TypeDescriptor$OfMethod
instanceKlass java/lang/invoke/LambdaForm
instanceKlass java/lang/invoke/MethodHandleNatives
instanceKlass java/lang/invoke/MethodHandleImpl
instanceKlass java/lang/invoke/ResolvedMethodName
instanceKlass java/lang/invoke/MemberName
instanceKlass java/lang/invoke/VarHandle
instanceKlass java/lang/invoke/MethodHandle
instanceKlass jdk/internal/reflect/ConstructorAccessorImpl
instanceKlass jdk/internal/reflect/ConstructorAccessor
instanceKlass jdk/internal/reflect/CallerSensitive
instanceKlass java/lang/annotation/Annotation
instanceKlass jdk/internal/reflect/ConstantPool
instanceKlass jdk/internal/reflect/MethodAccessorImpl
instanceKlass jdk/internal/reflect/MethodAccessor
instanceKlass jdk/internal/vm/StackChunk
instanceKlass jdk/internal/vm/Continuation
instanceKlass jdk/internal/vm/ContinuationScope
instanceKlass java/lang/reflect/Parameter
instanceKlass java/lang/reflect/Member
instanceKlass java/lang/reflect/AccessibleObject
instanceKlass java/lang/Module
instanceKlass java/util/Map
instanceKlass java/util/Dictionary
instanceKlass java/lang/ThreadGroup
instanceKlass java/lang/Thread$UncaughtExceptionHandler
instanceKlass java/lang/Thread$Constants
instanceKlass java/lang/Thread$FieldHolder
instanceKlass java/lang/Thread
instanceKlass java/lang/Runnable
instanceKlass java/lang/ref/Reference
instanceKlass java/lang/Record
instanceKlass java/security/ProtectionDomain
instanceKlass java/lang/Throwable
instanceKlass java/lang/System
instanceKlass java/lang/ClassLoader
instanceKlass java/lang/Cloneable
instanceKlass java/lang/Class
instanceKlass java/lang/invoke/TypeDescriptor$OfField
instanceKlass java/lang/invoke/TypeDescriptor
instanceKlass java/lang/reflect/Type
instanceKlass java/lang/reflect/GenericDeclaration
instanceKlass java/lang/reflect/AnnotatedElement
instanceKlass java/lang/String
instanceKlass java/lang/constant/ConstantDesc
instanceKlass java/lang/constant/Constable
instanceKlass java/lang/CharSequence
instanceKlass java/lang/Comparable
instanceKlass java/io/Serializable
ciInstanceKlass java/lang/Object 1 1 115 7 1 10 12 1 1 10 7 12 1 1 1 10 7 12 1 1 1 10 12 1 1 8 1 10 12 1 1 10 7 12 1 1 1 10 12 1 10 12 1 1 100 1 8 1 10 12 1 10 7 12 1 1 1 7 1 10 12 1 7 1 10 12 1 1 8 1 3 8 1 100 1 5 0 1 1 1 1 1 1 1 1 1 1 1 1 1 1 1 1 7 1 1 1 1 1 1 1 1 1 1 1 1 1 7 1 1 1 1 1 1 3 1 1
ciInstanceKlass java/io/Serializable 1 0 7 100 1 100 1 1 1
ciInstanceKlass java/lang/System 1 1 591 10 100 12 1 1 1 10 7 12 1 1 1 10 12 1 1 10 12 1 9 12 1 1 10 7 12 1 1 1 11 100 12 1 1 1 10 100 12 1 1 1 10 12 1 1 100 1 8 1 10 12 1 9 12 1 1 9 12 1 1 10 7 12 1 1 1 10 7 12 1 1 1 10 12 1 1 10 12 1 10 7 12 1 1 1 10 12 1 10 12 1 1 7 1 10 12 1 1 100 1 8 1 10 10 12 1 1 100 1 8 1 10 10 7 12 1 1 10 12 10 7 12 1 1 10 7 12 1 1 1 100 1 8 1 10 10 7 12 1 1 1 10 7 12 1 1 1 100 1 10 100 12 1 1 1 10 12 1 1 10 7 12 1 1 1 10 12 1 1 10 12 1 10 12 1 8 1 10 12 1 1 10 12 1 1 8 1 10 12 1 7 1 7 1 10 12 1 9 7 12 1 1 1 10 7 12 1 1 1 10 12 1 10 12 1 10 7 12 1 1 1 100 1 8 1 10 9 12 1 1 9 12 1 10 12 1 10 100 12 1 1 10 12 1 10 12 1 1 100 1 10 8 1 10 12 1 1 10 12 1 10 12 1 1 10 12 1 1 8 1 11 7 12 1 1 10 12 11 12 1 1 11 7 12 1 1 1 11 7 12 1 1 11 12 1 1 7 1 11 12 1 10 12 1 8 1 10 12 1 1 8 1 8 1 8 1 8 1 11 12 1 10 12 1 1 10 12 1 10 12 1 8 1 10 12 1 1 8 1 9 12 1 8 1 10 7 12 1 1 8 1 7 1 9 7 12 1 1 1 10 12 1 7 1 9 12 10 9 12 7 1 10 12 9 12 1 1 8 1 10 12 1 1 8 1 9 12 1 10 7 12 1 1 10 12 1 10 12 1 1 11 7 12 1 1 10 12 10 7 12 1 1 1 9 12 1 1 100 1 100 1 8 1 10 12 1 1 10 12 1 8 1 8 1 10 8 1 8 1 8 1 8 1 8 1 10 8 1 10 7 12 1 1 1 10 7 12 1 1 1 10 12 1 1 7 1 10 10 12 1 10 12 1 9 12 1 1 1 1 1 1 1 1 1 1 1 1 100 1 1 100 1 1 1 1 1 1 1 1 1 1 3 1 1 1 1 1 1 1 1 1 1 1 1 1 1 1 1 1 1 1 1 1 1 1 1 1 1 1 1 1 1 1 1 1 1 1 1 1 1 1 1 1 1 1 1 1 1 1 1 1 1 1 100 1 1 1 1 1 1 1 1 1 1 1 1 1 1 1 1 1 1 1 1 1 1 1 1 1 100 1 100 1 1 1 1 1 1 1 1
staticfield java/lang/System in Ljava/io/InputStream; java/io/BufferedInputStream
staticfield java/lang/System out Ljava/io/PrintStream; java/io/PrintStream
staticfield java/lang/System err Ljava/io/PrintStream; java/io/PrintStream
instanceKlass io/github/bonigarcia/wdm/cache/ResolutionCache$1
instanceKlass java/security/Provider
instanceKlass java/security/Security$1
ciInstanceKlass java/util/Properties 1 1 690 10 7 12 1 1 1 100 1 10 7 12 1 1 7 1 10 12 1 9 12 1 1 9 12 1 1 9 12 1 1 10 7 12 1 1 1 10 12 1 1 8 1 10 7 12 1 1 1 7 1 10 12 1 10 12 1 1 8 1 10 12 1 7 1 10 12 10 12 1 1 9 12 1 1 10 12 1 1 7 1 10 12 1 10 12 1 10 12 1 1 100 1 8 1 10 12 1 10 12 1 10 12 1 1 10 12 1 100 1 3 10 10 100 12 1 1 1 10 12 1 10 12 1 1 8 1 10 12 1 10 12 1 1 8 1 10 100 12 1 1 10 12 1 1 10 12 1 10 12 1 1 100 1 10 12 1 10 12 1 1 100 1 9 100 12 1 1 1 10 12 1 10 12 1 1 10 12 1 1 10 12 1 1 100 1 9 12 1 1 7 1 100 1 10 12 1 100 1 11 7 12 1 1 1 11 12 1 1 11 100 12 1 1 1 11 7 12 1 1 1 11 12 1 1 11 12 1 11 12 1 10 12 1 1 8 1 10 12 1 10 100 12 1 1 10 12 1 100 1 10 10 12 1 10 12 1 100 1 10 10 12 1 1 10 100 12 1 1 9 100 12 1 1 10 12 1 1 10 100 12 1 1 1 100 1 100 1 100 1 10 8 1 8 1 10 12 1 10 12 1 10 12 1 1 10 10 12 1 1 10 12 1 1 7 1 10 10 12 1 11 7 12 1 1 10 7 12 1 1 1 8 1 10 100 12 1 1 11 11 7 1 8 1 10 100 1 11 10 12 1 10 10 12 1 10 12 1 1 10 12 1 1 10 12 1 1 10 12 1 10 12 1 10 10 12 1 10 12 1 10 12 1 10 10 12 1 1 10 12 1 1 10 10 12 1 10 12 1 10 12 1 10 12 1 10 12 1 1 10 12 1 1 10 12 1 10 12 1 10 12 1 1 10 12 10 12 1 1 10 12 1 1 10 12 1 10 12 1 1 10 12 1 1 10 12 10 11 12 1 4 11 10 12 1 1 10 100 12 1 1 11 12 1 10 12 1 1 10 100 12 1 1 10 12 1 100 1 8 1 10 12 1 10 10 100 12 1 1 1 100 1 6 0 10 12 1 1 11 100 12 1 1 1 10 12 1 10 12 1 1 1 1 1 5 0 1 1 1 1 1 1 1 1 1 1 1 1 1 1 1 1 1 1 1 1 1 1 1 1 1 1 1 1 1 1 1 1 1 1 1 1 1 1 1 100 1 1 1 1 1 1 1 1 1 1 1 1 1 1 1 1 1 1 1 1 100 1 1 1 1 1 1 1 1 1 1 1 1 100 1 100 1 1 1 1 1 100 1 1 1 1 1 1 1 1 1 1 1 1 1 1 1 1 1 1 1 1 1 1 1 1 1 1 1 1 1 1 1 1 1 1 1 1 1 1 1 1 1 1 1 1 1 1 1 1 1 1 1 1 1 1 1 1 1 1 1 1 1 1 1 1 1 1 1 1 1 1 1 1 1 1 1 1 1 100 1 1 1 1 1 1 1 1 1 1 1 100 1 1
staticfield java/util/Properties UNSAFE Ljdk/internal/misc/Unsafe; jdk/internal/misc/Unsafe
instanceKlass java/util/Hashtable
ciInstanceKlass java/util/Dictionary 1 1 36 10 7 12 1 1 1 100 1 1 1 1 1 1 1 1 1 1 1 1 1 1 1 1 1 1 1 1 1 1 1 1 1 1 1 1
instanceKlass java/util/Properties
ciInstanceKlass java/util/Hashtable 1 1 516 100 1 10 7 12 1 1 1 9 7 12 1 1 1 100 1 100 1 10 8 1 10 12 1 1 10 12 1 10 12 1 1 10 12 1 10 7 12 1 1 1 8 1 10 12 1 9 12 1 1 7 1 9 12 1 1 4 10 7 12 1 1 1 9 12 1 4 10 12 1 11 7 12 1 1 1 10 12 1 1 10 12 1 1 9 12 1 10 12 1 1 100 1 10 9 12 1 1 10 7 12 1 1 1 9 12 1 1 10 12 1 10 12 1 3 9 12 1 9 12 1 3 10 12 1 10 12 1 10 12 1 1 11 12 1 1 11 7 12 1 1 1 11 7 12 1 1 1 11 12 1 7 1 11 12 1 11 12 1 10 12 1 1 10 12 1 1 10 12 1 9 12 1 1 9 12 9 12 1 1 10 100 1 100 1 10 12 1 10 8 1 10 10 12 1 8 1 10 8 1 10 7 12 1 1 1 7 1 10 12 1 10 12 1 100 1 10 12 1 10 12 1 1 7 1 10 100 1 10 10 12 1 1 11 12 1 1 11 12 1 100 1 10 10 10 100 12 1 1 11 100 12 1 1 1 100 1 10 11 100 12 1 1 11 100 12 1 10 12 1 10 12 1 1 10 100 12 1 1 10 12 1 1 10 12 1 1 10 12 1 1 10 100 12 1 1 1 8 10 100 12 1 1 100 1 8 1 10 4 4 10 12 1 1 10 12 1 8 1 4 10 12 10 100 12 1 1 1 100 1 11 100 12 1 1 1 10 100 12 1 1 1 10 12 1 10 12 1 1 10 100 1 100 1 1 1 1 1 1 5 0 1 1 1 1 1 3 1 3 1 3 1 1 1 1 1 1 1 1 1 1 1 1 1 1 1 1 1 1 1 1 1 1 1 1 1 100 1 1 1 1 1 1 1 1 1 1 1 1 1 1 1 1 1 1 1 1 1 1 1 1 1 1 1 1 1 100 1 1 1 1 1 1 1 1 1 1 1 1 1 1 100 1 1 1 1 1 1 1 1 1 1 1 1 1 1 1 1 1 1 1 1 1 1 1 1 1 1 1 1 1 1 1 1 1 1 1 1 1 1 1 1 1 1 1 1 100 1 1 1 100 1 1 1 1 1 100 1 1 1 1 1 1 1 1 1 1 1 1 1 1 1 1 1 1
ciInstanceKlass java/util/Map 1 1 263 11 7 12 1 1 1 11 12 1 1 10 7 12 1 1 11 12 1 1 11 7 12 1 1 1 11 7 12 1 1 1 11 12 1 1 7 1 11 12 1 11 12 1 100 1 100 1 10 12 1 1 11 7 12 1 1 1 11 100 12 1 1 1 11 12 1 11 12 1 10 12 1 1 11 12 1 11 7 12 1 9 7 12 1 1 1 7 1 10 12 7 1 7 1 10 12 1 7 1 10 7 1 11 12 1 11 12 1 1 11 12 1 1 7 1 11 12 1 1 1 1 1 1 1 1 1 1 1 1 1 1 1 1 1 1 1 1 1 1 1 1 1 1 1 1 1 1 1 1 1 1 1 1 1 1 1 1 1 1 1 1 1 1 1 1 1 1 1 1 1 1 1 1 1 1 1 1 1 1 1 1 1 1 1 1 1 1 1 1 1 1 1 1 1 1 1 1 1 1 1 1 1 1 1 1 1 1 1 1 1 1 1 1 1 1 1 1 1 1 1 1 1 1 1 1 1 1 1 1 1 1 1 1 1 1 1 1 1 1 1 1 1 1 100 1 1 1 1 1 1 1 1 1 1 1 1 1 1 1 1 1 1
ciInstanceKlass java/lang/String 1 1 1471 10 7 12 1 1 1 8 1 9 7 12 1 1 1 9 12 1 1 9 12 1 1 9 12 1 1 10 12 1 10 12 1 1 10 12 1 1 9 12 1 10 7 12 1 1 1 10 12 1 1 10 12 1 10 7 12 1 1 1 10 12 1 1 10 12 1 1 10 12 1 10 12 1 1 10 12 1 10 7 12 1 1 1 7 1 9 7 12 1 1 1 10 7 12 1 1 1 10 12 1 1 10 12 1 1 10 7 12 1 1 1 10 12 1 1 9 7 12 1 1 10 12 9 7 12 1 1 10 12 1 1 3 10 12 1 1 7 1 11 12 1 1 11 12 1 11 12 1 1 10 7 12 1 1 1 10 12 1 1 9 100 12 1 1 1 10 12 1 1 10 12 1 11 12 1 1 10 12 1 10 12 10 12 1 1 7 1 100 1 10 12 1 10 12 1 10 7 12 1 1 1 10 12 1 1 100 1 10 12 1 1 100 1 10 12 1 1 10 12 1 1 10 12 1 10 10 12 1 100 1 100 1 7 1 10 12 1 10 12 1 1 10 12 1 1 10 12 1 10 12 1 1 10 12 1 1 10 100 12 1 1 100 1 11 10 7 12 1 1 11 12 1 11 12 1 10 12 1 10 12 1 10 12 10 12 1 1 10 10 7 12 1 1 1 10 7 12 1 1 10 12 1 1 10 7 12 1 1 10 12 1 10 12 1 1 10 12 1 1 10 12 1 10 12 1 10 12 1 1 100 1 10 12 1 1 10 12 10 12 1 10 12 1 1 10 12 1 1 10 100 12 1 1 1 10 12 1 10 12 1 1 10 12 1 10 12 1 3 3 10 12 1 1 10 12 1 10 12 1 1 10 12 1 1 10 12 1 1 10 12 1 10 12 1 1 10 12 1 1 10 12 1 10 12 1 10 12 1 10 12 1 1 10 12 1 10 12 1 10 12 1 10 12 1 10 12 1 10 12 1 10 100 1 10 8 1 10 12 1 1 10 12 1 8 1 10 12 1 1 10 12 10 12 1 8 1 10 10 12 1 1 10 12 1 1 7 1 5 0 100 1 8 1 10 10 12 1 1 5 0 5 0 5 0 10 12 1 1 10 100 1 10 10 12 1 10 12 1 10 12 1 10 10 12 1 10 12 1 10 12 1 10 12 1 10 12 1 10 12 1 10 12 1 1 10 12 1 1 10 12 1 1 10 10 12 1 1 10 10 12 1 100 1 10 9 100 12 1 1 1 11 100 12 1 1 1 10 12 1 1 10 12 1 1 10 7 1 10 12 1 10 12 1 10 7 12 1 1 1 10 12 1 10 12 1 1 10 12 1 11 7 1 11 12 10 12 1 10 12 1 1 10 12 1 1 10 10 12 1 10 12 1 9 12 1 1 11 7 12 1 1 1 10 12 10 10 12 1 10 12 1 1 10 10 12 1 10 12 1 10 12 1 1 10 12 1 1 10 10 12 1 1 10 10 7 12 1 1 1 10 12 1 10 12 1 10 12 10 10 12 10 10 12 1 10 12 1 10 10 12 10 12 1 1 10 12 10 10 12 10 12 1 10 12 10 12 10 10 12 1 10 12 1 1 10 12 1 1 10 10 12 1 10 7 12 1 1 1 10 12 1 1 10 10 7 12 1 1 1 11 10 12 1 10 12 1 1 10 12 1 1 10 7 12 1 1 1 10 12 1 10 12 1 10 12 1 10 12 1 10 12 1 10 12 1 100 1 10 10 12 1 10 12 1 1 8 1 10 12 1 3 3 10 12 1 10 12 1 1 10 12 7 1 10 10 12 1 1 10 12 10 12 1 10 12 1 10 12 1 1 10 12 1 1 11 7 12 1 1 1 7 1 10 12 1 10 12 1 1 8 1 10 12 1 1 10 12 1 11 100 12 1 1 1 11 100 12 1 1 11 12 1 10 12 1 10 12 1 1 10 10 7 12 1 1 1 10 12 1 10 12 1 10 10 12 10 12 1 1 10 10 12 1 10 10 12 1 10 10 12 1 10 10 12 1 10 12 1 1 10 10 12 1 8 1 10 12 1 1 18 12 1 1 11 100 12 1 1 1 3 18 12 1 18 12 1 8 1 10 100 12 1 1 1 11 12 1 1 10 12 10 10 12 1 10 11 12 1 1 10 12 1 1 11 12 1 18 3 11 10 11 11 10 12 1 10 12 1 1 8 1 10 12 1 10 12 1 10 12 1 1 10 10 12 1 11 100 12 1 7 1 100 1 10 12 100 1 10 10 7 12 1 1 1 100 1 10 7 1 10 10 12 1 10 10 12 1 8 1 10 10 12 1 8 1 8 1 10 12 1 10 12 1 10 10 12 10 7 12 1 1 10 100 12 1 1 10 100 12 1 1 8 1 10 12 1 10 12 1 10 9 12 1 10 12 9 7 12 1 1 1 10 12 1 10 12 1 10 12 1 10 12 10 12 1 10 12 1 8 1 10 100 12 1 1 1 10 12 10 12 1 1 10 12 10 12 10 12 7 1 9 12 1 1 7 1 10 100 1 100 1 100 1 100 1 1 1 1 1 1 5 0 1 1 1 1 1 3 1 3 1 1 1 1 1 1 1 1 1 1 1 1 1 1 1 100 1 1 1 1 1 1 1 1 1 1 1 1 1 1 1 1 1 1 1 1 1 1 1 1 1 1 1 1 1 1 1 100 1 1 1 1 1 1 1 1 1 1 1 1 100 1 1 1 1 1 1 1 1 1 1 1 1 1 1 1 1 1 1 1 1 1 1 1 1 1 1 1 1 1 1 1 1 1 1 1 1 1 1 1 1 1 1 1 1 1 1 1 1 1 1 1 1 1 1 1 1 1 1 1 1 1 1 1 1 1 1 1 1 1 1 1 1 1 1 1 1 1 1 1 1 1 1 1 1 1 1 1 1 1 1 1 1 1 1 1 1 1 1 1 1 1 1 1 1 1 1 1 1 1 1 1 1 1 1 1 1 1 1 1 1 1 1 1 1 1 1 1 1 1 1 1 1 1 1 1 1 1 1 1 1 1 1 1 1 1 1 1 1 1 1 1 1 1 1 1 1 1 1 1 1 1 1 1 1 1 1 1 1 1 1 1 1 1 1 1 1 1 1 1 100 1 1 1 1 1 1 1 1 1 1 1 1 1 1 1 1 1 1 1 1 1 1 1 100 1 1 1 1 1 1 1 1 1 1 1 1 1 1 1 7 1 1 1 1 1 1 1 1 1 1 1 1 1 1 1 16 15 10 12 16 15 10 12 15 10 12 15 10 12 15 10 100 12 1 1 1 1 100 1 1 1 1 1 100 1 100 1 1 1
staticfield java/lang/String COMPACT_STRINGS Z 1
staticfield java/lang/String serialPersistentFields [Ljava/io/ObjectStreamField; 0 [Ljava/io/ObjectStreamField;
staticfield java/lang/String CASE_INSENSITIVE_ORDER Ljava/util/Comparator; java/lang/String$CaseInsensitiveComparator
ciInstanceKlass java/lang/Comparable 1 0 12 100 1 100 1 1 1 1 1 1 1 1
ciInstanceKlass java/lang/CharSequence 1 1 145 11 7 12 1 1 1 18 12 1 1 100 1 10 100 12 1 1 1 18 10 100 12 1 1 1 11 12 1 1 11 100 1 11 12 1 1 10 100 12 1 1 1 11 12 1 1 10 12 1 1 10 12 1 100 1 10 12 1 1 10 100 12 1 1 1 100 1 10 10 12 1 1 100 1 1 1 1 1 1 1 1 1 1 1 1 1 1 1 1 1 1 1 1 1 1 1 1 1 1 1 1 1 1 1 1 1 1 1 1 1 1 1 1 16 1 15 11 12 16 15 11 12 15 10 100 12 1 1 1 1 1 100 1 100 1 1 100 1 1 100 1 100 1 1
ciInstanceKlass java/lang/constant/Constable 1 0 11 100 1 100 1 1 1 1 1 1 1
ciInstanceKlass java/lang/constant/ConstantDesc 1 0 37 100 1 100 1 1 1 1 7 1 1 1 1 100 1 100 1 100 1 100 1 100 1 100 1 100 1 100 1 100 1 1 100 1 100 1 1
ciInstanceKlass java/lang/AutoCloseable 1 0 12 100 1 100 1 1 1 1 7 1 1 1
ciInstanceKlass java/io/Closeable 1 0 14 100 1 100 1 100 1 1 1 1 7 1 1 1
ciInstanceKlass java/lang/Appendable 1 0 14 100 1 100 1 1 1 1 7 1 1 1 1 1
ciInstanceKlass java/util/Iterator 1 1 53 100 1 8 1 10 12 1 1 10 7 12 1 1 1 11 7 12 1 1 1 11 12 1 1 11 7 12 1 1 1 100 1 1 1 1 1 1 1 1 1 1 1 1 1 1 1 1 1 1 1 1 1
instanceKlass org/apache/http/impl/io/ContentLengthInputStream
instanceKlass org/apache/http/impl/io/IdentityInputStream
instanceKlass org/apache/http/impl/io/ChunkedInputStream
instanceKlass jdk/nio/zipfs/ZipFileSystem$EntryInputStream
instanceKlass sun/net/www/http/ChunkedInputStream
instanceKlass sun/net/www/protocol/http/EmptyInputStream
instanceKlass java/lang/ProcessBuilder$NullInputStream
instanceKlass sun/security/ssl/SSLSocketImpl$AppInputStream
instanceKlass java/io/SequenceInputStream
instanceKlass org/brotli/dec/BrotliInputStream
instanceKlass java/io/ObjectInputStream
instanceKlass com/sun/org/apache/xerces/internal/impl/XMLEntityManager$RewindableInputStream
instanceKlass sun/nio/ch/NioSocketImpl$1
instanceKlass sun/nio/ch/ChannelInputStream
instanceKlass sun/nio/ch/SocketInputStream
instanceKlass java/nio/channels/Channels$1
instanceKlass java/net/Socket$SocketInputStream
instanceKlass java/util/jar/JarVerifier$VerifierStream
instanceKlass java/util/zip/ZipFile$ZipFileInputStream
instanceKlass java/io/FilterInputStream
instanceKlass java/io/FileInputStream
instanceKlass java/io/ByteArrayInputStream
ciInstanceKlass java/io/InputStream 1 1 197 100 1 10 7 12 1 1 1 100 1 10 10 7 12 1 1 1 10 7 12 1 1 1 10 12 1 7 1 100 1 3 10 12 1 1 100 1 8 1 10 12 1 10 7 12 1 1 1 3 100 1 8 1 10 10 7 12 1 1 1 7 1 10 11 7 12 1 1 1 10 12 1 1 11 12 1 1 11 7 12 1 1 1 11 12 1 1 7 1 10 7 12 1 1 1 5 0 10 12 1 10 12 1 1 100 1 10 8 1 10 8 1 8 1 10 12 1 1 10 7 12 1 1 1 100 1 5 0 10 12 1 100 1 100 1 1 1 1 3 1 3 1 1 1 1 1 1 1 1 1 1 1 1 1 1 1 1 1 1 1 1 1 1 1 1 1 1 1 1 1 1 1 1 1 1 1 1 1 1 1 1 1 1 1 1 1 1 1 1 1 1 1 1 1 1 1
instanceKlass org/codehaus/groovy/reflection/ClassLoaderForClassArtifacts
instanceKlass org/codehaus/groovy/reflection/SunClassLoader
instanceKlass java/security/SecureClassLoader
ciInstanceKlass java/lang/ClassLoader 1 1 1076 9 7 12 1 1 1 10 7 12 1 1 1 9 12 1 1 10 7 12 1 1 1 7 1 10 12 1 1 10 12 1 1 9 12 1 1 10 12 1 1 100 1 10 12 1 10 12 1 1 10 7 12 1 1 1 100 1 8 1 10 12 1 10 7 1 10 7 1 7 1 7 1 10 12 1 10 12 1 9 12 1 1 10 10 7 12 1 1 1 9 12 1 1 9 12 1 9 12 1 1 9 12 1 9 12 1 1 9 12 1 1 7 1 10 12 1 9 12 1 1 10 12 1 1 10 7 12 1 1 1 9 12 1 9 12 1 1 9 12 1 10 12 1 1 9 12 10 12 1 1 7 1 10 8 1 10 12 1 1 10 12 1 10 7 1 7 1 10 7 12 1 1 1 10 7 12 1 1 1 8 1 10 12 1 10 12 1 10 12 1 1 10 12 1 1 10 12 1 1 10 12 1 1 10 12 1 1 10 12 1 7 1 10 12 1 10 100 12 1 1 1 10 12 1 1 10 12 1 10 12 1 10 12 1 10 12 1 10 12 1 1 10 10 12 1 10 12 1 10 10 12 1 1 10 12 1 1 100 1 8 1 10 8 1 10 12 1 10 12 1 100 1 8 1 10 12 1 1 10 12 1 1 10 10 12 1 1 10 12 1 1 10 12 1 1 10 7 1 10 12 1 10 12 1 1 10 12 1 1 10 12 1 1 10 12 1 1 10 12 1 1 10 12 1 1 10 12 1 1 10 7 12 1 1 1 10 12 1 10 12 1 10 12 1 1 10 12 1 10 12 1 10 12 1 10 12 1 1 10 12 1 10 12 1 1 8 1 9 12 1 10 12 1 1 8 1 8 1 10 7 12 1 1 100 1 10 10 12 10 12 1 10 12 1 10 12 1 10 12 1 1 10 7 12 1 1 10 12 1 10 7 1 7 1 10 12 1 1 10 12 1 10 7 1 10 12 1 100 1 18 12 1 10 100 12 1 1 1 10 100 12 1 1 1 10 7 12 1 1 10 12 1 10 12 1 100 1 10 12 1 8 1 10 10 12 1 1 10 12 1 10 12 1 1 7 1 10 12 1 1 10 100 12 1 1 10 12 1 10 7 12 1 1 10 12 1 8 1 100 1 10 10 12 1 9 12 1 10 7 12 1 1 10 12 1 100 1 8 1 10 12 1 10 8 1 8 1 10 12 1 1 10 12 1 1 10 12 1 1 10 100 12 1 1 100 1 100 1 10 12 1 1 100 1 100 1 10 100 12 1 1 10 12 1 10 12 1 10 12 1 10 12 1 10 12 1 1 10 12 1 8 1 7 1 18 12 1 1 10 12 1 1 10 12 1 10 12 1 10 12 1 8 1 10 12 1 10 12 1 18 12 1 11 100 12 1 1 1 100 1 10 12 1 1 10 12 1 10 11 12 1 1 10 18 10 12 1 1 11 100 12 1 18 12 1 11 12 1 1 10 12 1 10 12 1 1 10 12 1 1 100 1 8 1 10 10 12 1 8 1 8 1 10 100 12 1 1 10 12 1 100 1 10 10 12 1 8 1 8 1 8 1 10 12 1 10 12 1 10 12 1 1 10 12 1 1 10 12 1 10 100 12 1 1 1 11 100 12 1 1 100 1 10 11 10 12 1 10 12 1 10 12 1 1 9 100 12 1 1 9 12 1 1 9 12 9 12 1 9 12 1 9 12 1 8 10 12 1 1 10 7 12 1 1 1 10 12 1 1 10 12 1 1 10 12 1 1 8 1 10 12 1 1 8 10 12 1 1 8 8 10 12 1 10 12 1 10 12 1 11 12 1 1 10 100 12 1 1 1 100 1 10 12 1 10 12 1 10 12 1 1 1 1 1 1 1 1 1 1 1 1 1 1 1 1 1 1 1 1 1 1 1 1 1 1 100 1 1 1 1 1 1 1 1 1 1 1 1 1 1 1 1 1 1 1 1 1 1 1 1 1 7 1 1 1 1 1 1 1 1 1 1 1 1 1 1 1 1 1 1 1 1 1 1 1 1 1 1 1 1 1 1 1 1 1 1 1 1 1 1 1 1 1 1 1 100 1 1 1 1 1 1 1 1 1 1 1 1 1 1 1 1 1 1 1 1 1 100 1 1 1 1 1 1 1 1 1 1 1 1 1 1 1 1 1 1 1 1 1 1 1 1 1 1 1 1 1 1 1 1 1 1 1 1 1 1 1 1 1 1 1 1 100 1 1 1 1 1 1 1 1 1 1 1 1 1 1 1 1 1 1 1 1 1 1 1 1 1 1 1 1 1 1 1 1 1 1 1 1 1 1 1 1 1 1 1 1 1 1 1 1 1 1 1 16 1 15 10 12 16 1 16 15 10 12 16 1 16 1 15 10 12 16 15 10 12 16 15 10 12 16 15 10 100 12 1 1 1 1 1 100 1 100 1 1
staticfield java/lang/ClassLoader nocerts [Ljava/security/cert/Certificate; 0 [Ljava/security/cert/Certificate;
staticfield java/lang/ClassLoader $assertionsDisabled Z 1
instanceKlass sun/nio/ch/PipeImpl$Initializer$1
instanceKlass jdk/internal/net/http/HttpClientImpl$SelectorManager
instanceKlass java/util/logging/LogManager$Cleaner
instanceKlass io/github/bonigarcia/wdm/WebDriverManager$1
instanceKlass java/util/concurrent/DelayScheduler
instanceKlass java/util/concurrent/ForkJoinWorkerThread
instanceKlass com/intellij/rt/execution/application/AppMainV2$1
instanceKlass jdk/internal/misc/InnocuousThread
instanceKlass java/lang/ref/Finalizer$FinalizerThread
instanceKlass java/lang/ref/Reference$ReferenceHandler
instanceKlass java/lang/BaseVirtualThread
ciInstanceKlass java/lang/Thread 1 1 761 9 7 12 1 1 1 9 7 12 1 1 1 9 12 1 9 12 1 10 12 1 1 9 12 1 1 10 7 12 1 1 10 12 1 10 100 12 1 1 100 1 8 1 10 12 1 1 9 12 1 1 9 12 1 9 12 1 1 7 1 10 12 1 1 10 12 1 7 1 10 12 10 12 1 1 9 12 1 1 10 12 1 100 1 10 12 1 10 12 1 1 10 12 1 1 10 12 1 10 12 1 1 100 1 8 1 10 9 7 12 1 1 1 10 12 1 1 10 3 8 1 100 1 5 0 10 7 12 1 1 1 9 12 1 10 12 1 1 10 7 1 100 1 8 1 10 10 12 1 10 12 1 1 10 12 1 1 10 7 12 1 1 10 12 1 10 12 1 10 7 12 1 1 5 0 9 12 1 10 7 12 1 1 1 10 12 1 1 9 12 1 1 10 7 12 1 1 10 7 12 1 1 1 10 12 1 10 12 1 1 9 12 1 1 10 7 12 1 1 9 12 1 8 1 9 100 12 1 1 1 5 0 100 1 10 100 1 10 100 1 10 7 1 10 8 1 10 12 1 1 10 7 12 1 10 12 1 10 12 1 100 1 8 1 10 10 12 1 10 12 1 1 10 100 12 1 1 1 10 100 12 1 1 1 10 12 1 7 1 9 12 1 1 100 1 10 10 12 1 9 12 1 1 10 12 1 1 10 12 1 1 10 12 1 10 12 1 9 12 1 1 10 10 12 1 1 10 12 1 1 11 7 12 1 1 10 100 12 1 1 9 12 1 1 9 12 1 1 10 100 12 1 1 10 12 1 1 10 12 1 10 100 12 1 1 10 12 1 100 1 10 9 12 1 1 10 12 1 11 100 12 1 1 11 12 1 10 12 1 10 12 1 10 12 1 9 12 1 10 10 12 1 10 12 1 1 9 12 1 9 12 10 12 1 8 1 10 12 1 10 12 1 10 12 1 10 12 1 10 12 1 1 10 12 1 10 12 1 1 10 100 12 1 1 10 12 1 10 12 1 10 12 1 10 12 1 1 9 7 12 1 1 1 8 1 10 9 12 1 10 12 1 100 1 8 1 10 10 12 1 8 1 10 12 1 1 9 12 8 1 10 10 12 1 10 12 1 8 1 10 12 1 10 8 1 9 12 1 1 10 12 1 1 10 10 12 1 10 12 1 100 10 7 12 1 1 1 10 12 1 1 10 12 1 1 10 100 12 1 1 1 11 100 12 1 1 1 10 12 1 1 9 12 1 10 12 1 10 12 1 1 11 100 12 1 1 1 10 12 1 1 1 1 3 1 3 1 3 1 3 1 1 1 1 1 1 1 1 1 1 1 1 1 1 1 1 1 1 1 1 1 1 1 1 1 1 1 100 1 1 1 1 1 1 1 1 1 1 1 1 1 1 1 1 1 1 100 1 1 1 1 1 1 1 1 1 1 1 1 1 1 1 100 1 1 1 1 1 1 1 1 1 1 1 1 1 1 1 1 1 1 1 1 1 1 1 1 1 1 1 1 1 1 1 1 1 1 1 1 1 1 1 1 1 1 1 1 1 1 1 1 1 1 1 1 1 1 1 1 1 1 1 1 1 1 1 1 1 1 1 1 1 1 100 100 1 1 1 1 1 1 1 1 1 1 1 1 1 1 1 1 1 1 1 1 1 1 1 100 1 100 1 100 1 1 1 1 100 1 1 1 1 1 1 1 1 1 1 1 1
staticfield java/lang/Thread NEW_THREAD_BINDINGS Ljava/lang/Object; java/lang/Class
staticfield java/lang/Thread EMPTY_STACK_TRACE [Ljava/lang/StackTraceElement; 0 [Ljava/lang/StackTraceElement;
ciInstanceKlass java/lang/Runnable 1 0 11 100 1 100 1 1 1 1 1 1 1
ciMethod java/lang/System arraycopy (Ljava/lang/Object;ILjava/lang/Object;II)V 256 0 128 0 -1
ciInstanceKlass java/lang/Class 1 1 1652 10 7 12 1 1 1 10 7 12 1 1 9 12 1 1 9 12 1 1 9 12 1 1 9 12 1 1 9 12 1 1 10 12 1 1 8 1 10 12 1 8 1 8 1 10 12 1 1 10 7 12 1 1 1 10 12 1 7 1 10 10 12 1 10 12 1 1 10 12 1 1 10 12 1 1 10 7 12 1 1 10 12 1 10 12 1 10 12 1 1 10 12 1 8 1 10 12 1 8 1 10 12 1 8 1 8 1 10 12 1 1 10 7 12 1 1 1 18 12 1 1 11 7 12 1 1 1 8 1 8 1 8 1 10 7 12 1 1 1 11 12 1 1 8 1 10 12 1 10 10 12 1 1 10 12 1 8 1 10 12 1 1 8 1 10 12 1 10 12 1 1 11 7 12 1 1 1 11 100 12 1 1 1 11 8 1 18 8 1 10 12 1 10 7 12 1 1 10 12 1 1 10 7 12 1 1 1 10 12 1 1 10 12 1 1 10 7 12 1 1 1 10 7 12 1 10 12 1 1 10 7 1 10 12 1 8 1 10 8 1 8 1 8 1 8 1 8 1 8 1 8 1 8 1 9 100 12 1 1 9 100 1 9 100 1 9 100 1 9 100 1 9 100 1 9 100 1 9 100 1 9 100 1 9 12 1 1 7 1 8 1 10 12 1 10 12 1 1 100 1 10 12 1 1 10 7 12 1 1 1 10 7 12 1 1 1 7 1 7 1 10 10 12 1 1 10 12 1 1 100 1 10 100 12 1 1 1 10 12 1 1 10 12 1 1 10 12 9 12 1 1 10 12 1 9 12 1 1 9 12 1 1 10 12 1 1 10 7 1 10 12 1 10 12 1 1 10 9 12 1 10 12 1 8 1 10 12 1 1 10 12 1 1 10 12 1 10 12 1 10 12 1 1 9 7 12 1 1 1 10 12 1 10 7 12 1 1 10 12 1 10 12 1 10 12 1 10 12 1 9 100 12 1 1 1 9 12 1 10 12 1 10 12 1 1 9 12 1 1 10 7 10 12 1 1 10 100 12 1 1 10 12 1 10 12 1 1 10 100 12 1 1 1 10 12 1 10 12 1 1 10 12 1 10 12 1 10 12 1 1 10 7 1 10 10 12 1 1 10 12 1 1 10 12 10 10 12 1 1 100 1 8 1 10 10 12 1 1 10 12 1 100 1 11 12 1 10 12 1 10 12 1 10 100 12 1 1 10 10 12 1 1 8 1 10 12 1 8 1 9 12 1 10 12 1 10 12 1 10 12 1 10 12 100 1 9 12 1 10 12 1 9 12 1 10 12 1 10 12 1 10 12 1 10 10 12 1 10 12 1 10 12 1 10 12 1 10 12 1 10 12 1 7 1 10 10 12 1 10 12 1 11 7 12 1 1 11 12 1 1 10 12 1 1 10 12 1 1 10 12 1 1 10 12 1 1 10 12 1 1 10 12 1 1 7 1 10 10 12 1 1 10 12 1 1 10 12 1 1 10 10 12 1 10 12 1 1 10 12 1 1 10 12 1 1 10 12 1 1 10 12 10 12 1 1 10 7 12 1 1 1 10 12 1 10 12 1 1 10 12 1 10 7 12 1 1 1 10 12 1 1 10 10 12 1 1 100 1 10 10 12 1 1 10 100 12 1 1 1 100 1 100 1 10 12 1 1 10 12 1 10 10 12 1 1 10 12 1 10 12 1 10 12 1 10 100 12 1 1 1 11 7 12 1 1 10 12 1 10 12 1 9 7 12 1 1 8 1 10 12 1 10 12 1 10 12 1 10 12 1 1 9 12 1 9 12 1 1 10 7 12 1 1 9 12 1 10 12 1 1 10 10 12 1 10 7 12 1 1 1 10 7 12 1 1 10 7 12 1 1 9 12 1 1 10 12 1 9 12 1 10 12 1 10 12 1 1 9 12 1 1 9 12 1 10 12 1 10 12 1 1 9 12 1 100 1 10 10 12 1 1 7 1 10 100 11 100 1 9 12 1 1 9 12 1 10 12 1 9 12 1 1 9 12 1 10 12 1 10 12 1 1 9 12 1 7 1 10 10 12 1 1 10 10 12 1 10 12 10 10 12 1 9 12 1 10 12 1 1 10 12 1 8 10 7 8 1 18 8 1 8 1 10 12 1 9 12 1 9 12 1 1 10 12 1 7 1 7 1 10 12 1 9 12 1 1 10 10 12 1 9 12 1 8 1 10 12 1 10 10 12 1 1 100 1 100 1 9 12 1 100 1 8 1 10 10 7 12 1 1 1 10 12 11 7 12 1 1 1 10 12 1 10 12 1 1 10 8 1 10 12 1 8 1 10 12 1 1 9 7 12 1 1 11 12 7 1 11 7 12 1 1 9 12 1 10 7 12 1 1 1 10 7 12 1 1 10 12 1 1 9 12 1 9 10 12 1 1 10 12 1 1 10 12 1 1 10 12 1 1 10 12 1 1 11 12 1 11 12 1 1 11 7 12 1 1 11 12 1 7 1 11 12 1 10 7 12 1 1 1 10 12 1 11 12 1 10 100 12 1 1 1 10 12 1 10 100 12 1 1 1 11 12 1 11 12 1 1 10 12 1 10 12 1 1 9 12 1 1 10 12 1 10 100 12 1 1 1 10 12 1 1 10 12 1 10 12 1 10 12 1 10 7 12 1 1 1 10 12 1 8 1 10 12 1 10 12 1 10 12 1 8 1 8 1 10 7 12 1 1 10 7 12 1 1 100 1 10 12 10 7 12 1 1 1 10 7 12 1 1 1 10 12 1 1 10 12 1 18 12 1 1 11 12 1 1 18 11 12 1 18 12 1 11 12 1 10 12 1 10 12 1 10 12 1 10 12 10 12 1 8 1 10 12 1 7 1 9 12 1 1 100 1 100 1 100 1 100 1 1 1 3 1 3 1 3 1 1 1 1 1 1 1 1 1 5 0 1 1 1 1 1 1 1 1 1 1 1 1 1 1 1 1 1 1 1 1 1 1 1 1 1 1 1 100 1 1 1 1 1 1 1 1 1 1 1 100 1 1 1 1 1 7 1 1 1 1 1 1 1 1 1 1 1 1 1 1 1 1 1 1 1 1 1 1 1 1 1 1 1 1 1 1 1 1 1 1 100 1 1 1 1 1 1 1 1 1 1 1 1 1 1 1 1 1 1 1 1 1 1 1 1 1 1 1 1 1 1 1 100 1 1 1 1 1 1 1 1 1 1 1 1 1 1 1 1 1 1 1 1 1 1 1 1 1 1 1 1 1 1 1 1 1 1 1 1 1 1 1 1 1 1 1 1 1 1 1 1 1 1 1 1 1 1 1 1 1 1 1 1 1 100 1 100 1 1 1 1 1 1 1 1 1 1 1 1 1 1 1 1 1 1 1 1 1 1 1 1 1 1 1 1 1 1 1 1 1 1 1 1 1 1 1 1 1 1 1 1 1 1 1 1 1 1 1 1 1 1 1 1 1 1 1 1 1 1 1 1 1 1 1 1 1 1 1 1 1 1 1 1 1 1 1 1 1 1 1 1 1 1 1 1 1 1 1 1 1 1 1 1 1 1 1 1 1 1 1 1 1 1 1 1 1 1 1 1 1 1 1 1 1 1 1 1 16 15 10 12 16 15 11 12 16 1 15 10 12 16 16 15 10 12 16 15 16 1 15 10 12 16 15 10 7 12 1 1 1 1 1 100 1 1 1 1 1 1 1 1 100 1 1 100 1 100 1 1 100 1 100 1 1
staticfield java/lang/Class EMPTY_CLASS_ARRAY [Ljava/lang/Class; 0 [Ljava/lang/Class;
staticfield java/lang/Class serialPersistentFields [Ljava/io/ObjectStreamField; 0 [Ljava/io/ObjectStreamField;
ciInstanceKlass java/lang/reflect/AnnotatedElement 1 1 165 11 7 12 1 1 1 11 12 1 1 100 1 10 100 12 1 1 1 10 12 1 1 10 12 1 1 10 12 1 10 100 12 1 1 1 11 12 1 1 11 100 12 1 1 10 100 12 1 1 1 10 12 1 10 100 12 1 1 1 18 12 1 1 11 100 12 1 1 18 12 1 18 12 1 1 10 100 12 1 1 1 11 100 12 1 1 1 100 1 10 100 12 1 1 1 1 1 1 1 1 1 1 1 1 1 1 1 1 1 1 1 1 1 1 1 1 1 1 100 1 1 1 1 1 1 1 1 1 1 1 16 15 16 1 16 1 15 11 12 16 16 1 15 10 100 12 1 1 1 16 1 15 10 100 12 1 1 1 1 100 1 100 1 1
ciInstanceKlass java/lang/reflect/Type 1 1 17 11 7 12 1 1 1 100 1 1 1 1 1 1 1 1 1
ciInstanceKlass java/lang/invoke/TypeDescriptor 1 0 17 7 1 100 1 1 1 1 1 1 100 1 7 1 1 1 1
ciInstanceKlass java/lang/invoke/TypeDescriptor$OfField 1 0 21 7 1 100 1 7 1 1 1 1 1 1 1 1 1 1 1 1 1 1 1
ciInstanceKlass java/lang/reflect/GenericDeclaration 1 0 30 100 1 100 1 100 1 1 1 1 1 1 1 1 100 1 8 1 1 12 10 1 1 1 8 1 1 1 8 1
ciInstanceKlass java/lang/Module 1 1 1076 10 7 12 1 1 1 9 7 12 1 1 1 10 7 12 1 1 1 9 12 1 9 12 1 1 9 12 1 1 10 12 1 1 10 12 1 10 12 1 1 10 7 12 1 1 1 7 1 10 7 12 1 1 1 10 12 1 1 11 7 12 1 1 1 10 12 1 1 10 12 1 8 1 10 7 12 1 1 1 10 7 12 1 1 1 10 7 12 1 1 1 10 12 1 1 10 12 1 9 12 1 1 10 7 12 1 1 1 9 7 12 1 1 1 100 1 10 8 1 10 12 1 1 10 12 1 10 12 8 1 10 7 12 1 1 1 10 100 12 1 1 1 10 100 12 1 1 1 8 1 10 12 1 8 1 9 12 1 100 1 8 1 10 12 1 10 8 1 8 1 8 1 10 7 12 1 1 1 8 1 10 100 12 1 1 1 8 1 10 12 1 9 12 1 1 11 12 1 9 7 12 1 1 10 7 12 1 1 1 10 7 12 1 1 1 10 12 1 1 8 1 10 12 1 1 10 12 1 10 12 1 1 9 7 12 1 1 1 10 12 1 1 10 12 1 1 9 12 1 10 12 1 10 12 1 9 12 1 1 11 7 12 1 1 10 12 1 1 9 12 1 9 12 1 10 12 1 10 12 1 100 1 8 1 10 10 12 1 1 10 12 1 8 1 10 12 1 1 8 1 8 1 10 12 1 1 10 12 1 10 12 1 1 10 12 1 18 12 1 1 10 12 1 1 11 12 1 9 12 1 11 12 7 1 10 12 1 18 12 1 11 12 1 1 11 12 1 1 11 12 1 10 12 1 1 10 12 1 1 9 12 1 10 12 10 7 12 1 1 10 7 1 18 12 1 1 11 100 12 1 1 1 18 12 1 11 12 1 1 10 100 12 1 1 1 11 12 1 1 10 7 12 1 1 11 12 1 1 10 12 1 1 7 1 11 12 1 7 1 7 1 10 12 1 10 7 12 1 1 1 10 7 12 1 1 1 10 11 7 12 1 8 1 10 12 1 10 12 1 1 10 7 12 1 1 10 12 1 10 12 1 7 1 10 12 1 10 11 12 1 10 12 11 12 1 1 11 7 12 1 1 11 12 1 1 10 12 1 1 9 12 1 1 100 1 10 10 12 1 1 11 100 1 10 12 1 1 11 12 1 10 11 10 12 1 11 10 12 1 1 10 12 1 1 10 12 1 1 10 7 12 1 1 10 12 1 10 12 1 1 10 10 12 1 1 10 12 1 18 12 1 11 12 1 18 12 1 10 12 1 10 12 1 10 12 7 1 10 12 1 10 12 1 10 12 1 9 12 1 7 1 10 10 10 10 12 1 10 12 1 10 12 1 10 12 1 1 10 12 1 1 10 12 1 9 12 1 10 12 1 100 1 8 1 10 12 1 1 10 12 1 10 100 12 1 1 100 1 10 12 1 1 100 1 8 1 100 1 9 100 12 1 1 1 11 100 12 1 1 10 12 1 1 11 12 1 1 18 12 1 1 11 12 1 1 100 1 10 12 1 10 12 1 1 100 1 100 1 10 12 8 1 10 12 1 1 10 12 1 1 10 7 12 1 1 10 12 1 1 10 12 1 10 12 10 12 1 1 100 1 10 10 12 1 1 10 100 12 1 1 1 100 1 10 100 12 1 1 1 10 100 12 1 1 8 1 18 12 1 1 100 1 100 1 9 12 1 1 9 12 1 9 12 1 11 100 12 1 1 1 100 1 11 12 1 1 100 1 10 12 1 8 1 10 12 1 10 12 10 12 1 8 1 10 10 100 12 1 1 10 12 1 1 7 1 10 10 12 1 10 7 12 1 1 9 12 1 9 12 1 9 12 1 9 12 1 9 12 1 10 12 10 12 1 100 1 1 1 1 1 1 1 1 1 1 1 1 1 1 1 1 1 1 1 1 1 1 1 1 1 1 1 1 1 1 1 1 1 1 1 1 1 1 1 1 1 1 1 1 1 1 1 1 1 1 1 1 1 1 1 1 1 1 1 1 1 1 1 1 1 1 1 1 1 1 1 1 1 1 1 1 1 1 1 1 1 1 1 1 1 1 1 1 1 1 1 1 1 1 1 1 1 1 1 1 1 1 1 1 1 1 1 1 100 100 1 1 1 1 1 1 1 1 1 1 1 1 1 1 1 1 1 1 1 1 1 1 1 1 1 1 100 1 100 1 1 1 1 1 1 1 1 1 1 1 1 1 1 1 1 1 1 100 1 1 1 1 1 1 1 1 1 1 1 1 1 1 1 1 1 1 1 1 1 1 1 1 1 1 1 16 15 10 12 16 15 10 12 16 1 16 15 10 12 16 16 15 10 16 1 15 10 12 16 1 15 10 12 16 1 16 1 15 10 12 16 15 10 7 12 1 1 1 15 10 100 12 1 1 1 1 1 1 1 1 1 1 1 1 1 100 1 100 1 1
staticfield java/lang/Module ALL_UNNAMED_MODULE Ljava/lang/Module; java/lang/Module
staticfield java/lang/Module ALL_UNNAMED_MODULE_SET Ljava/util/Set; java/util/ImmutableCollections$Set12
staticfield java/lang/Module EVERYONE_MODULE Ljava/lang/Module; java/lang/Module
staticfield java/lang/Module EVERYONE_SET Ljava/util/Set; java/util/ImmutableCollections$Set12
staticfield java/lang/Module $assertionsDisabled Z 1
ciInstanceKlass java/lang/Math 1 1 480 7 1 7 1 10 100 12 1 1 1 10 7 12 1 1 1 10 12 1 10 12 1 10 12 1 10 12 1 10 12 1 6 0 6 0 10 12 1 10 12 1 10 12 1 10 12 1 10 12 1 10 12 1 1 10 12 1 10 12 1 10 12 1 10 12 1 10 12 1 10 7 12 1 1 1 100 1 3 3 3 10 12 1 1 100 1 5 0 5 0 5 0 5 0 5 0 9 100 12 1 1 1 10 100 12 1 1 1 100 1 8 1 10 12 1 8 1 10 12 1 1 10 12 1 1 100 1 5 0 5 0 100 1 3 5 0 3 5 0 10 12 1 10 12 1 10 12 1 10 12 1 10 12 1 8 1 10 12 1 8 1 10 12 1 1 10 12 1 1 9 12 1 1 9 12 1 100 1 100 1 10 10 12 1 1 8 1 10 12 1 10 12 1 1 10 10 12 1 10 12 1 10 12 1 10 12 1 1 8 1 8 1 10 12 1 1 10 12 1 10 12 10 12 10 12 1 10 12 1 10 12 1 10 12 1 10 12 6 0 10 12 1 9 12 1 1 100 1 10 10 12 1 100 1 10 12 1 10 12 1 1 10 12 1 10 12 1 10 12 10 12 1 1 10 12 1 1 10 12 1 1 10 12 6 0 10 12 1 1 10 12 10 12 1 4 10 12 1 10 12 1 10 12 10 12 1 10 12 1 10 12 1 10 12 1 10 12 1 10 12 1 5 0 6 0 4 6 0 4 6 0 4 10 12 1 6 0 6 0 10 12 1 10 12 8 1 10 12 1 10 12 1 8 1 8 1 10 12 10 12 10 7 12 1 1 1 4 6 0 1 1 1 6 0 1 6 0 1 6 0 1 1 1 1 1 1 1 1 1 1 1 1 1 1 1 1 1 1 1 1 1 1 1 1 1 1 1 1 1 1 1 1 1 1 1 1 1 1 1 1 1 1 1 1 1 1 1 1 1 1 1 1 1 1 1 1 1 1 1 1 1 1 1 1 1 1 1 1 1 1 1 1 1 1 1 1 1 1 1 1 1 1 1 1 1 1 1 1 1 1 1 1 1 1 1 1 1 1 1
staticfield java/lang/Math negativeZeroFloatBits J -2147483648
staticfield java/lang/Math negativeZeroDoubleBits J -9223372036854775808
staticfield java/lang/Math $assertionsDisabled Z 1
ciInstanceKlass jdk/internal/misc/Unsafe 1 1 1248 10 7 12 1 1 1 10 7 12 1 1 9 12 1 1 9 12 1 1 10 12 1 1 10 7 12 1 1 1 10 12 1 1 10 12 1 1 10 12 1 1 10 12 1 1 10 12 1 1 10 12 1 1 10 12 1 1 10 12 1 1 10 12 1 1 10 12 1 1 10 12 1 1 10 12 1 1 10 12 1 1 10 12 1 10 12 1 100 1 10 10 12 1 1 10 12 1 1 5 0 10 12 1 1 10 12 1 1 10 7 12 1 1 1 10 12 1 1 10 12 1 10 12 1 10 12 1 1 10 12 1 1 10 12 1 10 12 1 100 1 100 1 10 8 1 10 12 1 1 10 12 1 8 1 10 12 1 1 10 12 1 10 12 1 10 12 1 1 10 12 1 10 12 1 1 10 12 1 1 10 12 1 10 12 1 10 12 1 10 12 1 1 10 12 1 10 12 1 10 12 1 1 10 12 1 5 0 5 0 5 0 10 12 1 10 12 1 10 12 1 10 12 1 10 12 1 10 12 1 10 12 1 10 12 1 10 12 1 1 10 12 1 10 12 1 100 1 8 1 10 100 1 10 10 12 1 1 10 12 1 1 10 12 1 10 12 1 1 10 12 1 1 10 12 1 10 12 1 1 10 12 1 9 7 12 1 1 9 12 1 100 1 10 10 12 1 1 8 1 10 8 1 8 1 10 12 1 1 9 7 12 1 1 1 9 100 1 9 7 1 9 7 1 9 9 100 1 9 7 1 9 100 1 10 12 1 1 10 12 1 1 10 12 1 1 10 12 1 1 5 0 5 0 9 12 1 1 10 12 1 10 12 1 10 12 1 1 10 12 1 1 10 12 1 8 1 3 10 12 1 1 10 12 1 1 10 12 1 10 12 1 1 10 12 1 1 10 12 1 10 12 1 10 12 1 10 12 1 10 12 1 10 12 1 1 10 12 1 1 10 12 1 10 12 1 10 12 1 10 12 1 10 12 1 10 12 1 1 10 12 1 1 10 12 1 10 12 1 10 12 1 10 12 1 10 12 1 10 12 1 1 10 12 1 1 10 12 1 1 10 12 1 1 10 12 1 10 12 1 10 12 1 10 12 1 10 12 1 10 12 1 10 12 1 1 10 12 1 1 10 12 1 10 12 1 10 12 1 10 12 1 10 12 1 10 12 1 10 12 1 1 10 12 1 1 10 12 1 10 12 1 10 12 1 10 12 1 10 12 1 10 12 1 10 12 1 10 12 1 1 10 12 1 10 12 1 10 12 1 10 12 1 10 12 1 1 10 12 1 10 12 1 10 12 1 10 12 1 10 12 1 10 12 1 10 12 1 10 12 1 1 10 12 1 10 12 1 10 12 1 10 12 1 10 12 1 10 12 1 1 10 12 1 10 12 1 10 12 1 1 10 12 1 10 12 1 10 12 1 10 12 1 10 12 1 10 12 1 10 12 1 10 12 1 10 12 1 10 12 1 10 12 1 10 12 1 10 12 1 10 12 1 10 12 1 10 12 1 10 12 1 10 12 1 10 12 1 10 12 1 10 12 1 10 12 1 10 12 1 100 1 10 100 1 10 9 12 1 5 0 10 12 1 1 5 0 10 12 1 5 0 10 12 1 10 12 1 10 12 1 1 10 12 1 1 10 12 1 10 12 1 10 12 1 10 12 1 1 10 12 1 10 12 1 10 12 1 10 12 1 10 12 1 1 10 12 1 10 12 1 10 12 1 10 12 1 1 10 12 1 10 12 1 10 12 1 1 10 12 1 10 12 1 10 12 1 10 12 1 1 10 12 1 10 10 12 1 1 10 12 1 10 12 1 1 10 12 1 10 12 5 0 5 0 5 0 10 12 1 1 10 12 1 10 12 1 10 12 10 100 12 1 1 8 1 100 1 11 12 1 1 8 1 11 12 1 1 10 100 12 1 1 10 12 1 10 7 1 10 12 1 1 9 12 1 1 7 1 9 12 1 7 1 9 12 1 7 1 9 12 1 7 1 9 12 1 7 1 9 12 1 7 1 9 12 1 7 1 9 12 1 7 1 9 12 1 10 12 1 9 12 1 9 12 1 9 12 1 9 12 1 9 12 1 9 12 1 9 12 1 9 12 1 9 12 1 9 12 1 1 1 5 0 1 1 1 1 1 1 1 1 1 1 1 1 1 1 1 1 1 1 1 1 1 1 1 1 1 1 1 1 1 1 1 1 1 1 1 1 1 1 1 1 1 1 1 1 1 1 1 1 1 1 1 1 1 1 1 1 1 1 1 1 1 1 1 1 1 1 1 1 1 1 1 1 1 1 1 1 1 1 1 1 1 1 1 1 1 1 1 1 1 1 100 1 1 1 1 1 1 1 1 1 1 1 1 1 1 1 1 1 1 1 1 1 1 1 1 1 1 1 1 1 1 1 1 1 1 1 1 1 1 1 1 1 1 1 1 1 1 1 1 1 1 1 1 1 1 1 1 1 1 1 1 1 1 1 1 1 1 1 1 1 1 1 1 1 1 1 1 1 1 1 1 1 1 1 1 1 1 1 1 1 1 1 1 1 1 1 1 1 1 1 1 1 1 1 1 1 1 1 1 1 1 1 1 1 1 1 1 1 1 1 1 1 1 1 1 1 1 1 1 1 1 1 1 1 1 1 1 1 1 1 1 1 1 1 1 1 1 1 1 1 1 1 1 1 1 1 1 1 1 1 1 1 1 1 1 1 1 1 1 1 1 1 1 1 1 1 1 1 1 1 1 1 1 1 1 1 1 1 1 1 1 1 1 1 1 1 1 1 1 1 1 1 1 1 1 1 1 1 1 1 1 1 1 1
staticfield jdk/internal/misc/Unsafe theUnsafe Ljdk/internal/misc/Unsafe; jdk/internal/misc/Unsafe
staticfield jdk/internal/misc/Unsafe ARRAY_BOOLEAN_BASE_OFFSET J 16
staticfield jdk/internal/misc/Unsafe ARRAY_BYTE_BASE_OFFSET J 16
staticfield jdk/internal/misc/Unsafe ARRAY_SHORT_BASE_OFFSET J 16
staticfield jdk/internal/misc/Unsafe ARRAY_CHAR_BASE_OFFSET J 16
staticfield jdk/internal/misc/Unsafe ARRAY_INT_BASE_OFFSET J 16
staticfield jdk/internal/misc/Unsafe ARRAY_LONG_BASE_OFFSET J 16
staticfield jdk/internal/misc/Unsafe ARRAY_FLOAT_BASE_OFFSET J 16
staticfield jdk/internal/misc/Unsafe ARRAY_DOUBLE_BASE_OFFSET J 16
staticfield jdk/internal/misc/Unsafe ARRAY_OBJECT_BASE_OFFSET J 16
staticfield jdk/internal/misc/Unsafe ARRAY_BOOLEAN_INDEX_SCALE I 1
staticfield jdk/internal/misc/Unsafe ARRAY_BYTE_INDEX_SCALE I 1
staticfield jdk/internal/misc/Unsafe ARRAY_SHORT_INDEX_SCALE I 2
staticfield jdk/internal/misc/Unsafe ARRAY_CHAR_INDEX_SCALE I 2
staticfield jdk/internal/misc/Unsafe ARRAY_INT_INDEX_SCALE I 4
staticfield jdk/internal/misc/Unsafe ARRAY_LONG_INDEX_SCALE I 8
staticfield jdk/internal/misc/Unsafe ARRAY_FLOAT_INDEX_SCALE I 4
staticfield jdk/internal/misc/Unsafe ARRAY_DOUBLE_INDEX_SCALE I 8
staticfield jdk/internal/misc/Unsafe ARRAY_OBJECT_INDEX_SCALE I 4
staticfield jdk/internal/misc/Unsafe ADDRESS_SIZE I 8
ciInstanceKlass java/lang/Thread$FieldHolder 1 1 55 10 7 12 1 1 1 9 7 12 1 1 1 9 12 1 1 9 12 1 1 9 12 1 1 9 12 1 1 1 1 1 1 1 1 1 1 1 1 100 1 100 1 1 1 1 100 1 1 1 100 1 100 1 1
ciInstanceKlass java/lang/Thread$Constants 0 0 47 100 1 10 100 12 1 1 1 10 12 1 1 10 12 1 1 10 100 12 1 1 8 1 10 12 1 9 100 12 1 1 1 1 1 1 1 1 1 1 1 1 1 1 1 1 1
ciInstanceKlass java/lang/ThreadGroup 1 1 380 10 7 12 1 1 1 9 7 12 1 1 1 8 1 9 12 1 1 100 1 9 12 1 1 9 12 1 1 10 7 12 1 1 1 10 12 1 1 10 12 1 10 12 1 1 10 12 1 1 10 12 1 10 12 1 10 12 1 10 100 12 1 1 1 10 12 1 1 18 12 1 1 11 100 12 1 1 1 10 12 1 1 10 12 1 1 10 12 1 1 10 100 12 1 1 1 10 12 1 11 12 1 1 11 100 12 1 1 11 12 1 1 10 12 1 1 10 12 1 10 12 1 11 12 1 11 12 1 1 10 12 1 100 1 10 18 12 1 1 11 100 12 1 1 1 11 12 1 1 9 100 12 1 1 1 10 12 1 1 8 1 10 100 12 1 1 1 10 100 12 1 1 1 10 12 1 1 11 12 10 12 1 1 10 12 1 1 11 100 1 9 12 1 100 1 10 8 1 10 12 1 1 10 12 1 1 8 1 10 12 1 10 100 12 1 1 1 10 12 1 1 10 7 1 8 1 10 8 1 10 12 1 10 12 1 8 1 9 12 1 1 9 12 1 10 100 12 1 1 1 100 9 12 1 1 7 1 9 12 1 10 12 10 12 1 1 100 10 12 9 12 1 10 12 1 100 1 10 100 1 10 10 12 1 10 12 1 1 1 1 1 1 1 1 1 1 1 1 1 1 1 1 3 1 1 1 1 1 1 1 1 1 1 1 100 1 1 1 1 1 1 1 1 1 1 1 1 1 1 1 1 1 1 1 1 1 1 1 1 1 1 1 1 1 1 1 1 1 1 1 1 1 1 1 1 16 15 10 12 16 16 15 10 12 16 15 10 100 12 1 1 1 1 1 100 1 100 1 1
staticfield java/lang/ThreadGroup $assertionsDisabled Z 1
ciInstanceKlass java/lang/Thread$UncaughtExceptionHandler 1 0 16 100 1 100 1 1 1 1 1 1 1 1 100 1 1 1
instanceKlass java/lang/ThreadBuilders$BoundVirtualThread
instanceKlass java/lang/VirtualThread
ciInstanceKlass java/lang/BaseVirtualThread 0 0 36 10 100 12 1 1 1 100 1 1 1 1 1 1 1 1 1 1 1 1 1 1 1 1 1 1 1 1 100 1 100 1 1 100 1 1
ciInstanceKlass java/lang/VirtualThread 0 0 928 9 100 12 1 1 1 9 12 1 1 10 100 12 1 1 1 10 100 12 1 1 1 10 100 12 1 1 1 9 12 1 1 100 1 10 12 1 9 12 1 1 18 12 1 1 9 12 1 1 10 12 1 1 100 1 10 12 1 10 12 1 1 10 12 1 1 10 12 1 10 12 1 1 9 12 1 1 10 12 1 10 100 12 1 10 12 1 10 12 1 10 12 1 10 12 1 9 12 1 1 11 100 12 1 1 1 10 10 12 1 11 100 12 1 1 1 10 12 1 100 1 10 12 1 1 100 1 9 12 1 1 5 0 10 100 12 1 1 1 9 12 1 100 1 100 1 10 10 100 12 1 1 1 10 100 12 1 1 1 10 12 1 1 10 12 1 10 12 1 1 10 12 1 10 12 10 12 1 100 1 10 10 12 1 10 12 1 1 9 12 1 1 10 12 1 1 9 12 1 1 10 12 1 9 12 1 10 100 12 1 1 10 9 10 10 12 1 1 10 12 1 1 10 100 12 1 1 10 100 1 10 9 10 100 1 10 12 1 1 10 12 1 10 10 12 1 1 9 12 1 10 12 1 10 12 1 9 12 1 1 10 12 1 10 12 1 10 12 1 1 9 12 1 1 10 12 1 10 12 1 1 10 12 1 10 12 1 1 9 12 1 18 9 100 12 1 1 1 10 12 1 1 9 12 1 10 12 1 10 12 1 1 10 12 1 9 12 1 1 18 12 1 9 12 1 9 12 1 10 12 9 12 1 1 10 100 12 1 1 10 12 1 10 12 1 1 10 100 12 1 1 10 12 1 100 1 8 1 10 12 1 10 12 1 1 10 12 1 10 12 1 10 12 1 10 100 12 1 1 10 12 1 10 12 1 10 12 1 10 12 1 10 100 12 1 1 8 1 10 12 1 10 12 1 10 12 1 10 12 1 1 10 12 1 10 12 10 12 1 100 1 10 10 12 1 10 12 1 1 10 12 1 1 10 12 1 10 12 1 10 12 1 1 10 12 1 1 11 100 12 1 1 11 12 1 10 12 9 100 12 1 1 1 9 12 1 10 12 1 1 9 12 1 9 12 1 9 12 1 9 12 1 100 1 10 10 12 1 1 10 12 1 100 1 100 1 10 8 1 10 12 1 1 10 12 1 10 12 1 10 10 12 1 8 1 10 10 12 1 10 12 1 10 100 12 1 1 8 1 8 1 10 12 1 1 10 10 9 100 12 1 1 1 10 12 1 1 10 12 1 10 10 12 9 12 1 10 12 1 1 10 12 1 9 12 1 10 12 1 1 9 12 1 10 12 1 1 9 12 1 10 12 1 1 18 12 1 1 8 1 10 12 1 1 8 1 8 1 10 100 12 1 1 1 10 100 12 1 1 1 10 12 1 10 12 1 1 10 12 1 18 12 1 1 18 12 1 1 5 0 9 12 1 10 12 1 10 12 1 10 100 1 10 12 1 1 9 12 1 9 12 1 1 10 12 1 1 10 12 1 10 12 10 12 1 1 10 100 12 1 1 10 12 1 1 100 1 8 1 10 10 12 1 8 10 12 1 1 8 8 9 12 1 8 8 10 12 1 10 12 1 1 8 1 18 12 1 10 100 12 1 1 10 12 1 10 12 1 3 1 3 1 3 1 3 1 3 1 3 1 3 1 3 1 3 1 3 1 3 1 3 1 3 3 1 3 3 1 3 3 1 3 3 1 3 1 1 1 1 1 1 1 1 1 1 1 1 1 1 1 1 1 100 1 1 1 1 1 1 1 1 1 1 1 1 1 1 1 1 1 1 1 1 100 1 1 1 1 1 1 1 1 1 1 1 1 1 1 1 1 1 1 1 1 1 1 1 1 1 1 1 1 1 1 1 1 1 100 1 1 1 1 1 1 1 1 1 1 1 1 1 1 1 1 1 1 1 1 1 1 1 1 1 1 1 100 1 1 1 1 1 1 1 1 1 1 1 1 1 1 1 1 1 1 1 1 1 1 100 1 1 16 15 10 12 15 10 12 15 10 12 16 15 10 12 16 15 10 12 16 15 10 12 16 15 10 12 15 10 100 12 1 1 1 1 1 1 1 100 1 1 1 100 1 100 1 1
ciInstanceKlass java/lang/ThreadBuilders$BoundVirtualThread 0 0 132 10 100 12 1 1 1 9 100 12 1 1 1 10 100 12 1 1 1 9 12 1 1 10 12 1 1 10 12 1 1 9 12 1 1 10 100 12 1 1 1 10 12 1 1 100 1 8 1 10 12 1 10 12 1 1 10 12 1 1 10 12 1 1 10 100 12 1 1 1 8 1 10 12 1 8 1 10 12 1 1 10 100 12 1 1 9 100 12 1 1 1 10 12 1 1 10 10 12 1 1 1 1 1 1 1 1 1 1 1 1 1 1 1 1 1 1 1 1 1 1 1 1 1 1 1 1 100 1 1 1 1
instanceKlass java/lang/Exception
instanceKlass java/lang/Error
ciInstanceKlass java/lang/Throwable 1 1 412 10 7 12 1 1 1 9 7 12 1 1 1 9 12 1 1 9 12 1 9 12 1 1 9 12 1 10 12 1 1 9 12 1 1 10 12 1 1 10 100 12 1 1 1 9 12 1 1 10 12 1 1 10 12 1 100 1 100 1 10 8 1 10 12 1 1 8 1 10 100 12 1 1 10 10 12 1 100 1 8 1 10 10 100 12 1 1 10 12 1 8 1 9 100 12 1 1 1 10 12 1 1 100 1 10 12 10 12 1 100 1 10 10 100 12 1 1 1 11 100 12 1 1 1 10 100 12 1 1 1 10 12 1 1 10 12 1 1 8 1 10 12 1 10 12 1 1 8 1 8 1 10 12 1 1 10 12 1 8 1 8 1 9 12 1 10 100 12 1 1 100 1 10 11 12 1 8 1 8 1 10 100 12 1 1 8 1 10 12 1 8 1 100 1 10 12 1 9 12 1 1 10 12 1 10 100 12 1 9 12 1 1 10 12 1 1 100 1 8 1 10 12 1 10 100 12 1 1 10 12 1 1 100 1 10 100 12 1 1 1 10 12 1 11 100 12 1 1 1 11 100 12 1 1 1 11 12 1 8 1 10 12 1 1 8 1 10 10 9 100 12 1 1 1 8 1 10 12 1 1 11 10 100 1 8 1 10 11 12 1 1 8 1 9 12 1 10 100 12 1 1 11 9 12 1 1 11 12 1 1 100 10 12 1 10 12 1 1 100 1 1 1 1 5 0 1 1 1 1 1 1 1 1 1 1 1 1 100 1 1 1 1 1 1 1 1 1 1 1 1 1 1 1 1 1 1 1 1 1 1 1 1 1 1 1 1 1 1 1 1 1 1 1 1 1 1 1 1 1 1 1 100 1 100 1 1 1 1 1 1 1 1 1 1 1 1 1 1 1 1 1 1 1 7 1 12 10 1 1 12 10
staticfield java/lang/Throwable UNASSIGNED_STACK [Ljava/lang/StackTraceElement; 0 [Ljava/lang/StackTraceElement;
staticfield java/lang/Throwable SUPPRESSED_SENTINEL Ljava/util/List; java/util/Collections$EmptyList
staticfield java/lang/Throwable EMPTY_THROWABLE_ARRAY [Ljava/lang/Throwable; 0 [Ljava/lang/Throwable;
staticfield java/lang/Throwable $assertionsDisabled Z 1
ciInstanceKlass jdk/internal/vm/ContinuationScope 0 0 50 10 100 12 1 1 1 10 100 12 1 1 1 100 1 9 100 12 1 1 1 10 12 1 1 10 100 12 1 1 1 10 12 1 1 10 12 1 1 1 1 1 1 1 1 1 1 1 1 1
ciInstanceKlass jdk/internal/vm/StackChunk 1 1 32 10 100 12 1 1 1 9 100 12 1 1 1 9 12 1 1 9 12 1 1 1 1 1 1 1 1 1 1 1 1 1
ciInstanceKlass java/lang/Boolean 1 1 146 10 7 12 1 1 1 9 7 12 1 1 1 10 12 1 1 10 12 1 8 1 10 7 12 1 1 9 12 1 1 9 12 1 10 12 1 1 10 12 1 1 10 12 1 1 10 12 1 10 7 12 1 1 1 10 12 1 1 9 100 12 1 1 9 12 10 100 12 1 1 1 10 12 1 1 8 1 10 7 12 1 1 1 9 12 1 1 100 1 100 1 100 1 1 1 1 1 1 5 0 1 1 1 1 1 1 1 1 1 1 1 1 1 1 1 1 1 1 1 1 1 1 1 1 1 1 1 1 1 1 1 1 1 1 1 100 1 1 1 1 1 1 1 1 1
staticfield java/lang/Boolean TRUE Ljava/lang/Boolean; java/lang/Boolean
staticfield java/lang/Boolean FALSE Ljava/lang/Boolean; java/lang/Boolean
staticfield java/lang/Boolean TYPE Ljava/lang/Class; java/lang/Class
ciInstanceKlass java/lang/Character 1 1 603 7 1 100 1 100 1 9 12 1 1 8 1 9 12 1 1 100 1 9 12 1 1 10 100 12 1 1 1 10 100 12 1 1 1 10 100 12 1 1 1 10 7 12 1 1 1 9 7 12 1 1 1 10 12 1 10 12 1 1 10 12 1 1 10 100 12 1 1 10 12 1 1 3 3 3 3 3 10 12 1 1 10 12 1 3 11 7 12 1 1 1 11 12 1 1 10 12 1 1 10 12 1 1 100 1 10 10 12 1 3 10 12 1 1 10 12 1 10 12 1 1 100 1 8 1 10 12 1 1 10 12 1 10 12 1 10 12 1 10 100 12 1 1 1 10 12 1 10 12 1 10 12 1 1 10 12 1 10 7 12 1 1 10 10 12 1 10 10 12 1 10 12 1 1 10 12 1 10 10 12 1 10 12 1 10 12 1 10 12 1 10 12 1 10 12 1 10 12 1 10 12 10 10 12 10 10 12 1 10 10 12 1 10 10 12 1 10 10 12 1 10 12 1 10 12 1 10 12 1 10 12 1 10 12 1 10 12 1 10 10 12 1 10 10 12 1 10 10 12 1 1 10 10 12 1 10 5 0 10 12 1 10 12 1 10 10 12 1 10 10 12 1 1 10 10 12 1 10 10 12 1 9 12 1 1 100 1 10 10 12 1 10 12 1 1 3 10 100 12 1 1 1 10 12 1 10 100 12 1 1 100 1 10 10 12 1 1 10 12 1 1 10 12 1 1 8 1 10 12 1 9 100 12 1 1 1 10 12 1 10 10 12 1 10 12 1 1 10 12 1 10 10 12 1 1 10 10 12 1 1 100 1 8 1 10 12 1 1 10 7 12 1 1 1 8 1 10 12 1 1 9 12 1 1 100 1 100 1 100 1 1 1 1 3 1 3 1 3 1 3 1 1 1 1 1 3 1 1 3 1 3 1 3 1 3 1 3 1 3 1 3 1 3 1 3 1 3 1 3 1 3 1 3 1 3 1 3 1 3 1 3 1 3 1 3 1 3 1 3 1 3 1 3 1 3 1 3 1 3 1 3 1 3 1 1 1 1 1 1 1 1 1 1 1 1 1 1 1 1 1 1 1 3 1 1 1 1 1 1 1 3 1 1 3 1 1 1 1 1 3 1 1 5 0 1 1 1 1 1 1 1 1 1 1 1 1 1 1 1 1 1 1 1 1 1 1 1 1 1 1 1 1 1 1 1 1 1 1 1 1 1 1 1 1 1 1 1 1 1 1 1 1 1 1 1 1 1 1 1 1 1 1 1 1 1 1 1 1 1 1 1 1 1 1 1 1 1 1 1 1 1 1 1 1 1 1 1 1 1 1 1 1 1 100 1 100 1 1 1 1 1 1
staticfield java/lang/Character TYPE Ljava/lang/Class; java/lang/Class
staticfield java/lang/Character $assertionsDisabled Z 1
ciInstanceKlass java/lang/Float 1 1 277 7 1 100 1 10 7 12 1 1 1 10 100 12 1 1 1 4 100 1 10 12 1 1 10 12 1 1 8 1 8 1 10 100 12 1 1 1 10 12 1 1 10 12 1 1 10 7 1 4 10 7 12 1 1 9 12 1 1 10 12 1 1 10 12 1 10 10 12 1 1 10 12 1 10 12 1 3 3 100 1 4 4 4 3 10 12 1 1 9 12 1 1 100 1 10 3 3 4 4 10 12 1 3 3 3 10 12 1 1 10 12 1 1 10 12 1 10 100 12 1 1 1 10 12 1 1 10 12 1 1 10 7 12 1 1 1 8 1 10 12 1 1 9 12 1 1 100 1 100 1 100 1 1 1 1 4 1 4 1 1 1 4 1 1 3 1 3 1 3 1 3 1 3 1 1 1 1 5 0 1 1 1 1 1 1 1 1 1 1 100 1 1 1 1 1 1 1 1 1 1 1 1 1 1 1 1 1 1 1 1 1 1 1 1 1 1 1 1 1 1 1 1 1 1 1 1 1 1 1 1 1 1 1 1 1 1 1 1 1 1 1 1 1 1 1 1 1 1 1 1 1 1 1 1 1 1 1 1 1 1 1 1 1 100 1 1 1 1 1 1 1 100 1 100 1 1
staticfield java/lang/Float TYPE Ljava/lang/Class; java/lang/Class
staticfield java/lang/Float $assertionsDisabled Z 1
instanceKlass java/math/BigInteger
instanceKlass java/math/BigDecimal
instanceKlass java/util/concurrent/atomic/Striped64
instanceKlass java/util/concurrent/atomic/AtomicLong
instanceKlass java/util/concurrent/atomic/AtomicInteger
instanceKlass java/lang/Long
instanceKlass java/lang/Integer
instanceKlass java/lang/Short
instanceKlass java/lang/Byte
instanceKlass java/lang/Double
instanceKlass java/lang/Float
ciInstanceKlass java/lang/Number 1 1 37 10 7 12 1 1 1 10 100 12 1 1 1 100 1 1 1 1 5 0 1 1 1 1 1 1 1 1 1 1 1 1 1 1 1 1 1
ciInstanceKlass java/lang/Double 1 1 288 7 1 100 1 10 100 12 1 1 1 10 12 1 1 10 100 1 10 12 1 1 10 100 12 1 1 1 6 0 8 1 10 12 1 1 8 1 10 12 1 1 8 1 6 0 10 12 1 1 100 1 5 0 5 0 8 1 8 1 10 100 12 1 1 1 10 100 12 1 1 1 8 1 10 12 1 1 8 1 8 1 8 1 10 12 1 1 10 12 1 10 12 1 1 10 12 1 10 12 1 10 12 1 1 10 12 1 10 7 1 6 0 10 7 12 1 1 9 12 1 1 10 12 1 10 12 1 10 12 1 10 12 1 10 12 1 5 0 10 12 1 1 10 12 1 10 12 1 10 100 12 1 1 1 10 12 1 1 10 12 1 1 8 1 10 7 12 1 1 1 9 12 1 1 100 1 100 1 100 1 1 1 6 0 1 6 0 1 6 0 1 1 1 6 0 1 1 3 1 3 1 3 1 3 1 3 1 1 1 1 5 0 1 1 1 1 1 1 1 1 1 1 1 1 1 1 1 1 100 1 1 1 1 1 1 1 1 1 1 1 1 1 1 1 1 1 1 1 1 1 1 1 1 1 1 1 1 1 1 1 1 1 1 1 1 1 1 1 1 1 1 1 1 1 100 1 1 1 1 1 1 1 100 1 100 1 1
staticfield java/lang/Double TYPE Ljava/lang/Class; java/lang/Class
ciInstanceKlass java/lang/Byte 1 1 212 7 1 100 1 10 100 12 1 1 1 9 12 1 1 8 1 9 12 1 1 100 1 10 12 1 1 10 12 1 1 10 100 12 1 1 1 10 100 12 1 1 1 9 7 12 1 1 1 10 12 1 1 100 1 100 1 10 12 1 1 8 1 10 12 1 1 8 1 10 12 1 10 12 1 10 12 1 10 12 1 1 10 12 1 10 12 1 10 12 1 1 10 8 1 8 1 10 7 1 9 12 1 1 10 12 1 1 10 12 1 1 10 12 1 1 10 12 1 5 0 10 12 1 1 8 1 10 7 12 1 1 1 9 12 1 1 100 1 100 1 1 1 3 1 3 1 1 1 1 3 1 3 1 1 5 0 1 1 1 1 1 1 1 1 1 1 1 1 1 1 1 1 1 1 1 1 1 1 1 1 1 1 1 1 1 1 1 1 1 1 1 1 1 1 1 1 1 1 1 1 1 1 1 1 1 1 1 1 1 1 1
staticfield java/lang/Byte TYPE Ljava/lang/Class; java/lang/Class
ciInstanceKlass java/lang/Short 1 1 220 7 1 100 1 100 1 10 100 12 1 1 1 10 12 1 1 100 1 100 1 10 12 1 1 8 1 10 12 1 1 8 1 10 12 1 10 12 1 10 12 1 10 12 1 1 10 12 1 1 10 12 1 9 12 1 1 8 1 9 12 1 1 100 1 10 12 1 1 10 12 1 10 100 12 1 1 1 10 100 12 1 1 1 9 7 12 1 1 1 10 12 1 10 12 1 1 10 8 1 8 1 10 7 1 9 12 1 1 10 12 1 1 10 12 1 1 10 12 1 1 10 12 1 3 3 5 0 10 12 1 1 8 1 10 7 12 1 1 1 9 12 1 1 100 1 100 1 1 1 3 1 3 1 1 1 1 3 1 3 1 1 5 0 1 1 1 1 1 1 1 1 1 1 1 1 1 1 1 1 1 1 1 1 1 1 1 1 1 1 1 1 1 1 1 1 1 1 1 1 1 1 1 1 1 1 1 1 1 1 1 1 1 1 1 1 1 1 1 1
staticfield java/lang/Short TYPE Ljava/lang/Class; java/lang/Class
ciInstanceKlass java/lang/Integer 1 1 436 7 1 100 1 7 1 7 1 10 12 1 1 9 12 1 1 9 12 1 1 10 100 12 1 1 1 10 12 1 1 10 100 12 1 1 1 10 10 12 1 1 10 100 12 1 1 1 10 12 1 10 12 1 1 10 7 12 1 1 1 10 12 1 1 10 12 1 1 10 12 1 10 7 12 1 1 10 12 1 1 10 12 1 10 12 1 7 1 8 1 10 12 1 8 1 100 1 10 12 1 1 10 12 1 1 8 1 10 12 1 1 8 1 10 12 1 1 10 12 1 1 10 12 1 1 3 3 10 7 12 1 1 1 11 7 1 10 12 1 1 11 10 12 1 1 10 12 1 1 8 1 10 12 1 10 12 1 8 1 100 1 10 12 1 8 1 10 12 1 1 10 12 1 8 1 10 12 1 10 12 1 7 1 9 12 1 1 9 12 1 1 10 12 1 10 7 1 9 12 1 10 12 1 10 12 1 10 12 1 1 10 12 1 1 10 7 12 1 1 1 10 12 1 1 8 1 8 1 10 12 1 1 8 1 8 1 8 1 8 1 8 1 8 1 10 12 1 10 12 1 10 12 1 5 0 3 3 3 3 10 12 1 10 12 1 3 10 12 1 10 100 12 1 1 1 10 12 1 1 10 12 1 1 8 1 10 7 12 1 1 1 9 12 1 1 100 1 100 1 100 1 1 1 1 3 1 1 1 1 1 3 1 3 1 1 5 0 1 1 1 1 1 1 1 1 1 100 1 1 1 1 1 1 1 1 1 1 1 1 1 1 1 1 1 1 1 1 1 1 1 1 1 1 1 1 1 1 1 1 1 1 1 1 1 1 1 1 1 1 1 1 1 1 1 1 1 1 1 1 1 1 1 1 1 1 1 1 1 1 1 1 1 1 1 1 1 1 1 1 1 1 1 1 1 1 1 1 1 1 1 1 1 1 1 1 1 1 1 1 1 7 1 1 1 1 1 1 1 1 1 100 1 100 1 1
staticfield java/lang/Integer TYPE Ljava/lang/Class; java/lang/Class
staticfield java/lang/Integer digits [B 36
ciInstanceKlass java/lang/Long 1 1 498 7 1 100 1 7 1 7 1 10 12 1 1 9 12 1 1 9 7 12 1 1 1 10 7 12 1 1 1 10 12 1 1 10 100 12 1 1 1 10 10 12 10 12 1 10 12 1 10 12 1 5 0 5 0 100 1 10 12 1 1 10 12 1 1 10 12 1 10 12 1 10 12 1 10 12 1 1 10 100 12 1 1 10 12 1 10 12 1 1 10 12 1 1 10 12 1 1 10 12 1 1 10 7 12 1 1 1 10 12 1 1 10 12 1 10 12 1 10 7 12 1 1 10 12 1 1 10 12 1 10 12 1 100 1 8 1 10 12 1 8 1 100 1 10 12 1 10 12 1 1 8 1 10 12 1 1 8 1 10 12 1 1 10 12 1 1 10 12 1 1 5 0 5 0 10 100 12 1 1 1 11 100 1 10 12 1 1 11 10 12 1 1 10 12 1 1 8 1 5 0 10 12 1 1 10 12 1 1 8 1 8 1 10 12 1 8 1 10 12 1 10 12 1 5 0 5 0 9 7 12 1 1 1 10 12 1 10 12 1 1 8 1 8 1 10 12 1 1 8 1 8 1 8 1 8 1 8 1 8 1 10 12 1 10 12 1 10 7 1 9 12 1 1 10 12 1 10 12 1 1 10 12 1 1 10 100 12 1 1 1 10 12 1 1 10 12 1 10 12 1 10 12 1 5 0 5 0 5 0 10 12 1 1 10 12 1 5 0 5 0 10 12 10 12 1 10 100 12 1 1 1 10 12 1 1 10 12 1 1 8 1 10 7 12 1 1 1 9 12 1 1 100 1 100 1 100 1 1 1 1 5 0 1 1 1 1 3 1 3 1 5 0 1 1 1 1 1 1 1 1 1 100 1 1 1 1 1 1 1 1 1 1 1 1 1 1 1 1 1 1 1 1 1 1 1 1 1 1 1 1 1 1 1 1 1 1 1 1 1 1 1 1 1 1 1 1 1 1 1 1 1 1 1 1 1 1 1 1 1 1 1 1 1 1 1 1 1 1 1 1 1 1 1 1 1 1 1 1 1 1 1 1 1 1 1 1 1 1 1 1 1 1 1 1 1 1 1 1 1 1 1 1 100 1 1 1 1 1 1 1 1 1 100 1 100 1 1
staticfield java/lang/Long TYPE Ljava/lang/Class; java/lang/Class
ciInstanceKlass java/lang/Void 1 1 31 10 100 12 1 1 1 8 1 10 7 12 1 1 1 9 7 12 1 1 1 1 1 1 1 1 1 1 1 1 1
staticfield java/lang/Void TYPE Ljava/lang/Class; java/lang/Class
ciInstanceKlass jdk/internal/vm/vector/VectorSupport 0 0 597 100 1 10 100 12 1 1 1 9 12 1 1 10 100 12 1 1 1 100 1 10 12 1 11 100 12 1 1 1 11 100 12 1 1 1 11 100 12 1 1 1 11 100 12 1 1 11 100 12 1 1 11 100 12 1 1 11 100 12 1 1 11 100 12 1 1 11 100 12 1 1 11 100 12 1 1 11 100 12 1 1 1 11 100 12 1 1 11 100 12 1 1 1 11 100 12 1 1 1 11 100 12 1 1 11 100 12 1 1 1 11 100 12 1 1 100 1 10 12 1 1 11 100 12 1 1 11 100 12 1 1 11 100 12 1 1 11 100 1 11 100 12 1 1 11 100 12 1 1 11 100 12 1 1 9 12 1 1 10 100 12 1 1 11 100 12 1 1 10 100 12 1 1 1 10 100 12 1 1 10 12 1 1 10 12 1 1 1 1 1 3 1 3 1 3 1 3 1 3 1 3 1 3 1 3 1 3 1 3 1 3 1 3 1 3 1 3 1 3 1 3 1 3 1 3 1 3 1 3 1 3 1 3 1 3 1 3 1 3 1 3 1 3 1 3 1 3 1 3 1 3 1 3 1 3 1 3 1 3 1 3 1 3 1 3 1 3 1 3 1 3 1 3 1 3 1 3 1 3 1 3 1 3 1 3 1 3 1 3 1 3 1 3 1 3 1 1 1 3 1 3 1 3 1 3 1 3 1 3 1 1 1 1 1 1 1 1 1 1 1 1 1 1 1 1 1 1 1 1 1 1 1 1 1 1 1 1 1 1 1 1 1 1 1 1 1 1 1 1 1 1 1 1 1 1 1 1 1 1 1 1 1 1 1 1 1 1 1 1 1 1 1 1 1 1 1 1 1 1 1 1 1 1 1 1 1 1 1 1 1 1 1 1 1 1 1 1 1 1 1 1 1 1 1 1 1 1 1 1 1 1 1 1 1 1 1 1 1 1 1 1 1 1 1 1 1 1 1 1 1 1 1 1 1 1 1 1 1 1 1 1 1 1 1 1 1 1 1 1 1 1 1 1 1 1 1 1 1 1 1 1 1 1 1 1 1 1 1 1 1 1 1 1 1 1 1 1 1 1 1 1 1 1 1 1 1 1 1 1 1 1 1 1 1 1 1 1 1 1 1 1 1 1 1 1 1 1 1 1 1 1 1 1 1 1 1 1 1 1 1 1 1 1 1 1 1 1 1 1 1 1 1 1 1 1 1 1 1 1 1 1 1 1 1 1 1 1 1 1 1 1 1 1 1 1 1 100 1 100 1 100 1 100 1 100 1 1 1 1 1 1 1 1 1 1 1 1 1 1 1 1 1 1 1 1 1 1 1 1 1 1 1 1 1 1 1
instanceKlass jdk/internal/vm/vector/VectorSupport$VectorShuffle
instanceKlass jdk/internal/vm/vector/VectorSupport$VectorMask
instanceKlass jdk/internal/vm/vector/VectorSupport$Vector
ciInstanceKlass jdk/internal/vm/vector/VectorSupport$VectorPayload 0 0 32 10 100 12 1 1 1 9 100 12 1 1 1 10 100 12 1 1 1 1 1 1 1 1 1 1 1 1 1 1 1 1
ciInstanceKlass jdk/internal/vm/vector/VectorSupport$Vector 0 0 28 10 100 12 1 1 1 100 1 1 1 1 1 1 1 1 1 1 1 1 1 1 1 100 1 1 1 1
ciInstanceKlass jdk/internal/vm/vector/VectorSupport$VectorMask 0 0 28 10 100 12 1 1 1 100 1 1 1 1 1 1 1 1 1 1 1 1 1 1 1 100 1 1 1 1
ciInstanceKlass jdk/internal/vm/vector/VectorSupport$VectorShuffle 0 0 28 10 100 12 1 1 1 100 1 1 1 1 1 1 1 1 1 1 1 1 1 1 1 100 1 1 1 1
ciInstanceKlass jdk/internal/vm/FillerObject 0 0 16 10 100 12 1 1 1 100 1 1 1 1 1 1 1 1
instanceKlass java/lang/ref/PhantomReference
instanceKlass java/lang/ref/FinalReference
instanceKlass java/lang/ref/WeakReference
instanceKlass java/lang/ref/SoftReference
ciInstanceKlass java/lang/ref/Reference 1 1 198 9 7 12 1 1 1 9 7 12 1 1 10 12 1 1 10 12 1 1 9 12 1 1 10 12 1 1 9 12 1 1 9 12 1 1 7 1 10 12 1 10 7 12 1 1 10 12 1 10 12 1 1 10 12 1 7 1 8 1 10 12 1 1 7 1 10 12 1 1 10 12 1 1 10 12 1 7 1 10 12 10 7 12 1 1 1 9 12 1 10 12 1 1 10 12 1 10 12 1 10 12 1 9 12 1 100 1 100 1 10 9 12 1 9 12 1 100 1 10 10 12 1 10 10 7 12 1 1 10 12 1 1 1 1 1 1 1 1 1 1 1 1 1 1 1 1 1 100 1 1 1 100 1 1 1 1 1 1 1 1 1 1 1 1 1 1 1 1 1 1 1 1 1 1 1 1 1 1 1 1 1 1 1 1 1 1 1 1 1 100 1 100 1 100 1 1 1
staticfield java/lang/ref/Reference processPendingLock Ljava/lang/Object; java/lang/Object
staticfield java/lang/ref/Reference $assertionsDisabled Z 1
instanceKlass com/sun/beans/util/Cache$Kind$Soft
instanceKlass org/codehaus/groovy/util/ReferenceType$SoftRef
instanceKlass sun/security/util/MemoryCache$SoftCacheEntry
instanceKlass sun/util/locale/provider/LocaleResources$ResourceReference
instanceKlass sun/util/resources/Bundles$BundleReference
instanceKlass java/util/ResourceBundle$BundleReference
instanceKlass jdk/internal/util/SoftReferenceKey
instanceKlass java/lang/invoke/LambdaFormEditor$Transform
ciInstanceKlass java/lang/ref/SoftReference 1 1 50 10 7 12 1 1 1 9 7 12 1 1 1 9 12 1 10 12 1 10 12 1 1 1 1 1 1 1 1 1 1 1 1 1 1 1 1 1 1 1 1 1 1 100 1 1 1 1 1 1
instanceKlass org/apache/groovy/util/concurrent/ConcurrentReferenceHashMap$WeakKeyReference
instanceKlass java/beans/WeakIdentityMap$Entry
instanceKlass org/codehaus/groovy/util/ReferenceType$WeakRef
instanceKlass java/util/logging/LogManager$LoggerWeakRef
instanceKlass java/util/logging/Level$KnownLevel
instanceKlass javax/crypto/JceSecurity$WeakIdentityWrapper
instanceKlass java/util/ResourceBundle$KeyElementReference
instanceKlass com/intellij/rt/debugger/agent/CaptureStorage$ConcurrentIdentityWeakHashMap$WeakKey
instanceKlass java/lang/ThreadLocal$ThreadLocalMap$Entry
instanceKlass java/lang/WeakPairMap$WeakRefPeer
instanceKlass jdk/internal/util/WeakReferenceKey
instanceKlass java/util/WeakHashMap$Entry
ciInstanceKlass java/lang/ref/WeakReference 1 1 34 10 7 12 1 1 1 10 12 1 100 1 1 1 1 1 1 1 1 1 1 1 1 1 1 1 1 1 1 1 1 1 1 1
instanceKlass java/lang/ref/Finalizer
ciInstanceKlass java/lang/ref/FinalReference 1 1 50 10 7 12 1 1 1 10 7 12 1 1 1 10 12 1 1 100 1 8 1 10 12 1 1 1 1 1 1 1 1 1 1 1 1 1 1 1 1 1 1 1 1 1 1 1 1 1 100 1
instanceKlass jdk/internal/ref/PhantomCleanable
instanceKlass jdk/internal/ref/Cleaner
ciInstanceKlass java/lang/ref/PhantomReference 1 1 47 10 7 12 1 1 1 10 12 1 1 10 7 12 1 1 1 1 1 1 1 1 1 1 1 1 1 1 1 1 1 1 1 1 1 1 1 1 1 1 1 1 1 1 1 1 1
ciInstanceKlass java/lang/ref/Finalizer 1 1 177 9 7 12 1 1 1 10 7 12 1 1 1 9 12 1 1 9 12 1 1 9 12 1 9 12 1 9 12 1 1 10 12 1 100 1 8 1 10 12 1 10 12 1 1 9 12 1 100 1 10 12 1 7 1 11 7 12 1 1 10 12 1 100 1 10 12 1 10 7 12 1 1 1 10 12 1 1 10 100 12 1 1 8 1 10 12 1 10 12 1 10 12 1 100 1 10 12 1 10 100 12 1 1 1 100 1 10 10 12 1 1 7 1 10 12 1 10 12 1 1 10 12 1 1 10 7 12 1 1 1 7 1 10 7 1 10 10 12 1 1 1 1 1 1 1 1 1 1 1 1 1 1 1 1 1 1 1 1 1 1 1 1 1 1 100 1 1 1 1 1 1 1 1 1 1 1
staticfield java/lang/ref/Finalizer lock Ljava/lang/Object; java/lang/Object
staticfield java/lang/ref/Finalizer ENABLED Z 1
staticfield java/lang/ref/Finalizer $assertionsDisabled Z 1
instanceKlass java/lang/reflect/Executable
instanceKlass java/lang/reflect/Field
ciInstanceKlass java/lang/reflect/AccessibleObject 1 1 374 10 7 12 1 1 1 10 100 12 1 1 1 10 7 12 1 1 1 10 12 1 1 9 12 1 1 7 1 10 7 12 1 1 1 11 12 1 100 1 10 12 1 7 1 100 1 10 12 1 1 10 12 1 1 10 12 1 1 10 12 1 1 10 12 1 1 7 1 10 7 12 1 1 1 10 12 1 1 11 10 7 12 1 1 1 10 12 1 1 10 12 1 10 12 1 10 12 1 1 10 12 1 8 1 100 1 100 1 10 10 12 1 1 8 1 10 12 1 10 12 1 8 1 8 1 8 1 8 1 8 1 8 1 8 1 8 1 8 1 100 1 10 12 1 10 12 1 9 100 12 1 1 1 10 12 1 1 10 12 1 10 100 1 100 1 8 1 10 8 1 10 12 1 8 1 10 12 1 10 12 1 1 10 100 1 8 1 10 11 7 12 1 1 1 10 12 1 1 10 12 1 1 10 12 1 1 9 12 1 1 100 1 10 12 1 7 1 10 12 1 10 12 1 1 10 100 1 10 12 1 10 12 10 12 1 10 12 1 10 12 1 1 10 12 1 9 12 1 10 100 12 1 1 8 1 10 12 1 1 8 1 10 100 12 1 1 1 9 12 1 100 1 10 7 1 10 10 7 12 1 1 1 10 7 12 1 1 1 9 12 1 1 1 1 1 1 1 1 1 1 1 1 1 1 1 1 1 1 1 1 1 1 1 1 1 1 1 1 1 1 1 1 1 1 1 1 1 1 1 1 1 1 1 1 1 1 1 1 1 1 1 1 1 1 1 1 1 1 1 1 1 1 1 1 1 1 1 1 1 1 1 1 1 1 1 1 1 1 1 1 1 1 1
staticfield java/lang/reflect/AccessibleObject reflectionFactory Ljdk/internal/reflect/ReflectionFactory; jdk/internal/reflect/ReflectionFactory
ciInstanceKlass java/lang/reflect/Method 1 1 468 9 7 12 1 1 1 10 7 12 1 1 1 10 7 12 1 1 9 12 1 1 9 12 1 1 10 12 1 1 10 12 1 1 10 12 1 1 10 7 12 1 1 10 7 12 1 1 1 9 12 1 1 9 12 1 9 12 1 1 9 12 1 9 12 1 9 12 1 1 9 12 1 9 12 1 1 9 12 1 9 12 1 100 1 8 1 10 12 1 10 12 1 9 12 1 1 10 7 12 1 1 1 10 12 1 1 10 12 1 1 10 12 1 10 12 1 1 9 7 12 1 1 1 10 12 1 1 10 12 10 7 12 1 1 10 12 1 1 10 12 1 10 12 1 10 12 1 10 7 12 1 1 1 10 12 1 1 9 12 1 10 7 1 10 7 12 1 1 1 10 7 12 1 1 10 12 1 1 10 12 1 1 10 12 1 10 7 12 1 1 1 10 12 1 10 8 1 10 12 1 10 12 1 7 1 8 1 8 1 8 1 10 12 1 10 12 1 1 10 12 1 1 10 10 12 1 1 10 12 1 11 7 1 10 12 1 9 12 1 1 10 12 1 1 10 12 1 10 12 1 1 10 12 1 1 11 7 12 1 1 1 11 12 1 9 12 1 1 10 12 1 10 12 1 10 12 1 10 12 1 10 12 1 10 12 1 9 12 1 1 10 7 12 1 1 1 10 7 12 1 1 10 12 1 1 10 7 12 1 1 1 10 7 12 1 1 1 10 7 12 1 1 1 11 7 12 1 1 1 10 7 12 1 1 1 7 1 100 1 100 1 10 12 1 10 12 1 1 10 12 1 100 1 8 1 10 12 1 10 10 12 1 1 10 12 1 1 10 12 1 1 10 12 1 1 8 1 10 12 1 1 1 1 1 1 1 1 1 1 1 1 1 1 1 1 1 1 1 1 1 1 1 1 1 1 1 1 1 1 1 1 1 1 1 1 1 1 1 1 1 1 1 1 1 1 1 1 1 1 1 1 1 100 1 100 1 100 1 1 1 1 1 1 1 1 1 1 1 1 1 1 1 1 1 1 1 1 1 1 1 1 1 1 1 1 1 1
ciInstanceKlass java/lang/reflect/Member 1 1 37 100 1 10 12 1 1 100 1 100 1 1 1 1 3 1 3 1 1 1 1 1 1 1 1 1 1 1 1 1 1 1 1 1 1 1 1
instanceKlass java/lang/reflect/Constructor
instanceKlass java/lang/reflect/Method
ciInstanceKlass java/lang/reflect/Executable 1 1 587 10 7 12 1 1 1 10 7 12 1 1 1 10 7 12 1 1 1 11 7 12 1 1 1 10 7 12 1 1 1 10 12 1 1 10 7 12 1 1 1 10 7 12 1 1 1 10 12 1 8 1 10 10 12 1 1 10 12 1 1 10 7 12 1 1 1 18 12 1 1 11 7 12 1 1 1 8 1 8 1 8 1 10 7 12 1 1 1 11 12 1 1 7 1 8 1 8 1 10 12 1 100 1 8 1 10 12 1 8 1 11 7 12 1 1 1 7 1 11 7 12 1 1 1 11 12 1 8 1 18 8 1 10 12 1 10 12 1 1 18 8 1 10 12 1 7 1 10 12 1 10 12 1 11 12 1 10 12 1 1 8 1 8 1 10 12 1 1 10 12 1 1 10 10 12 1 9 12 1 1 9 100 12 1 1 1 10 100 12 1 1 1 10 12 1 10 12 1 1 10 7 12 1 1 10 12 1 10 12 1 10 12 1 10 7 12 1 1 100 1 10 100 12 1 1 1 10 12 1 1 10 7 12 1 1 10 12 1 10 12 1 1 9 7 12 1 1 1 10 7 10 12 1 8 1 10 12 1 10 12 1 3 100 1 8 1 10 12 1 10 12 1 10 10 12 1 10 12 1 1 8 1 8 1 8 1 9 12 1 1 9 12 1 10 12 1 100 1 8 1 10 12 1 10 12 1 10 12 1 1 10 12 1 1 10 12 1 10 12 10 12 1 7 1 10 12 1 10 12 1 1 100 1 10 100 12 1 1 1 7 1 10 7 12 1 1 1 10 12 1 1 11 7 12 1 1 10 12 1 10 7 12 1 1 1 10 12 1 1 9 12 1 10 12 1 1 10 12 1 10 12 1 1 9 100 12 1 1 1 10 100 12 1 1 1 10 12 1 10 12 1 1 9 12 1 10 10 10 10 100 12 1 1 1 10 12 1 9 12 1 10 12 1 1 9 12 1 100 1 100 1 1 1 1 1 1 1 1 1 1 1 1 1 1 1 1 1 1 1 1 1 1 1 1 1 1 1 1 1 1 1 1 1 1 1 1 100 1 1 1 1 1 1 1 1 1 1 1 1 1 1 1 1 1 1 1 100 1 1 1 1 1 1 1 1 1 1 1 1 1 1 1 1 1 1 1 1 1 1 1 1 1 1 1 1 1 1 1 1 1 1 1 1 1 1 1 1 1 1 1 100 1 1 1 1 1 1 1 1 1 1 1 1 1 1 1 1 1 1 1 1 1 1 100 1 1 16 15 16 1 16 1 15 10 12 16 15 10 7 12 1 1 1 1 100 1 1 1 100 1 1 100 1 100 1 1
ciInstanceKlass java/lang/reflect/Constructor 1 1 437 10 7 12 1 1 1 10 7 12 1 1 9 7 12 1 1 1 9 12 1 1 10 12 1 1 10 12 1 1 10 12 1 1 10 7 12 1 1 10 7 12 1 1 1 9 12 1 1 9 12 1 1 9 12 1 9 12 1 1 9 12 1 9 12 1 1 9 12 1 1 9 12 1 100 1 8 1 10 12 1 10 12 1 9 12 1 1 10 7 12 1 1 1 10 12 1 1 10 12 1 1 10 12 1 7 1 100 1 8 1 10 10 12 1 10 12 1 10 12 1 1 9 100 12 1 1 1 10 7 12 1 1 10 12 1 1 10 12 1 10 12 1 1 10 100 12 1 1 1 10 100 12 1 1 10 12 1 1 10 12 1 10 100 12 1 1 1 8 1 10 10 12 1 100 1 8 1 10 12 1 10 12 1 1 10 12 1 1 10 12 1 10 12 1 10 12 1 1 10 12 1 1 9 12 1 1 10 12 1 1 10 12 1 1 10 12 1 1 11 7 12 1 1 1 10 12 1 1 10 12 1 10 12 1 10 12 1 8 1 9 12 1 1 10 7 12 1 1 1 10 7 12 1 1 10 12 1 1 10 12 1 1 10 12 1 1 10 12 1 1 10 12 1 9 100 12 1 1 10 12 1 10 12 1 10 12 1 100 1 8 1 10 10 12 1 1 10 12 1 10 10 12 1 1 10 12 1 1 10 100 12 1 1 1 11 100 12 1 1 1 10 12 1 1 9 100 12 1 1 1 10 100 12 1 1 1 10 12 1 1 1 1 1 1 1 1 1 1 1 1 1 1 1 1 1 1 1 1 1 1 1 1 1 1 1 1 1 1 1 1 1 1 1 1 1 1 1 1 1 1 1 1 1 1 1 1 1 1 1 1 1 1 1 1 100 1 100 1 100 1 100 1 1 1 1 1 1 1 1 1 1 1 1 1 1 1 1 1 1 1 1 1 1 1 1 1 1 1 1 1 1 1 1 100 1 1
ciInstanceKlass java/lang/reflect/Field 1 1 454 9 7 12 1 1 1 10 12 1 1 10 7 12 1 1 1 10 7 12 1 1 9 12 1 1 9 12 1 1 10 12 1 1 10 12 1 1 10 12 1 1 10 7 12 1 1 10 7 12 1 1 1 9 12 1 1 9 12 1 9 12 1 9 12 1 1 9 12 1 1 9 12 1 9 12 1 1 100 1 8 1 10 12 1 10 12 1 9 12 1 1 9 12 1 10 7 12 1 1 10 12 1 1 10 12 1 1 10 12 1 9 12 1 1 10 12 1 1 9 100 12 1 1 1 10 7 12 1 1 1 7 1 10 12 1 1 10 12 1 1 10 12 1 10 12 1 10 7 1 10 7 12 1 1 100 1 10 8 1 10 12 1 1 10 12 1 1 8 1 10 12 10 12 1 8 1 8 1 10 11 100 1 9 12 1 10 12 1 1 10 12 1 1 11 7 12 1 1 1 10 12 1 11 12 1 1 11 12 1 1 11 12 1 1 11 12 1 1 11 12 1 1 11 12 1 1 11 12 1 1 11 12 1 1 11 12 1 1 11 12 1 1 11 12 1 1 11 12 1 1 11 12 1 1 11 12 1 1 11 12 1 1 11 12 1 1 11 12 1 1 10 12 1 10 100 12 1 1 10 12 1 10 12 1 10 12 1 10 12 1 1 10 12 1 1 10 12 1 10 7 12 1 1 10 12 1 1 11 7 1 10 12 1 7 1 10 100 12 1 1 1 10 7 12 1 1 1 9 12 1 10 7 12 1 1 1 11 7 12 1 1 1 10 12 1 1 10 12 1 1 9 100 12 1 1 10 100 12 1 1 1 10 12 1 1 100 1 1 1 1 1 1 1 1 1 1 1 1 1 1 1 1 1 1 1 1 1 1 1 1 1 1 1 1 1 1 1 1 1 1 1 1 1 1 1 100 1 1 1 1 1 1 1 1 1 1 1 1 1 1 1 1 1 1 1 1 1 1 1 1 1 1 1 1 1 1 1 1 100 1 1 1 1 1 1 1 1 100 1 1 100 1 1
ciInstanceKlass java/lang/reflect/Parameter 1 0 256 10 100 12 1 1 1 9 100 12 1 1 1 9 12 1 1 9 12 1 1 9 12 1 10 12 1 1 10 12 1 1 10 100 12 1 1 1 100 1 10 10 12 1 1 11 100 12 1 1 1 10 12 1 10 100 12 1 1 1 10 12 1 1 10 12 1 10 12 1 8 1 8 1 10 100 12 1 1 1 10 12 1 10 12 9 100 12 1 1 1 9 100 12 1 1 1 10 12 1 1 10 12 1 1 10 100 12 1 1 1 10 12 1 8 1 10 12 1 9 12 1 1 10 12 1 1 9 12 1 1 10 12 1 1 10 12 1 1 10 12 1 1 10 12 1 10 10 12 1 10 100 12 1 1 1 10 12 1 1 11 100 12 1 1 10 100 12 1 1 100 1 10 100 12 1 1 1 10 12 1 1 10 12 1 1 10 12 1 1 10 12 1 1 9 12 1 100 1 10 11 12 1 11 12 1 1 100 1 1 1 1 1 1 1 1 1 1 1 1 1 1 1 1 1 1 1 1 1 1 1 1 1 1 1 1 1 1 1 1 1 1 1 1 1 1 1 100 1 1 1 1 1 100 1 1
ciInstanceKlass java/lang/reflect/RecordComponent 0 0 196 10 100 12 1 1 1 9 100 12 1 1 1 9 12 1 1 9 12 1 10 12 1 1 10 12 1 1 10 100 12 1 1 1 10 12 1 1 9 12 1 1 10 12 1 1 10 12 1 1 10 12 1 10 100 12 1 1 10 100 12 1 1 9 12 1 1 10 100 12 1 1 1 11 100 12 1 1 1 10 9 100 12 1 1 1 10 100 12 1 1 1 9 12 1 1 10 100 12 1 1 1 10 12 1 1 11 100 12 1 1 10 100 12 1 1 100 1 9 12 1 9 12 1 1 9 12 1 10 100 12 1 1 1 10 12 1 1 10 12 1 1 100 1 10 10 12 1 10 12 1 1 8 1 10 12 1 10 12 1 9 12 1 100 1 1 1 1 1 1 1 1 1 1 1 1 1 1 1 1 1 1 1 1 1 1 100 1 1 1 1 1 1 100 1 1
ciInstanceKlass java/lang/StringBuffer 1 1 487 10 7 12 1 1 1 10 12 1 10 12 1 10 12 1 1 9 7 12 1 1 1 10 12 1 1 10 12 1 10 12 1 1 9 12 1 1 10 12 1 10 12 1 1 10 12 1 1 10 12 1 10 12 1 1 10 12 1 10 12 1 1 10 12 1 1 10 7 12 1 1 1 10 12 1 1 10 12 1 10 12 1 10 12 1 10 12 1 10 12 1 10 12 1 10 12 1 10 12 1 10 12 1 10 12 1 10 12 1 10 12 1 10 12 1 10 12 1 1 10 12 1 10 12 1 1 10 12 1 1 10 10 12 1 1 10 12 1 10 12 1 10 12 1 10 12 1 10 12 1 10 12 1 10 12 10 12 1 10 12 1 10 12 1 10 12 1 1 10 12 1 10 12 1 10 10 12 1 1 10 12 1 10 12 1 10 12 1 8 1 10 12 1 10 10 100 12 1 1 1 10 10 12 1 1 9 12 1 1 10 100 12 1 1 10 100 1 8 10 100 12 1 1 1 8 10 12 1 8 1 10 12 1 10 12 1 10 100 12 1 1 1 10 100 12 1 1 1 7 1 10 12 100 1 8 1 10 10 12 1 1 10 12 1 1 10 12 1 10 12 1 10 12 1 1 10 12 1 10 12 1 10 12 1 10 12 1 10 12 1 10 12 10 12 1 10 12 1 10 12 1 10 12 1 10 12 1 10 12 1 10 12 1 10 12 1 10 12 1 10 12 1 10 12 10 12 10 12 1 10 12 1 10 12 1 10 12 10 12 1 10 12 1 10 12 1 10 12 1 10 12 1 10 12 1 10 12 1 10 12 1 10 12 1 10 12 1 10 12 1 7 1 10 12 1 9 7 12 1 1 1 9 7 1 9 12 1 1 100 1 100 1 100 1 100 1 1 1 1 5 0 1 1 1 1 1 1 1 1 1 1 1 1 1 1 1 1 1 1 1 1 1 1 1 1 1 1 1 1 1 1 1 1 1 1 1 1 1 1 1 1 1 1 1 1 1 1 1 1 1 1 1 1 1 1 1 1 1 1 1 1 100 1 1 1 1 1 100 1 1 1 1 1 1 1 1 1 1 1 1 1 1 1 1 1 1
staticfield java/lang/StringBuffer serialPersistentFields [Ljava/io/ObjectStreamField; 3 [Ljava/io/ObjectStreamField;
instanceKlass java/lang/StringBuilder
instanceKlass java/lang/StringBuffer
ciInstanceKlass java/lang/AbstractStringBuilder 1 1 662 7 1 10 7 12 1 1 1 9 7 12 1 1 1 9 12 1 9 12 1 1 9 12 1 1 10 7 12 1 1 1 10 12 1 1 100 1 3 3 10 12 1 10 12 1 1 10 12 1 1 11 7 1 100 1 100 1 10 8 1 10 12 1 10 12 1 10 12 1 1 10 12 1 10 12 1 9 12 1 10 12 1 9 12 1 1 10 7 12 1 1 1 10 10 12 1 10 12 1 10 12 1 1 9 12 1 100 1 8 1 10 12 1 10 12 1 1 8 1 10 7 12 1 1 1 10 12 1 1 8 1 10 7 12 1 1 1 100 1 8 1 10 100 1 10 12 1 10 12 1 1 10 7 12 1 1 1 10 12 1 1 10 12 1 1 10 12 1 1 10 12 1 1 10 7 12 1 1 1 10 12 1 100 1 10 10 7 12 1 1 1 9 12 1 1 9 12 1 10 12 1 1 10 10 12 1 1 10 12 1 1 10 12 1 1 10 12 1 1 10 12 1 1 10 12 1 1 10 12 1 1 10 12 1 10 10 10 12 1 10 12 1 1 10 8 1 10 12 1 1 10 12 1 10 12 1 10 12 1 10 10 7 12 1 1 1 10 12 1 1 10 12 1 10 12 1 10 12 1 10 12 100 1 9 12 1 1 9 12 1 10 12 1 1 100 1 9 12 1 9 12 10 12 1 10 12 1 1 10 12 1 1 10 12 1 10 12 1 1 10 12 1 10 12 1 1 10 12 1 1 10 10 7 12 1 1 1 10 12 1 10 12 1 10 12 1 1 10 12 1 10 12 1 1 10 12 1 10 12 1 10 12 1 10 12 1 10 12 1 10 12 1 10 12 1 10 12 1 1 10 12 1 10 12 1 10 12 10 12 1 1 18 12 1 1 100 1 10 100 12 1 1 1 18 10 12 1 1 10 12 1 1 10 12 1 10 12 1 10 12 1 1 10 12 1 10 12 1 1 11 12 1 1 10 12 1 10 12 1 1 10 12 1 10 12 1 10 12 1 10 5 0 10 100 1 8 1 10 10 12 1 1 10 100 12 1 1 1 10 12 1 10 12 1 1 100 1 10 12 100 1 10 100 1 10 10 7 12 1 1 100 1 1 1 1 1 1 1 1 1 1 1 100 1 1 1 1 1 1 1 1 1 1 1 1 1 1 1 1 1 1 1 1 1 1 1 1 1 1 1 1 1 1 1 1 1 1 1 1 1 1 1 1 1 1 1 1 1 1 1 1 1 1 1 1 100 1 1 1 1 1 1 1 1 1 1 1 1 1 1 1 1 1 1 1 1 1 1 1 1 1 1 1 1 1 1 1 1 1 1 1 1 1 1 1 1 1 1 1 1 1 1 1 1 1 1 1 1 1 1 1 1 1 1 1 1 1 1 1 7 1 1 1 1 1 1 100 1 1 1 1 1 1 100 1 1 16 1 15 10 12 16 15 10 12 15 10 100 12 1 1 1 1 1 1 1 100 1 100 1 1
staticfield java/lang/AbstractStringBuilder EMPTYVALUE [B 0
staticfield java/lang/AbstractStringBuilder $assertionsDisabled Z 1
ciInstanceKlass java/lang/StringBuilder 1 1 425 10 7 12 1 1 1 10 12 1 10 12 1 10 12 1 1 10 7 12 1 1 1 10 7 12 1 1 1 10 12 1 10 12 1 10 12 1 10 12 1 10 12 1 10 12 1 10 12 1 10 12 1 10 12 1 10 12 1 10 12 1 10 12 1 10 12 1 10 12 1 1 10 12 1 10 12 1 1 10 12 1 1 10 12 1 10 12 1 10 12 1 10 12 1 10 12 1 10 12 1 10 12 1 10 12 10 12 1 10 12 1 10 12 1 10 12 1 1 10 12 1 10 12 1 10 12 10 12 1 1 10 12 1 10 12 1 10 12 1 1 8 1 10 12 1 10 100 12 1 1 1 9 12 1 1 10 12 1 10 12 1 10 12 1 1 9 12 1 1 10 100 12 1 1 1 10 100 1 10 12 1 1 10 100 12 1 1 10 12 1 10 12 1 1 100 1 100 1 8 1 10 10 12 1 1 10 12 1 10 12 1 10 12 1 1 10 12 1 10 12 1 10 12 1 10 12 1 10 12 1 10 12 10 12 1 10 12 1 10 12 1 10 12 1 10 12 1 10 12 1 10 12 1 10 12 1 10 12 1 1 10 12 1 1 10 12 1 10 12 1 10 12 1 10 12 10 12 10 12 1 10 12 1 10 12 1 10 12 10 12 1 10 12 1 10 12 1 10 12 1 10 12 1 10 12 1 10 12 1 10 12 1 10 12 1 1 10 12 1 10 12 1 1 10 12 1 10 12 1 1 10 12 1 10 12 1 1 10 12 1 10 12 1 10 12 1 10 10 10 12 1 100 1 100 1 100 1 100 1 1 1 1 5 0 1 1 1 1 1 1 1 1 1 1 1 1 1 1 1 1 1 1 1 1 1 1 1 1 1 1 1 1 1 1 1 1 1 1 1 1 1 1 1 1 1 1 1 1 7 1 1 1 7 1 1 1 1 1 1 1 1 1 1 1
ciInstanceKlass java/security/CodeSource 1 1 396 10 7 12 1 1 1 9 7 12 1 1 1 9 12 1 1 9 12 1 1 9 12 1 1 10 7 12 1 1 1 9 12 1 1 10 100 12 1 1 10 100 10 100 12 1 1 1 10 12 1 1 10 12 1 1 100 1 10 10 100 12 1 1 1 10 100 12 1 1 1 10 12 1 1 100 1 10 12 1 1 10 12 1 1 10 12 1 1 10 12 1 10 10 100 1 10 12 1 1 10 100 12 1 1 1 10 12 1 1 10 12 1 10 12 1 8 1 10 12 1 10 12 1 10 12 1 1 10 12 1 8 1 10 12 1 1 10 100 1 10 10 12 1 1 8 1 10 12 1 10 12 1 10 12 1 8 1 8 1 9 12 1 1 100 1 8 1 10 12 1 10 12 1 1 8 1 10 12 1 8 1 8 1 8 1 10 100 12 1 1 10 12 1 1 10 12 1 10 12 1 1 10 12 1 1 10 12 1 1 100 1 100 1 10 12 1 10 12 10 12 1 1 10 100 12 1 1 10 12 1 100 1 10 12 10 100 12 1 1 1 10 8 1 10 12 1 10 12 1 1 100 1 10 12 1 1 100 1 100 1 8 1 8 1 10 10 12 1 1 10 100 12 1 1 1 100 1 10 12 10 12 1 1 11 100 12 1 1 10 10 12 1 11 10 12 1 8 1 100 1 10 12 1 10 12 1 1 10 12 1 11 12 1 1 100 1 1 1 1 5 0 1 1 1 1 1 1 1 1 1 1 1 1 1 1 1 1 1 1 1 1 1 1 1 1 1 1 1 1 1 1 1 1 1 1 1 1 1 1 1 1 1 1 1 1 1 1 1 1 1 1 1 1 1 1 1 1 1 1 1 1 1 1 1 1 1 1 100 1 1 1 1 1 1 1
ciInstanceKlass java/security/ProtectionDomain 1 1 141 10 7 12 1 1 1 9 7 12 1 1 1 9 12 1 1 9 12 1 1 10 7 12 1 1 7 1 9 12 1 9 12 1 1 7 1 9 12 1 1 9 12 1 10 100 12 1 1 10 100 12 1 1 1 10 12 1 1 10 12 1 8 1 100 1 8 1 10 12 1 10 11 12 1 1 10 100 12 1 1 1 10 12 1 1 8 1 11 8 1 10 12 1 8 1 8 1 8 1 10 12 1 8 1 8 1 1 1 1 1 1 1 1 100 1 1 100 1 1 1 1 1 1 1 1 1 1 1 1 1 1 1 1 1 1 1 100 1 1 1
instanceKlass java/net/URLClassLoader
instanceKlass jdk/internal/loader/BuiltinClassLoader
ciInstanceKlass java/security/SecureClassLoader 1 1 99 10 7 12 1 1 1 7 1 10 12 1 9 7 12 1 1 1 10 12 1 10 12 1 10 12 1 1 10 12 1 1 10 12 1 7 1 10 7 1 10 12 1 7 1 10 12 1 11 7 12 1 1 1 7 1 11 12 1 10 12 1 1 1 1 1 1 1 1 1 1 1 1 1 1 1 1 1 1 1 1 1 1 1 1 1 1 1 1 1 1 1 1 1 1 1 1 1 1
ciInstanceKlass java/net/URL 1 1 736 10 7 12 1 1 1 10 12 1 10 7 12 1 1 9 12 1 1 9 12 1 10 12 1 1 9 12 1 1 10 7 12 1 1 1 8 1 10 12 1 1 100 1 10 10 12 1 1 8 1 10 12 1 1 9 12 1 7 1 8 1 10 12 1 10 12 1 8 1 9 12 1 10 12 1 1 9 12 1 10 12 1 10 12 1 9 12 1 9 12 1 8 1 9 12 1 10 12 1 1 8 1 9 12 1 1 10 12 1 1 10 7 12 1 1 1 8 1 10 12 1 7 1 10 12 1 10 12 1 10 12 1 10 12 1 1 10 12 1 1 8 1 10 12 1 1 10 12 1 8 1 9 12 1 8 1 10 12 1 10 7 12 1 1 1 100 1 10 12 1 10 12 1 1 10 7 12 1 1 1 100 1 8 1 10 10 12 1 8 1 10 12 1 1 10 12 1 10 12 1 10 12 1 10 12 1 10 12 1 10 12 1 8 1 10 12 1 8 1 10 10 7 1 10 10 12 1 8 1 10 7 12 1 1 1 10 12 1 9 12 1 1 10 12 1 10 100 12 1 1 1 100 1 10 12 1 10 12 1 10 12 1 10 12 1 10 12 1 10 12 10 10 12 1 8 1 100 1 10 100 12 1 1 1 10 12 1 1 10 12 1 10 12 1 1 8 1 9 100 12 1 1 1 10 100 12 1 1 1 10 12 1 10 12 1 10 7 12 1 1 1 10 12 1 1 10 12 1 9 12 1 1 9 12 1 1 100 1 8 1 10 9 12 1 1 10 7 12 1 1 8 1 10 7 12 1 1 8 1 10 12 1 1 10 12 1 8 1 8 1 10 7 12 1 1 1 7 1 10 7 12 1 1 1 10 12 1 10 12 1 9 7 12 1 1 1 10 7 12 1 1 10 12 1 1 10 12 1 8 1 7 1 10 7 12 1 1 1 10 12 1 1 11 7 12 1 1 11 12 1 10 12 1 10 12 1 8 9 7 12 1 1 1 10 12 1 1 10 12 1 10 12 1 1 10 7 12 1 1 11 7 1 10 12 1 10 12 1 9 12 1 10 12 1 1 10 100 12 1 1 10 100 12 1 1 1 8 10 100 12 1 1 7 1 10 8 8 10 12 1 8 8 8 100 1 10 12 1 9 12 1 1 10 12 1 10 12 1 1 10 12 1 10 12 10 12 1 1 10 12 1 1 10 10 10 12 1 10 12 1 10 12 1 10 12 1 10 12 1 10 10 12 1 7 1 8 1 10 10 10 12 1 1 10 12 1 10 12 1 1 8 1 7 1 10 10 7 1 10 12 1 9 7 12 1 1 1 9 12 1 1 7 1 10 10 7 12 1 1 1 100 1 1 1 1 1 5 0 1 1 1 1 1 1 1 1 1 1 1 1 1 1 1 1 1 1 1 1 1 1 1 1 1 1 1 1 1 1 1 1 1 1 1 1 1 1 1 1 1 1 1 1 1 1 100 1 1 1 1 1 1 1 1 1 1 1 1 1 1 1 1 1 1 1 1 1 1 1 1 1 1 1 1 1 1 1 1 1 1 1 1 100 1 1 1 1 1 1 1 1 1 1 1 1 1 1 1 1 1 1 1 1 1 1 1 7 1 1 1 1 1 1 1 1 1 1 1 1 1 1 1 1 1 1 1
staticfield java/net/URL defaultFactory Ljava/net/URLStreamHandlerFactory; java/net/URL$DefaultFactory
staticfield java/net/URL handlers Ljava/util/Hashtable; java/util/Hashtable
staticfield java/net/URL streamHandlerLock Ljava/lang/Object; java/lang/Object
staticfield java/net/URL serialPersistentFields [Ljava/io/ObjectStreamField; 7 [Ljava/io/ObjectStreamField;
ciInstanceKlass java/util/jar/Manifest 1 1 320 10 7 12 1 1 1 7 1 10 9 7 12 1 1 1 7 1 10 9 12 1 1 9 12 1 1 10 12 1 10 12 1 1 10 12 1 1 10 12 1 1 10 12 1 1 11 7 1 11 12 1 1 10 12 1 1 10 100 12 1 1 1 100 1 100 1 10 8 1 10 12 1 1 10 12 1 1 10 12 1 10 12 1 11 100 1 10 12 1 10 12 1 1 11 12 1 1 10 12 1 11 12 1 1 11 100 12 1 1 1 11 100 12 1 1 11 12 1 1 100 1 10 12 1 8 1 11 12 1 7 1 10 12 1 1 11 12 1 10 12 1 10 12 1 10 9 7 12 1 1 1 10 12 1 1 10 100 12 1 10 12 1 10 12 1 9 100 12 1 1 1 8 1 10 12 1 8 1 8 1 7 1 10 12 1 10 12 1 10 12 1 1 100 1 8 1 10 12 1 1 8 1 10 10 12 1 1 8 1 10 12 1 1 10 100 12 1 1 1 10 12 1 10 11 12 1 1 10 12 1 1 10 7 12 1 1 1 10 12 1 1 10 12 1 10 12 1 1 11 10 12 1 11 10 12 1 100 1 1 1 1 1 1 1 1 1 1 1 1 1 1 1 1 1 1 1 1 1 1 1 1 1 1 1 1 1 1 1 1 1 1 1 100 1 1 1 1 1 1 1 1 1 1 1 1 1 1 100 1 1 1 1 1 1 1 1 1 1 1
ciInstanceKlass java/io/ByteArrayInputStream 1 1 135 10 7 12 1 1 1 9 7 12 1 1 1 9 12 1 1 9 12 1 9 12 1 10 100 12 1 1 1 10 7 12 1 1 1 10 7 12 1 1 1 10 100 12 1 1 1 10 12 1 1 10 7 12 1 1 1 7 1 100 1 100 1 3 10 7 1 10 7 12 1 1 1 9 12 1 1 100 1 10 10 7 12 1 1 1 1 1 1 1 1 1 1 1 1 1 1 1 1 1 1 1 1 1 1 1 1 1 1 1 1 1 1 1 1 1 1 1 100 1 100 1 1 1 1 1 1 1 1 1 1 1 1 1 1
staticfield java/io/ByteArrayInputStream $assertionsDisabled Z 1
instanceKlass java/nio/DoubleBuffer
instanceKlass java/nio/FloatBuffer
instanceKlass java/nio/LongBuffer
instanceKlass java/nio/IntBuffer
instanceKlass java/nio/ShortBuffer
instanceKlass java/nio/CharBuffer
instanceKlass java/nio/ByteBuffer
ciInstanceKlass java/nio/Buffer 1 1 259 100 1 10 7 12 1 1 1 9 7 12 1 1 1 9 12 1 9 12 1 1 9 12 1 9 12 1 1 10 12 1 1 10 12 1 1 10 12 100 1 100 1 10 8 1 10 12 1 1 10 12 1 8 1 8 1 10 12 1 1 10 12 1 8 1 9 12 1 1 100 1 8 1 10 12 1 8 1 8 1 9 12 10 12 1 8 1 8 1 8 1 10 12 1 8 1 8 1 8 1 100 1 10 100 1 10 100 1 10 9 12 1 1 10 7 12 1 1 1 100 1 10 12 1 1 10 12 1 10 100 12 1 1 10 7 12 1 1 1 10 7 12 1 1 1 9 12 1 1 10 7 12 1 1 1 9 12 1 1 7 1 10 10 12 1 1 7 1 10 10 7 12 1 1 1 1 1 3 1 1 1 1 1 1 1 1 1 1 1 1 1 1 100 1 1 1 1 1 1 1 100 1 1 1 1 1 1 1 1 1 1 1 1 1 1 1 1 1 1 1 1 1 1 1 1 1 1 1 1 1 1 1 1 1 1 1 1 1 1 1 1 1 1 100 1 100 1 100 1 100 1 100 1 100 1 100 1 1
staticfield java/nio/Buffer UNSAFE Ljdk/internal/misc/Unsafe; jdk/internal/misc/Unsafe
staticfield java/nio/Buffer SCOPED_MEMORY_ACCESS Ljdk/internal/misc/ScopedMemoryAccess; jdk/internal/misc/ScopedMemoryAccess
staticfield java/nio/Buffer IOOBE_FORMATTER Ljava/util/function/BiFunction; jdk/internal/util/Preconditions$4
staticfield java/nio/Buffer $assertionsDisabled Z 1
ciInstanceKlass java/lang/AssertionStatusDirectives 0 0 24 10 100 12 1 1 1 100 1 1 1 1 1 1 1 1 1 1 1 1 1 1 1 1
instanceKlass sun/security/pkcs/PKCS9Attribute$AttributeInfo
instanceKlass jdk/internal/util/ImmutableBitSetPredicate$SmallImmutableBitSetPredicate
instanceKlass jdk/internal/net/http/common/DebugLogger$LoggerConfig
instanceKlass java/text/DecimalFormat$NumericPosition
instanceKlass jdk/internal/classfile/impl/AbstractInstruction$SwitchCaseImpl
instanceKlass java/lang/reflect/Executable$ParameterData
instanceKlass java/lang/invoke/StringConcatFactory$InlineHiddenClassStrategy$MethodHandlePair
instanceKlass sun/util/locale/LanguageTag
instanceKlass jdk/internal/misc/ThreadTracker$ThreadRef
instanceKlass java/util/Formatter$FixedString
instanceKlass jdk/internal/classfile/impl/StackCounter$Target
instanceKlass jdk/internal/classfile/impl/StackMapDecoder$StackMapFrameImpl
instanceKlass jdk/internal/classfile/impl/StackMapDecoder$ObjectVerificationTypeInfoImpl
instanceKlass java/lang/reflect/Proxy$ProxyBuilder$ProxyClassContext
instanceKlass java/lang/ClassValue$Version
instanceKlass jdk/net/UnixDomainPrincipal
instanceKlass java/security/SecureClassLoader$CodeSourceKey
instanceKlass java/util/zip/ZipFile$EntryPos
instanceKlass sun/nio/fs/WindowsPathParser$Result
instanceKlass jdk/internal/module/ModuleReferenceImpl$CachedHash
instanceKlass java/util/stream/Collectors$CollectorImpl
instanceKlass java/lang/invoke/MethodHandles$Lookup$ClassDefiner
instanceKlass jdk/internal/classfile/impl/ClassHierarchyImpl$ClassHierarchyInfoImpl
instanceKlass java/lang/classfile/ClassHierarchyResolver$1Factory
instanceKlass jdk/internal/classfile/impl/RawBytecodeHelper$CodeRange
instanceKlass jdk/internal/classfile/impl/StackMapGenerator$Type
instanceKlass jdk/internal/classfile/impl/Util$1WithCodeMethodHandler
instanceKlass jdk/internal/classfile/impl/DirectCodeBuilder$DeferredLabel
instanceKlass java/lang/invoke/InvokerBytecodeGenerator$ClassData
instanceKlass jdk/internal/classfile/impl/AnnotationImpl
instanceKlass jdk/internal/reflect/ReflectionFactory$Config
instanceKlass jdk/internal/foreign/abi/UpcallLinker$CallRegs
instanceKlass jdk/internal/foreign/abi/VMStorage
ciInstanceKlass java/lang/Record 1 1 22 10 7 12 1 1 1 100 1 1 1 1 1 1 1 1 1 1 1 1 1 1
instanceKlass com/fasterxml/jackson/core/util/InternCache
instanceKlass io/qameta/allure/internal/shadowed/jackson/core/util/InternCache
ciInstanceKlass java/util/concurrent/ConcurrentHashMap 1 1 1219 100 1 7 1 10 7 12 1 1 1 10 12 1 1 9 12 1 1 3 10 7 12 1 1 1 3 100 1 10 7 12 1 1 1 100 1 10 100 12 1 1 1 100 1 11 12 1 1 11 12 1 11 12 1 1 9 12 1 1 9 12 1 9 12 1 1 10 7 12 1 1 1 7 1 10 12 1 1 10 12 1 1 10 7 12 1 1 1 4 10 12 1 11 7 12 1 1 10 12 1 10 12 1 1 100 1 10 5 0 10 12 1 9 12 1 10 12 1 1 5 0 10 12 1 10 12 1 9 12 1 1 10 12 1 1 9 12 1 9 12 1 1 10 12 1 1 9 12 1 10 12 1 1 9 12 1 1 10 12 1 1 100 1 10 100 1 10 12 1 10 12 1 1 10 12 1 1 10 12 1 1 10 12 1 10 12 1 1 10 12 1 1 100 1 10 12 1 1 7 1 100 1 8 1 10 12 1 10 12 1 1 10 12 1 1 10 10 12 1 11 12 1 1 11 7 12 1 1 1 11 7 12 1 1 1 11 12 1 7 1 11 12 1 11 12 1 10 12 1 1 10 12 1 1 9 12 1 1 10 100 12 1 1 1 9 10 12 1 1 9 12 1 10 12 1 1 5 0 9 12 1 1 7 1 10 12 1 9 12 1 1 7 1 10 12 1 9 12 1 7 1 10 100 1 10 10 12 1 1 8 1 10 12 1 10 12 1 1 11 100 1 10 12 1 10 100 12 1 1 1 8 1 10 100 12 1 1 1 8 1 10 12 1 8 1 10 12 1 10 12 1 1 10 100 12 1 1 10 12 1 10 12 1 10 12 1 9 12 1 9 10 12 1 9 12 1 11 100 12 1 1 1 11 7 12 1 1 1 100 1 10 12 11 100 12 1 1 10 11 7 12 1 10 12 1 100 1 10 12 1 100 1 10 10 9 7 12 1 1 1 3 10 100 12 1 1 9 12 1 10 12 1 1 9 12 1 1 9 12 1 10 12 1 1 10 100 12 1 1 9 12 1 9 7 12 1 1 10 12 1 1 10 12 1 3 9 12 1 9 12 1 10 12 1 1 7 1 9 3 100 1 10 12 1 9 12 1 10 12 1 9 12 1 10 12 1 9 12 1 10 100 12 1 1 1 100 10 12 1 100 1 5 0 10 100 12 1 1 100 1 10 12 1 1 10 12 1 10 12 1 100 1 10 12 1 10 100 1 100 1 10 10 12 1 10 100 1 10 12 1 10 100 1 10 12 1 10 100 1 10 12 1 1 100 1 10 12 1 10 10 12 1 100 1 10 12 1 10 10 12 1 100 1 10 12 1 10 100 1 10 12 1 10 100 1 10 12 1 10 100 1 10 12 1 10 100 1 10 12 1 10 100 1 10 12 1 10 100 1 10 12 1 10 100 1 10 12 1 10 100 1 10 10 100 1 10 10 100 1 10 10 100 1 10 12 1 10 100 1 10 12 1 10 100 1 10 12 1 10 100 1 10 12 1 10 100 1 10 12 1 10 100 1 10 10 100 1 10 10 100 1 10 10 100 1 10 12 1 10 100 1 10 12 1 10 100 1 10 12 1 10 100 1 10 12 1 10 100 1 10 12 1 10 10 12 1 10 12 1 7 1 7 1 10 12 1 9 12 1 1 9 12 1 1 10 12 1 1 8 10 12 1 1 8 8 8 8 7 10 12 1 1 10 12 1 1 100 1 8 1 10 7 1 100 1 100 1 1 1 5 0 1 1 3 1 3 1 1 1 1 3 1 3 1 3 1 1 1 1 1 3 1 3 1 3 1 1 1 1 1 1 1 1 1 1 1 1 1 1 1 1 1 1 1 1 1 1 1 1 1 1 1 100 1 1 1 1 1 1 1 1 1 1 1 1 1 1 1 1 1 1 1 1 1 1 1 1 1 1 1 1 1 1 1 1 1 1 1 1 1 1 1 1 1 1 1 1 1 1 1 1 1 1 1 1 1 1 1 1 1 1 1 1 1 1 1 1 1 1 1 1 1 1 1 1 1 1 1 1 1 1 1 1 1 1 1 1 100 1 1 1 1 1 1 1 1 1 1 1 100 1 1 1 1 1 1 1 1 1 1 1 1 1 1 1 1 1 1 1 1 1 1 1 1 1 1 1 1 1 1 1 1 1 1 1 1 1 1 1 1 1 1 1 1 1 1 1 1 1 1 1 1 1 1 1 1 1 1 1 1 1 1 1 1 1 1 1 1 1 1 1 1 1 1 1 1 1 1 1 1 1 1 1 1 1 1 1 1 1 1 1 1 1 1 1 1 1 1 1 1 1 1 1 1 1 1 1 1 1 1 1 1 1 1 1 1 1 1 1 1 1 1 1 1 1 1 1 1 1 1 1 1 1 1 1 1 1 1 1 1 1 1 1 1 1 1 1 1 1 1 1 1 1 1 1 1 1 1 1 1 1 1 1 1 1 1 1 1 1 1 1 1 1 1 1 1 1 1 1 1 1 1 1 1 1 1 1 1 1 1 1 1 1 1 1 1 1 1 1 1 1 1 1 1 1 1 1 1 1 1 1 1 1 1 1 1 1 1 1 1 1 1 1 100 1 100 1 100 1 100 1 100 1 100 1 100 1 100 1 100 1 1 1 1 1 1 1 1 1 1 1 1 1 1 1 1 1 1 1 1 1 1 1 1 1 1 1 1 1 1 1 1 1 1 1 1 1 1 1 1 1 1 1 1 1 1 1 1 1 1 1 1 1 1 1 1 1 1
staticfield java/util/concurrent/ConcurrentHashMap serialPersistentFields [Ljava/io/ObjectStreamField; 3 [Ljava/io/ObjectStreamField;
staticfield java/util/concurrent/ConcurrentHashMap U Ljdk/internal/misc/Unsafe; jdk/internal/misc/Unsafe
staticfield java/util/concurrent/ConcurrentHashMap SIZECTL J 44
staticfield java/util/concurrent/ConcurrentHashMap TRANSFERINDEX J 56
staticfield java/util/concurrent/ConcurrentHashMap BASECOUNT J 48
staticfield java/util/concurrent/ConcurrentHashMap CELLSBUSY J 60
staticfield java/util/concurrent/ConcurrentHashMap CELLVALUE J 144
staticfield java/util/concurrent/ConcurrentHashMap ABASE J 16
staticfield java/util/concurrent/ConcurrentHashMap ASHIFT I 2
instanceKlass com/fasterxml/jackson/databind/util/internal/PrivateMaxEntriesMap
instanceKlass org/apache/groovy/util/concurrent/ConcurrentReferenceHashMap
instanceKlass java/util/TreeMap$NavigableSubMap
instanceKlass java/util/Collections$SingletonMap
instanceKlass java/util/TreeMap
instanceKlass io/qameta/allure/internal/shadowed/jackson/databind/util/internal/PrivateMaxEntriesMap
instanceKlass java/util/concurrent/ConcurrentSkipListMap
instanceKlass java/util/IdentityHashMap
instanceKlass java/util/EnumMap
instanceKlass java/util/WeakHashMap
instanceKlass java/util/Collections$EmptyMap
instanceKlass sun/util/PreHashedMap
instanceKlass java/util/HashMap
instanceKlass java/util/ImmutableCollections$AbstractImmutableMap
instanceKlass java/util/concurrent/ConcurrentHashMap
ciInstanceKlass java/util/AbstractMap 1 1 198 10 7 12 1 1 1 10 7 12 1 1 1 11 7 12 1 1 1 10 11 12 1 1 11 7 12 1 1 1 11 12 1 1 7 1 11 12 1 10 12 1 1 11 12 1 100 1 10 11 12 1 11 7 1 10 12 1 1 11 12 1 9 12 1 1 7 1 10 12 1 9 12 1 1 100 1 10 11 11 12 1 1 11 12 1 100 1 100 1 11 12 1 8 1 100 1 10 10 12 1 1 8 1 10 12 1 10 12 1 1 10 12 1 1 1 1 1 1 1 1 1 1 1 1 1 1 1 1 1 1 1 1 1 1 1 1 1 1 1 1 1 1 1 1 1 1 1 1 1 1 1 1 100 1 1 1 1 1 1 1 100 1 1 1 1 1 1 1 1 1 7 1 1 1 1 1 1 1 1 1 100 1 100 1 100 1 100 1 100 1 1 1 1 1 1 1 1
ciInstanceKlass java/util/concurrent/ConcurrentMap 1 1 201 11 100 12 1 1 1 10 100 12 1 1 11 12 1 1 11 100 12 1 1 1 11 100 12 1 1 1 11 12 1 1 100 1 11 12 1 11 12 1 100 1 11 100 12 1 1 1 18 12 1 11 12 1 1 11 100 12 1 1 11 12 1 1 11 100 12 1 11 12 1 1 11 12 1 1 100 1 100 1 1 1 1 1 1 1 1 1 1 1 1 1 1 1 1 1 1 1 1 1 1 1 1 1 1 1 1 1 1 1 1 1 1 1 1 1 1 1 1 1 1 1 1 1 1 1 1 1 1 1 1 1 1 1 1 1 1 1 1 16 15 11 12 15 10 100 12 1 1 1 1 1 100 1 100 1 1 1 100 1 8 1 1 12 10 1 8 1 1 1 8 1 8 1 1 8 1 1 1 8 1 1 1 8 1 1 8 1 8 1 1 1 8 1 1 8 1 1 1 8 1
ciInstanceKlass java/util/Collection 1 1 115 11 7 12 1 1 1 7 1 11 7 12 1 1 1 10 7 12 1 1 1 11 12 1 1 11 7 12 1 1 1 11 12 1 1 11 7 12 1 1 1 11 12 1 1 10 100 12 1 1 1 11 12 1 10 7 12 1 1 1 100 1 100 1 1 1 1 1 1 1 1 1 1 1 1 1 1 1 1 1 1 1 1 1 1 1 1 1 1 1 1 1 1 1 1 1 1 1 1 1 1 1 1 1 1 1 1 1 1 1 1 1 1 1 1
instanceKlass jdk/internal/loader/ClassLoaders$BootClassLoader
instanceKlass jdk/internal/loader/ClassLoaders$PlatformClassLoader
instanceKlass jdk/internal/loader/ClassLoaders$AppClassLoader
ciInstanceKlass jdk/internal/loader/BuiltinClassLoader 1 1 652 9 7 12 1 1 1 10 7 12 1 1 1 10 7 12 1 1 1 9 12 1 1 9 12 1 1 7 1 10 12 1 9 12 1 10 12 1 9 12 1 10 7 12 1 1 1 10 7 12 1 1 1 10 7 12 1 1 1 11 7 12 1 1 1 100 1 100 1 10 10 12 1 1 8 1 10 12 1 10 12 7 1 10 12 1 10 12 1 1 11 7 12 1 1 1 11 7 12 1 1 1 11 12 1 1 7 1 8 1 8 1 10 9 12 1 1 10 7 12 1 1 11 12 1 1 10 12 1 1 10 12 1 1 10 12 1 1 11 7 12 1 1 1 10 7 12 1 1 7 1 10 7 12 1 1 1 10 7 12 1 1 1 10 12 1 10 12 1 100 1 8 1 10 12 1 1 10 8 1 10 12 1 1 10 12 1 1 10 12 1 1 11 7 12 1 1 11 12 1 7 1 10 11 12 1 1 11 10 12 1 1 7 1 10 12 1 10 7 12 1 10 12 1 11 12 1 1 11 7 1 11 12 1 7 1 10 12 1 1 100 1 100 1 11 12 1 1 10 12 1 10 12 10 12 1 10 7 12 1 1 1 7 1 10 10 12 1 1 10 12 1 1 10 12 1 1 10 12 1 9 12 1 1 100 1 10 10 12 1 1 10 12 1 1 10 12 1 10 12 10 12 1 1 10 12 1 1 10 12 1 1 10 12 1 10 12 1 1 10 12 1 1 10 12 1 10 12 1 1 10 12 1 7 1 10 12 10 7 12 1 1 1 10 12 1 11 12 1 7 1 10 12 1 7 1 100 1 10 12 1 10 12 1 11 12 1 1 10 12 1 1 10 12 1 1 10 12 1 1 10 12 1 1 10 12 1 10 12 1 10 12 1 10 12 1 8 1 10 12 1 1 10 7 12 1 1 10 12 1 100 1 8 1 8 1 10 10 12 1 8 1 8 1 10 7 12 1 1 1 11 7 12 1 1 1 9 7 12 1 1 1 10 7 12 1 1 1 9 12 1 9 12 1 9 12 1 9 12 1 9 12 1 9 12 1 10 7 12 1 1 1 8 1 10 12 1 7 1 10 11 12 1 1 10 12 10 12 1 10 12 1 100 1 10 12 1 10 12 1 11 11 12 1 10 7 12 1 1 10 7 12 1 1 8 1 10 7 12 1 1 10 12 1 1 1 1 1 1 1 1 1 1 1 1 1 1 1 1 1 1 1 1 1 1 1 1 1 1 1 1 1 1 1 1 1 1 1 1 1 1 1 1 1 1 1 1 1 1 1 1 1 1 1 1 1 1 1 100 1 1 1 1 1 1 1 1 1 1 1 1 1 100 1 100 1 1 1 1 1 1 1 1 1 1 1 1 1 1 1 1 1 1 1 1 1 1 1 1 1 1 1 1 1 1 1 1 1 1 1 1 1 1 1 1 1 1 1 1 1 1 1 100 1 1 1 100 1 1 1 1 1
staticfield jdk/internal/loader/BuiltinClassLoader packageToModule Ljava/util/Map; java/util/concurrent/ConcurrentHashMap
staticfield jdk/internal/loader/BuiltinClassLoader $assertionsDisabled Z 1
ciInstanceKlass jdk/internal/loader/ClassLoaders$AppClassLoader 1 1 57 8 1 10 7 12 1 1 1 10 7 12 1 1 1 10 12 1 1 10 7 12 1 1 1 100 1 10 12 1 1 1 1 1 1 1 1 1 1 1 1 1 1 1 1 1 1 1 1 1 1 1 1 100 1 1 1
ciInstanceKlass jdk/internal/loader/ClassLoaders$PlatformClassLoader 1 1 42 8 1 10 7 12 1 1 1 10 7 12 1 1 1 100 1 10 12 1 100 1 1 1 1 1 1 1 1 1 1 1 1 1 1 100 1 1 1 100 1 1
ciInstanceKlass java/lang/ArithmeticException 1 1 26 10 100 12 1 1 1 10 12 1 100 1 1 1 1 5 0 1 1 1 1 1 1 1 1 1
instanceKlass org/apache/http/HttpException
instanceKlass java/beans/PropertyVetoException
instanceKlass java/beans/IntrospectionException
instanceKlass sun/security/pkcs11/wrapper/PKCS11Exception
instanceKlass javax/management/JMException
instanceKlass org/openqa/selenium/net/UrlChecker$TimeoutException
instanceKlass org/apache/hc/core5/http/HttpException
instanceKlass sun/security/ec/ECOperations$IntermediateValueException
instanceKlass javax/security/auth/DestroyFailedException
instanceKlass javax/security/auth/callback/UnsupportedCallbackException
instanceKlass org/testng/internal/thread/ThreadTimeoutException
instanceKlass org/testng/internal/thread/ThreadExecutionException
instanceKlass java/text/ParseException
instanceKlass com/sun/org/apache/xerces/internal/impl/dv/DatatypeException
instanceKlass java/lang/invoke/StringConcatException
instanceKlass javax/xml/transform/TransformerException
instanceKlass org/xml/sax/SAXException
instanceKlass javax/xml/parsers/ParserConfigurationException
instanceKlass java/util/concurrent/TimeoutException
instanceKlass java/util/concurrent/ExecutionException
instanceKlass java/security/PrivilegedActionException
instanceKlass java/util/zip/DataFormatException
instanceKlass java/net/URISyntaxException
instanceKlass java/security/GeneralSecurityException
instanceKlass sun/util/locale/LocaleSyntaxException
instanceKlass sun/nio/fs/WindowsException
instanceKlass java/lang/CloneNotSupportedException
instanceKlass java/lang/instrument/UnmodifiableClassException
instanceKlass java/lang/InterruptedException
instanceKlass java/io/IOException
instanceKlass java/lang/ReflectiveOperationException
instanceKlass java/lang/RuntimeException
ciInstanceKlass java/lang/Exception 1 1 40 10 7 12 1 1 1 10 12 1 10 12 1 10 12 1 10 12 1 100 1 1 1 1 5 0 1 1 1 1 1 1 1 1 1 1 1 1 1 1
instanceKlass org/apache/http/ParseException
instanceKlass org/codehaus/groovy/vmplugin/v9/ClassFindFailedException
instanceKlass com/sun/beans/finder/SignatureException
instanceKlass org/codehaus/groovy/control/ConfigurationException
instanceKlass org/w3c/dom/DOMException
instanceKlass groovy/lang/StringWriterIOException
instanceKlass groovy/lang/GroovyRuntimeException
instanceKlass org/apache/commons/lang3/exception/CloneFailedException
instanceKlass org/yaml/snakeyaml/error/YAMLException
instanceKlass jdk/internal/net/http/websocket/FailWebSocketException
instanceKlass jdk/internal/net/http/websocket/CheckFailedException
instanceKlass java/util/concurrent/CompletionException
instanceKlass org/brotli/dec/BrotliRuntimeException
instanceKlass java/nio/file/FileSystemNotFoundException
instanceKlass org/openqa/selenium/WebDriverException
instanceKlass io/github/bonigarcia/wdm/config/WebDriverManagerException
instanceKlass org/testng/internal/TestListenerHelper$ListenerInvocationException
instanceKlass java/lang/WrongThreadException
instanceKlass org/testng/SkipException
instanceKlass io/qameta/allure/AllureResultsWriteException
instanceKlass java/security/ProviderException
instanceKlass com/sun/org/apache/xerces/internal/impl/dv/DVFactoryException
instanceKlass java/util/EmptyStackException
instanceKlass javax/xml/catalog/CatalogException
instanceKlass com/sun/org/apache/xerces/internal/xni/XNIException
instanceKlass java/lang/reflect/MalformedParameterizedTypeException
instanceKlass java/lang/reflect/UndeclaredThrowableException
instanceKlass java/lang/invoke/WrongMethodTypeException
instanceKlass java/lang/annotation/IncompleteAnnotationException
instanceKlass java/util/concurrent/RejectedExecutionException
instanceKlass org/testng/TestNGException
instanceKlass com/beust/jcommander/ParameterException
instanceKlass java/nio/file/ProviderNotFoundException
instanceKlass java/lang/MatchException
instanceKlass java/lang/SecurityException
instanceKlass java/util/MissingResourceException
instanceKlass java/util/IllformedLocaleException
instanceKlass java/time/DateTimeException
instanceKlass java/nio/file/FileSystemAlreadyExistsException
instanceKlass java/nio/BufferOverflowException
instanceKlass java/nio/BufferUnderflowException
instanceKlass java/lang/NegativeArraySizeException
instanceKlass java/io/UncheckedIOException
instanceKlass java/util/ConcurrentModificationException
instanceKlass java/lang/TypeNotPresentException
instanceKlass java/util/NoSuchElementException
instanceKlass java/lang/UnsupportedOperationException
instanceKlass java/lang/IllegalStateException
instanceKlass java/lang/IllegalArgumentException
instanceKlass java/lang/IndexOutOfBoundsException
instanceKlass java/lang/ArithmeticException
instanceKlass java/lang/NullPointerException
instanceKlass java/lang/IllegalCallerException
instanceKlass java/lang/IllegalMonitorStateException
instanceKlass java/lang/ArrayStoreException
instanceKlass java/lang/ClassCastException
ciInstanceKlass java/lang/RuntimeException 1 1 40 10 7 12 1 1 1 10 12 1 10 12 1 10 12 1 10 12 1 100 1 1 1 1 5 0 1 1 1 1 1 1 1 1 1 1 1 1 1 1
ciInstanceKlass java/lang/ArrayIndexOutOfBoundsException 1 1 45 10 100 12 1 1 1 10 12 1 100 1 10 8 1 10 12 1 1 10 12 1 10 12 1 1 100 1 1 1 1 5 0 1 1 1 1 1 1 1 1 1 1 1 1
ciInstanceKlass java/lang/ArrayStoreException 1 1 26 10 100 12 1 1 1 10 12 1 100 1 1 1 1 5 0 1 1 1 1 1 1 1 1 1
instanceKlass org/codehaus/groovy/runtime/typehandling/GroovyCastException
ciInstanceKlass java/lang/ClassCastException 1 1 26 10 7 12 1 1 1 10 12 1 100 1 1 1 1 5 0 1 1 1 1 1 1 1 1 1
ciInstanceKlass java/lang/ClassNotFoundException 1 1 96 7 1 10 7 12 1 1 1 10 12 1 10 12 1 1 10 100 12 1 1 1 8 1 10 100 12 1 1 1 10 7 12 1 1 10 100 12 1 1 1 10 100 12 1 1 1 10 12 1 1 7 1 10 12 1 9 12 1 1 1 1 1 5 0 1 1 1 1 1 1 1 1 1 1 1 1 1 1 1 1 1 1 100 1 1 1 1 1 1 1 1 1 1 1 1
staticfield java/lang/ClassNotFoundException serialPersistentFields [Ljava/io/ObjectStreamField; 1 [Ljava/io/ObjectStreamField;
instanceKlass java/lang/reflect/Proxy$InvocationException
instanceKlass java/lang/IllegalAccessException
instanceKlass java/lang/InstantiationException
instanceKlass java/lang/reflect/InvocationTargetException
instanceKlass java/lang/NoSuchFieldException
instanceKlass java/lang/NoSuchMethodException
instanceKlass java/lang/ClassNotFoundException
ciInstanceKlass java/lang/ReflectiveOperationException 1 1 34 10 7 12 1 1 1 10 12 1 10 12 1 10 12 1 100 1 1 1 1 5 0 1 1 1 1 1 1 1 1 1 1 1
ciInstanceKlass java/lang/IllegalCallerException 0 0 35 10 100 12 1 1 1 10 12 1 10 12 1 10 12 1 100 1 1 1 1 5 0 1 1 1 1 1 1 1 1 1 1 1 1
ciInstanceKlass java/lang/IllegalMonitorStateException 1 1 26 10 100 12 1 1 1 10 12 1 100 1 1 1 1 5 0 1 1 1 1 1 1 1 1 1
ciInstanceKlass java/lang/BootstrapMethodError 0 0 45 10 100 12 1 1 1 10 12 1 10 12 1 10 100 12 1 1 1 10 100 12 1 1 1 1 1 1 5 0 1 1 1 1 1 1 1 1 1 1 1 100 1 1 1
instanceKlass javax/xml/parsers/FactoryConfigurationError
instanceKlass java/lang/annotation/AnnotationFormatError
instanceKlass java/util/ServiceConfigurationError
instanceKlass java/io/IOError
instanceKlass java/nio/charset/CoderMalfunctionError
instanceKlass java/lang/AssertionError
instanceKlass java/lang/VirtualMachineError
instanceKlass java/lang/LinkageError
ciInstanceKlass java/lang/Error 1 1 58 10 7 12 1 1 1 9 12 1 1 10 100 12 1 1 1 10 100 12 1 1 1 10 12 1 10 12 1 10 12 1 10 12 1 100 1 1 1 1 5 0 1 1 1 1 1 1 1 1 100 1 1 1 1 1 1 1
instanceKlass java/lang/ClassFormatError
instanceKlass java/lang/ExceptionInInitializerError
instanceKlass java/lang/IncompatibleClassChangeError
instanceKlass java/lang/BootstrapMethodError
instanceKlass java/lang/NoClassDefFoundError
ciInstanceKlass java/lang/LinkageError 1 1 31 10 7 12 1 1 1 10 12 1 10 12 1 100 1 1 1 1 5 0 1 1 1 1 1 1 1 1 1 1 1
ciInstanceKlass java/lang/NullPointerException 1 1 52 10 100 12 1 1 1 10 12 1 9 100 12 1 1 1 10 12 1 1 9 12 1 1 10 12 1 1 10 12 1 1 1 1 5 0 1 1 1 1 1 1 1 1 100 1 100 1 100 1 1 1
ciInstanceKlass java/lang/InternalError 1 1 34 10 7 12 1 1 1 10 12 1 10 12 1 10 12 1 100 1 1 1 1 5 0 1 1 1 1 1 1 1 1 1 1 1
instanceKlass java/lang/StackOverflowError
instanceKlass java/lang/OutOfMemoryError
instanceKlass java/lang/InternalError
ciInstanceKlass java/lang/VirtualMachineError 1 1 34 10 7 12 1 1 1 10 12 1 10 12 1 10 12 1 100 1 1 1 1 5 0 1 1 1 1 1 1 1 1 1 1 1
ciInstanceKlass java/lang/NoClassDefFoundError 0 0 26 10 100 12 1 1 1 10 12 1 100 1 1 1 1 5 0 1 1 1 1 1 1 1 1 1
ciInstanceKlass java/lang/OutOfMemoryError 1 1 26 10 100 12 1 1 1 10 12 1 100 1 1 1 1 5 0 1 1 1 1 1 1 1 1 1
ciInstanceKlass java/lang/StackOverflowError 1 1 26 10 100 12 1 1 1 10 12 1 100 1 1 1 1 5 0 1 1 1 1 1 1 1 1 1
ciInstanceKlass java/lang/StackTraceElement 1 1 235 10 7 12 1 1 1 10 7 12 1 1 9 12 1 1 9 12 1 1 9 12 1 9 12 1 8 1 10 7 12 1 1 1 7 1 9 12 1 8 1 9 12 1 9 12 1 9 12 1 1 10 12 1 1 10 12 1 8 1 10 100 12 1 1 1 100 1 10 12 1 10 12 1 1 10 12 1 10 12 1 1 10 12 1 10 12 1 10 10 12 1 8 1 10 12 1 10 12 1 1 10 12 1 1 10 12 1 10 12 1 10 12 1 9 12 1 1 10 100 12 1 1 1 10 12 1 1 100 1 10 12 1 1 10 100 12 1 1 10 100 12 1 1 1 10 100 12 1 1 10 100 12 1 1 10 10 12 1 1 10 12 1 1 10 12 1 1 10 12 1 100 1 1 1 1 1 1 1 3 1 3 1 1 5 0 1 1 1 1 1 1 1 1 1 1 1 1 1 1 1 1 1 1 1 1 1 1 1 1 1 1 1 1 1 100 1 100 1 1 1 1 1 1 1 100 1 1 1 1 1 1 1 1 1
instanceKlass java/util/concurrent/locks/AbstractQueuedLongSynchronizer
instanceKlass java/util/concurrent/locks/AbstractQueuedSynchronizer
ciInstanceKlass java/util/concurrent/locks/AbstractOwnableSynchronizer 1 1 32 10 7 12 1 1 1 9 7 12 1 1 1 100 1 1 1 1 5 0 1 1 1 1 1 1 1 1 1 1 1 1
ciInstanceKlass jdk/internal/vm/Continuation 1 1 551 9 7 12 1 1 1 9 12 1 9 12 1 9 12 1 100 1 100 1 10 12 1 1 8 1 10 12 1 1 10 12 1 10 12 1 1 10 12 1 9 7 12 1 1 1 11 100 12 1 1 1 10 100 1 9 12 1 1 9 12 1 1 10 8 1 10 12 1 9 12 1 1 10 11 12 1 1 100 1 10 100 12 1 1 1 10 12 1 1 10 12 1 10 12 1 1 11 12 1 1 9 12 1 1 10 12 1 1 18 12 1 1 10 100 12 1 1 1 100 1 10 12 1 11 100 12 1 1 1 10 12 1 9 12 1 10 12 1 1 100 1 8 1 10 12 1 10 12 1 1 9 12 1 1 11 12 1 1 9 12 1 1 8 1 10 11 12 1 1 11 12 1 1 10 12 1 1 10 12 1 1 9 12 1 10 12 1 10 10 12 1 8 1 10 12 1 8 1 8 1 10 7 12 1 1 1 10 100 12 1 1 1 10 12 1 9 12 1 11 12 1 100 1 10 12 1 10 12 1 1 9 12 1 1 100 1 10 12 1 1 9 12 1 1 10 12 1 10 12 1 11 100 12 1 1 10 7 1 10 12 1 8 1 10 12 1 1 9 12 1 1 10 7 12 1 1 8 1 8 1 8 1 8 1 10 12 1 1 10 12 1 10 12 1 10 12 1 10 12 1 1 10 12 1 1 8 1 9 12 1 10 12 1 1 9 12 1 1 10 12 1 1 9 12 1 8 1 10 100 12 1 1 1 10 12 1 8 1 100 1 8 1 10 9 12 1 1 8 1 10 100 12 1 1 10 100 12 1 1 8 1 8 1 10 12 10 12 1 1 10 100 1 10 100 12 1 1 1 18 11 100 12 1 1 1 18 12 1 11 12 1 1 100 1 10 7 12 1 1 10 12 1 1 8 10 12 1 1 10 7 12 1 1 1 10 7 12 1 1 10 12 1 8 1 10 12 1 100 1 100 1 10 12 1 1 1 1 1 1 1 1 1 1 1 1 1 1 1 1 1 1 1 1 1 1 1 1 1 1 1 1 1 1 1 1 1 1 1 1 1 1 1 1 1 1 1 1 1 1 1 1 1 1 1 1 1 1 1 1 1 1 1 1 1 1 1 1 1 1 1 1 1 1 1 1 1 1 1 1 100 1 1 16 1 15 10 12 16 15 11 100 12 1 1 1 16 1 16 1 15 10 12 16 15 10 100 12 1 1 1 1 1 1 1 1 100 1 100 1 1
staticfield jdk/internal/vm/Continuation U Ljdk/internal/misc/Unsafe; jdk/internal/misc/Unsafe
staticfield jdk/internal/vm/Continuation MOUNTED_OFFSET J 13
staticfield jdk/internal/vm/Continuation PRESERVE_SCOPED_VALUE_CACHE Z 1
staticfield jdk/internal/vm/Continuation JLA Ljdk/internal/access/JavaLangAccess; java/lang/System$1
staticfield jdk/internal/vm/Continuation $assertionsDisabled Z 1
ciInstanceKlass jdk/internal/misc/UnsafeConstants 1 1 34 10 100 12 1 1 1 9 7 12 1 1 1 9 12 1 9 12 1 1 9 12 1 9 12 1 1 1 1 1 1 1 1 1
staticfield jdk/internal/misc/UnsafeConstants ADDRESS_SIZE0 I 8
staticfield jdk/internal/misc/UnsafeConstants PAGE_SIZE I 4096
staticfield jdk/internal/misc/UnsafeConstants BIG_ENDIAN Z 0
staticfield jdk/internal/misc/UnsafeConstants UNALIGNED_ACCESS Z 1
staticfield jdk/internal/misc/UnsafeConstants DATA_CACHE_LINE_FLUSH_SIZE I 0
ciInstanceKlass java/lang/invoke/MethodHandleImpl 1 1 1424 10 7 12 1 1 1 7 1 10 7 12 1 1 1 10 7 12 1 1 1 100 1 10 8 1 10 12 1 1 10 12 1 10 12 1 1 10 7 12 1 1 1 9 7 12 1 1 1 10 100 12 1 1 1 100 1 10 12 1 1 10 12 1 1 10 12 1 1 10 7 12 1 1 1 9 7 12 1 1 1 10 7 12 1 1 1 100 1 10 9 12 1 1 9 12 1 10 12 1 1 10 12 1 10 12 1 1 10 12 1 1 10 12 1 1 8 1 8 1 10 12 1 1 10 12 1 1 10 12 1 1 10 12 1 1 10 12 1 10 12 1 1 10 7 12 1 1 1 10 12 1 7 1 10 7 12 1 1 1 10 12 1 1 10 12 1 1 11 7 12 1 1 1 11 7 12 1 1 11 12 1 1 7 1 11 12 1 10 12 1 1 10 12 1 1 11 12 1 10 7 12 1 1 10 12 1 1 10 7 12 1 1 10 12 1 10 12 1 1 10 7 12 1 1 1 10 7 12 1 1 1 10 12 1 1 10 12 1 1 9 7 12 1 1 1 10 10 12 1 1 10 12 1 1 10 10 12 1 1 10 12 1 1 10 7 12 1 1 1 10 12 1 1 10 12 1 10 12 1 10 7 12 1 1 1 10 7 12 1 1 1 10 12 1 1 10 12 1 10 12 1 10 12 1 10 12 1 1 10 12 1 10 12 1 1 10 12 1 10 12 1 8 1 100 1 10 12 1 10 12 1 1 10 12 1 10 12 1 1 10 12 1 1 7 1 10 12 1 100 1 8 1 10 12 1 10 7 12 1 1 1 8 1 10 12 1 10 7 12 1 1 1 100 1 9 7 1 10 12 1 1 10 12 1 1 9 12 1 10 12 1 1 10 7 12 1 1 10 12 1 1 10 12 1 1 10 12 1 10 12 1 7 1 10 12 1 1 9 12 1 1 10 12 1 9 7 12 1 1 1 11 7 12 1 1 7 1 9 12 1 7 1 10 12 1 10 12 1 1 7 1 10 12 1 1 10 12 1 1 10 7 12 1 1 1 10 12 1 1 10 12 1 10 12 1 1 10 12 1 10 12 1 1 10 12 1 7 1 9 7 12 1 1 1 10 12 1 10 12 1 9 7 12 1 1 1 10 12 1 1 10 12 1 1 10 12 1 10 7 12 1 1 10 100 12 1 1 1 9 12 1 10 12 1 9 12 10 12 1 10 12 1 10 12 1 10 12 1 1 10 12 1 10 12 1 1 10 12 1 10 12 1 1 10 12 1 1 10 12 1 1 10 12 1 10 12 1 10 12 1 1 10 12 1 10 7 12 1 1 10 12 1 10 100 12 1 1 8 1 10 8 1 100 1 10 9 12 1 100 1 10 12 1 8 1 10 10 12 1 10 10 12 1 1 10 12 1 1 10 12 1 10 12 1 100 1 8 1 10 12 1 10 100 12 1 1 1 10 12 1 1 10 12 1 10 12 1 7 1 10 12 1 10 12 1 10 12 1 1 7 1 10 12 1 10 7 12 1 1 10 12 1 9 12 1 10 12 1 1 10 12 1 1 100 1 10 10 12 1 8 1 8 1 9 12 1 8 1 8 1 8 1 9 12 1 10 12 1 1 9 12 1 1 10 12 1 8 1 9 7 1 10 12 1 1 10 12 1 8 1 8 1 8 1 100 1 100 1 8 8 1 8 1 100 1 8 1 100 1 10 12 1 7 1 10 10 7 12 1 1 1 10 12 1 10 12 10 12 1 10 12 1 11 100 12 1 1 1 18 12 1 11 100 12 1 1 1 18 18 12 1 11 12 1 1 10 12 1 1 10 12 1 10 12 1 11 12 1 9 12 1 9 12 10 10 12 1 1 9 12 1 1 11 12 1 1 18 12 1 1 11 12 1 1 11 12 1 1 10 12 1 11 100 1 10 12 1 10 12 1 10 12 1 9 12 1 9 12 10 12 1 10 7 12 1 1 1 10 12 1 10 12 1 1 10 12 1 10 12 9 12 1 1 10 12 1 10 12 1 1 9 12 1 9 12 1 10 12 1 10 12 1 1 10 12 1 100 1 10 12 1 9 12 1 1 11 100 1 9 12 1 9 12 11 12 1 9 12 1 10 12 10 12 1 1 10 12 1 1 9 7 12 1 1 10 12 1 10 12 1 10 12 1 1 100 1 10 12 1 10 12 1 1 100 1 10 12 1 1 10 12 1 1 100 1 10 12 1 1 10 12 1 1 10 12 1 10 12 1 10 12 1 9 12 1 10 12 1 10 12 1 1 9 7 12 1 1 1 8 10 12 1 1 8 1 10 12 1 8 1 8 1 8 1 8 1 8 1 8 1 100 1 8 1 8 1 10 12 1 9 12 1 10 12 1 1 1 1 1 3 1 1 3 1 3 1 3 1 3 1 3 1 3 1 3 1 3 1 1 1 1 1 1 1 1 1 3 1 3 1 1 1 1 1 1 1 1 1 1 1 1 1 1 1 1 1 1 1 1 1 1 1 1 1 1 1 1 1 1 1 1 1 1 1 1 1 1 1 1 1 1 1 1 1 1 1 1 1 1 1 1 1 1 1 1 1 1 1 1 1 1 1 1 1 1 1 1 1 1 1 1 1 1 1 1 1 1 1 1 1 1 1 1 1 1 1 1 1 1 1 1 1 1 1 1 1 1 1 1 1 1 1 100 1 1 1 1 1 1 1 1 1 1 1 1 1 1 1 1 1 1 1 1 1 1 1 1 1 1 1 1 1 1 1 1 1 1 1 1 1 1 1 1 1 1 1 1 1 1 1 1 1 1 1 1 1 1 1 1 1 1 1 1 1 1 1 1 1 1 1 1 1 1 1 1 1 1 1 1 1 1 1 1 1 1 1 1 1 1 1 1 1 1 1 1 1 1 1 1 1 1 1 1 1 1 1 1 1 1 1 1 1 1 1 1 1 1 1 1 1 1 1 1 1 1 1 1 1 1 1 1 1 1 1 1 1 1 1 1 1 1 1 1 1 1 1 1 1 1 1 1 1 1 1 1 1 1 1 1 1 1 1 1 1 1 1 1 1 1 1 1 1 100 1 100 1 100 1 100 1 100 1 100 1 100 1 1 16 15 10 12 16 15 16 16 1 15 10 12 16 16 15 10 12 16 15 10 100 12 1 1 1 1 1 1 1 1 1 1 1 1 1 1 1 1 1 1 1 1 1 1 1 1
staticfield java/lang/invoke/MethodHandleImpl ARRAYS [Ljava/lang/invoke/MethodHandle; 256 [Ljava/lang/invoke/MethodHandle;
staticfield java/lang/invoke/MethodHandleImpl NFS [Ljava/lang/invoke/LambdaForm$NamedFunction; 7 [Ljava/lang/invoke/LambdaForm$NamedFunction;
staticfield java/lang/invoke/MethodHandleImpl HANDLES [Ljava/lang/invoke/MethodHandle; 9 [Ljava/lang/invoke/MethodHandle;
staticfield java/lang/invoke/MethodHandleImpl $assertionsDisabled Z 1
instanceKlass java/lang/invoke/DelegatingMethodHandle
instanceKlass java/lang/invoke/BoundMethodHandle
instanceKlass java/lang/invoke/DirectMethodHandle
ciInstanceKlass java/lang/invoke/MethodHandle 1 1 734 100 1 9 7 12 1 1 1 10 7 12 1 1 1 10 7 12 1 1 1 7 1 7 1 10 12 1 1 9 12 1 1 10 12 1 10 12 1 1 10 12 1 1 10 7 12 1 1 1 10 12 1 1 10 12 1 1 11 100 12 1 1 1 10 12 1 1 10 12 1 10 12 1 9 12 1 1 9 12 1 1 10 100 12 1 1 1 10 12 1 10 12 1 1 10 12 1 10 12 1 100 1 100 1 10 8 1 10 12 1 1 10 12 1 8 1 10 12 1 1 10 12 1 10 7 12 1 1 1 10 12 1 1 10 12 1 1 10 12 1 1 10 7 12 1 1 1 10 12 1 1 10 12 1 1 10 12 1 10 12 1 1 10 100 12 1 1 10 7 12 1 1 10 12 1 10 12 1 10 12 1 1 10 12 1 1 10 12 1 1 10 12 1 1 10 7 12 1 1 1 10 7 12 1 1 1 10 12 1 1 10 12 1 1 10 12 1 1 8 1 10 7 12 1 1 1 8 1 10 12 1 10 12 1 1 10 12 1 1 10 12 1 8 1 10 12 1 1 8 1 10 12 1 8 1 10 100 12 1 1 1 9 12 1 1 100 1 10 9 100 12 1 1 1 9 100 1 8 1 10 12 1 1 10 12 1 10 12 1 1 10 12 1 10 12 1 1 10 12 1 10 12 1 1 10 12 1 10 12 1 1 10 12 1 1 8 1 10 12 1 1 8 1 10 12 1 10 12 1 1 10 12 1 10 12 1 10 12 1 1 9 100 12 1 1 1 10 12 1 1 11 12 1 10 12 1 10 12 1 1 10 100 12 1 1 100 1 11 12 1 10 100 1 11 12 1 100 1 10 12 1 11 12 1 9 100 12 1 1 1 11 12 1 1 11 100 12 1 1 1 10 12 1 1 9 12 1 11 12 1 9 12 1 9 12 1 9 12 1 11 12 1 1 9 12 1 9 12 1 9 12 1 9 12 1 9 12 1 9 12 1 9 12 1 8 1 10 12 1 10 12 1 8 1 10 12 1 10 12 1 10 12 1 1 10 10 10 7 12 1 1 10 12 1 1 100 1 100 1 8 1 8 1 10 10 12 1 1 10 12 1 10 12 1 100 1 10 100 12 1 1 1 10 9 7 12 1 1 1 10 12 1 1 10 12 1 1 8 1 8 1 10 100 12 1 1 9 12 1 9 12 1 1 9 12 1 1 10 12 1 7 1 10 12 1 10 12 1 1 9 12 1 1 9 12 1 1 10 7 12 1 1 1 11 7 12 1 1 9 12 1 10 12 1 1 9 12 1 10 12 1 8 10 12 1 1 8 1 1 1 1 1 1 1 1 100 1 1 1 1 1 1 1 1 1 1 1 1 1 1 1 1 1 1 1 1 1 1 1 1 1 1 1 1 1 1 1 1 100 1 1 1 1 1 1 1 1 1 1 1 1 1 1 1 1 1 1 1 1 1 1 1 1 1 1 1 1 1 1 1 1 1 1 1 1 1 1 1 1 1 1 1 1 1 1 1 1 1 1 1 1 1 1 1 1 1 1 1 1 1 1 1 1 1 1 1 1 1 1 1 1 1 1 1 1 1 1 1 1 1 1 1 1 1 1 100 1 1 100 1 100 1 100 1 1 100 1 1 100 1 1 1 1
staticfield java/lang/invoke/MethodHandle FORM_OFFSET J 20
staticfield java/lang/invoke/MethodHandle UPDATE_OFFSET J 13
staticfield java/lang/invoke/MethodHandle $assertionsDisabled Z 1
ciInstanceKlass java/lang/invoke/MethodType 1 1 724 7 1 10 7 12 1 1 1 9 12 1 1 9 12 1 1 9 12 1 1 10 7 12 1 1 1 9 7 12 1 1 8 1 10 100 12 1 1 1 9 7 1 9 7 1 10 12 1 1 100 1 10 8 1 10 12 1 1 10 12 1 10 12 1 1 100 1 8 1 10 12 1 100 1 10 10 12 1 10 12 1 1 10 12 1 1 11 7 12 1 1 1 9 12 1 11 12 1 1 7 10 12 1 1 10 12 1 1 7 1 7 1 10 7 12 1 1 1 10 12 1 10 12 1 9 12 1 1 10 7 12 1 1 10 12 1 1 10 7 12 1 1 1 10 7 12 1 1 1 10 12 1 9 12 1 1 10 12 1 1 10 12 1 1 10 12 1 1 10 12 1 1 10 12 1 1 10 12 1 10 12 1 10 12 1 1 10 12 1 8 1 8 1 10 12 1 1 9 12 1 1 100 1 10 10 12 1 1 10 12 1 10 12 1 1 10 12 1 1 10 12 1 10 12 1 10 12 1 8 1 10 12 1 1 10 100 12 1 1 1 10 12 1 10 12 1 1 10 12 1 10 12 1 10 12 1 1 10 12 1 10 12 1 9 12 1 10 12 1 10 10 12 1 1 10 12 1 9 12 1 1 10 12 1 1 11 12 1 1 10 12 1 1 10 12 1 10 12 1 100 1 8 1 8 1 8 1 10 12 1 10 12 1 10 12 1 1 10 10 12 1 11 12 1 1 11 12 1 10 100 12 1 1 1 9 12 1 10 12 1 10 12 1 1 10 12 1 1 10 12 1 10 12 1 10 100 12 1 1 1 10 12 1 1 10 12 1 10 12 1 10 12 1 10 9 12 1 1 7 1 10 12 1 10 100 12 1 1 1 10 12 1 1 10 100 12 1 1 1 10 12 1 1 8 1 10 7 12 1 1 1 11 12 1 1 9 12 1 1 10 12 1 1 10 12 1 10 12 1 1 10 12 1 1 10 100 12 1 1 10 12 1 10 12 100 1 11 100 12 1 1 10 12 1 11 12 1 10 100 12 1 1 10 12 1 1 10 12 1 1 9 12 1 1 9 100 12 1 1 1 10 100 12 1 1 1 9 12 1 10 100 12 1 1 10 12 1 100 10 12 1 10 12 1 1 10 12 1 7 1 10 10 12 1 1 7 1 7 1 9 12 1 1 100 1 100 1 100 1 1 1 5 0 1 1 1 1 1 1 1 3 1 3 1 3 1 1 1 1 1 1 1 1 1 1 1 1 1 1 1 1 1 1 1 1 1 1 1 1 1 1 1 1 1 1 1 1 1 1 1 1 1 1 1 1 1 1 1 1 1 1 1 1 1 1 1 1 1 1 1 1 1 1 1 1 1 1 1 1 1 1 1 1 1 1 1 1 1 1 1 1 1 1 1 1 1 1 1 1 1 1 1 1 1 1 1 1 1 1 1 1 1 1 1 1 1 1 1 1 1 1 1 1 1 1 1 1 1 1 1 1 1 1 1 1 1 1 1 1 1 1 1 1 100 1 100 1 1 1 1 1 1 1 1 1 1 1 1 1 100 1 1 1 1 100 1 1 1 100 1 1 1 1 1 1 1 1 1 1 1 1 1 1 1 1 1 1 100 1 1 100 1 1
staticfield java/lang/invoke/MethodType internTable Ljdk/internal/util/ReferencedKeySet; jdk/internal/util/ReferencedKeySet
staticfield java/lang/invoke/MethodType NO_PTYPES [Ljava/lang/Class; 0 [Ljava/lang/Class;
staticfield java/lang/invoke/MethodType objectOnlyTypes [Ljava/lang/invoke/MethodType; 20 [Ljava/lang/invoke/MethodType;
staticfield java/lang/invoke/MethodType METHOD_HANDLE_ARRAY [Ljava/lang/Class; 1 [Ljava/lang/Class;
staticfield java/lang/invoke/MethodType serialPersistentFields [Ljava/io/ObjectStreamField; 0 [Ljava/io/ObjectStreamField;
staticfield java/lang/invoke/MethodType $assertionsDisabled Z 1
ciInstanceKlass java/lang/invoke/TypeDescriptor$OfMethod 1 0 43 100 1 100 1 100 1 1 1 1 1 1 1 1 1 1 1 1 1 1 1 1 1 1 1 1 1 1 1 1 1 1 1 1 1 1 1 1 1 1 100 1 1
instanceKlass sun/security/ssl/Finished$VerifyDataScheme
instanceKlass sun/security/ssl/SSLTrafficKeyDerivation
instanceKlass sun/security/ssl/SSLMasterKeyDerivation
instanceKlass sun/security/validator/CADistrustPolicy
instanceKlass sun/security/ssl/X509Authentication
instanceKlass sun/security/ssl/ContentType
instanceKlass sun/security/ssl/SSLKeyExchange$T12KeyAgreement
instanceKlass sun/security/ssl/PskKeyExchangeModesExtension$PskKeyExchangeMode
instanceKlass sun/security/ssl/ECPointFormatsExtension$ECPointFormat
instanceKlass sun/security/ssl/CertStatusExtension$CertStatusRequestType
instanceKlass sun/security/ssl/SSLExtension
instanceKlass org/apache/http/conn/routing/RouteInfo$LayerType
instanceKlass org/apache/http/conn/routing/RouteInfo$TunnelType
instanceKlass org/apache/http/auth/AuthProtocolState
instanceKlass org/apache/http/impl/cookie/BrowserCompatSpecFactory$SecurityLevel
instanceKlass org/apache/http/client/utils/URIUtils$UriFlag
instanceKlass io/restassured/internal/http/ContentEncoding$Type
instanceKlass io/restassured/internal/http/Status
instanceKlass java/nio/file/FileVisitResult
instanceKlass java/nio/file/FileTreeWalker$EventType
instanceKlass jdk/nio/zipfs/ZipFileSystem$ZipAccessMode
instanceKlass java/nio/file/FileVisitOption
instanceKlass com/fasterxml/jackson/databind/cfg/ConstructorDetector$SingleArgConstructor
instanceKlass com/fasterxml/jackson/databind/AnnotationIntrospector$ReferenceProperty$Type
instanceKlass com/fasterxml/jackson/core/json/JsonWriteFeature
instanceKlass com/fasterxml/jackson/core/StreamWriteCapability
instanceKlass com/fasterxml/jackson/core/format/MatchStrength
instanceKlass com/fasterxml/jackson/databind/annotation/JsonSerialize$Typing
instanceKlass com/fasterxml/jackson/annotation/JsonCreator$Mode
instanceKlass com/fasterxml/jackson/annotation/JsonTypeInfo$Id
instanceKlass com/fasterxml/jackson/databind/jsontype/PolymorphicTypeValidator$Validity
instanceKlass com/fasterxml/jackson/databind/node/JsonNodeType
instanceKlass com/fasterxml/jackson/databind/JsonNode$OverwriteMode
instanceKlass com/fasterxml/jackson/annotation/PropertyAccessor
instanceKlass com/fasterxml/jackson/annotation/JsonTypeInfo$As
instanceKlass com/fasterxml/jackson/databind/ObjectMapper$DefaultTyping
instanceKlass com/fasterxml/jackson/core/StreamWriteFeature
instanceKlass com/fasterxml/jackson/core/JsonParser$NumberTypeFP
instanceKlass com/fasterxml/jackson/core/JsonToken
instanceKlass com/fasterxml/jackson/core/StreamReadFeature
instanceKlass com/fasterxml/jackson/core/JsonParser$NumberType
instanceKlass com/fasterxml/jackson/databind/DeserializationFeature
instanceKlass com/fasterxml/jackson/databind/cfg/JsonNodeFeature
instanceKlass com/fasterxml/jackson/databind/cfg/EnumFeature
instanceKlass com/fasterxml/jackson/databind/SerializationFeature
instanceKlass com/fasterxml/jackson/core/util/Separators$Spacing
instanceKlass com/fasterxml/jackson/databind/MapperFeature
instanceKlass com/fasterxml/jackson/annotation/JsonFormat$Shape
instanceKlass com/fasterxml/jackson/databind/cfg/CoercionInputShape
instanceKlass com/fasterxml/jackson/databind/cfg/CoercionAction
instanceKlass com/fasterxml/jackson/databind/type/LogicalType
instanceKlass com/fasterxml/jackson/annotation/JsonAutoDetect$Visibility
instanceKlass com/fasterxml/jackson/annotation/Nulls
instanceKlass com/fasterxml/jackson/core/JsonGenerator$Feature
instanceKlass com/fasterxml/jackson/core/JsonParser$Feature
instanceKlass com/fasterxml/jackson/core/JsonFactory$Feature
instanceKlass com/fasterxml/jackson/core/Base64Variant$PaddingReadBehaviour
instanceKlass com/fasterxml/jackson/databind/util/internal/PrivateMaxEntriesMap$DrainStatus
instanceKlass com/fasterxml/jackson/annotation/OptBoolean
instanceKlass com/fasterxml/jackson/annotation/JsonProperty$Access
instanceKlass com/fasterxml/jackson/annotation/JsonInclude$Include
instanceKlass com/fasterxml/jackson/core/JsonEncoding
instanceKlass io/restassured/authentication/OAuthSignature
instanceKlass io/restassured/internal/RequestSpecificationImpl$EncodingTarget
instanceKlass org/apache/groovy/util/concurrent/ConcurrentReferenceHashMap$ReferenceType
instanceKlass org/apache/groovy/util/concurrent/ConcurrentReferenceHashMap$Option
instanceKlass io/restassured/config/CsrfConfig$CsrfPrioritization
instanceKlass io/restassured/path/xml/XmlPath$CompatibilityMode
instanceKlass io/restassured/filter/log/LogDetail
instanceKlass io/restassured/parsing/Parser
instanceKlass io/restassured/http/Method
instanceKlass io/restassured/mapper/ObjectMapperType
instanceKlass io/restassured/config/ParamConfig$UpdateStrategy
instanceKlass io/restassured/config/MatcherConfig$ErrorDescriptionType
instanceKlass io/restassured/path/json/config/JsonPathConfig$NumberReturnType
instanceKlass io/restassured/config/DecoderConfig$ContentDecoder
instanceKlass io/restassured/http/ContentType
instanceKlass org/apache/http/entity/mime/HttpMultipartMode
instanceKlass com/sun/beans/introspect/PropertyInfo$Name
instanceKlass com/sun/beans/util/Cache$Kind
instanceKlass java/util/concurrent/Future$State
instanceKlass groovy/io/FileType
instanceKlass org/codehaus/groovy/util/ReferenceType
instanceKlass java/text/Normalizer$Form
instanceKlass jdk/internal/icu/util/CodePointTrie$Type
instanceKlass jdk/internal/icu/util/CodePointTrie$ValueWidth
instanceKlass org/yaml/snakeyaml/tokens/Token$ID
instanceKlass org/yaml/snakeyaml/events/Event$ID
instanceKlass org/yaml/snakeyaml/DumperOptions$LineBreak
instanceKlass org/yaml/snakeyaml/DumperOptions$ScalarStyle
instanceKlass org/yaml/snakeyaml/DumperOptions$FlowStyle
instanceKlass org/yaml/snakeyaml/introspector/BeanAccess
instanceKlass org/yaml/snakeyaml/nodes/NodeId
instanceKlass io/qameta/allure/SeverityLevel
instanceKlass io/qameta/allure/internal/shadowed/jackson/annotation/JsonFormat$Feature
instanceKlass io/qameta/allure/internal/shadowed/jackson/annotation/JsonCreator$Mode
instanceKlass io/qameta/allure/internal/shadowed/jackson/annotation/JsonProperty$Access
instanceKlass io/qameta/allure/internal/shadowed/jackson/databind/cfg/ConstructorDetector$SingleArgConstructor
instanceKlass io/qameta/allure/internal/shadowed/jackson/databind/AnnotationIntrospector$ReferenceProperty$Type
instanceKlass io/qameta/allure/internal/shadowed/jackson/annotation/PropertyAccessor
instanceKlass java/lang/annotation/ElementType
instanceKlass io/qameta/allure/internal/shadowed/jackson/core/json/JsonWriteFeature
instanceKlass io/qameta/allure/internal/shadowed/jackson/core/StreamWriteCapability
instanceKlass io/qameta/allure/internal/shadowed/jackson/core/JsonEncoding
instanceKlass java/lang/StackStreamFactory$WalkerState
instanceKlass java/lang/StackWalker$ExtendedOption
instanceKlass jdk/internal/net/http/websocket/TransportImpl$ChannelState
instanceKlass jdk/internal/net/http/websocket/WebSocketImpl$State
instanceKlass org/openqa/selenium/Proxy$ProxyType
instanceKlass java/net/Authenticator$RequestorType
instanceKlass jdk/internal/net/http/PlainHttpConnection$ConnectState
instanceKlass jdk/internal/net/http/Http1HeaderParser$State
instanceKlass jdk/internal/net/http/Http1Response$State
instanceKlass jdk/internal/net/http/Http1Exchange$State
instanceKlass org/openqa/selenium/remote/http/HttpHeader
instanceKlass org/openqa/selenium/json/JsonInput$Container
instanceKlass org/openqa/selenium/json/JsonType
instanceKlass org/openqa/selenium/json/PropertySetting
instanceKlass org/openqa/selenium/remote/Dialect
instanceKlass org/openqa/selenium/logging/profiler/EventType
instanceKlass sun/net/www/protocol/http/HttpURLConnection$TunnelState
instanceKlass org/openqa/selenium/remote/service/DriverService$StartOrDie
instanceKlass org/openqa/selenium/remote/RemoteWebDriver$When
instanceKlass org/openqa/selenium/remote/ElementLocation$ElementFinder
instanceKlass sun/security/ssl/SignatureScheme$SigAlgParamSpec
instanceKlass sun/security/ssl/SignatureScheme
instanceKlass sun/security/ssl/ClientAuthType
instanceKlass sun/security/ssl/SSLHandshake
instanceKlass java/net/http/HttpClient$Version
instanceKlass java/lang/invoke/MethodHandleImpl$ArrayAccess
instanceKlass java/net/http/HttpClient$Redirect
instanceKlass org/openqa/selenium/remote/http/HttpMethod
instanceKlass org/openqa/selenium/Platform
instanceKlass org/apache/hc/core5/io/CloseMode
instanceKlass java/util/Comparators$NaturalOrderComparator
instanceKlass java/time/format/TextStyle
instanceKlass java/time/format/ResolverStyle
instanceKlass java/time/format/SignStyle
instanceKlass java/time/format/DateTimeFormatterBuilder$SettingsParser
instanceKlass java/time/temporal/JulianFields$Field
instanceKlass java/time/temporal/IsoFields$Unit
instanceKlass java/time/temporal/IsoFields$Field
instanceKlass java/time/zone/ZoneOffsetTransitionRule$TimeDefinition
instanceKlass java/time/DayOfWeek
instanceKlass java/time/Month
instanceKlass io/github/bonigarcia/wdm/config/DriverManagerType
instanceKlass org/apache/hc/client5/http/impl/cookie/RFC6265CookieSpecFactory$CompatibilityLevel
instanceKlass org/apache/hc/client5/http/psl/DomainType
instanceKlass org/apache/hc/client5/http/impl/ChainElement
instanceKlass org/apache/hc/core5/pool/PoolReusePolicy
instanceKlass org/apache/hc/core5/pool/PoolConcurrencyPolicy
instanceKlass org/apache/hc/core5/http/URIScheme
instanceKlass org/apache/hc/client5/http/ssl/HostnameVerificationPolicy
instanceKlass org/apache/hc/core5/reactor/ssl/SSLBufferMode
instanceKlass sun/security/ssl/NamedGroup
instanceKlass sun/security/ssl/NamedGroup$NamedGroupSpec
instanceKlass sun/security/ssl/CipherSuite$KeyExchange
instanceKlass sun/security/ssl/CipherSuite$MacAlg
instanceKlass sun/security/ssl/CipherSuite$HashAlg
instanceKlass java/lang/StackWalker$Option
instanceKlass sun/security/ssl/CipherType
instanceKlass sun/security/ssl/SSLCipher
instanceKlass sun/security/ssl/CipherSuite
instanceKlass sun/security/ssl/SSLScope
instanceKlass sun/security/util/DisabledAlgorithmConstraints$Constraint$Operator
instanceKlass sun/security/ssl/ProtocolVersion
instanceKlass java/security/CryptoPrimitive
instanceKlass sun/util/logging/PlatformLogger$Level
instanceKlass jdk/internal/logger/BootstrapLogger$LoggingBackend
instanceKlass java/lang/System$Logger$Level
instanceKlass java/lang/invoke/MethodHandles$Lookup$ClassOption
instanceKlass sun/security/rsa/RSAUtil$KeyType
instanceKlass io/github/bonigarcia/wdm/config/OperatingSystem
instanceKlass org/apache/commons/lang3/JavaVersion
instanceKlass io/github/bonigarcia/wdm/config/Architecture
instanceKlass java/nio/file/AccessMode
instanceKlass io/qameta/allure/testng/AllureTestNg$CurrentStage
instanceKlass org/testng/internal/invokers/InvokedMethodListenerMethod
instanceKlass org/testng/internal/reflect/InjectableParameter
instanceKlass org/testng/internal/invokers/ParameterHolder$ParameterOrigin
instanceKlass java/time/temporal/ChronoField
instanceKlass java/time/temporal/ChronoUnit
instanceKlass org/testng/internal/TestNGMethodFinder$MethodType
instanceKlass java/util/stream/MatchOps$MatchKind
instanceKlass org/testng/internal/MethodSorting
instanceKlass io/qameta/allure/model/Parameter$Mode
instanceKlass io/qameta/allure/model/Stage
instanceKlass io/qameta/allure/model/Status
instanceKlass io/qameta/allure/internal/shadowed/jackson/core/JsonParser$NumberType
instanceKlass io/qameta/allure/internal/shadowed/jackson/databind/DeserializationFeature
instanceKlass io/qameta/allure/internal/shadowed/jackson/databind/cfg/JsonNodeFeature
instanceKlass io/qameta/allure/internal/shadowed/jackson/databind/cfg/EnumFeature
instanceKlass io/qameta/allure/internal/shadowed/jackson/databind/SerializationFeature
instanceKlass io/qameta/allure/internal/shadowed/jackson/core/util/Separators$Spacing
instanceKlass io/qameta/allure/internal/shadowed/jackson/databind/MapperFeature
instanceKlass io/qameta/allure/internal/shadowed/jackson/annotation/JsonFormat$Shape
instanceKlass io/qameta/allure/internal/shadowed/jackson/databind/cfg/CoercionInputShape
instanceKlass io/qameta/allure/internal/shadowed/jackson/databind/cfg/CoercionAction
instanceKlass io/qameta/allure/internal/shadowed/jackson/databind/type/LogicalType
instanceKlass io/qameta/allure/internal/shadowed/jackson/annotation/JsonAutoDetect$Visibility
instanceKlass io/qameta/allure/internal/shadowed/jackson/annotation/Nulls
instanceKlass io/qameta/allure/internal/shadowed/jackson/annotation/JsonInclude$Include
instanceKlass io/qameta/allure/internal/shadowed/jackson/core/JsonGenerator$Feature
instanceKlass io/qameta/allure/internal/shadowed/jackson/core/JsonParser$Feature
instanceKlass io/qameta/allure/internal/shadowed/jackson/core/JsonFactory$Feature
instanceKlass io/qameta/allure/internal/shadowed/jackson/core/Base64Variant$PaddingReadBehaviour
instanceKlass java/math/RoundingMode
instanceKlass sun/util/locale/provider/LocaleProviderAdapter$Type
instanceKlass java/util/regex/Pattern$Qtype
instanceKlass io/qameta/allure/internal/shadowed/jackson/databind/util/internal/PrivateMaxEntriesMap$DrainStatus
instanceKlass java/security/DrbgParameters$Capability
instanceKlass sun/security/util/KnownOIDs
instanceKlass org/testng/xml/TestNGContentHandler$Location
instanceKlass com/sun/org/apache/xerces/internal/impl/XMLScanner$NameType
instanceKlass com/sun/org/apache/xerces/internal/util/Status
instanceKlass javax/xml/catalog/CatalogFeatures$State
instanceKlass javax/xml/catalog/CatalogFeatures$Feature
instanceKlass jdk/xml/internal/JdkProperty$ImplPropMap
instanceKlass jdk/xml/internal/JdkXmlFeatures$XmlFeature
instanceKlass jdk/xml/internal/XMLSecurityPropertyManager$Property
instanceKlass jdk/xml/internal/FeaturePropertyBase$State
instanceKlass jdk/xml/internal/XMLSecurityManager$Processor
instanceKlass jdk/xml/internal/XMLSecurityManager$Limit
instanceKlass jdk/xml/internal/JdkProperty$State
instanceKlass java/util/Locale$Category
instanceKlass java/lang/classfile/attribute/StackMapFrameInfo$SimpleVerificationTypeInfo
instanceKlass java/lang/reflect/ProxyGenerator$PrimitiveTypeInfo
instanceKlass java/lang/classfile/ClassFile$StackMapsOption
instanceKlass java/lang/annotation/RetentionPolicy
instanceKlass org/testng/xml/XmlSuite$FailurePolicy
instanceKlass org/testng/xml/XmlSuite$ParallelMode
instanceKlass org/slf4j/helpers/Reporter$Level
instanceKlass org/slf4j/helpers/Reporter$TargetChoice
instanceKlass java/net/Proxy$Type
instanceKlass java/net/StandardProtocolFamily
instanceKlass jdk/internal/util/OperatingSystem
instanceKlass java/security/Security$SecPropLoader$LoadingMode
instanceKlass java/nio/file/LinkOption
instanceKlass sun/nio/fs/WindowsPathType
instanceKlass java/nio/file/StandardOpenOption
instanceKlass java/util/concurrent/TimeUnit
instanceKlass jdk/internal/vm/Continuation$Pinned
instanceKlass java/util/stream/Collector$Characteristics
instanceKlass java/util/stream/StreamShape
instanceKlass java/lang/classfile/Opcode$Kind
instanceKlass java/lang/classfile/Opcode
instanceKlass java/lang/invoke/VarHandle$AccessType
instanceKlass java/lang/invoke/VarHandle$AccessMode
instanceKlass java/lang/invoke/MethodHandleImpl$Intrinsic
instanceKlass java/lang/classfile/AttributeMapper$AttributeStability
instanceKlass jdk/internal/classfile/impl/AbstractPoolEntry$Utf8EntryImpl$State
instanceKlass java/lang/classfile/TypeKind
instanceKlass java/lang/invoke/LambdaForm$BasicType
instanceKlass java/lang/invoke/LambdaForm$Kind
instanceKlass java/lang/constant/DirectMethodHandleDesc$Kind
instanceKlass sun/invoke/util/Wrapper
instanceKlass java/util/stream/StreamOpFlag$Type
instanceKlass java/util/stream/StreamOpFlag
instanceKlass java/lang/reflect/AccessFlag$Location
instanceKlass java/lang/reflect/AccessFlag
instanceKlass java/lang/module/ModuleDescriptor$Modifier
instanceKlass java/io/File$PathStatus
instanceKlass jdk/internal/module/ModuleBootstrap$IllegalNativeAccess
instanceKlass java/lang/reflect/ClassFileFormatVersion
instanceKlass java/lang/Thread$State
instanceKlass java/lang/module/ModuleDescriptor$Requires$Modifier
ciInstanceKlass java/lang/Enum 1 1 204 9 7 12 1 1 1 9 12 1 1 10 7 12 1 1 1 9 12 1 10 7 12 1 1 1 7 1 10 10 12 1 1 10 12 1 100 1 10 10 7 12 1 1 10 12 1 1 18 12 1 1 10 100 12 1 1 1 10 12 1 1 11 7 12 1 1 1 100 1 8 1 10 12 1 100 1 100 1 10 8 1 10 12 1 1 10 12 1 1 8 1 10 12 1 10 100 1 8 1 10 10 12 1 1 10 7 12 1 1 1 100 1 100 1 100 1 1 1 1 1 1 1 1 1 1 1 1 1 1 1 1 1 1 1 1 1 1 1 1 1 1 1 1 1 1 1 1 1 1 1 1 1 1 1 1 1 1 1 1 1 1 1 3 1 1 1 1 7 1 7 1 1 7 1 1 1 1 1 1 1 1 1 1 1 16 15 10 12 16 15 10 100 12 1 1 1 1 1 100 1 100 1 1
ciInstanceKlass java/lang/invoke/LambdaForm 1 1 1030 7 1 100 1 10 7 12 1 1 1 9 12 1 1 9 12 1 9 12 1 9 12 1 1 9 12 1 1 9 12 1 1 9 12 1 1 9 12 1 1 9 12 1 10 7 12 1 1 9 12 1 10 12 1 1 100 1 10 10 12 1 1 10 12 1 10 12 1 10 12 1 1 10 12 1 9 12 1 9 12 1 10 12 1 1 9 7 12 1 1 1 9 7 12 1 1 9 12 1 1 10 12 1 9 12 1 10 100 12 1 1 1 10 12 1 1 100 1 10 12 1 1 9 7 12 1 1 1 10 100 12 1 1 1 10 12 1 10 12 1 1 7 1 10 12 1 10 12 1 10 12 1 1 10 12 1 1 10 12 1 10 12 1 10 12 1 10 12 1 10 12 1 1 8 1 10 12 1 10 12 1 10 10 12 1 8 1 8 1 9 12 1 9 12 1 1 10 12 1 1 9 12 1 1 10 7 12 1 1 1 10 12 1 1 10 12 1 10 12 1 1 10 12 1 7 1 10 12 1 10 100 12 1 1 1 9 12 1 10 12 1 8 1 8 1 8 1 8 1 8 1 8 1 8 1 8 1 10 12 1 9 12 1 7 1 10 12 1 1 9 12 1 1 10 12 1 1 10 12 1 1 10 12 10 12 1 10 12 1 1 10 12 1 1 10 12 1 1 10 10 12 1 1 10 12 1 1 7 1 8 1 10 12 1 1 10 12 1 10 12 1 1 10 8 1 10 12 1 1 8 1 8 1 8 1 10 12 1 10 12 1 10 12 1 1 10 100 12 1 1 1 10 7 12 1 1 1 10 12 1 1 9 12 1 1 8 1 10 100 12 1 1 1 10 7 12 1 1 10 12 1 10 12 1 1 10 12 1 1 9 12 1 8 10 12 1 1 100 1 10 12 1 1 10 12 1 9 7 12 1 1 9 100 12 1 1 1 8 1 10 100 12 1 1 10 12 1 1 100 1 100 1 10 10 12 1 1 10 12 1 1 8 1 8 1 100 1 8 1 10 12 10 12 1 10 12 1 10 12 1 10 12 1 1 9 100 12 1 1 10 12 1 8 1 8 1 10 12 1 10 12 1 1 8 1 8 1 8 1 100 1 8 1 100 1 8 1 100 1 8 1 10 12 1 8 1 9 10 100 12 1 1 1 10 12 1 9 12 1 1 10 12 1 10 10 12 1 10 12 1 10 12 1 10 12 1 1 10 12 1 10 12 1 1 10 12 1 1 10 12 1 1 10 12 1 1 8 1 100 10 12 1 10 12 1 9 12 1 1 10 7 12 1 1 8 1 8 1 100 1 8 1 8 1 8 1 8 1 8 1 8 1 8 1 8 1 10 12 1 1 10 12 1 1 10 12 1 10 12 1 10 12 1 10 12 1 8 1 8 1 8 1 10 12 1 8 1 10 12 1 8 1 8 1 8 1 8 1 8 1 10 12 1 10 12 1 10 12 1 1 10 7 12 1 1 1 10 12 1 10 12 1 10 12 1 10 12 1 10 12 1 9 12 1 1 8 1 10 12 1 1 9 12 1 9 12 1 1 10 12 1 1 9 12 1 1 9 12 1 10 12 1 1 9 12 1 1 7 1 10 7 12 1 1 1 9 7 12 1 1 1 10 7 12 1 1 1 10 12 1 1 10 12 1 1 10 12 1 9 12 1 10 12 1 9 12 1 10 12 1 10 12 1 8 1 10 12 1 9 12 1 1 7 1 10 7 12 1 1 1 100 1 10 12 1 9 12 1 10 12 1 10 12 1 10 12 1 1 10 12 1 9 7 12 1 1 10 12 1 1 10 12 1 10 12 1 9 12 1 9 9 12 1 7 9 12 1 1 10 12 1 1 9 12 1 10 12 1 10 7 1 9 1 1 1 1 3 1 3 1 1 3 1 3 1 1 1 1 1 1 1 1 1 1 1 1 1 1 1 1 1 1 1 1 1 1 1 1 1 1 1 1 1 1 1 1 1 1 1 1 1 1 1 1 1 1 1 1 1 100 1 1 1 1 1 1 1 1 1 1 1 1 1 1 1 1 1 1 1 1 1 1 1 1 1 1 1 1 1 1 1 1 1 1 1 1 1 1 1 1 1 1 1 1 1 1 1 1 1 1 1 1 1 1 1 1 1 1 1 1 1 1 1 1 1 1 1 100 1 1 1 1 1 1 1 1 1 1 1 1 1 1 1 1 1 1 1 1 1 1 1 1 1 1 1 1 1 1 1 1 1 1 1 1 100 1 1 1 1 1 1 1 1 1 1 1 1 1 1 100 1 1 1 100 1 1 100 1 1 1 1 1 1 1 1 1 1 1 1
staticfield java/lang/invoke/LambdaForm DEFAULT_CUSTOMIZED Ljava/lang/invoke/MethodHandle; 
staticfield java/lang/invoke/LambdaForm DEFAULT_KIND Ljava/lang/invoke/LambdaForm$Kind; java/lang/invoke/LambdaForm$Kind
staticfield java/lang/invoke/LambdaForm COMPILE_THRESHOLD I 0
staticfield java/lang/invoke/LambdaForm INTERNED_ARGUMENTS [[Ljava/lang/invoke/LambdaForm$Name; 5 [[Ljava/lang/invoke/LambdaForm$Name;
staticfield java/lang/invoke/LambdaForm IMPL_NAMES Ljava/lang/invoke/MemberName$Factory; java/lang/invoke/MemberName$Factory
staticfield java/lang/invoke/LambdaForm LF_identity [Ljava/lang/invoke/LambdaForm; 6 [Ljava/lang/invoke/LambdaForm;
staticfield java/lang/invoke/LambdaForm NF_identity [Ljava/lang/invoke/LambdaForm$NamedFunction; 6 [Ljava/lang/invoke/LambdaForm$NamedFunction;
staticfield java/lang/invoke/LambdaForm LF_constant [Ljava/lang/invoke/LambdaForm; 5 [Ljava/lang/invoke/LambdaForm;
staticfield java/lang/invoke/LambdaForm createIdentityFormLock Ljava/lang/Object; java/lang/Object
staticfield java/lang/invoke/LambdaForm DEBUG_NAME_COUNTERS Ljava/util/HashMap; 
staticfield java/lang/invoke/LambdaForm DEBUG_NAMES Ljava/util/HashMap; 
staticfield java/lang/invoke/LambdaForm TRACE_INTERPRETER Z 0
staticfield java/lang/invoke/LambdaForm $assertionsDisabled Z 1
instanceKlass jdk/internal/reflect/DirectMethodHandleAccessor
ciInstanceKlass jdk/internal/reflect/MethodAccessorImpl 1 1 38 10 7 12 1 1 1 10 100 12 1 1 1 100 1 1 1 1 1 1 1 100 1 100 1 1 1 1 1 1 1 1 1 1 1 1 1 1
ciInstanceKlass jdk/internal/reflect/MethodAccessor 1 0 17 100 1 100 1 1 1 1 100 1 100 1 1 1 1 1 1
ciInstanceKlass jdk/internal/reflect/CallerSensitive 0 0 17 100 1 100 1 100 1 1 1 1 1 1 1 1 1 1 1
ciInstanceKlass jdk/internal/reflect/DirectConstructorHandleAccessor$NativeAccessor 1 1 44 10 7 12 1 1 1 9 7 12 1 1 1 10 12 1 1 1 1 1 1 1 1 1 1 1 1 1 1 1 1 1 100 1 100 1 1 1 1 1 100 1 1 1
ciInstanceKlass jdk/internal/reflect/ConstructorAccessor 1 0 16 100 1 100 1 1 1 1 100 1 100 1 100 1 1 1
instanceKlass jdk/internal/reflect/DirectConstructorHandleAccessor
instanceKlass jdk/internal/reflect/DirectConstructorHandleAccessor$NativeAccessor
ciInstanceKlass jdk/internal/reflect/ConstructorAccessorImpl 1 1 27 10 7 12 1 1 1 100 1 100 1 1 1 1 1 1 1 1 1 100 1 100 1 100 1 1 1
ciInstanceKlass jdk/internal/reflect/ConstantPool 1 1 142 10 100 12 1 1 1 9 7 12 1 1 1 10 12 1 1 10 12 1 1 10 12 1 10 12 1 1 10 12 1 1 10 12 1 10 12 1 1 10 12 1 10 12 1 1 10 12 1 10 12 1 10 12 1 10 12 1 1 10 12 1 1 10 12 1 1 10 12 1 1 10 12 1 10 12 1 1 10 100 12 1 1 1 8 11 7 12 1 1 1 10 7 12 1 1 1 1 1 1 1 1 1 1 1 1 1 1 1 1 1 1 1 1 1 1 1 1 1 1 1 1 1 1 1 1 1 1 1 1 1 1 1 1 1 1 1 1 1 1 1 1
instanceKlass java/lang/invoke/VolatileCallSite
instanceKlass java/lang/invoke/MutableCallSite
instanceKlass java/lang/invoke/ConstantCallSite
ciInstanceKlass java/lang/invoke/CallSite 1 1 297 10 7 12 1 1 1 10 7 12 1 1 1 9 12 1 1 10 7 12 1 1 1 10 12 1 100 1 10 12 1 1 10 12 1 1 9 100 12 1 1 1 10 100 12 1 1 10 12 1 1 100 1 100 1 10 10 100 12 1 1 1 10 12 1 1 8 1 10 12 1 10 12 1 1 10 12 1 10 12 1 1 10 12 1 1 10 10 100 12 1 1 10 12 1 1 9 12 1 9 100 12 1 1 1 8 1 10 7 12 1 1 1 10 12 1 1 100 1 10 12 1 1 9 12 1 8 1 100 1 10 12 1 10 12 1 100 1 8 1 10 10 12 1 10 12 1 1 100 1 10 12 1 1 10 12 1 10 12 1 10 12 1 1 10 12 1 1 9 12 1 1 8 10 12 1 1 9 12 1 1 100 1 10 10 12 1 10 100 12 1 1 1 10 12 1 1 10 12 1 1 10 12 1 10 7 12 1 1 1 100 1 8 1 10 10 12 10 12 1 1 100 1 100 1 100 1 8 1 10 12 1 10 7 12 1 1 1 1 1 1 1 1 1 1 1 1 1 1 1 1 1 1 1 1 1 1 1 1 1 1 1 1 1 1 1 1 1 1 1 1 1 1 1 1 1 1 1 1 1 1 1 1 1 1 1 1 1 1 1 1 100 1 100 1 1 1
staticfield java/lang/invoke/CallSite $assertionsDisabled Z 1
ciInstanceKlass java/lang/invoke/ConstantCallSite 1 1 65 10 7 12 1 1 1 9 7 12 1 1 1 9 12 1 1 10 7 12 1 1 1 10 12 1 100 1 10 12 9 12 1 1 100 1 10 10 12 1 1 10 12 1 1 1 1 1 1 1 1 1 1 1 1 1 100 1 1 1 1 1 1 1 1
staticfield java/lang/invoke/ConstantCallSite UNSAFE Ljdk/internal/misc/Unsafe; jdk/internal/misc/Unsafe
instanceKlass java/lang/invoke/DirectMethodHandle$StaticAccessor
instanceKlass java/lang/invoke/DirectMethodHandle$Special
instanceKlass java/lang/invoke/DirectMethodHandle$Interface
instanceKlass java/lang/invoke/DirectMethodHandle$Constructor
instanceKlass java/lang/invoke/DirectMethodHandle$Accessor
ciInstanceKlass java/lang/invoke/DirectMethodHandle 1 1 929 7 1 100 1 7 1 7 1 10 7 12 1 1 1 10 7 12 1 1 1 100 1 10 12 1 10 12 1 1 10 7 12 1 1 10 12 1 1 10 12 1 10 12 1 7 1 10 12 1 1 10 12 1 1 10 12 1 10 12 1 1 10 7 12 1 1 1 10 12 1 9 7 12 1 1 1 100 1 10 9 12 1 1 9 12 1 10 12 1 10 12 1 10 12 1 1 10 12 1 10 12 1 10 12 1 10 7 12 1 1 1 10 12 1 10 12 1 1 8 1 10 12 1 1 7 1 10 12 1 7 1 10 10 12 1 10 12 1 10 12 1 10 7 12 1 1 1 10 12 1 1 7 1 10 12 1 10 12 1 7 1 10 12 1 10 12 1 1 10 12 1 1 10 12 8 10 7 12 1 1 1 10 12 1 10 12 1 10 12 1 1 10 12 1 9 7 12 1 1 1 7 1 10 12 1 10 7 12 1 1 1 10 12 1 10 12 1 1 9 12 1 1 7 1 10 8 1 10 12 1 1 10 12 1 1 8 1 10 12 1 10 12 1 10 10 12 1 10 12 1 10 12 1 10 12 1 10 12 1 1 10 12 1 10 12 1 10 12 1 1 10 10 7 12 1 1 1 10 12 1 10 12 1 1 10 12 1 10 12 1 1 8 1 9 7 12 1 1 1 8 1 9 12 1 9 12 1 8 1 9 12 1 9 12 1 8 1 9 12 1 9 12 1 8 1 10 12 1 10 12 1 1 10 7 12 1 1 1 10 12 1 10 12 1 1 9 12 1 1 7 1 10 12 1 1 100 1 10 7 12 1 1 1 10 12 1 1 10 12 1 1 7 1 10 12 1 1 10 12 1 10 12 1 1 7 1 10 12 1 1 10 12 1 10 12 1 10 12 1 1 10 12 1 9 12 1 1 10 7 1 9 12 1 10 12 1 7 1 7 1 7 1 10 7 12 1 1 1 9 12 1 1 10 7 12 1 1 1 10 7 12 1 1 10 12 10 12 1 7 1 10 12 1 10 12 1 1 8 1 9 12 1 9 12 1 10 12 1 1 9 12 1 1 10 7 12 1 1 1 9 12 1 1 9 12 1 1 10 12 1 10 12 1 10 12 1 10 12 1 1 10 12 1 9 12 1 9 12 1 10 12 1 10 12 1 10 12 1 10 12 1 1 10 12 1 1 9 12 1 1 10 12 1 1 9 7 12 1 1 1 9 12 1 9 12 1 9 12 1 9 12 1 9 12 1 9 12 1 9 12 1 9 12 1 9 12 1 9 12 1 9 12 1 9 12 1 9 12 1 9 12 1 9 12 1 9 12 1 9 12 1 9 12 1 9 12 1 9 12 1 9 12 1 9 12 1 9 12 1 9 12 1 100 1 10 12 1 8 1 8 1 8 1 8 1 8 1 8 1 8 1 8 1 8 1 10 12 1 10 12 1 8 1 8 1 8 1 9 12 1 1 9 12 1 1 10 12 1 10 12 1 1 10 12 1 1 9 7 1 10 12 1 10 12 10 12 1 10 12 1 10 12 1 10 8 1 8 1 8 1 8 1 10 12 1 1 9 12 1 1 10 12 1 10 100 12 1 1 1 8 9 12 1 1 10 12 1 1 8 1 8 8 9 12 1 8 1 8 8 8 8 8 1 8 10 12 1 7 1 10 12 1 8 1 8 1 10 12 1 10 12 1 10 12 1 9 12 1 10 12 1 1 7 1 1 1 1 3 1 3 1 3 1 3 1 3 1 3 1 3 1 3 1 1 1 1 1 1 1 1 1 1 3 1 3 1 3 1 1 3 1 3 1 1 1 1 1 1 1 1 1 1 1 1 1 1 1 1 1 1 1 1 1 1 1 1 1 1 1 1 1 1 1 1 1 1 1 1 1 1 1 1 1 1 1 1 1 1 1 1 1 1 1 1 1 1 1 1 1 1 1 1 1 1 100 1 1 1 1 1 1 1 1 1 100 1 1 1 1 1 1 1 1 1 1 1 1 1 1 1 1 1 1 1 1 1 1 1 1 1 1 1 1 1 1 1 1 1 1 1 1 1 1 1 1 1 1 1 1 1 1 1 1 1 1 1 1 1
staticfield java/lang/invoke/DirectMethodHandle IMPL_NAMES Ljava/lang/invoke/MemberName$Factory; java/lang/invoke/MemberName$Factory
staticfield java/lang/invoke/DirectMethodHandle FT_UNCHECKED_REF I 8
staticfield java/lang/invoke/DirectMethodHandle FT_CHECKED_REF I 9
staticfield java/lang/invoke/DirectMethodHandle ACCESSOR_FORMS [Ljava/lang/invoke/LambdaForm; 120 [Ljava/lang/invoke/LambdaForm;
staticfield java/lang/invoke/DirectMethodHandle ALL_WRAPPERS [Lsun/invoke/util/Wrapper; 10 [Lsun/invoke/util/Wrapper;
staticfield java/lang/invoke/DirectMethodHandle NFS [Ljava/lang/invoke/LambdaForm$NamedFunction; 12 [Ljava/lang/invoke/LambdaForm$NamedFunction;
staticfield java/lang/invoke/DirectMethodHandle OBJ_OBJ_TYPE Ljava/lang/invoke/MethodType; java/lang/invoke/MethodType
staticfield java/lang/invoke/DirectMethodHandle LONG_OBJ_TYPE Ljava/lang/invoke/MethodType; java/lang/invoke/MethodType
staticfield java/lang/invoke/DirectMethodHandle $assertionsDisabled Z 1
ciInstanceKlass java/lang/invoke/MutableCallSite 0 0 61 10 100 12 1 1 1 10 12 1 9 100 12 1 1 1 10 12 1 10 12 1 1 9 100 12 1 1 1 10 100 12 1 1 1 10 100 12 1 1 1 1 1 1 1 1 1 1 1 1 1 1 1 1 1 1 1 1 100 1 1
ciInstanceKlass java/lang/invoke/VolatileCallSite 0 0 37 10 100 12 1 1 1 10 12 1 10 100 12 1 1 1 10 12 1 10 12 1 1 1 1 1 1 1 1 1 1 1 1 1 1 1 1
instanceKlass java/lang/invoke/VarHandleDoubles$FieldStaticReadOnly
instanceKlass java/lang/invoke/VarHandleFloats$FieldStaticReadOnly
instanceKlass java/lang/invoke/VarHandleLongs$FieldStaticReadOnly
instanceKlass java/lang/invoke/VarHandleInts$FieldStaticReadOnly
instanceKlass java/lang/invoke/VarHandleChars$FieldStaticReadOnly
instanceKlass java/lang/invoke/VarHandleShorts$FieldStaticReadOnly
instanceKlass java/lang/invoke/VarHandleBytes$FieldStaticReadOnly
instanceKlass java/lang/invoke/VarHandleBooleans$FieldStaticReadOnly
instanceKlass java/lang/invoke/VarHandleReferences$FieldStaticReadOnly
instanceKlass java/lang/invoke/SegmentVarHandle
instanceKlass java/lang/invoke/LazyInitializingVarHandle
instanceKlass java/lang/invoke/VarHandleDoubles$FieldInstanceReadOnly
instanceKlass java/lang/invoke/VarHandleFloats$FieldInstanceReadOnly
instanceKlass java/lang/invoke/VarHandleLongs$FieldInstanceReadOnly
instanceKlass java/lang/invoke/VarHandleInts$FieldInstanceReadOnly
instanceKlass java/lang/invoke/VarHandleChars$FieldInstanceReadOnly
instanceKlass java/lang/invoke/VarHandleShorts$FieldInstanceReadOnly
instanceKlass java/lang/invoke/VarHandleBytes$FieldInstanceReadOnly
instanceKlass java/lang/invoke/VarHandleBooleans$FieldInstanceReadOnly
instanceKlass java/lang/invoke/VarHandleReferences$FieldInstanceReadOnly
instanceKlass java/lang/invoke/IndirectVarHandle
instanceKlass java/lang/invoke/VarHandleByteArrayAsFloats$ByteArrayViewVarHandle
instanceKlass java/lang/invoke/VarHandleByteArrayAsDoubles$ByteArrayViewVarHandle
instanceKlass java/lang/invoke/VarHandleByteArrayAsChars$ByteArrayViewVarHandle
instanceKlass java/lang/invoke/VarHandleByteArrayAsShorts$ByteArrayViewVarHandle
instanceKlass java/lang/invoke/VarHandleByteArrayAsInts$ByteArrayViewVarHandle
instanceKlass java/lang/invoke/VarHandleByteArrayAsLongs$ByteArrayViewVarHandle
instanceKlass java/lang/invoke/VarHandleDoubles$Array
instanceKlass java/lang/invoke/VarHandleFloats$Array
instanceKlass java/lang/invoke/VarHandleLongs$Array
instanceKlass java/lang/invoke/VarHandleInts$Array
instanceKlass java/lang/invoke/VarHandleChars$Array
instanceKlass java/lang/invoke/VarHandleShorts$Array
instanceKlass java/lang/invoke/VarHandleBytes$Array
instanceKlass java/lang/invoke/VarHandleBooleans$Array
instanceKlass java/lang/invoke/VarHandleReferences$Array
ciInstanceKlass java/lang/invoke/VarHandle 1 1 474 10 7 12 1 1 1 10 7 12 1 1 9 12 1 1 9 12 1 1 10 12 1 1 8 1 10 12 1 1 10 7 12 1 1 1 10 12 1 1 10 100 12 1 1 1 9 100 12 1 1 1 10 12 1 1 10 7 12 1 1 1 10 12 1 1 9 12 1 10 12 1 9 12 1 1 10 7 12 1 1 10 12 1 9 7 12 1 1 1 9 12 1 1 10 12 1 1 100 1 100 1 10 8 1 10 12 1 1 10 12 1 8 1 10 12 1 10 12 1 9 12 1 1 9 12 1 10 12 1 10 12 1 1 10 12 1 10 10 100 12 1 1 1 10 12 1 1 10 12 1 1 10 100 12 1 1 1 10 100 12 1 1 1 10 100 12 1 1 1 9 12 1 1 9 10 12 1 10 12 1 1 10 12 1 1 10 12 1 10 100 12 1 1 1 9 12 1 1 10 12 1 1 9 12 1 10 12 1 10 12 1 10 100 12 1 1 100 1 10 9 7 12 1 1 1 9 12 1 1 10 7 12 1 1 1 10 12 1 10 12 1 10 12 1 10 12 1 10 12 1 10 12 1 1 8 10 12 1 1 7 1 10 12 1 1 100 1 1 1 1 1 1 1 1 1 1 1 1 1 1 1 1 1 1 1 1 1 1 1 1 1 1 1 1 1 1 1 1 1 1 1 1 1 1 1 1 1 1 1 1 1 1 1 1 1 1 1 1 1 1 1 1 1 1 1 1 1 1 1 1 1 100 1 1 1 1 1 1 1 1 100 1 1 1 1 1 1 1 1 1 1 1 1 100 1 100 1 1 100 1 100 1 100 1 100 1 100 1 100 1 100 1 100 1 100 1 100 1 100 1 100 1 100 1 100 1 100 1 100 1 100 1 100 1 100 1 100 1 100 1 100 1 100 1 100 1 100 1 100 1 100 1 100 1 100 1 100 1 100 1 100 1 100 1 100 1 100 1 100 1 1 1 1 1 1 100 1 1 1 100 1 1 100 1 100 1 100 1 100 1 100 1 100 1 1 1 1 100 1 100 1 100 1 100 1 100 1 100 1 100 1 100 1
staticfield java/lang/invoke/VarHandle VFORM_OFFSET J 16
staticfield java/lang/invoke/VarHandle $assertionsDisabled Z 1
ciInstanceKlass java/lang/invoke/MemberName 1 1 730 7 1 7 1 100 1 9 12 1 1 10 7 12 1 1 1 9 12 1 1 10 12 1 1 10 12 1 1 10 12 1 1 10 12 1 10 12 1 1 10 7 12 1 1 1 10 12 1 9 7 12 1 1 10 12 1 100 1 100 1 10 12 1 8 1 10 12 1 1 10 12 1 10 12 1 1 10 12 1 9 12 1 1 8 1 10 100 12 1 1 1 7 1 10 10 12 1 1 7 1 7 1 10 12 1 9 12 1 1 100 1 8 1 10 12 1 10 12 1 10 12 1 10 12 1 10 12 1 1 10 12 1 10 12 1 10 12 1 1 8 1 8 1 10 12 1 8 1 9 12 1 1 3 10 12 1 10 12 1 10 12 1 10 10 7 12 1 1 1 10 12 1 10 12 1 10 12 1 10 12 1 7 1 8 10 12 1 1 10 12 1 1 8 1 9 100 1 8 9 100 1 10 12 1 1 10 12 1 10 12 1 8 1 10 12 1 1 10 12 1 10 12 1 10 12 1 10 12 1 1 100 1 10 12 1 1 10 12 1 8 1 10 12 1 10 12 1 8 1 10 12 1 1 10 12 1 1 7 1 10 12 1 1 10 12 8 1 8 1 100 1 10 12 1 10 100 12 1 1 1 100 1 10 12 10 12 1 10 12 1 10 12 1 10 12 1 10 10 12 1 10 12 1 10 12 1 3 10 12 1 3 10 12 1 3 3 3 3 3 3 10 12 1 3 9 12 1 10 12 1 1 3 10 12 1 10 10 7 12 1 1 1 10 12 1 1 10 7 12 1 1 10 10 12 1 10 12 1 1 10 12 1 10 10 12 1 1 10 12 1 10 12 1 10 12 1 100 1 10 10 10 12 100 1 10 10 10 12 1 1 10 12 1 1 10 10 12 1 8 10 7 1 10 12 1 10 7 1 10 12 1 10 12 1 10 12 1 10 10 12 1 10 12 1 1 10 12 1 1 10 12 1 10 12 1 10 12 1 100 1 10 12 1 1 100 1 8 1 10 7 1 10 12 1 10 12 10 12 1 1 10 12 1 10 12 1 8 1 8 1 8 1 8 1 10 12 1 10 12 1 10 7 12 1 1 1 8 1 8 1 10 12 1 8 1 10 10 10 12 1 10 12 1 8 1 8 1 10 10 12 1 8 1 10 100 12 1 1 1 8 1 100 1 10 12 1 10 12 1 1 10 12 1 8 1 8 1 8 1 8 1 100 1 10 8 1 8 1 8 1 8 1 10 12 1 100 1 100 1 100 1 10 100 1 10 100 1 10 100 12 1 1 1 9 7 12 1 1 1 100 1 100 1 1 1 1 1 1 1 3 1 3 1 3 1 3 1 3 1 3 1 1 1 1 1 1 1 1 3 1 3 1 1 1 1 1 1 1 1 1 1 1 1 1 1 1 1 1 1 1 1 1 1 1 1 100 1 1 1 1 1 1 1 1 1 1 1 1 1 1 1 1 1 1 1 1 1 1 1 1 1 1 1 1 1 1 1 1 1 1 1 1 1 1 1 1 1 1 1 1 1 1 1 1 1 1 1 1 1 1 1 1 1 1 1 1 1 1 1 1 1 1 1 1 1 1 1 1 1 1 1 1 100 1 1 1 1 1 1 1 1 1 1 1 1 1 1 1 1
staticfield java/lang/invoke/MemberName $assertionsDisabled Z 1
ciInstanceKlass java/lang/invoke/ResolvedMethodName 1 1 25 10 100 12 1 1 1 9 7 12 1 1 1 1 1 1 1 1 1 1 1 1 1 1 1
ciInstanceKlass java/lang/invoke/MethodHandleNatives 1 1 689 100 1 10 7 12 1 1 1 9 7 12 1 1 1 10 12 1 1 100 1 10 10 12 1 1 10 12 1 10 12 1 8 1 8 1 8 1 8 1 8 1 8 1 8 1 8 1 8 1 8 1 10 12 1 1 7 1 10 7 12 1 1 1 10 100 12 1 1 1 7 1 10 10 12 1 1 8 1 10 12 1 8 1 10 12 1 1 8 1 10 12 1 1 9 100 12 1 1 1 8 1 10 100 12 1 1 1 100 1 10 12 100 1 100 1 8 1 7 1 10 10 12 1 7 1 9 7 12 1 1 10 12 1 1 10 12 1 10 7 12 1 1 1 10 12 1 1 9 12 1 8 1 10 12 1 1 10 12 1 8 1 10 12 1 1 7 1 10 12 1 10 7 12 1 1 1 10 12 1 10 12 1 1 10 12 1 1 8 1 10 12 1 1 8 1 10 12 1 8 1 8 1 8 1 100 1 10 12 1 8 1 10 100 12 1 1 1 10 12 1 1 10 100 12 1 1 10 10 12 1 1 10 12 1 10 100 12 1 1 1 100 1 8 1 10 100 12 1 1 1 7 1 8 1 10 12 1 8 1 8 1 8 1 8 1 8 1 10 12 1 1 10 12 1 1 10 12 1 10 12 1 1 10 12 1 1 7 1 10 12 1 100 1 100 1 10 12 1 10 12 1 8 1 8 1 10 10 12 1 1 10 12 1 1 8 1 10 100 12 1 1 8 1 8 1 10 12 1 1 10 7 12 1 1 1 100 1 10 12 1 1 7 1 9 12 1 1 10 7 12 1 1 1 10 10 12 1 9 12 1 10 12 1 9 12 1 9 12 1 10 12 1 1 10 12 1 10 12 1 1 7 1 7 1 10 12 1 1 10 12 1 10 12 1 1 10 7 12 1 1 1 10 12 1 8 1 10 12 1 10 12 1 10 12 1 1 10 12 1 10 7 12 1 1 1 10 12 1 1 100 1 8 1 10 9 7 12 1 1 1 10 12 1 1 10 12 1 1 100 1 10 12 1 1 10 12 1 1 100 1 100 1 10 10 100 1 100 1 10 100 1 10 10 12 1 1 10 100 1 10 12 1 10 12 1 1 10 12 1 1 10 12 1 1 10 12 1 10 12 1 1 10 8 1 10 12 1 10 12 1 10 12 1 10 12 1 10 12 1 1 10 12 1 10 12 1 10 12 1 10 10 7 12 1 1 10 12 1 1 1 1 1 1 1 1 1 1 1 1 1 100 1 1 1 1 1 1 1 1 1 1 1 1 1 1 1 1 1 1 1 1 1 1 1 1 1 1 1 1 1 1 1 1 1 1 1 1 1 1 1 1 1 1 1 1 1 1 1 1 1 1 1 1 1 1 1 1 1 1 1 1 1 1 1 100 1 1 1 1 1 1 1 1 1 1 1 1 1 1 1 1 1 1 1 1 1 1 1 1 1 1 1 1 1 1 1 1 1 1 1 100 1 1 1 1 1 1 1 1 1 1 1 1 1 1 1 1 1 1 1 1 1 1 1 1 1 1 1 1 1 1 1 1 1 1 100 1 1
staticfield java/lang/invoke/MethodHandleNatives $assertionsDisabled Z 1
ciInstanceKlass jdk/internal/foreign/abi/NativeEntryPoint 0 0 223 10 100 12 1 1 1 9 100 12 1 1 1 9 12 1 1 100 1 8 1 10 12 1 10 12 1 1 100 1 10 100 12 1 1 1 10 12 1 9 12 1 1 18 12 1 1 10 100 12 1 1 1 9 100 12 1 1 1 8 1 10 12 1 1 8 1 8 1 8 1 8 1 10 100 12 1 1 1 100 1 10 10 12 1 1 8 1 10 12 1 8 1 10 12 1 10 12 1 1 10 12 1 1 100 1 8 1 10 12 1 10 12 1 1 100 1 8 1 10 10 12 1 9 12 1 1 18 12 1 1 10 100 12 1 1 1 10 12 1 1 10 12 1 10 100 12 1 1 1 10 1 1 1 1 1 1 1 1 1 1 1 1 1 1 1 1 1 1 1 1 1 1 1 1 1 1 1 1 1 1 1 1 1 1 1 1 1 1 1 1 1 1 1 1 16 1 15 10 12 16 1 16 15 10 12 15 10 100 12 1 1 1 1 1 100 1 1 100 1 100 1 1
ciInstanceKlass jdk/internal/foreign/abi/ABIDescriptor 0 0 55 10 100 12 1 1 1 9 100 12 1 1 1 9 12 1 1 9 12 1 9 12 1 9 12 1 1 9 12 1 9 12 1 1 9 12 1 9 12 1 9 12 1 9 12 1 1 1 1 1 1 1 1 1 1
ciInstanceKlass jdk/internal/foreign/abi/VMStorage 0 0 111 10 100 12 1 1 1 9 100 12 1 1 1 9 12 1 1 9 12 1 1 9 12 1 1 100 1 10 8 1 10 12 1 1 10 12 1 10 12 1 1 10 12 1 100 1 10 100 12 1 1 1 10 100 12 1 1 10 100 12 1 1 10 100 12 1 1 1 18 12 1 1 1 1 1 1 1 1 1 1 1 1 1 1 1 1 1 1 1 1 1 1 8 1 15 15 15 15 15 10 100 12 1 1 1 1 100 1 100 1 1
ciInstanceKlass jdk/internal/foreign/abi/UpcallLinker$CallRegs 0 0 66 10 100 12 1 1 1 9 100 12 1 1 1 9 12 1 18 12 1 1 18 12 1 1 18 12 1 1 1 1 1 1 1 1 1 1 1 1 1 1 1 1 1 1 100 1 1 1 8 1 15 15 15 10 100 12 1 1 1 1 1 100 1 100 1 1
instanceKlass java/lang/StackFrameInfo
ciInstanceKlass java/lang/ClassFrameInfo 1 1 126 10 7 12 1 1 1 9 7 12 1 1 1 7 1 3 9 12 1 1 9 12 1 1 100 1 9 12 1 1 3 11 100 12 1 1 1 11 12 1 10 12 1 1 10 12 1 1 10 12 1 100 1 10 10 12 1 1 8 1 8 1 10 12 100 1 10 10 12 1 1 8 1 10 12 1 8 1 10 12 8 1 10 12 1 10 7 12 1 1 1 100 1 1 1 1 1 1 1 1 1 1 1 1 1 1 1 1 1 1 1 1 1 1 1 1 1 1 1 100 1 1 1 1 1 1
staticfield java/lang/ClassFrameInfo JLIA Ljdk/internal/access/JavaLangInvokeAccess; java/lang/invoke/MethodHandleImpl$1
ciInstanceKlass java/lang/StackWalker$StackFrame 1 1 41 100 1 10 12 1 1 100 1 100 1 1 1 1 1 1 1 1 1 1 1 1 1 1 1 1 1 1 1 1 1 1 1 1 1 1 1 100 1 1 1
ciInstanceKlass java/lang/StackWalker 1 1 236 9 7 12 1 1 1 10 7 12 1 1 1 7 1 10 7 12 1 1 1 10 12 1 1 11 7 12 1 1 1 10 12 1 1 10 12 1 1 100 1 8 1 10 12 1 10 12 1 10 12 1 10 7 12 1 1 9 12 1 1 9 12 1 1 9 12 1 1 9 12 1 1 10 12 1 1 9 12 1 1 9 12 1 1 9 12 1 1 9 12 1 1 10 12 1 1 10 7 12 1 1 1 10 7 12 1 1 1 18 12 1 1 100 1 8 1 10 8 1 10 12 1 1 10 100 12 1 1 1 10 12 1 1 10 12 1 11 12 1 1 9 7 12 1 1 11 100 12 1 1 1 10 12 1 1 1 1 1 1 1 1 1 1 1 1 1 1 1 1 1 1 1 1 1 1 1 1 1 1 1 1 1 1 1 1 1 1 1 1 1 1 1 1 1 1 1 1 1 1 1 1 1 1 1 1 1 1 1 100 1 1 16 15 10 12 16 1 15 10 100 12 1 1 1 1 1 1 1 1 1 100 1 100 1 1
staticfield java/lang/StackWalker DEFAULT_EMPTY_OPTION Ljava/util/EnumSet; java/util/RegularEnumSet
staticfield java/lang/StackWalker DEFAULT_WALKER Ljava/lang/StackWalker; java/lang/StackWalker
instanceKlass java/lang/LiveStackFrameInfo
ciInstanceKlass java/lang/StackFrameInfo 1 1 150 10 7 12 1 1 1 9 7 12 1 1 1 9 12 1 1 11 7 12 1 1 1 10 12 1 1 10 7 12 1 1 1 9 12 1 1 10 12 1 1 9 12 1 1 100 1 10 12 10 12 1 9 12 1 100 1 100 1 10 12 1 1 11 12 1 1 10 12 1 10 12 1 10 12 1 1 9 12 1 1 10 12 1 1 10 100 12 1 1 10 12 1 1 9 12 1 10 100 12 1 1 1 9 12 1 1 10 100 1 10 12 1 9 12 1 1 10 12 1 1 10 12 1 1 1 1 1 1 1 1 1 1 1 1 1 1 1 1 100 1 100 1 1 1 1 1 1 1 1
staticfield java/lang/StackFrameInfo $assertionsDisabled Z 1
ciInstanceKlass java/lang/LiveStackFrameInfo 0 0 97 10 100 12 1 1 1 9 100 12 1 1 1 9 12 1 9 12 1 9 12 1 9 12 1 1 100 1 10 12 1 1 10 12 1 8 1 10 12 1 1 8 1 8 1 8 1 10 100 1 10 12 1 100 1 10 12 1 100 1 100 1 1 1 3 1 3 1 1 1 1 1 1 1 1 1 1 1 1 1 1 1 1 1 1 1 1 1 1 1 1 1 1 1 100 1 1
ciInstanceKlass java/lang/LiveStackFrame 0 0 112 100 1 10 100 12 1 1 1 11 100 12 1 1 1 11 12 1 9 100 12 1 1 1 10 100 12 1 1 1 10 100 12 1 1 1 11 12 1 10 12 1 100 1 100 1 1 1 1 1 1 1 1 1 1 1 1 1 1 1 1 1 1 1 1 1 1 1 1 1 100 1 1 1 1 1 1 1 100 1 8 1 1 12 10 1 1 1 8 1 1 1 8 1 1 1 8 1 1 1 8 1 1 8 1 1 1 8 1 1 8 1
instanceKlass java/lang/StackStreamFactory$StackFrameTraverser
ciInstanceKlass java/lang/StackStreamFactory$AbstractStackWalker 1 1 364 7 1 100 1 3 10 7 12 1 1 1 10 7 12 1 1 10 7 12 1 1 1 9 12 1 1 9 12 1 1 9 12 1 1 9 12 1 9 12 1 10 7 12 1 1 1 10 12 1 1 10 100 12 1 1 9 12 1 1 9 12 1 1 10 12 1 1 9 12 1 1 10 7 12 1 1 1 10 12 1 1 9 12 1 1 9 100 12 1 1 1 100 1 10 8 1 10 12 1 1 10 12 1 8 1 10 12 1 1 10 100 12 1 1 1 100 1 8 1 10 12 1 8 1 10 12 10 7 12 1 1 9 12 1 1 8 1 5 0 8 1 8 1 9 12 1 1 10 12 1 1 18 12 1 1 10 100 12 1 1 1 10 12 1 1 10 12 1 10 12 1 9 7 12 1 1 1 10 12 1 1 9 12 1 10 12 1 10 12 1 10 12 1 10 12 1 10 12 1 10 12 1 1 8 1 10 12 1 10 12 1 10 12 1 10 12 1 1 8 1 10 12 1 1 10 12 1 1 10 12 1 1 10 12 1 10 12 1 10 12 1 9 12 1 8 1 10 12 1 8 1 10 12 1 10 12 1 1 10 12 1 10 12 1 10 12 1 1 10 12 1 10 12 1 10 12 1 10 12 1 10 12 1 10 12 1 1 10 12 1 10 12 1 10 12 1 10 12 1 8 1 1 1 1 1 1 1 1 1 1 1 1 1 100 1 1 1 1 1 1 100 1 1 1 1 100 1 1 1 1 1 1 1 1 1 1 1 1 1 1 1 1 1 1 16 15 15 10 100 12 1 1 1 1 1 1 1 1 100 1 100 1 1
ciInstanceKlass jdk/internal/module/Modules 1 1 481 10 100 12 1 1 1 9 7 12 1 1 1 11 7 12 1 1 1 11 12 1 1 11 12 1 1 11 12 1 1 11 12 1 11 12 1 11 12 1 11 12 1 11 12 1 11 12 1 1 10 100 12 1 1 1 10 12 1 1 10 7 12 1 1 10 7 12 1 1 1 10 100 12 1 1 10 12 1 1 11 12 1 9 12 1 1 11 7 12 1 1 1 10 12 1 1 10 10 12 1 10 7 1 9 12 1 1 10 100 12 1 1 10 12 1 1 10 100 12 1 1 1 100 1 11 100 12 1 1 1 10 100 12 1 1 1 11 100 12 1 1 10 12 1 1 10 100 12 1 1 10 100 12 1 1 1 10 12 1 1 10 12 1 1 11 12 1 1 18 12 1 1 11 100 12 1 1 10 100 12 1 1 1 11 100 12 1 1 1 100 1 11 12 1 1 11 100 12 1 1 1 11 12 1 1 10 12 1 1 10 100 12 1 1 18 12 1 1 11 12 1 1 18 12 1 1 11 12 1 1 10 12 1 18 18 10 12 1 1 9 12 1 1 11 100 12 1 1 1 100 1 10 11 12 1 11 12 1 1 10 100 1 10 12 1 1 10 100 12 1 1 10 12 1 1 11 12 10 12 1 1 100 1 10 18 12 1 10 12 1 1 100 1 8 1 10 12 1 10 100 12 1 1 18 12 1 11 11 12 10 12 1 10 10 100 1 18 12 1 10 10 10 7 12 1 1 10 7 12 1 1 1 10 12 1 1 1 1 1 1 1 1 1 1 1 1 1 1 1 1 1 1 1 1 1 1 1 1 1 1 1 1 1 1 1 1 1 1 1 1 1 1 1 1 1 1 1 1 1 1 1 1 1 1 1 1 1 1 1 1 1 1 1 1 1 1 1 1 100 1 1 1 1 1 1 1 1 1 1 1 1 1 1 1 1 1 1 1 1 1 1 1 16 15 10 12 1 16 1 16 1 15 10 12 1 16 1 16 1 15 10 12 16 1 15 10 16 1 15 10 12 16 1 16 15 10 12 16 15 10 12 16 15 10 12 15 10 100 12 1 1 1 1 1 1 100 1 100 1 1
staticfield jdk/internal/module/Modules JLA Ljdk/internal/access/JavaLangAccess; java/lang/System$1
staticfield jdk/internal/module/Modules JLMA Ljdk/internal/access/JavaLangModuleAccess; java/lang/module/ModuleDescriptor$1
staticfield jdk/internal/module/Modules $assertionsDisabled Z 1
ciInstanceKlass jdk/internal/loader/ClassLoaders 1 1 185 10 100 12 1 1 1 10 7 12 1 1 1 10 12 1 1 10 100 12 1 1 1 9 7 12 1 1 1 9 12 1 1 9 12 1 1 7 1 11 100 12 1 1 1 100 1 11 12 1 1 11 12 1 1 10 100 12 1 1 1 10 100 12 1 1 1 100 1 100 1 10 7 12 1 1 1 9 12 1 1 8 1 10 7 12 1 1 1 10 12 1 1 7 1 10 12 1 10 12 1 1 7 1 10 12 1 1 10 12 1 1 10 12 1 7 1 10 12 10 12 1 8 1 10 7 12 1 1 8 1 8 1 10 12 1 7 1 10 10 12 1 10 12 1 1 1 1 1 1 1 1 1 1 1 1 1 1 1 1 1 1 1 1 100 1 1 1 1 1 1 1 1 1 1 1 1 1 1 1 1 1 1 1 1
staticfield jdk/internal/loader/ClassLoaders JLA Ljdk/internal/access/JavaLangAccess; java/lang/System$1
staticfield jdk/internal/loader/ClassLoaders BOOT_LOADER Ljdk/internal/loader/ClassLoaders$BootClassLoader; jdk/internal/loader/ClassLoaders$BootClassLoader
staticfield jdk/internal/loader/ClassLoaders PLATFORM_LOADER Ljdk/internal/loader/ClassLoaders$PlatformClassLoader; jdk/internal/loader/ClassLoaders$PlatformClassLoader
staticfield jdk/internal/loader/ClassLoaders APP_LOADER Ljdk/internal/loader/ClassLoaders$AppClassLoader; jdk/internal/loader/ClassLoaders$AppClassLoader
ciInstanceKlass java/util/ArrayList 1 1 514 10 7 12 1 1 1 7 1 9 7 12 1 1 1 9 12 1 100 1 100 1 10 8 1 10 12 1 1 10 12 1 10 12 1 1 10 12 1 9 12 1 11 7 12 1 1 1 9 12 1 1 11 12 1 1 7 10 7 12 1 1 1 9 12 1 10 12 1 10 12 1 1 10 7 12 1 1 1 10 7 12 1 1 1 10 12 1 1 10 12 1 1 10 12 1 1 10 12 1 10 12 1 1 100 1 100 1 10 12 1 10 10 7 12 1 1 1 10 7 12 1 1 10 12 1 100 1 10 10 12 10 12 1 1 10 12 1 1 10 12 1 10 12 10 12 1 1 100 1 10 12 1 1 10 12 1 1 10 12 1 100 1 10 11 12 1 1 11 100 12 1 1 1 11 12 1 10 12 1 10 12 1 10 12 1 1 100 1 10 12 1 1 10 10 12 1 1 10 12 1 8 1 8 1 8 1 8 1 10 12 1 1 10 12 1 1 11 12 1 100 1 10 100 12 1 1 10 12 1 10 12 1 1 10 100 12 1 1 10 12 1 10 100 12 1 1 1 11 100 12 1 1 1 10 12 1 100 1 8 1 10 7 1 10 12 1 7 1 10 12 1 10 12 1 1 7 1 10 12 1 10 12 1 1 11 7 12 1 1 7 1 10 12 1 10 12 1 1 11 100 12 1 1 10 12 1 1 10 12 1 1 10 12 1 1 10 12 1 1 11 100 12 1 1 10 12 1 1 10 12 1 1 100 1 100 1 100 1 1 1 1 5 0 1 3 1 1 1 1 1 1 1 1 1 1 1 1 1 1 1 1 1 1 1 1 1 1 1 1 1 1 1 1 1 1 1 1 1 1 1 1 1 1 1 1 1 1 1 1 1 1 1 1 1 1 1 1 1 1 1 1 1 1 1 1 1 1 1 1 1 1 1 1 1 1 1 1 1 1 1 1 1 1 1 1 1 1 1 1 1 1 1 1 1 1 1 1 1 1 1 1 1 1 1 1 1 1 1 1 7 1 1 1 1 7 1 1 1 1 1 1 1 1 1 1 1 1 1 1 1 1 1 1 1 1 1 1 1 1 1 1 1 1 1 100 1 1 1 1 1 1 1 1 1 1 1 1 1 1 1 1 1 1 1 100 1 100 1 1 1 1 1 1
staticfield java/util/ArrayList EMPTY_ELEMENTDATA [Ljava/lang/Object; 0 [Ljava/lang/Object;
staticfield java/util/ArrayList DEFAULTCAPACITY_EMPTY_ELEMENTDATA [Ljava/lang/Object; 0 [Ljava/lang/Object;
ciInstanceKlass java/util/List 1 1 251 10 100 12 1 1 1 11 7 12 1 1 1 11 7 12 1 1 1 11 12 1 1 11 100 12 1 1 11 12 1 1 11 12 1 1 10 7 12 1 1 1 7 1 7 1 10 12 1 1 100 1 10 100 12 1 1 1 11 12 1 1 11 12 1 11 12 1 100 1 10 12 1 11 12 1 1 11 12 1 1 11 12 1 10 7 12 1 1 1 9 7 12 1 1 1 7 1 10 12 10 12 1 7 1 10 12 1 1 10 12 1 10 12 1 1 11 12 1 1 100 1 1 1 1 1 1 1 1 1 1 1 1 1 1 1 1 1 1 1 1 1 1 1 1 1 1 1 1 1 1 1 1 1 1 1 1 1 1 1 1 1 1 1 1 100 1 100 1 1 1 1 1 1 1 1 1 1 1 1 1 1 1 1 1 1 1 1 1 1 1 1 1 1 1 1 1 1 1 1 1 1 1 1 1 1 1 1 1 1 1 1 1 1 1 1 1 1 1 1 1 1 1 1 1 1 1 1 1 1 1 1 1 1 1 1 1 1 1 1 1 1 1 1 100 1 1 100 1 1 1
ciInstanceKlass java/util/SequencedCollection 1 1 104 100 1 10 12 1 1 11 100 12 1 1 1 11 100 12 1 1 1 11 12 1 1 11 12 1 100 1 100 1 1 1 1 1 1 1 1 1 1 1 1 1 1 1 1 1 1 1 1 1 1 1 1 1 1 1 1 1 100 1 8 1 12 10 1 1 8 1 1 1 8 1 1 8 1 1 1 8 1 1 8 1 1 1 8 1 1 8 1 8 1 1 8 1 1 1 8 1 1 8 1 1 8 1
ciInstanceKlass java/lang/Iterable 1 1 62 10 7 12 1 1 1 11 7 12 1 1 1 11 7 12 1 1 1 11 12 1 1 11 7 12 1 1 1 10 7 12 1 1 1 100 1 1 1 1 1 1 1 1 1 1 1 1 1 1 1 1 1 1 1 1 1 1 1 1 1 1
ciInstanceKlass java/util/RandomAccess 1 0 7 100 1 100 1 1 1
instanceKlass com/fasterxml/jackson/databind/util/internal/LinkedDeque
instanceKlass java/util/TreeMap$Values
instanceKlass java/util/concurrent/ConcurrentLinkedDeque
instanceKlass java/util/IdentityHashMap$Values
instanceKlass io/qameta/allure/internal/shadowed/jackson/databind/util/internal/LinkedDeque
instanceKlass java/util/AbstractQueue
instanceKlass java/util/LinkedHashMap$LinkedValues
instanceKlass java/util/HashMap$Values
instanceKlass java/util/ArrayDeque
instanceKlass java/util/AbstractSet
instanceKlass java/util/ImmutableCollections$AbstractImmutableCollection
instanceKlass java/util/AbstractList
ciInstanceKlass java/util/AbstractCollection 1 1 160 10 7 12 1 1 1 10 7 12 1 1 1 10 12 1 1 11 7 12 1 1 1 11 12 1 1 10 12 1 1 10 100 12 1 1 1 10 12 1 1 10 12 1 1 10 7 12 1 1 10 7 12 1 1 1 7 1 10 100 12 1 1 1 10 100 12 1 1 1 100 1 10 11 12 1 11 7 1 10 12 1 10 12 1 10 100 12 1 1 1 11 8 1 7 1 10 10 12 1 1 8 1 10 12 1 10 12 1 1 1 1 1 1 1 1 1 1 1 1 1 1 1 1 1 1 1 1 1 1 1 1 1 1 1 1 1 1 1 1 1 1 1 1 1 1 1 1 1 1 1 1 1 1 1 1 1 1 1 1
instanceKlass java/util/Collections$CopiesList
instanceKlass org/codehaus/groovy/util/FastArray$1
instanceKlass groovy/lang/Tuple
instanceKlass groovy/lang/EmptyRange
instanceKlass groovy/lang/ObjectRange
instanceKlass groovy/lang/IntRange
instanceKlass java/util/ArrayList$SubList
instanceKlass sun/security/jca/ProviderList$2
instanceKlass java/util/Vector
instanceKlass java/util/Collections$SingletonList
instanceKlass java/util/Arrays$ArrayList
instanceKlass java/util/AbstractSequentialList
instanceKlass java/util/Collections$EmptyList
instanceKlass java/util/ArrayList
ciInstanceKlass java/util/AbstractList 1 1 218 10 7 12 1 1 1 9 7 12 1 1 1 10 12 1 1 10 12 1 1 100 1 10 10 12 1 1 11 100 12 1 1 1 11 12 1 1 11 12 1 10 100 12 1 1 1 10 12 1 11 12 1 11 12 1 11 12 1 10 12 1 1 10 12 1 1 11 100 12 1 1 1 11 100 1 11 7 1 10 12 1 100 1 10 12 1 10 12 1 1 100 1 100 1 10 12 1 100 1 10 100 1 100 1 10 8 1 10 12 1 1 10 12 1 10 12 1 1 10 12 1 8 1 100 1 8 1 8 1 8 1 10 100 1 11 10 10 12 1 11 12 1 10 12 1 1 8 1 8 1 1 1 1 1 1 1 1 1 1 1 1 1 1 1 1 1 1 1 1 1 1 1 1 1 1 1 1 1 1 1 1 1 1 1 1 1 1 1 1 1 1 1 1 1 1 1 1 1 1 1 1 1 1 1 1 1 1 100 1 100 1 1 1 1 1 1 1
ciInstanceKlass java/lang/annotation/Annotation 1 0 17 100 1 100 1 1 1 1 1 1 1 1 1 1 1 1 1
ciMethod java/lang/Math unsignedMultiplyHigh (JJ)J 800 0 8401 0 -1
ciMethod java/lang/Math max (II)I 678 0 72864 0 -1
instanceKlass org/codehaus/groovy/runtime/powerassert/PowerAssertionError
instanceKlass org/codehaus/groovy/GroovyBugError
ciInstanceKlass java/lang/AssertionError 0 0 79 10 100 12 1 1 1 10 12 1 10 100 12 1 1 1 10 100 1 100 1 10 12 1 1 10 12 1 10 12 1 10 12 1 10 12 1 10 12 1 10 12 1 10 12 1 1 1 1 5 0 1 1 1 1 1 1 1 1 1 1 100 1 1 1 1 1 1 1 1 1 1 1 1 1 1 1 1 1
ciInstanceKlass sun/security/util/math/IntegerFieldModuloP 1 1 27 11 100 12 1 1 1 100 1 1 1 1 1 1 1 1 1 1 1 1 1 1 1 1 1 1 1
instanceKlass sun/security/util/math/intpoly/P521OrderField
instanceKlass sun/security/util/math/intpoly/P384OrderField
instanceKlass sun/security/util/math/intpoly/IntegerPolynomialP521
instanceKlass sun/security/util/math/intpoly/IntegerPolynomialP384
instanceKlass sun/security/util/math/intpoly/MontgomeryIntegerPolynomialP256
instanceKlass sun/security/util/math/intpoly/P256OrderField
instanceKlass sun/security/util/math/intpoly/IntegerPolynomialP256
instanceKlass sun/security/util/math/intpoly/Curve448OrderField
instanceKlass sun/security/util/math/intpoly/IntegerPolynomial448
instanceKlass sun/security/util/math/intpoly/Curve25519OrderField
instanceKlass sun/security/util/math/intpoly/IntegerPolynomial25519
ciInstanceKlass sun/security/util/math/intpoly/IntegerPolynomial 1 1 351 10 7 12 1 1 1 10 7 12 1 1 1 9 12 1 1 9 12 1 1 9 12 1 9 12 1 9 12 1 10 12 1 1 9 12 1 1 10 12 1 1 7 1 10 12 1 10 12 1 10 7 12 1 1 1 100 1 100 1 10 8 1 10 12 1 1 10 12 1 10 12 1 1 10 12 1 7 1 10 12 1 10 12 1 1 10 12 1 1 10 7 12 1 1 10 12 1 1 10 12 1 10 7 12 1 1 1 10 12 1 10 7 12 1 1 1 10 7 12 1 1 1 10 12 1 1 9 7 12 1 1 1 10 12 1 1 10 12 1 10 12 1 10 12 1 9 7 12 1 1 10 12 1 1 10 12 1 1 10 12 1 1 10 12 1 10 12 1 1 10 12 1 1 10 12 10 12 1 1 10 12 1 10 12 1 10 12 1 1 10 7 12 1 1 10 12 1 10 12 1 1 10 12 1 1 10 12 1 1 10 12 1 10 12 1 1 10 12 1 5 0 9 12 1 100 1 1 1 1 1 1 1 1 1 1 1 1 1 1 1 1 1 1 1 1 1 1 1 1 1 1 1 1 1 1 1 1 1 1 1 1 1 1 1 1 1 1 1 1 1 1 1 1 1 1 1 1 1 1 1 1 1 1 1 1 1 1 1 1 1 100 1 1 1 1 1 1 1 1 1 1 1 1 1 1 1 1 1 1 1 1 1 1 1 100 1 100 1 1 100 1 100 1 100 1 100 1 100 1 100 1 100 1 100 1 100 1 100 1 100 1 100 1 100 1 1 1 1 1 1
staticfield sun/security/util/math/intpoly/IntegerPolynomial TWO Ljava/math/BigInteger; java/math/BigInteger
ciInstanceKlass sun/security/util/math/intpoly/IntegerPolynomial25519 1 1 112 7 1 9 12 1 1 10 7 12 1 1 1 5 0 10 7 12 1 1 1 10 12 1 1 5 0 10 12 1 1 5 0 5 0 10 12 1 1 10 12 1 10 12 1 1 10 12 1 9 12 1 1 1 1 1 3 1 3 1 3 1 1 1 3 1 1 1 1 1 1 1 1 1 1 1 1 1 1 1 1 1 1 1 1 1 1 1 1 1 1 1 1 1 1 1 1 1 1 1 1 1 1 1 1 1 1 1 1 1 1 1
staticfield sun/security/util/math/intpoly/IntegerPolynomial25519 MODULUS Ljava/math/BigInteger; java/math/BigInteger
staticfield sun/security/util/math/intpoly/IntegerPolynomial25519 ONE Lsun/security/util/math/intpoly/IntegerPolynomial25519; sun/security/util/math/intpoly/IntegerPolynomial25519
ciInstanceKlass sun/security/util/math/IntegerModuloP 1 1 115 11 7 12 1 1 1 11 12 1 1 11 12 1 1 11 7 12 1 1 1 11 7 12 1 1 1 11 12 1 1 11 12 1 1 11 12 1 11 12 1 11 12 1 11 100 12 1 1 1 11 10 100 12 1 1 1 10 12 1 1 11 100 12 1 1 1 11 12 1 11 12 1 100 1 1 1 1 1 1 1 1 1 1 1 1 1 1 1 1 1 1 1 1 1 1 1 1 1 1 1 1 1 1 100 1 100 1 100 1 1 1 1 1 1
ciInstanceKlass sun/security/util/math/ImmutableIntegerModuloP 1 0 53 100 1 100 1 100 1 1 1 1 100 1 8 1 1 12 10 1 1 1 8 1 1 1 8 1 1 1 8 1 1 8 1 1 1 8 1 1 8 1 1 1 8 1 1 1 8 1 1 1 8 1 1
ciInstanceKlass sun/security/util/math/SmallValue 1 0 7 100 1 100 1 1 1
instanceKlass sun/security/util/math/intpoly/IntegerPolynomial$MutableElement
instanceKlass sun/security/util/math/intpoly/IntegerPolynomial$ImmutableElement
ciInstanceKlass sun/security/util/math/intpoly/IntegerPolynomial$Element 1 1 185 10 7 12 1 1 1 9 7 12 1 1 1 10 7 12 1 1 1 9 7 12 1 1 1 9 12 1 1 10 12 1 1 9 12 1 10 12 1 1 10 12 1 1 7 1 10 7 12 1 1 10 12 1 9 12 1 1 11 100 12 1 1 1 100 1 10 9 12 1 10 12 1 1 10 100 12 1 1 1 7 1 10 10 12 1 1 10 100 12 1 1 1 9 12 1 10 12 1 1 10 12 1 10 12 1 1 10 12 1 1 10 12 1 10 12 1 1 10 12 1 10 12 1 10 12 1 1 10 7 12 1 1 1 1 1 1 1 1 1 1 1 1 1 1 1 1 1 1 1 1 1 1 1 1 1 1 1 1 1 1 1 1 1 1 1 1 1 1 1 1 1 1 1 1 1 1 1 100 1 8 1 12 10 1
staticfield sun/security/util/math/intpoly/IntegerPolynomial$Element $assertionsDisabled Z 1
ciInstanceKlass sun/security/util/math/intpoly/IntegerPolynomial$ImmutableElement 1 1 51 10 7 12 1 1 1 10 7 12 1 1 1 10 12 1 10 12 1 10 7 12 1 1 1 100 1 1 1 1 1 1 1 1 1 1 1 1 1 1 1 1 1 1 1 1 7 1 1 1 1
ciInstanceKlass sun/security/util/math/MutableIntegerModuloP 1 0 67 100 1 100 1 100 1 1 1 1 1 1 1 1 1 1 1 1 1 1 1 1 1 1 1 100 1 8 1 1 12 10 1 1 1 8 1 1 1 8 1 1 1 8 1 1 8 1 1 8 1 1 8 1 1 1 8 1 1 1 8 1 1 1 8 1 1
ciInstanceKlass sun/security/ec/point/Point 1 0 17 100 1 100 1 1 1 1 1 1 1 1 1 1 1 1 1
ciInstanceKlass sun/security/ec/point/MutablePoint 1 0 14 100 1 100 1 100 1 1 1 1 1 1 1 1
ciInstanceKlass sun/security/util/math/intpoly/IntegerPolynomial$Limb 1 1 28 10 7 12 1 1 1 9 7 12 1 1 1 100 1 1 1 1 1 1 1 1 1 1 100 1 1 1
ciInstanceKlass sun/security/util/math/IntegerMontgomeryFieldModuloP 1 0 41 100 1 100 1 100 1 1 1 1 1 1 1 1 100 1 8 1 1 12 10 1 1 1 8 1 1 1 8 1 1 8 1 1 1 8 1 1 8 1 1
instanceKlass sun/security/ec/point/ProjectivePoint$Mutable
instanceKlass sun/security/ec/point/ProjectivePoint$Immutable
ciInstanceKlass sun/security/ec/point/ProjectivePoint 1 1 137 10 7 12 1 1 1 9 7 12 1 1 1 9 12 1 9 12 1 11 7 12 1 1 1 7 1 11 12 1 1 10 12 1 7 1 11 12 1 1 10 12 1 11 12 1 7 1 11 12 1 1 10 12 1 10 12 1 1 10 12 1 11 100 12 1 1 1 11 12 1 1 10 100 12 1 1 1 10 12 1 10 12 1 1 10 12 1 1 11 100 1 10 10 12 1 10 12 1 1 1 1 1 1 1 1 1 1 1 1 1 1 1 1 1 1 1 1 1 1 1 1 1 1 1 1 1 1 1 1 1 1 1 1 1 1 1
ciInstanceKlass sun/security/util/math/intpoly/IntegerPolynomial$MutableElement 1 1 195 10 7 12 1 1 1 9 7 12 1 1 1 10 7 12 1 1 1 7 1 9 12 1 1 10 7 12 1 1 9 12 1 1 10 9 12 1 1 11 100 12 1 1 1 100 1 10 12 1 9 10 7 12 1 1 1 9 11 100 1 10 12 1 10 7 12 1 1 1 10 12 1 1 10 12 1 9 12 1 10 12 1 1 10 12 1 1 7 1 9 12 1 10 12 1 1 9 12 1 10 7 12 1 1 1 10 12 1 1 10 12 1 1 10 12 1 1 10 12 1 1 10 12 1 10 12 1 10 12 1 10 12 1 10 12 1 1 10 12 1 10 12 10 7 12 1 1 1 1 1 1 1 1 1 1 1 1 1 1 1 1 1 1 1 1 1 1 1 1 1 1 1 1 1 1 1 1 1 1 1 1 1 1 1 1 1 1 1 1 1 1 1 1 1
staticfield sun/security/util/math/intpoly/IntegerPolynomial$MutableElement $assertionsDisabled Z 1
ciInstanceKlass sun/security/ec/ECOperations 1 1 429 10 7 12 1 1 1 10 7 12 1 1 1 7 1 10 7 12 1 1 1 5 0 10 7 12 1 1 1 10 12 1 1 10 12 1 10 12 1 1 10 12 1 1 9 7 12 1 1 1 11 7 12 1 1 1 7 1 9 12 1 10 12 1 10 12 1 11 12 1 1 10 12 1 1 10 12 1 1 10 7 12 1 1 11 7 12 1 1 1 9 12 1 1 9 12 1 1 11 12 1 11 12 1 1 9 12 1 1 9 12 1 9 12 1 9 12 1 7 1 11 12 1 11 12 1 10 12 1 9 12 1 1 11 7 1 7 1 10 12 1 1 11 12 1 10 12 1 1 11 12 1 1 10 12 1 1 100 1 100 1 10 8 1 10 12 1 1 10 12 1 8 1 10 12 1 1 10 12 1 11 12 1 11 12 1 100 1 10 10 7 1 9 7 12 1 1 1 10 7 1 9 12 1 1 7 1 10 12 1 11 7 12 1 1 1 10 12 1 1 10 12 1 1 10 7 12 1 1 11 7 12 1 1 1 11 12 1 1 10 12 1 10 11 12 1 11 12 1 11 12 1 11 12 1 11 100 1 11 12 1 10 12 1 10 12 1 10 12 11 12 1 10 100 12 1 1 10 12 1 10 12 1 10 12 1 1 10 100 12 1 1 10 12 1 1 9 7 12 1 1 1 9 7 12 1 1 1 9 7 1 9 12 1 9 7 1 9 12 1 11 12 1 9 7 1 9 12 1 9 7 1 9 12 1 9 7 1 9 12 1 1 1 1 1 1 1 1 1 1 1 1 1 1 1 1 1 1 1 1 1 1 1 1 1 1 1 1 1 1 1 1 1 1 1 1 1 1 1 1 1 1 1 1 1 1 1 100 1 1 1 1 1 1 1 1 1 1 1 1 1 1 1 1 1 1 1 1 1 1 1 1 1 1 1 1 1 1 1 1 1 1 1 1 1 1 1 1 1
staticfield sun/security/ec/ECOperations fields Ljava/util/Map; java/util/ImmutableCollections$MapN
staticfield sun/security/ec/ECOperations orderFields Ljava/util/Map; java/util/ImmutableCollections$MapN
ciInstanceKlass sun/security/util/math/intpoly/MontgomeryIntegerPolynomialP256 1 1 290 7 1 9 12 1 1 10 7 12 1 1 1 9 7 12 1 1 1 5 0 10 7 12 1 1 1 10 12 1 1 10 12 1 10 12 1 1 10 12 1 7 1 9 12 1 1 10 12 1 9 12 1 10 12 1 1 9 12 1 10 12 1 1 10 12 1 1 9 12 1 1 11 100 12 1 1 1 9 12 1 100 1 10 12 1 10 12 1 1 10 12 1 1 9 12 1 10 12 1 1 10 7 12 1 1 1 5 0 5 0 5 0 5 0 10 7 12 1 1 1 5 0 9 12 1 10 12 1 1 10 12 1 1 10 12 1 10 12 1 1 10 12 1 10 7 12 1 1 1 10 12 1 1 10 5 0 5 0 5 0 5 0 5 0 5 0 5 0 5 0 5 0 5 0 5 0 5 0 100 1 1 1 1 3 1 3 1 3 1 1 1 1 1 1 1 1 1 1 1 1 1 1 1 1 1 1 1 1 1 1 1 1 1 1 1 1 1 1 1 1 1 1 1 1 1 1 1 1 1 1 1 1 1 1 1 1 1 1 1 1 1 1 1 1 1 1 1 1 1 1 1 1 1 1 1 1 1 1 1 1 1 1 1 1 1 1 1 1 1 1 1 1 1 1 1 1 1 1 1 1 1 1 1 1 1 1 1 1 1
staticfield sun/security/util/math/intpoly/MontgomeryIntegerPolynomialP256 MODULUS Ljava/math/BigInteger; java/math/BigInteger
staticfield sun/security/util/math/intpoly/MontgomeryIntegerPolynomialP256 ONE Lsun/security/util/math/intpoly/MontgomeryIntegerPolynomialP256; sun/security/util/math/intpoly/MontgomeryIntegerPolynomialP256
staticfield sun/security/util/math/intpoly/MontgomeryIntegerPolynomialP256 h [J 5
staticfield sun/security/util/math/intpoly/MontgomeryIntegerPolynomialP256 oneActual [J 5
staticfield sun/security/util/math/intpoly/MontgomeryIntegerPolynomialP256 oneMont [J 5
staticfield sun/security/util/math/intpoly/MontgomeryIntegerPolynomialP256 zero [J 5
staticfield sun/security/util/math/intpoly/MontgomeryIntegerPolynomialP256 modulus [J 5
staticfield sun/security/util/math/intpoly/MontgomeryIntegerPolynomialP256 $assertionsDisabled Z 1
ciInstanceKlass sun/security/ec/point/ProjectivePoint$Mutable 1 1 132 10 7 12 1 1 1 11 7 12 1 1 1 11 7 12 1 1 1 100 1 8 1 10 12 1 10 7 12 1 1 1 9 12 1 1 7 1 9 11 12 1 9 12 1 9 9 12 1 9 10 7 12 1 1 1 11 12 1 1 10 12 1 11 12 1 1 11 12 1 10 12 1 10 12 1 10 12 1 1 10 12 1 10 12 1 10 12 1 100 1 1 1 1 1 1 1 1 1 1 1 1 1 1 1 1 1 1 1 1 1 1 1 1 1 1 1 1 1 1 1 1 1 1 1 1 1 1 1 100 1 1
ciMethod sun/security/util/math/intpoly/IntegerPolynomial25519 carryReduce ([JJJJJJJJJJJJJJJJJJJJ)V 572 0 2805 0 -1
ciMethod sun/security/util/math/intpoly/IntegerPolynomial25519 mult ([J[J[J)V 538 0 1530 0 -1
ciMethod sun/security/util/math/intpoly/IntegerPolynomial25519 square ([J[J)V 1024 0 1275 0 -1
ciMethod sun/security/util/math/intpoly/IntegerPolynomial reduce ([J)V 0 0 1 0 -1
ciMethod sun/security/util/math/intpoly/IntegerPolynomial multByInt ([JJ)V 518 5140 7755 0 448
ciMethod sun/security/util/math/intpoly/IntegerPolynomial mult ([J[J[J)V 0 0 1 0 -1
ciMethod sun/security/util/math/intpoly/IntegerPolynomial square ([J[J)V 0 0 1 0 -1
ciMethod sun/security/util/math/IntegerModuloP getField ()Lsun/security/util/math/IntegerFieldModuloP; 0 0 1 0 -1
ciMethod sun/security/util/math/MutableIntegerModuloP setValue (Lsun/security/util/math/IntegerModuloP;)Lsun/security/util/math/MutableIntegerModuloP; 0 0 1 0 -1
ciMethod sun/security/util/math/MutableIntegerModuloP setSquare ()Lsun/security/util/math/MutableIntegerModuloP; 0 0 1 0 -1
ciMethod sun/security/util/math/MutableIntegerModuloP setSum (Lsun/security/util/math/IntegerModuloP;)Lsun/security/util/math/MutableIntegerModuloP; 0 0 1 0 -1
ciMethod sun/security/util/math/MutableIntegerModuloP setDifference (Lsun/security/util/math/IntegerModuloP;)Lsun/security/util/math/MutableIntegerModuloP; 0 0 1 0 -1
ciMethod sun/security/util/math/MutableIntegerModuloP setProduct (Lsun/security/util/math/IntegerModuloP;)Lsun/security/util/math/MutableIntegerModuloP; 0 0 1 0 -1
ciMethod sun/security/util/math/MutableIntegerModuloP setProduct (Lsun/security/util/math/SmallValue;)Lsun/security/util/math/MutableIntegerModuloP; 0 0 1 0 -1
ciMethod sun/security/ec/point/ProjectivePoint getX ()Lsun/security/util/math/IntegerModuloP; 508 0 254 0 0
ciMethod sun/security/ec/point/ProjectivePoint getY ()Lsun/security/util/math/IntegerModuloP; 302 0 151 0 0
ciMethod sun/security/ec/point/ProjectivePoint getZ ()Lsun/security/util/math/IntegerModuloP; 612 0 306 0 0
ciMethod sun/security/util/math/intpoly/IntegerPolynomial$MutableElement setValue (Lsun/security/util/math/IntegerModuloP;)Lsun/security/util/math/intpoly/IntegerPolynomial$MutableElement; 544 0 32085 0 312
ciMethod sun/security/util/math/intpoly/IntegerPolynomial$MutableElement setProduct (Lsun/security/util/math/IntegerModuloP;)Lsun/security/util/math/intpoly/IntegerPolynomial$MutableElement; 1024 0 33699 0 536
ciMethod sun/security/util/math/intpoly/IntegerPolynomial$MutableElement setProduct (Lsun/security/util/math/SmallValue;)Lsun/security/util/math/intpoly/IntegerPolynomial$MutableElement; 536 0 33158 0 712
ciMethod sun/security/util/math/intpoly/IntegerPolynomial$MutableElement setSum (Lsun/security/util/math/IntegerModuloP;)Lsun/security/util/math/intpoly/IntegerPolynomial$MutableElement; 768 7660 9867 0 584
ciMethod sun/security/util/math/intpoly/IntegerPolynomial$MutableElement setDifference (Lsun/security/util/math/IntegerModuloP;)Lsun/security/util/math/intpoly/IntegerPolynomial$MutableElement; 622 6220 6066 0 576
ciMethod sun/security/util/math/intpoly/IntegerPolynomial$MutableElement setSquare ()Lsun/security/util/math/intpoly/IntegerPolynomial$MutableElement; 1024 0 15495 0 304
ciMethod sun/security/util/math/intpoly/IntegerPolynomial$MutableElement setProduct (Lsun/security/util/math/SmallValue;)Lsun/security/util/math/MutableIntegerModuloP; 534 0 43448 0 0
ciMethod sun/security/util/math/intpoly/IntegerPolynomial$MutableElement setProduct (Lsun/security/util/math/IntegerModuloP;)Lsun/security/util/math/MutableIntegerModuloP; 1024 0 80173 0 536
ciMethod sun/security/util/math/intpoly/IntegerPolynomial$MutableElement setDifference (Lsun/security/util/math/IntegerModuloP;)Lsun/security/util/math/MutableIntegerModuloP; 1024 0 52112 0 0
ciMethod sun/security/util/math/intpoly/IntegerPolynomial$MutableElement setSum (Lsun/security/util/math/IntegerModuloP;)Lsun/security/util/math/MutableIntegerModuloP; 1024 0 44613 0 584
ciMethod sun/security/util/math/intpoly/IntegerPolynomial$MutableElement setSquare ()Lsun/security/util/math/MutableIntegerModuloP; 1024 0 17724 0 0
ciMethod sun/security/util/math/intpoly/IntegerPolynomial$MutableElement setValue (Lsun/security/util/math/IntegerModuloP;)Lsun/security/util/math/MutableIntegerModuloP; 532 0 68219 0 312
ciMethodData sun/security/util/math/intpoly/IntegerPolynomial$MutableElement setValue (Lsun/security/util/math/IntegerModuloP;)Lsun/security/util/math/MutableIntegerModuloP; 2 68085 orig 80 0 0 0 0 0 0 0 0 0 0 0 0 0 0 0 0 0 0 0 0 0 0 0 0 0 0 0 0 0 0 0 0 0 0 0 0 0 0 0 0 0 0 0 0 0 0 0 0 0 0 0 0 0 0 0 0 0 0 0 0 0 0 0 0 0 0 0 0 0 0 0 0 0 0 0 0 0 0 0 0 data 16 0x20005 0x0 0x255c9018050 0x109f3 0x0 0x0 0x0 0x0 0x0 0x0 0x0 0x0 0x9 0x2 0x0 0x0 oops 1 2 sun/security/util/math/intpoly/IntegerPolynomial$MutableElement methods 0
ciMethodData sun/security/util/math/intpoly/IntegerPolynomial$MutableElement setValue (Lsun/security/util/math/IntegerModuloP;)Lsun/security/util/math/intpoly/IntegerPolynomial$MutableElement; 2 31813 orig 80 0 0 0 0 0 0 0 0 0 0 0 0 0 0 0 0 0 0 0 0 0 0 0 0 0 0 0 0 0 0 0 0 0 0 0 0 0 0 0 0 0 0 0 0 0 0 0 0 0 0 0 0 0 0 0 0 0 0 0 0 0 0 0 0 0 0 0 0 0 0 0 0 0 0 0 0 0 0 0 0 data 34 0x30007 0x7c45 0x80 0x0 0xb0005 0x0 0x0 0x0 0x0 0x0 0x100007 0x0 0x30 0x0 0x170002 0x0 0x1c0004 0x0 0x255c9018050 0x7c18 0x255c83c8ae8 0x2d 0x2f0002 0x7c45 0x0 0x0 0x0 0x0 0x0 0x0 0x9 0x2 0x0 0x0 oops 2 18 sun/security/util/math/intpoly/IntegerPolynomial$MutableElement 20 sun/security/util/math/intpoly/IntegerPolynomial$ImmutableElement methods 0
ciMethodData sun/security/util/math/intpoly/IntegerPolynomial$MutableElement setDifference (Lsun/security/util/math/IntegerModuloP;)Lsun/security/util/math/intpoly/IntegerPolynomial$MutableElement; 2 5755 orig 80 0 0 0 0 0 0 0 0 0 0 0 0 0 0 0 0 0 0 0 0 0 0 0 0 0 0 0 0 0 0 0 0 0 0 0 0 0 0 0 0 0 0 0 0 0 0 0 0 0 0 0 0 0 0 0 0 0 0 0 0 0 0 0 0 0 0 0 0 0 0 0 0 0 0 0 0 0 0 0 0 data 67 0x30007 0x167b 0x80 0x0 0xb0005 0x0 0x0 0x0 0x0 0x0 0x100007 0x0 0x30 0x0 0x170002 0x0 0x1c0004 0x0 0x255c9018050 0x167b 0x0 0x0 0x2b0007 0x167b 0x50 0x0 0x360005 0x0 0x0 0x0 0x0 0x0 0x490007 0x167b 0x50 0x0 0x540005 0x0 0x0 0x0 0x0 0x0 0x640007 0x167b 0x38 0x7e40 0x7d0003 0x7e40 0xffffffffffffffe0 0x890002 0x167b 0x0 0x0 0x0 0x0 0x0 0x0 0x0 0x0 0x0 0x0 0x0 0x0 0x9 0x2 0x0 0x0 oops 1 18 sun/security/util/math/intpoly/IntegerPolynomial$MutableElement methods 0
ciMethodData sun/security/util/math/intpoly/IntegerPolynomial$MutableElement setSum (Lsun/security/util/math/IntegerModuloP;)Lsun/security/util/math/intpoly/IntegerPolynomial$MutableElement; 2 9483 orig 80 0 0 0 0 0 0 0 0 0 0 0 0 0 0 0 0 0 0 0 0 0 0 0 0 0 0 0 0 0 0 0 0 0 0 0 0 0 0 0 0 0 0 0 0 0 0 0 0 0 0 0 0 0 0 0 0 0 0 0 0 0 0 0 0 0 0 0 0 0 0 0 0 0 0 0 0 0 0 0 0 data 67 0x30007 0x250c 0x80 0x0 0xb0005 0x0 0x0 0x0 0x0 0x0 0x100007 0x0 0x30 0x0 0x170002 0x0 0x1c0004 0x0 0x255c9018050 0x24fe 0x255c83c8ae8 0xe 0x2b0007 0x250c 0x50 0x0 0x360005 0x0 0x0 0x0 0x0 0x0 0x490007 0x250c 0x50 0x0 0x540005 0x0 0x0 0x0 0x0 0x0 0x640007 0x250c 0x38 0xc5ad 0x7d0003 0xc5ad 0xffffffffffffffe0 0x890002 0x250c 0x0 0x0 0x0 0x0 0x0 0x0 0x0 0x0 0x0 0x0 0x0 0x0 0x9 0x2 0x0 0x0 oops 2 18 sun/security/util/math/intpoly/IntegerPolynomial$MutableElement 20 sun/security/util/math/intpoly/IntegerPolynomial$ImmutableElement methods 0
ciMethodData sun/security/util/math/intpoly/IntegerPolynomial$MutableElement setProduct (Lsun/security/util/math/IntegerModuloP;)Lsun/security/util/math/MutableIntegerModuloP; 2 79709 orig 80 0 0 0 0 0 0 0 0 0 0 0 0 0 0 0 0 0 0 0 0 0 0 0 0 0 0 0 0 0 0 0 0 0 0 0 0 0 0 0 0 0 0 0 0 0 0 0 0 0 0 0 0 0 0 0 0 0 0 0 0 0 0 0 0 0 0 0 0 0 0 0 0 0 0 0 0 0 0 0 0 data 16 0x20005 0x0 0x255c9018050 0x1375a 0x0 0x0 0x0 0x0 0x0 0x0 0x0 0x0 0x9 0x2 0x0 0x0 oops 1 2 sun/security/util/math/intpoly/IntegerPolynomial$MutableElement methods 0
ciMethodData sun/security/util/math/intpoly/IntegerPolynomial$MutableElement setProduct (Lsun/security/util/math/IntegerModuloP;)Lsun/security/util/math/intpoly/IntegerPolynomial$MutableElement; 2 33187 orig 80 0 0 0 0 0 0 0 0 0 0 0 0 0 0 0 0 0 0 0 0 0 0 0 0 0 0 0 0 0 0 0 0 0 0 0 0 0 0 0 0 0 0 0 0 0 0 0 0 0 0 0 0 0 0 0 0 0 0 0 0 0 0 0 0 0 0 0 0 0 0 0 0 0 0 0 0 0 0 0 0 data 62 0x30007 0x81a4 0x80 0x0 0xb0005 0x0 0x0 0x0 0x0 0x0 0x100007 0x0 0x30 0x0 0x170002 0x0 0x1c0004 0x0 0x255c9018050 0x69ae 0x255c83c8ae8 0x17f6 0x2b0007 0x4e61 0x50 0x3343 0x360005 0x0 0x255c16dcd98 0x3343 0x0 0x0 0x490007 0x39c9 0x50 0x47db 0x540005 0x0 0x255c16dcd98 0x47db 0x0 0x0 0x6c0005 0x0 0x255c16dce20 0x3fa 0x255c16dcd98 0x7daa 0x0 0x0 0x0 0x0 0x0 0x0 0x0 0x0 0x0 0x0 0x9 0x2 0x0 0x0 oops 6 18 sun/security/util/math/intpoly/IntegerPolynomial$MutableElement 20 sun/security/util/math/intpoly/IntegerPolynomial$ImmutableElement 28 sun/security/util/math/intpoly/MontgomeryIntegerPolynomialP256 38 sun/security/util/math/intpoly/MontgomeryIntegerPolynomialP256 44 sun/security/util/math/intpoly/IntegerPolynomial25519 46 sun/security/util/math/intpoly/MontgomeryIntegerPolynomialP256 methods 0
ciMethodData sun/security/util/math/intpoly/IntegerPolynomial$MutableElement setDifference (Lsun/security/util/math/IntegerModuloP;)Lsun/security/util/math/MutableIntegerModuloP; 2 51628 orig 80 0 0 0 0 0 0 0 0 0 0 0 0 0 0 0 0 0 0 0 0 0 0 0 0 0 0 0 0 0 0 0 0 0 0 0 0 0 0 0 0 0 0 0 0 0 0 0 0 0 0 0 0 0 0 0 0 0 0 0 0 0 0 0 0 0 0 0 0 0 0 0 0 0 0 0 0 0 0 0 0 data 16 0x20005 0x0 0x255c9018050 0xc9ab 0x0 0x0 0x0 0x0 0x0 0x0 0x0 0x0 0x9 0x2 0x0 0x0 oops 1 2 sun/security/util/math/intpoly/IntegerPolynomial$MutableElement methods 0
ciMethodData sun/security/util/math/intpoly/IntegerPolynomial$MutableElement setSum (Lsun/security/util/math/IntegerModuloP;)Lsun/security/util/math/MutableIntegerModuloP; 2 44128 orig 80 0 0 0 0 0 0 0 0 0 0 0 0 0 0 0 0 0 0 0 0 0 0 0 0 0 0 0 0 0 0 0 0 0 0 0 0 0 0 0 0 0 0 0 0 0 0 0 0 0 0 0 0 0 0 0 0 0 0 0 0 0 0 0 0 0 0 0 0 0 0 0 0 0 0 0 0 0 0 0 0 data 16 0x20005 0x0 0x255c9018050 0xac5f 0x0 0x0 0x0 0x0 0x0 0x0 0x0 0x0 0x9 0x2 0x0 0x0 oops 1 2 sun/security/util/math/intpoly/IntegerPolynomial$MutableElement methods 0
ciMethodData sun/security/util/math/intpoly/IntegerPolynomial$MutableElement setSquare ()Lsun/security/util/math/MutableIntegerModuloP; 2 17224 orig 80 0 0 0 0 0 0 0 0 0 0 0 0 0 0 0 0 0 0 0 0 0 0 0 0 0 0 0 0 0 0 0 0 0 0 0 0 0 0 0 0 0 0 0 0 0 0 0 0 0 0 0 0 0 0 0 0 0 0 0 0 0 0 0 0 0 0 0 0 0 0 0 0 0 0 0 0 0 0 0 0 data 15 0x10005 0x0 0x255c9018050 0x4346 0x0 0x0 0x0 0x0 0x0 0x0 0x0 0x0 0x9 0x1 0x0 oops 1 2 sun/security/util/math/intpoly/IntegerPolynomial$MutableElement methods 0
ciMethodData sun/security/util/math/intpoly/IntegerPolynomial$MutableElement setSquare ()Lsun/security/util/math/intpoly/IntegerPolynomial$MutableElement; 2 14983 orig 80 0 0 0 0 0 0 0 0 0 0 0 0 0 0 0 0 0 0 0 0 0 0 0 0 0 0 0 0 0 0 0 0 0 0 0 0 0 0 0 0 0 0 0 0 0 0 0 0 0 0 0 0 0 0 0 0 0 0 0 0 0 0 0 0 0 0 0 0 0 0 0 0 0 0 0 0 0 0 0 0 data 25 0xb0007 0x1139 0x50 0x294f 0x160005 0x0 0x255c16dcd98 0x294f 0x0 0x0 0x2a0005 0x0 0x255c16dce20 0x2fc 0x255c16dcd98 0x378c 0x0 0x0 0x0 0x0 0x0 0x0 0x9 0x1 0x0 oops 3 6 sun/security/util/math/intpoly/MontgomeryIntegerPolynomialP256 12 sun/security/util/math/intpoly/IntegerPolynomial25519 14 sun/security/util/math/intpoly/MontgomeryIntegerPolynomialP256 methods 0
ciMethod sun/security/ec/ECOperations setDouble (Lsun/security/ec/point/ProjectivePoint$Mutable;Lsun/security/util/math/MutableIntegerModuloP;Lsun/security/util/math/MutableIntegerModuloP;Lsun/security/util/math/MutableIntegerModuloP;Lsun/security/util/math/MutableIntegerModuloP;Lsun/security/util/math/MutableIntegerModuloP;)V 522 0 5388 0 -1
ciMethod sun/security/util/math/intpoly/MontgomeryIntegerPolynomialP256 square ([J[J)V 600 0 14220 0 104
ciMethod sun/security/util/math/intpoly/MontgomeryIntegerPolynomialP256 mult ([J[J[J)V 808 0 56677 0 -1
ciMethod sun/security/util/math/intpoly/MontgomeryIntegerPolynomialP256 reduce ([J)V 524 0 3541 0 -1
ciMethodData sun/security/util/math/intpoly/IntegerPolynomial multByInt ([JJ)V 2 7496 orig 80 0 0 0 0 0 0 0 0 0 0 0 0 0 0 0 0 0 0 0 0 0 0 0 0 0 0 0 0 0 0 0 0 0 0 0 0 0 0 0 0 0 0 0 0 0 0 0 0 0 0 0 0 0 0 0 0 0 0 0 0 0 0 0 0 0 0 0 0 0 0 0 0 0 0 0 0 0 0 0 0 data 25 0x70007 0x1d48 0x38 0x9268 0x150003 0x9268 0xffffffffffffffe0 0x1a0005 0x0 0x255c16dcd98 0x1d48 0x0 0x0 0x0 0x0 0x0 0x0 0x0 0x0 0x9 0x4 0x0 0x0 0x0 0x0 oops 1 9 sun/security/util/math/intpoly/MontgomeryIntegerPolynomialP256 methods 0
ciMethodData sun/security/util/math/intpoly/IntegerPolynomial$MutableElement setProduct (Lsun/security/util/math/SmallValue;)Lsun/security/util/math/MutableIntegerModuloP; 2 43205 orig 80 0 0 0 0 0 0 0 0 0 0 0 0 0 0 0 0 0 0 0 0 0 0 0 0 0 0 0 0 0 0 0 0 0 0 0 0 0 0 0 0 0 0 0 0 0 0 0 0 0 0 0 0 0 0 0 0 0 0 0 0 0 0 0 0 0 0 0 0 0 0 0 0 0 0 0 0 0 0 0 0 data 16 0x20005 0x0 0x255c9018050 0xa8c4 0x0 0x0 0x0 0x0 0x0 0x0 0x0 0x0 0x9 0x2 0x0 0x0 oops 1 2 sun/security/util/math/intpoly/IntegerPolynomial$MutableElement methods 0
ciMethodData sun/security/util/math/intpoly/IntegerPolynomial$MutableElement setProduct (Lsun/security/util/math/SmallValue;)Lsun/security/util/math/intpoly/IntegerPolynomial$MutableElement; 2 32890 orig 80 0 0 0 0 0 0 0 0 0 0 0 0 0 0 0 0 0 0 0 0 0 0 0 0 0 0 0 0 0 0 0 0 0 0 0 0 0 0 0 0 0 0 0 0 0 0 0 0 0 0 0 0 0 0 0 0 0 0 0 0 0 0 0 0 0 0 0 0 0 0 0 0 0 0 0 0 0 0 0 0 data 32 0xb0007 0x5292 0x50 0x2de8 0x160005 0x0 0x255c16dcd98 0x2de8 0x0 0x0 0x1f0004 0x0 0x255c6882108 0x807a 0x0 0x0 0x300005 0x0 0x255c16dcd98 0x807a 0x0 0x0 0x0 0x0 0x0 0x0 0x0 0x0 0x9 0x2 0x0 0x0 oops 3 6 sun/security/util/math/intpoly/MontgomeryIntegerPolynomialP256 12 sun/security/util/math/intpoly/IntegerPolynomial$Limb 18 sun/security/util/math/intpoly/MontgomeryIntegerPolynomialP256 methods 0
ciMethodData sun/security/util/math/intpoly/MontgomeryIntegerPolynomialP256 square ([J[J)V 2 13920 orig 80 0 0 0 0 0 0 0 0 0 0 0 0 0 0 0 0 0 0 0 0 0 0 0 0 0 0 0 0 0 0 0 0 0 0 0 0 0 0 0 0 0 0 0 0 0 0 0 0 0 0 0 0 0 0 0 0 0 0 0 0 0 0 0 0 0 0 0 0 0 0 0 0 0 0 0 0 0 0 0 0 data 17 0x40005 0xf 0x255c16dcd98 0x3651 0x0 0x0 0x0 0x0 0x0 0x0 0x0 0x0 0x9 0x3 0x0 0x0 0x0 oops 1 2 sun/security/util/math/intpoly/MontgomeryIntegerPolynomialP256 methods 0
ciMethodData sun/security/ec/ECOperations setDouble (Lsun/security/ec/point/ProjectivePoint$Mutable;Lsun/security/util/math/MutableIntegerModuloP;Lsun/security/util/math/MutableIntegerModuloP;Lsun/security/util/math/MutableIntegerModuloP;Lsun/security/util/math/MutableIntegerModuloP;Lsun/security/util/math/MutableIntegerModuloP;)V 2 5131 orig 80 0 0 0 0 0 0 0 0 0 0 0 0 0 0 0 0 0 0 0 0 0 0 0 0 0 0 0 0 0 0 0 0 0 0 0 0 0 0 0 0 0 0 0 0 0 0 0 0 0 0 0 0 0 0 0 0 0 0 0 0 0 0 0 0 0 0 0 0 0 0 0 0 0 0 0 0 0 0 0 0 data 531 0x20005 0x0 0x255c9016d18 0x140b 0x0 0x0 0x50005 0x0 0x255c9018050 0x140b 0x0 0x0 0xa0005 0x0 0x255c9018050 0x140b 0x0 0x0 0x120005 0x0 0x255c9016d18 0x140b 0x0 0x0 0x150005 0x0 0x255c9018050 0x140b 0x0 0x0 0x1a0005 0x0 0x255c9018050 0x140b 0x0 0x0 0x230005 0x0 0x255c9016d18 0x140b 0x0 0x0 0x260005 0x0 0x255c9018050 0x140b 0x0 0x0 0x2b0005 0x0 0x255c9018050 0x140b 0x0 0x0 0x340005 0x0 0x255c9016d18 0x140b 0x0 0x0 0x370005 0x0 0x255c9018050 0x140b 0x0 0x0 0x3d0005 0x0 0x255c9016d18 0x140b 0x0 0x0 0x400005 0x0 0x255c9018050 0x140b 0x0 0x0 0x490005 0x0 0x255c9016d18 0x140b 0x0 0x0 0x4c0005 0x0 0x255c9018050 0x140b 0x0 0x0 0x520005 0x0 0x255c9016d18 0x140b 0x0 0x0 0x550005 0x0 0x255c9018050 0x140b 0x0 0x0 0x5f0005 0x0 0x255c9018050 0x140b 0x0 0x0 0x660005 0x0 0x255c9016d18 0x140b 0x0 0x0 0x690004 0x0 0x255c9018050 0x140b 0x0 0x0 0x6d0005 0x0 0x255c9016d18 0x140b 0x0 0x0 0x700005 0x0 0x255c9018050 0x140b 0x0 0x0 0x770005 0x0 0x255c9016d18 0x140a 0x0 0x0 0x7a0004 0x0 0x255c9018050 0x140a 0x0 0x0 0x810005 0x0 0x255c9018050 0x140a 0x0 0x0 0x880005 0x0 0x255c9016d18 0x140a 0x0 0x0 0x8b0004 0x0 0x255c9018050 0x140a 0x0 0x0 0x900005 0x0 0x255c9018050 0x140a 0x0 0x0 0x990005 0x0 0x255c9018050 0x140a 0x0 0x0 0xa00005 0x0 0x255c9016d18 0x140a 0x0 0x0 0xa30004 0x0 0x255c9018050 0x140a 0x0 0x0 0xa70005 0x0 0x255c9016d18 0x140a 0x0 0x0 0xaa0005 0x0 0x255c9018050 0x140a 0x0 0x0 0xb10005 0x0 0x255c9016d18 0x140a 0x0 0x0 0xb40004 0x0 0x255c9018050 0x140a 0x0 0x0 0xbb0005 0x0 0x255c9018050 0x140a 0x0 0x0 0xc20005 0x0 0x255c9016d18 0x140a 0x0 0x0 0xc50004 0x0 0x255c9018050 0x140a 0x0 0x0 0xc90005 0x0 0x255c9018050 0x140a 0x0 0x0 0xcf0005 0x0 0x255c9016d18 0x140a 0x0 0x0 0xd20005 0x0 0x255c9018050 0x140a 0x0 0x0 0xd90005 0x0 0x255c9016d18 0x140a 0x0 0x0 0xdc0004 0x0 0x255c9018050 0x140a 0x0 0x0 0xe00005 0x0 0x255c9018050 0x140a 0x0 0x0 0xe70005 0x0 0x255c9016d18 0x140a 0x0 0x0 0xea0004 0x0 0x255c9018050 0x140a 0x0 0x0 0xee0005 0x0 0x255c9016d18 0x140a 0x0 0x0 0xf10005 0x0 0x255c9018050 0x140a 0x0 0x0 0xf80005 0x0 0x255c9016d18 0x140a 0x0 0x0 0xfb0004 0x0 0x255c9018050 0x140a 0x0 0x0 0x1000005 0x0 0x255c9018050 0x140a 0x0 0x0 0x10c0005 0x0 0x255c9018050 0x140a 0x0 0x0 0x1130005 0x0 0x255c9016d18 0x140a 0x0 0x0 0x1160004 0x0 0x255c9018050 0x140a 0x0 0x0 0x11d0005 0x0 0x255c9018050 0x140a 0x0 0x0 0x1240005 0x0 0x255c9016d18 0x140a 0x0 0x0 0x1270004 0x0 0x255c9018050 0x140a 0x0 0x0 0x12c0005 0x0 0x255c9018050 0x140a 0x0 0x0 0x1330005 0x0 0x255c9016d18 0x140a 0x0 0x0 0x1360004 0x0 0x255c9018050 0x140a 0x0 0x0 0x13a0005 0x0 0x255c9018050 0x140a 0x0 0x0 0x1410005 0x0 0x255c9016d18 0x140a 0x0 0x0 0x1440004 0x0 0x255c9018050 0x140a 0x0 0x0 0x14b0005 0x0 0x255c9018050 0x140a 0x0 0x0 0x1560005 0x0 0x255c9018050 0x140a 0x0 0x0 0x15f0005 0x0 0x255c9018050 0x140a 0x0 0x0 0x1670005 0x0 0x255c9016d18 0x140a 0x0 0x0 0x16a0005 0x0 0x255c9018050 0x140a 0x0 0x0 0x1710005 0x0 0x255c9016d18 0x140a 0x0 0x0 0x1740004 0x0 0x255c9018050 0x140a 0x0 0x0 0x1780005 0x0 0x255c9018050 0x140a 0x0 0x0 0x1820005 0x0 0x255c9018050 0x140a 0x0 0x0 0x1890005 0x0 0x255c9016d18 0x140a 0x0 0x0 0x18c0004 0x0 0x255c9018050 0x140a 0x0 0x0 0x1910005 0x0 0x255c9018050 0x140a 0x0 0x0 0x1980005 0x0 0x255c9016d18 0x140a 0x0 0x0 0x19b0004 0x0 0x255c9018050 0x140a 0x0 0x0 0x19f0005 0x0 0x255c9016d18 0x140a 0x0 0x0 0x1a20005 0x0 0x255c9018050 0x140a 0x0 0x0 0x1a90005 0x0 0x255c9016d18 0x140a 0x0 0x0 0x1ac0004 0x0 0x255c9018050 0x140a 0x0 0x0 0x1b10005 0x0 0x255c9018050 0x140a 0x0 0x0 0x1b70005 0x0 0x255c9018050 0x140a 0x0 0x0 0x1be0005 0x0 0x255c9016d18 0x140a 0x0 0x0 0x1c10004 0x0 0x255c9018050 0x140a 0x0 0x0 0x1c80005 0x0 0x255c9018050 0x140a 0x0 0x0 0x0 0x0 0x0 0x0 0x0 0x0 0x9 0x7 0x0 0x0 0x0 0x0 0x0 0x0 0x0 oops 86 2 sun/security/ec/point/ProjectivePoint$Mutable 8 sun/security/util/math/intpoly/IntegerPolynomial$MutableElement 14 sun/security/util/math/intpoly/IntegerPolynomial$MutableElement 20 sun/security/ec/point/ProjectivePoint$Mutable 26 sun/security/util/math/intpoly/IntegerPolynomial$MutableElement 32 sun/security/util/math/intpoly/IntegerPolynomial$MutableElement 38 sun/security/ec/point/ProjectivePoint$Mutable 44 sun/security/util/math/intpoly/IntegerPolynomial$MutableElement 50 sun/security/util/math/intpoly/IntegerPolynomial$MutableElement 56 sun/security/ec/point/ProjectivePoint$Mutable 62 sun/security/util/math/intpoly/IntegerPolynomial$MutableElement 68 sun/security/ec/point/ProjectivePoint$Mutable 74 sun/security/util/math/intpoly/IntegerPolynomial$MutableElement 80 sun/security/ec/point/ProjectivePoint$Mutable 86 sun/security/util/math/intpoly/IntegerPolynomial$MutableElement 92 sun/security/ec/point/ProjectivePoint$Mutable 98 sun/security/util/math/intpoly/IntegerPolynomial$MutableElement 104 sun/security/util/math/intpoly/IntegerPolynomial$MutableElement 110 sun/security/ec/point/ProjectivePoint$Mutable 116 sun/security/util/math/intpoly/IntegerPolynomial$MutableElement 122 sun/security/ec/point/ProjectivePoint$Mutable 128 sun/security/util/math/intpoly/IntegerPolynomial$MutableElement 134 sun/security/ec/point/ProjectivePoint$Mutable 140 sun/security/util/math/intpoly/IntegerPolynomial$MutableElement 146 sun/security/util/math/intpoly/IntegerPolynomial$MutableElement 152 sun/security/ec/point/ProjectivePoint$Mutable 158 sun/security/util/math/intpoly/IntegerPolynomial$MutableElement 164 sun/security/util/math/intpoly/IntegerPolynomial$MutableElement 170 sun/security/util/math/intpoly/IntegerPolynomial$MutableElement 176 sun/security/ec/point/ProjectivePoint$Mutable 182 sun/security/util/math/intpoly/IntegerPolynomial$MutableElement 188 sun/security/ec/point/ProjectivePoint$Mutable 194 sun/security/util/math/intpoly/IntegerPolynomial$MutableElement 200 sun/security/ec/point/ProjectivePoint$Mutable 206 sun/security/util/math/intpoly/IntegerPolynomial$MutableElement 212 sun/security/util/math/intpoly/IntegerPolynomial$MutableElement 218 sun/security/ec/point/ProjectivePoint$Mutable 224 sun/security/util/math/intpoly/IntegerPolynomial$MutableElement 230 sun/security/util/math/intpoly/IntegerPolynomial$MutableElement 236 sun/security/ec/point/ProjectivePoint$Mutable 242 sun/security/util/math/intpoly/IntegerPolynomial$MutableElement 248 sun/security/ec/point/ProjectivePoint$Mutable 254 sun/security/util/math/intpoly/IntegerPolynomial$MutableElement 260 sun/security/util/math/intpoly/IntegerPolynomial$MutableElement 266 sun/security/ec/point/ProjectivePoint$Mutable 272 sun/security/util/math/intpoly/IntegerPolynomial$MutableElement 278 sun/security/ec/point/ProjectivePoint$Mutable 284 sun/security/util/math/intpoly/IntegerPolynomial$MutableElement 290 sun/security/ec/point/ProjectivePoint$Mutable 296 sun/security/util/math/intpoly/IntegerPolynomial$MutableElement 302 sun/security/util/math/intpoly/IntegerPolynomial$MutableElement 308 sun/security/util/math/intpoly/IntegerPolynomial$MutableElement 314 sun/security/ec/point/ProjectivePoint$Mutable 320 sun/security/util/math/intpoly/IntegerPolynomial$MutableElement 326 sun/security/util/math/intpoly/IntegerPolynomial$MutableElement 332 sun/security/ec/point/ProjectivePoint$Mutable 338 sun/security/util/math/intpoly/IntegerPolynomial$MutableElement 344 sun/security/util/math/intpoly/IntegerPolynomial$MutableElement 350 sun/security/ec/point/ProjectivePoint$Mutable 356 sun/security/util/math/intpoly/IntegerPolynomial$MutableElement 362 sun/security/util/math/intpoly/IntegerPolynomial$MutableElement 368 sun/security/ec/point/ProjectivePoint$Mutable 374 sun/security/util/math/intpoly/IntegerPolynomial$MutableElement 380 sun/security/util/math/intpoly/IntegerPolynomial$MutableElement 386 sun/security/util/math/intpoly/IntegerPolynomial$MutableElement 392 sun/security/util/math/intpoly/IntegerPolynomial$MutableElement 398 sun/security/ec/point/ProjectivePoint$Mutable 404 sun/security/util/math/intpoly/IntegerPolynomial$MutableElement 410 sun/security/ec/point/ProjectivePoint$Mutable 416 sun/security/util/math/intpoly/IntegerPolynomial$MutableElement 422 sun/security/util/math/intpoly/IntegerPolynomial$MutableElement 428 sun/security/util/math/intpoly/IntegerPolynomial$MutableElement 434 sun/security/ec/point/ProjectivePoint$Mutable 440 sun/security/util/math/intpoly/IntegerPolynomial$MutableElement 446 sun/security/util/math/intpoly/IntegerPolynomial$MutableElement 452 sun/security/ec/point/ProjectivePoint$Mutable 458 sun/security/util/math/intpoly/IntegerPolynomial$MutableElement 464 sun/security/ec/point/ProjectivePoint$Mutable 470 sun/security/util/math/intpoly/IntegerPolynomial$MutableElement 476 sun/security/ec/point/ProjectivePoint$Mutable 482 sun/security/util/math/intpoly/IntegerPolynomial$MutableElement 488 sun/security/util/math/intpoly/IntegerPolynomial$MutableElement 494 sun/security/util/math/intpoly/IntegerPolynomial$MutableElement 500 sun/security/ec/point/ProjectivePoint$Mutable 506 sun/security/util/math/intpoly/IntegerPolynomial$MutableElement 512 sun/security/util/math/intpoly/IntegerPolynomial$MutableElement methods 0
compile sun/security/ec/ECOperations setDouble (Lsun/security/ec/point/ProjectivePoint$Mutable;Lsun/security/util/math/MutableIntegerModuloP;Lsun/security/util/math/MutableIntegerModuloP;Lsun/security/util/math/MutableIntegerModuloP;Lsun/security/util/math/MutableIntegerModuloP;Lsun/security/util/math/MutableIntegerModuloP;)V -1 4 inline 115 0 -1 0 sun/security/ec/ECOperations setDouble (Lsun/security/ec/point/ProjectivePoint$Mutable;Lsun/security/util/math/MutableIntegerModuloP;Lsun/security/util/math/MutableIntegerModuloP;Lsun/security/util/math/MutableIntegerModuloP;Lsun/security/util/math/MutableIntegerModuloP;Lsun/security/util/math/MutableIntegerModuloP;)V 1 2 0 sun/security/ec/point/ProjectivePoint getX ()Lsun/security/util/math/IntegerModuloP; 1 5 0 sun/security/util/math/intpoly/IntegerPolynomial$MutableElement setValue (Lsun/security/util/math/IntegerModuloP;)Lsun/security/util/math/MutableIntegerModuloP; 2 2 0 sun/security/util/math/intpoly/IntegerPolynomial$MutableElement setValue (Lsun/security/util/math/IntegerModuloP;)Lsun/security/util/math/intpoly/IntegerPolynomial$MutableElement; 1 10 0 sun/security/util/math/intpoly/IntegerPolynomial$MutableElement setSquare ()Lsun/security/util/math/MutableIntegerModuloP; 2 1 0 sun/security/util/math/intpoly/IntegerPolynomial$MutableElement setSquare ()Lsun/security/util/math/intpoly/IntegerPolynomial$MutableElement; 3 42 0 sun/security/util/math/intpoly/MontgomeryIntegerPolynomialP256 square ([J[J)V 1 18 0 sun/security/ec/point/ProjectivePoint getY ()Lsun/security/util/math/IntegerModuloP; 1 21 0 sun/security/util/math/intpoly/IntegerPolynomial$MutableElement setValue (Lsun/security/util/math/IntegerModuloP;)Lsun/security/util/math/MutableIntegerModuloP; 2 2 0 sun/security/util/math/intpoly/IntegerPolynomial$MutableElement setValue (Lsun/security/util/math/IntegerModuloP;)Lsun/security/util/math/intpoly/IntegerPolynomial$MutableElement; 1 26 0 sun/security/util/math/intpoly/IntegerPolynomial$MutableElement setSquare ()Lsun/security/util/math/MutableIntegerModuloP; 2 1 0 sun/security/util/math/intpoly/IntegerPolynomial$MutableElement setSquare ()Lsun/security/util/math/intpoly/IntegerPolynomial$MutableElement; 3 42 0 sun/security/util/math/intpoly/MontgomeryIntegerPolynomialP256 square ([J[J)V 1 35 0 sun/security/ec/point/ProjectivePoint getZ ()Lsun/security/util/math/IntegerModuloP; 1 38 0 sun/security/util/math/intpoly/IntegerPolynomial$MutableElement setValue (Lsun/security/util/math/IntegerModuloP;)Lsun/security/util/math/MutableIntegerModuloP; 2 2 0 sun/security/util/math/intpoly/IntegerPolynomial$MutableElement setValue (Lsun/security/util/math/IntegerModuloP;)Lsun/security/util/math/intpoly/IntegerPolynomial$MutableElement; 1 43 0 sun/security/util/math/intpoly/IntegerPolynomial$MutableElement setSquare ()Lsun/security/util/math/MutableIntegerModuloP; 2 1 0 sun/security/util/math/intpoly/IntegerPolynomial$MutableElement setSquare ()Lsun/security/util/math/intpoly/IntegerPolynomial$MutableElement; 3 42 0 sun/security/util/math/intpoly/MontgomeryIntegerPolynomialP256 square ([J[J)V 1 52 0 sun/security/ec/point/ProjectivePoint getX ()Lsun/security/util/math/IntegerModuloP; 1 55 0 sun/security/util/math/intpoly/IntegerPolynomial$MutableElement setValue (Lsun/security/util/math/IntegerModuloP;)Lsun/security/util/math/MutableIntegerModuloP; 2 2 0 sun/security/util/math/intpoly/IntegerPolynomial$MutableElement setValue (Lsun/security/util/math/IntegerModuloP;)Lsun/security/util/math/intpoly/IntegerPolynomial$MutableElement; 1 61 0 sun/security/ec/point/ProjectivePoint getY ()Lsun/security/util/math/IntegerModuloP; 1 64 0 sun/security/util/math/intpoly/IntegerPolynomial$MutableElement setProduct (Lsun/security/util/math/IntegerModuloP;)Lsun/security/util/math/MutableIntegerModuloP; 2 2 0 sun/security/util/math/intpoly/IntegerPolynomial$MutableElement setProduct (Lsun/security/util/math/IntegerModuloP;)Lsun/security/util/math/intpoly/IntegerPolynomial$MutableElement; 1 73 0 sun/security/ec/point/ProjectivePoint getY ()Lsun/security/util/math/IntegerModuloP; 1 76 0 sun/security/util/math/intpoly/IntegerPolynomial$MutableElement setValue (Lsun/security/util/math/IntegerModuloP;)Lsun/security/util/math/MutableIntegerModuloP; 2 2 0 sun/security/util/math/intpoly/IntegerPolynomial$MutableElement setValue (Lsun/security/util/math/IntegerModuloP;)Lsun/security/util/math/intpoly/IntegerPolynomial$MutableElement; 1 82 0 sun/security/ec/point/ProjectivePoint getZ ()Lsun/security/util/math/IntegerModuloP; 1 85 0 sun/security/util/math/intpoly/IntegerPolynomial$MutableElement setProduct (Lsun/security/util/math/IntegerModuloP;)Lsun/security/util/math/MutableIntegerModuloP; 2 2 0 sun/security/util/math/intpoly/IntegerPolynomial$MutableElement setProduct (Lsun/security/util/math/IntegerModuloP;)Lsun/security/util/math/intpoly/IntegerPolynomial$MutableElement; 1 95 0 sun/security/util/math/intpoly/IntegerPolynomial$MutableElement setSum (Lsun/security/util/math/IntegerModuloP;)Lsun/security/util/math/MutableIntegerModuloP; 2 2 0 sun/security/util/math/intpoly/IntegerPolynomial$MutableElement setSum (Lsun/security/util/math/IntegerModuloP;)Lsun/security/util/math/intpoly/IntegerPolynomial$MutableElement; 1 102 0 sun/security/ec/point/ProjectivePoint getZ ()Lsun/security/util/math/IntegerModuloP; 1 109 0 sun/security/ec/point/ProjectivePoint getX ()Lsun/security/util/math/IntegerModuloP; 1 112 0 sun/security/util/math/intpoly/IntegerPolynomial$MutableElement setProduct (Lsun/security/util/math/IntegerModuloP;)Lsun/security/util/math/MutableIntegerModuloP; 2 2 0 sun/security/util/math/intpoly/IntegerPolynomial$MutableElement setProduct (Lsun/security/util/math/IntegerModuloP;)Lsun/security/util/math/intpoly/IntegerPolynomial$MutableElement; 1 119 0 sun/security/ec/point/ProjectivePoint getZ ()Lsun/security/util/math/IntegerModuloP; 1 129 0 sun/security/util/math/intpoly/IntegerPolynomial$MutableElement setProduct (Lsun/security/util/math/SmallValue;)Lsun/security/util/math/MutableIntegerModuloP; 2 2 0 sun/security/util/math/intpoly/IntegerPolynomial$MutableElement setProduct (Lsun/security/util/math/SmallValue;)Lsun/security/util/math/intpoly/IntegerPolynomial$MutableElement; 3 48 0 sun/security/util/math/intpoly/IntegerPolynomial multByInt ([JJ)V 1 136 0 sun/security/ec/point/ProjectivePoint getY ()Lsun/security/util/math/IntegerModuloP; 1 144 0 sun/security/util/math/intpoly/IntegerPolynomial$MutableElement setValue (Lsun/security/util/math/IntegerModuloP;)Lsun/security/util/math/MutableIntegerModuloP; 2 2 0 sun/security/util/math/intpoly/IntegerPolynomial$MutableElement setValue (Lsun/security/util/math/IntegerModuloP;)Lsun/security/util/math/intpoly/IntegerPolynomial$MutableElement; 1 153 0 sun/security/util/math/intpoly/IntegerPolynomial$MutableElement setProduct (Lsun/security/util/math/IntegerModuloP;)Lsun/security/util/math/MutableIntegerModuloP; 2 2 0 sun/security/util/math/intpoly/IntegerPolynomial$MutableElement setProduct (Lsun/security/util/math/IntegerModuloP;)Lsun/security/util/math/intpoly/IntegerPolynomial$MutableElement; 1 160 0 sun/security/ec/point/ProjectivePoint getY ()Lsun/security/util/math/IntegerModuloP; 1 167 0 sun/security/ec/point/ProjectivePoint getZ ()Lsun/security/util/math/IntegerModuloP; 1 170 0 sun/security/util/math/intpoly/IntegerPolynomial$MutableElement setDifference (Lsun/security/util/math/IntegerModuloP;)Lsun/security/util/math/MutableIntegerModuloP; 2 2 0 sun/security/util/math/intpoly/IntegerPolynomial$MutableElement setDifference (Lsun/security/util/math/IntegerModuloP;)Lsun/security/util/math/intpoly/IntegerPolynomial$MutableElement; 1 177 0 sun/security/ec/point/ProjectivePoint getY ()Lsun/security/util/math/IntegerModuloP; 1 187 0 sun/security/util/math/intpoly/IntegerPolynomial$MutableElement setProduct (Lsun/security/util/math/SmallValue;)Lsun/security/util/math/MutableIntegerModuloP; 2 2 0 sun/security/util/math/intpoly/IntegerPolynomial$MutableElement setProduct (Lsun/security/util/math/SmallValue;)Lsun/security/util/math/intpoly/IntegerPolynomial$MutableElement; 3 48 0 sun/security/util/math/intpoly/IntegerPolynomial multByInt ([JJ)V 1 194 0 sun/security/ec/point/ProjectivePoint getX ()Lsun/security/util/math/IntegerModuloP; 1 201 0 sun/security/util/math/intpoly/IntegerPolynomial$MutableElement setValue (Lsun/security/util/math/IntegerModuloP;)Lsun/security/util/math/MutableIntegerModuloP; 2 2 0 sun/security/util/math/intpoly/IntegerPolynomial$MutableElement setValue (Lsun/security/util/math/IntegerModuloP;)Lsun/security/util/math/intpoly/IntegerPolynomial$MutableElement; 1 207 0 sun/security/ec/point/ProjectivePoint getY ()Lsun/security/util/math/IntegerModuloP; 1 210 0 sun/security/util/math/intpoly/IntegerPolynomial$MutableElement setDifference (Lsun/security/util/math/IntegerModuloP;)Lsun/security/util/math/MutableIntegerModuloP; 2 2 0 sun/security/util/math/intpoly/IntegerPolynomial$MutableElement setDifference (Lsun/security/util/math/IntegerModuloP;)Lsun/security/util/math/intpoly/IntegerPolynomial$MutableElement; 1 217 0 sun/security/ec/point/ProjectivePoint getY ()Lsun/security/util/math/IntegerModuloP; 1 224 0 sun/security/util/math/intpoly/IntegerPolynomial$MutableElement setSum (Lsun/security/util/math/IntegerModuloP;)Lsun/security/util/math/MutableIntegerModuloP; 2 2 0 sun/security/util/math/intpoly/IntegerPolynomial$MutableElement setSum (Lsun/security/util/math/IntegerModuloP;)Lsun/security/util/math/intpoly/IntegerPolynomial$MutableElement; 1 231 0 sun/security/ec/point/ProjectivePoint getY ()Lsun/security/util/math/IntegerModuloP; 1 238 0 sun/security/ec/point/ProjectivePoint getX ()Lsun/security/util/math/IntegerModuloP; 1 241 0 sun/security/util/math/intpoly/IntegerPolynomial$MutableElement setProduct (Lsun/security/util/math/IntegerModuloP;)Lsun/security/util/math/MutableIntegerModuloP; 2 2 0 sun/security/util/math/intpoly/IntegerPolynomial$MutableElement setProduct (Lsun/security/util/math/IntegerModuloP;)Lsun/security/util/math/intpoly/IntegerPolynomial$MutableElement; 1 248 0 sun/security/ec/point/ProjectivePoint getX ()Lsun/security/util/math/IntegerModuloP; 1 256 0 sun/security/util/math/intpoly/IntegerPolynomial$MutableElement setProduct (Lsun/security/util/math/IntegerModuloP;)Lsun/security/util/math/MutableIntegerModuloP; 2 2 0 sun/security/util/math/intpoly/IntegerPolynomial$MutableElement setProduct (Lsun/security/util/math/IntegerModuloP;)Lsun/security/util/math/intpoly/IntegerPolynomial$MutableElement; 1 268 0 sun/security/util/math/intpoly/IntegerPolynomial$MutableElement setProduct (Lsun/security/util/math/SmallValue;)Lsun/security/util/math/MutableIntegerModuloP; 2 2 0 sun/security/util/math/intpoly/IntegerPolynomial$MutableElement setProduct (Lsun/security/util/math/SmallValue;)Lsun/security/util/math/intpoly/IntegerPolynomial$MutableElement; 3 48 0 sun/security/util/math/intpoly/IntegerPolynomial multByInt ([JJ)V 1 275 0 sun/security/ec/point/ProjectivePoint getZ ()Lsun/security/util/math/IntegerModuloP; 1 285 0 sun/security/util/math/intpoly/IntegerPolynomial$MutableElement setProduct (Lsun/security/util/math/IntegerModuloP;)Lsun/security/util/math/MutableIntegerModuloP; 2 2 0 sun/security/util/math/intpoly/IntegerPolynomial$MutableElement setProduct (Lsun/security/util/math/IntegerModuloP;)Lsun/security/util/math/intpoly/IntegerPolynomial$MutableElement; 1 292 0 sun/security/ec/point/ProjectivePoint getZ ()Lsun/security/util/math/IntegerModuloP; 1 300 0 sun/security/util/math/intpoly/IntegerPolynomial$MutableElement setDifference (Lsun/security/util/math/IntegerModuloP;)Lsun/security/util/math/MutableIntegerModuloP; 2 2 0 sun/security/util/math/intpoly/IntegerPolynomial$MutableElement setDifference (Lsun/security/util/math/IntegerModuloP;)Lsun/security/util/math/intpoly/IntegerPolynomial$MutableElement; 1 307 0 sun/security/ec/point/ProjectivePoint getZ ()Lsun/security/util/math/IntegerModuloP; 1 314 0 sun/security/util/math/intpoly/IntegerPolynomial$MutableElement setDifference (Lsun/security/util/math/IntegerModuloP;)Lsun/security/util/math/MutableIntegerModuloP; 2 2 0 sun/security/util/math/intpoly/IntegerPolynomial$MutableElement setDifference (Lsun/security/util/math/IntegerModuloP;)Lsun/security/util/math/intpoly/IntegerPolynomial$MutableElement; 1 321 0 sun/security/ec/point/ProjectivePoint getZ ()Lsun/security/util/math/IntegerModuloP; 1 331 0 sun/security/util/math/intpoly/IntegerPolynomial$MutableElement setProduct (Lsun/security/util/math/SmallValue;)Lsun/security/util/math/MutableIntegerModuloP; 2 2 0 sun/security/util/math/intpoly/IntegerPolynomial$MutableElement setProduct (Lsun/security/util/math/SmallValue;)Lsun/security/util/math/intpoly/IntegerPolynomial$MutableElement; 3 48 0 sun/security/util/math/intpoly/IntegerPolynomial multByInt ([JJ)V 1 342 0 sun/security/util/math/intpoly/IntegerPolynomial$MutableElement setProduct (Lsun/security/util/math/SmallValue;)Lsun/security/util/math/MutableIntegerModuloP; 2 2 0 sun/security/util/math/intpoly/IntegerPolynomial$MutableElement setProduct (Lsun/security/util/math/SmallValue;)Lsun/security/util/math/intpoly/IntegerPolynomial$MutableElement; 3 48 0 sun/security/util/math/intpoly/IntegerPolynomial multByInt ([JJ)V 1 351 0 sun/security/util/math/intpoly/IntegerPolynomial$MutableElement setDifference (Lsun/security/util/math/IntegerModuloP;)Lsun/security/util/math/MutableIntegerModuloP; 2 2 0 sun/security/util/math/intpoly/IntegerPolynomial$MutableElement setDifference (Lsun/security/util/math/IntegerModuloP;)Lsun/security/util/math/intpoly/IntegerPolynomial$MutableElement; 1 359 0 sun/security/ec/point/ProjectivePoint getZ ()Lsun/security/util/math/IntegerModuloP; 1 362 0 sun/security/util/math/intpoly/IntegerPolynomial$MutableElement setProduct (Lsun/security/util/math/IntegerModuloP;)Lsun/security/util/math/MutableIntegerModuloP; 2 2 0 sun/security/util/math/intpoly/IntegerPolynomial$MutableElement setProduct (Lsun/security/util/math/IntegerModuloP;)Lsun/security/util/math/intpoly/IntegerPolynomial$MutableElement; 1 369 0 sun/security/ec/point/ProjectivePoint getY ()Lsun/security/util/math/IntegerModuloP; 1 376 0 sun/security/util/math/intpoly/IntegerPolynomial$MutableElement setSum (Lsun/security/util/math/IntegerModuloP;)Lsun/security/util/math/MutableIntegerModuloP; 2 2 0 sun/security/util/math/intpoly/IntegerPolynomial$MutableElement setSum (Lsun/security/util/math/IntegerModuloP;)Lsun/security/util/math/intpoly/IntegerPolynomial$MutableElement; 1 386 0 sun/security/util/math/intpoly/IntegerPolynomial$MutableElement setSum (Lsun/security/util/math/IntegerModuloP;)Lsun/security/util/math/MutableIntegerModuloP; 2 2 0 sun/security/util/math/intpoly/IntegerPolynomial$MutableElement setSum (Lsun/security/util/math/IntegerModuloP;)Lsun/security/util/math/intpoly/IntegerPolynomial$MutableElement; 1 393 0 sun/security/ec/point/ProjectivePoint getZ ()Lsun/security/util/math/IntegerModuloP; 1 401 0 sun/security/util/math/intpoly/IntegerPolynomial$MutableElement setProduct (Lsun/security/util/math/IntegerModuloP;)Lsun/security/util/math/MutableIntegerModuloP; 2 2 0 sun/security/util/math/intpoly/IntegerPolynomial$MutableElement setProduct (Lsun/security/util/math/IntegerModuloP;)Lsun/security/util/math/intpoly/IntegerPolynomial$MutableElement; 1 408 0 sun/security/ec/point/ProjectivePoint getX ()Lsun/security/util/math/IntegerModuloP; 1 415 0 sun/security/ec/point/ProjectivePoint getZ ()Lsun/security/util/math/IntegerModuloP; 1 418 0 sun/security/util/math/intpoly/IntegerPolynomial$MutableElement setDifference (Lsun/security/util/math/IntegerModuloP;)Lsun/security/util/math/MutableIntegerModuloP; 2 2 0 sun/security/util/math/intpoly/IntegerPolynomial$MutableElement setDifference (Lsun/security/util/math/IntegerModuloP;)Lsun/security/util/math/intpoly/IntegerPolynomial$MutableElement; 1 425 0 sun/security/ec/point/ProjectivePoint getZ ()Lsun/security/util/math/IntegerModuloP; 1 433 0 sun/security/util/math/intpoly/IntegerPolynomial$MutableElement setValue (Lsun/security/util/math/IntegerModuloP;)Lsun/security/util/math/MutableIntegerModuloP; 2 2 0 sun/security/util/math/intpoly/IntegerPolynomial$MutableElement setValue (Lsun/security/util/math/IntegerModuloP;)Lsun/security/util/math/intpoly/IntegerPolynomial$MutableElement; 1 439 0 sun/security/util/math/intpoly/IntegerPolynomial$MutableElement setProduct (Lsun/security/util/math/IntegerModuloP;)Lsun/security/util/math/MutableIntegerModuloP; 2 2 0 sun/security/util/math/intpoly/IntegerPolynomial$MutableElement setProduct (Lsun/security/util/math/IntegerModuloP;)Lsun/security/util/math/intpoly/IntegerPolynomial$MutableElement; 1 446 0 sun/security/ec/point/ProjectivePoint getZ ()Lsun/security/util/math/IntegerModuloP; 1 456 0 sun/security/util/math/intpoly/IntegerPolynomial$MutableElement setProduct (Lsun/security/util/math/SmallValue;)Lsun/security/util/math/MutableIntegerModuloP; 2 2 0 sun/security/util/math/intpoly/IntegerPolynomial$MutableElement setProduct (Lsun/security/util/math/SmallValue;)Lsun/security/util/math/intpoly/IntegerPolynomial$MutableElement; 3 48 0 sun/security/util/math/intpoly/IntegerPolynomial multByInt ([JJ)V
